
===========================================================================
report_checks -path_delay max (Setup)
============================================================================
======================= max_ss_100C_1v60 Corner ===================================

Startpoint: _487_ (rising edge-triggered flip-flop clocked by clk)
Endpoint: unlock_enable (output port clocked by clk)
Path Group: clk
Path Type: max

Fanout         Cap        Slew       Delay        Time   Description
---------------------------------------------------------------------------------------------
                                  0.000000    0.000000   clock clk (rise edge)
                                  0.000000    0.000000   clock source latency
     1    0.018528    0.139701    0.095173    0.095173 ^ clk (in)
                                                         clk (net)
                      0.139710    0.000000    0.095173 ^ clkbuf_0_clk/A (sky130_fd_sc_hd__clkbuf_16)
     4    0.041132    0.095336    0.282324    0.377496 ^ clkbuf_0_clk/X (sky130_fd_sc_hd__clkbuf_16)
                                                         clknet_0_clk (net)
                      0.095415    0.002416    0.379912 ^ clkbuf_2_3__f_clk/A (sky130_fd_sc_hd__clkbuf_16)
    14    0.047741    0.104017    0.269874    0.649785 ^ clkbuf_2_3__f_clk/X (sky130_fd_sc_hd__clkbuf_16)
                                                         clknet_2_3__leaf_clk (net)
                      0.104071    0.002066    0.651851 ^ _487_/CLK (sky130_fd_sc_hd__dfxtp_1)
     9    0.024495    0.224731    0.733994    1.385845 v _487_/Q (sky130_fd_sc_hd__dfxtp_1)
                                                         u_system.u_global.state[4] (net)
                      0.224757    0.002426    1.388271 v _228_/A (sky130_fd_sc_hd__or3_1)
     2    0.004448    0.155703    0.929437    2.317708 v _228_/X (sky130_fd_sc_hd__or3_1)
                                                         _063_ (net)
                      0.155703    0.000265    2.317973 v _229_/C (sky130_fd_sc_hd__or3_2)
     4    0.013896    0.229940    1.115301    3.433274 v _229_/X (sky130_fd_sc_hd__or3_2)
                                                         _064_ (net)
                      0.229941    0.001019    3.434293 v _230_/A (sky130_fd_sc_hd__inv_2)
     6    0.021660    0.169861    0.236948    3.671241 ^ _230_/Y (sky130_fd_sc_hd__inv_2)
                                                         net16 (net)
                      0.169865    0.001048    3.672290 ^ _489_/A (sky130_fd_sc_hd__clkbuf_1)
     1    0.002081    0.061271    0.182072    3.854362 ^ _489_/X (sky130_fd_sc_hd__clkbuf_1)
                                                         net23 (net)
                      0.061271    0.000095    3.854456 ^ output23/A (sky130_fd_sc_hd__buf_2)
     1    0.034033    0.270577    0.337587    4.192043 ^ output23/X (sky130_fd_sc_hd__buf_2)
                                                         unlock_enable (net)
                      0.270582    0.001609    4.193653 ^ unlock_enable (out)
                                              4.193653   data arrival time

                                 25.000000   25.000000   clock clk (rise edge)
                                  0.000000   25.000000   clock network delay (propagated)
                                 -0.250000   24.750000   clock uncertainty
                                  0.000000   24.750000   clock reconvergence pessimism
                                 -5.000000   19.750000   output external delay
                                             19.750000   data required time
---------------------------------------------------------------------------------------------
                                             19.750000   data required time
                                             -4.193653   data arrival time
---------------------------------------------------------------------------------------------
                                             15.556346   slack (MET)


Startpoint: _487_ (rising edge-triggered flip-flop clocked by clk)
Endpoint: security_breach (output port clocked by clk)
Path Group: clk
Path Type: max

Fanout         Cap        Slew       Delay        Time   Description
---------------------------------------------------------------------------------------------
                                  0.000000    0.000000   clock clk (rise edge)
                                  0.000000    0.000000   clock source latency
     1    0.018528    0.139701    0.095173    0.095173 ^ clk (in)
                                                         clk (net)
                      0.139710    0.000000    0.095173 ^ clkbuf_0_clk/A (sky130_fd_sc_hd__clkbuf_16)
     4    0.041132    0.095336    0.282324    0.377496 ^ clkbuf_0_clk/X (sky130_fd_sc_hd__clkbuf_16)
                                                         clknet_0_clk (net)
                      0.095415    0.002416    0.379912 ^ clkbuf_2_3__f_clk/A (sky130_fd_sc_hd__clkbuf_16)
    14    0.047741    0.104017    0.269874    0.649785 ^ clkbuf_2_3__f_clk/X (sky130_fd_sc_hd__clkbuf_16)
                                                         clknet_2_3__leaf_clk (net)
                      0.104071    0.002066    0.651851 ^ _487_/CLK (sky130_fd_sc_hd__dfxtp_1)
     9    0.024495    0.224731    0.733994    1.385845 v _487_/Q (sky130_fd_sc_hd__dfxtp_1)
                                                         u_system.u_global.state[4] (net)
                      0.224757    0.002426    1.388271 v _228_/A (sky130_fd_sc_hd__or3_1)
     2    0.004448    0.155703    0.929437    2.317708 v _228_/X (sky130_fd_sc_hd__or3_1)
                                                         _063_ (net)
                      0.155703    0.000231    2.317940 v _233_/C (sky130_fd_sc_hd__or3_1)
     4    0.015303    0.255000    0.913122    3.231062 v _233_/X (sky130_fd_sc_hd__or3_1)
                                                         _066_ (net)
                      0.255000    0.000614    3.231677 v _236_/B1 (sky130_fd_sc_hd__o21ai_1)
     2    0.006817    0.275841    0.272229    3.503906 ^ _236_/Y (sky130_fd_sc_hd__o21ai_1)
                                                         net21 (net)
                      0.275841    0.000325    3.504230 ^ _488_/A (sky130_fd_sc_hd__clkbuf_1)
     1    0.003084    0.079052    0.232258    3.736489 ^ _488_/X (sky130_fd_sc_hd__clkbuf_1)
                                                         net22 (net)
                      0.079052    0.000210    3.736700 ^ output22/A (sky130_fd_sc_hd__buf_2)
     1    0.034257    0.272278    0.346878    4.083578 ^ output22/X (sky130_fd_sc_hd__buf_2)
                                                         security_breach (net)
                      0.272284    0.001680    4.085258 ^ security_breach (out)
                                              4.085258   data arrival time

                                 25.000000   25.000000   clock clk (rise edge)
                                  0.000000   25.000000   clock network delay (propagated)
                                 -0.250000   24.750000   clock uncertainty
                                  0.000000   24.750000   clock reconvergence pessimism
                                 -5.000000   19.750000   output external delay
                                             19.750000   data required time
---------------------------------------------------------------------------------------------
                                             19.750000   data required time
                                             -4.085258   data arrival time
---------------------------------------------------------------------------------------------
                                             15.664742   slack (MET)


Startpoint: _487_ (rising edge-triggered flip-flop clocked by clk)
Endpoint: debug_enable (output port clocked by clk)
Path Group: clk
Path Type: max

Fanout         Cap        Slew       Delay        Time   Description
---------------------------------------------------------------------------------------------
                                  0.000000    0.000000   clock clk (rise edge)
                                  0.000000    0.000000   clock source latency
     1    0.018528    0.139701    0.095173    0.095173 ^ clk (in)
                                                         clk (net)
                      0.139710    0.000000    0.095173 ^ clkbuf_0_clk/A (sky130_fd_sc_hd__clkbuf_16)
     4    0.041132    0.095336    0.282324    0.377496 ^ clkbuf_0_clk/X (sky130_fd_sc_hd__clkbuf_16)
                                                         clknet_0_clk (net)
                      0.095415    0.002416    0.379912 ^ clkbuf_2_3__f_clk/A (sky130_fd_sc_hd__clkbuf_16)
    14    0.047741    0.104017    0.269874    0.649785 ^ clkbuf_2_3__f_clk/X (sky130_fd_sc_hd__clkbuf_16)
                                                         clknet_2_3__leaf_clk (net)
                      0.104071    0.002066    0.651851 ^ _487_/CLK (sky130_fd_sc_hd__dfxtp_1)
     9    0.024495    0.224731    0.733994    1.385845 v _487_/Q (sky130_fd_sc_hd__dfxtp_1)
                                                         u_system.u_global.state[4] (net)
                      0.224757    0.002426    1.388271 v _228_/A (sky130_fd_sc_hd__or3_1)
     2    0.004448    0.155703    0.929437    2.317708 v _228_/X (sky130_fd_sc_hd__or3_1)
                                                         _063_ (net)
                      0.155703    0.000265    2.317973 v _229_/C (sky130_fd_sc_hd__or3_2)
     4    0.013896    0.229940    1.115301    3.433274 v _229_/X (sky130_fd_sc_hd__or3_2)
                                                         _064_ (net)
                      0.229941    0.001019    3.434293 v _230_/A (sky130_fd_sc_hd__inv_2)
     6    0.021660    0.169861    0.236948    3.671241 ^ _230_/Y (sky130_fd_sc_hd__inv_2)
                                                         net16 (net)
                      0.169865    0.001114    3.672355 ^ output16/A (sky130_fd_sc_hd__buf_2)
     1    0.034086    0.271168    0.388594    4.060949 ^ output16/X (sky130_fd_sc_hd__buf_2)
                                                         debug_enable (net)
                      0.271173    0.001628    4.062578 ^ debug_enable (out)
                                              4.062578   data arrival time

                                 25.000000   25.000000   clock clk (rise edge)
                                  0.000000   25.000000   clock network delay (propagated)
                                 -0.250000   24.750000   clock uncertainty
                                  0.000000   24.750000   clock reconvergence pessimism
                                 -5.000000   19.750000   output external delay
                                             19.750000   data required time
---------------------------------------------------------------------------------------------
                                             19.750000   data required time
                                             -4.062578   data arrival time
---------------------------------------------------------------------------------------------
                                             15.687422   slack (MET)


Startpoint: _487_ (rising edge-triggered flip-flop clocked by clk)
Endpoint: safe_led (output port clocked by clk)
Path Group: clk
Path Type: max

Fanout         Cap        Slew       Delay        Time   Description
---------------------------------------------------------------------------------------------
                                  0.000000    0.000000   clock clk (rise edge)
                                  0.000000    0.000000   clock source latency
     1    0.018528    0.139701    0.095173    0.095173 ^ clk (in)
                                                         clk (net)
                      0.139710    0.000000    0.095173 ^ clkbuf_0_clk/A (sky130_fd_sc_hd__clkbuf_16)
     4    0.041132    0.095336    0.282324    0.377496 ^ clkbuf_0_clk/X (sky130_fd_sc_hd__clkbuf_16)
                                                         clknet_0_clk (net)
                      0.095415    0.002416    0.379912 ^ clkbuf_2_3__f_clk/A (sky130_fd_sc_hd__clkbuf_16)
    14    0.047741    0.104017    0.269874    0.649785 ^ clkbuf_2_3__f_clk/X (sky130_fd_sc_hd__clkbuf_16)
                                                         clknet_2_3__leaf_clk (net)
                      0.104071    0.002066    0.651851 ^ _487_/CLK (sky130_fd_sc_hd__dfxtp_1)
     9    0.024495    0.224731    0.733994    1.385845 v _487_/Q (sky130_fd_sc_hd__dfxtp_1)
                                                         u_system.u_global.state[4] (net)
                      0.224757    0.002426    1.388271 v _228_/A (sky130_fd_sc_hd__or3_1)
     2    0.004448    0.155703    0.929437    2.317708 v _228_/X (sky130_fd_sc_hd__or3_1)
                                                         _063_ (net)
                      0.155703    0.000231    2.317940 v _233_/C (sky130_fd_sc_hd__or3_1)
     4    0.015303    0.255000    0.913122    3.231062 v _233_/X (sky130_fd_sc_hd__or3_1)
                                                         _066_ (net)
                      0.255000    0.000614    3.231677 v _236_/B1 (sky130_fd_sc_hd__o21ai_1)
     2    0.006817    0.275841    0.272229    3.503906 ^ _236_/Y (sky130_fd_sc_hd__o21ai_1)
                                                         net21 (net)
                      0.275841    0.000323    3.504228 ^ output21/A (sky130_fd_sc_hd__buf_2)
     1    0.034963    0.278063    0.438603    3.942831 ^ output21/X (sky130_fd_sc_hd__buf_2)
                                                         safe_led (net)
                      0.278071    0.001832    3.944663 ^ safe_led (out)
                                              3.944663   data arrival time

                                 25.000000   25.000000   clock clk (rise edge)
                                  0.000000   25.000000   clock network delay (propagated)
                                 -0.250000   24.750000   clock uncertainty
                                  0.000000   24.750000   clock reconvergence pessimism
                                 -5.000000   19.750000   output external delay
                                             19.750000   data required time
---------------------------------------------------------------------------------------------
                                             19.750000   data required time
                                             -3.944663   data arrival time
---------------------------------------------------------------------------------------------
                                             15.805336   slack (MET)


Startpoint: _482_ (rising edge-triggered flip-flop clocked by clk)
Endpoint: group_unlocked (output port clocked by clk)
Path Group: clk
Path Type: max

Fanout         Cap        Slew       Delay        Time   Description
---------------------------------------------------------------------------------------------
                                  0.000000    0.000000   clock clk (rise edge)
                                  0.000000    0.000000   clock source latency
     1    0.018528    0.139701    0.095173    0.095173 ^ clk (in)
                                                         clk (net)
                      0.139710    0.000000    0.095173 ^ clkbuf_0_clk/A (sky130_fd_sc_hd__clkbuf_16)
     4    0.041132    0.095336    0.282324    0.377496 ^ clkbuf_0_clk/X (sky130_fd_sc_hd__clkbuf_16)
                                                         clknet_0_clk (net)
                      0.095426    0.002557    0.380053 ^ clkbuf_2_1__f_clk/A (sky130_fd_sc_hd__clkbuf_16)
    12    0.046677    0.102573    0.268662    0.648715 ^ clkbuf_2_1__f_clk/X (sky130_fd_sc_hd__clkbuf_16)
                                                         clknet_2_1__leaf_clk (net)
                      0.102618    0.001943    0.650657 ^ _482_/CLK (sky130_fd_sc_hd__dfxtp_1)
     4    0.008152    0.090288    0.628200    1.278857 v _482_/Q (sky130_fd_sc_hd__dfxtp_1)
                                                         u_system.group_state_bits[0] (net)
                      0.090288    0.000517    1.279374 v _225_/A (sky130_fd_sc_hd__or4b_2)
     5    0.020121    0.332285    1.779642    3.059016 v _225_/X (sky130_fd_sc_hd__or4b_2)
                                                         _061_ (net)
                      0.332285    0.002030    3.061046 v _226_/A (sky130_fd_sc_hd__inv_2)
     5    0.018799    0.170247    0.265471    3.326516 ^ _226_/Y (sky130_fd_sc_hd__inv_2)
                                                         net20 (net)
                      0.170247    0.000766    3.327283 ^ output20/A (sky130_fd_sc_hd__buf_2)
     1    0.034377    0.273329    0.390353    3.717636 ^ output20/X (sky130_fd_sc_hd__buf_2)
                                                         group_unlocked (net)
                      0.273334    0.001596    3.719232 ^ group_unlocked (out)
                                              3.719232   data arrival time

                                 25.000000   25.000000   clock clk (rise edge)
                                  0.000000   25.000000   clock network delay (propagated)
                                 -0.250000   24.750000   clock uncertainty
                                  0.000000   24.750000   clock reconvergence pessimism
                                 -5.000000   19.750000   output external delay
                                             19.750000   data required time
---------------------------------------------------------------------------------------------
                                             19.750000   data required time
                                             -3.719232   data arrival time
---------------------------------------------------------------------------------------------
                                             16.030767   slack (MET)


Startpoint: reset (input port clocked by clk)
Endpoint: _486_ (rising edge-triggered flip-flop clocked by clk)
Path Group: clk
Path Type: max

Fanout         Cap        Slew       Delay        Time   Description
---------------------------------------------------------------------------------------------
                                  0.000000    0.000000   clock clk (rise edge)
                                  0.000000    0.000000   clock network delay (propagated)
                                  5.000000    5.000000 ^ input external delay
     1    0.003006    0.033607    0.016926    5.016926 ^ reset (in)
                                                         reset (net)
                      0.033608    0.000000    5.016926 ^ input11/A (sky130_fd_sc_hd__clkbuf_2)
     5    0.027551    0.240760    0.296953    5.313879 ^ input11/X (sky130_fd_sc_hd__clkbuf_2)
                                                         net11 (net)
                      0.240772    0.001370    5.315250 ^ fanout29/A (sky130_fd_sc_hd__buf_2)
    10    0.043836    0.342992    0.469925    5.785175 ^ fanout29/X (sky130_fd_sc_hd__buf_2)
                                                         net29 (net)
                      0.343293    0.006764    5.791940 ^ _224_/A (sky130_fd_sc_hd__inv_2)
     9    0.036553    0.185815    0.277245    6.069185 v _224_/Y (sky130_fd_sc_hd__inv_2)
                                                         _060_ (net)
                      0.186013    0.004127    6.073312 v _393_/A1 (sky130_fd_sc_hd__a41o_1)
     4    0.011185    0.138524    0.447593    6.520905 v _393_/X (sky130_fd_sc_hd__a41o_1)
                                                         _185_ (net)
                      0.138525    0.000562    6.521468 v _430_/C (sky130_fd_sc_hd__or4_1)
     1    0.003631    0.188732    1.140319    7.661786 v _430_/X (sky130_fd_sc_hd__or4_1)
                                                         _212_ (net)
                      0.188732    0.000241    7.662027 v _431_/B2 (sky130_fd_sc_hd__a2bb2o_1)
     1    0.002544    0.096180    0.575112    8.237139 v _431_/X (sky130_fd_sc_hd__a2bb2o_1)
                                                         _213_ (net)
                      0.096180    0.000118    8.237257 v _433_/A2 (sky130_fd_sc_hd__o211ai_1)
     1    0.004113    0.281083    0.302670    8.539927 ^ _433_/Y (sky130_fd_sc_hd__o211ai_1)
                                                         _215_ (net)
                      0.281083    0.000268    8.540195 ^ _434_/A2 (sky130_fd_sc_hd__a21o_1)
     1    0.001992    0.056575    0.279674    8.819870 ^ _434_/X (sky130_fd_sc_hd__a21o_1)
                                                         _050_ (net)
                      0.056575    0.000142    8.820012 ^ _486_/D (sky130_fd_sc_hd__dfxtp_2)
                                              8.820012   data arrival time

                                 25.000000   25.000000   clock clk (rise edge)
                                  0.000000   25.000000   clock source latency
     1    0.018528    0.139701    0.095172   25.095171 ^ clk (in)
                                                         clk (net)
                      0.139710    0.000000   25.095171 ^ clkbuf_0_clk/A (sky130_fd_sc_hd__clkbuf_16)
     4    0.041132    0.095336    0.282324   25.377495 ^ clkbuf_0_clk/X (sky130_fd_sc_hd__clkbuf_16)
                                                         clknet_0_clk (net)
                      0.095415    0.002416   25.379910 ^ clkbuf_2_3__f_clk/A (sky130_fd_sc_hd__clkbuf_16)
    14    0.047741    0.104017    0.269875   25.649786 ^ clkbuf_2_3__f_clk/X (sky130_fd_sc_hd__clkbuf_16)
                                                         clknet_2_3__leaf_clk (net)
                      0.104088    0.002331   25.652117 ^ _486_/CLK (sky130_fd_sc_hd__dfxtp_2)
                                 -0.250000   25.402117   clock uncertainty
                                  0.000000   25.402117   clock reconvergence pessimism
                                 -0.131621   25.270496   library setup time
                                             25.270496   data required time
---------------------------------------------------------------------------------------------
                                             25.270496   data required time
                                             -8.820012   data arrival time
---------------------------------------------------------------------------------------------
                                             16.450483   slack (MET)


Startpoint: _483_ (rising edge-triggered flip-flop clocked by clk)
Endpoint: group_suspended (output port clocked by clk)
Path Group: clk
Path Type: max

Fanout         Cap        Slew       Delay        Time   Description
---------------------------------------------------------------------------------------------
                                  0.000000    0.000000   clock clk (rise edge)
                                  0.000000    0.000000   clock source latency
     1    0.018528    0.139701    0.095173    0.095173 ^ clk (in)
                                                         clk (net)
                      0.139710    0.000000    0.095173 ^ clkbuf_0_clk/A (sky130_fd_sc_hd__clkbuf_16)
     4    0.041132    0.095336    0.282324    0.377496 ^ clkbuf_0_clk/X (sky130_fd_sc_hd__clkbuf_16)
                                                         clknet_0_clk (net)
                      0.095426    0.002557    0.380053 ^ clkbuf_2_1__f_clk/A (sky130_fd_sc_hd__clkbuf_16)
    12    0.046677    0.102573    0.268662    0.648715 ^ clkbuf_2_1__f_clk/X (sky130_fd_sc_hd__clkbuf_16)
                                                         clknet_2_1__leaf_clk (net)
                      0.102668    0.002651    0.651365 ^ _483_/CLK (sky130_fd_sc_hd__dfxtp_1)
     5    0.015028    0.144840    0.674709    1.326075 v _483_/Q (sky130_fd_sc_hd__dfxtp_1)
                                                         u_system.group_state_bits[1] (net)
                      0.144842    0.000748    1.326823 v _231_/B (sky130_fd_sc_hd__or4b_1)
     2    0.007070    0.228300    1.274601    2.601424 v _231_/X (sky130_fd_sc_hd__or4b_1)
                                                         _065_ (net)
                      0.228300    0.000299    2.601723 v _232_/A (sky130_fd_sc_hd__inv_2)
     1    0.002191    0.062998    0.114778    2.716501 ^ _232_/Y (sky130_fd_sc_hd__inv_2)
                                                         net19 (net)
                      0.063001    0.000148    2.716649 ^ output19/A (sky130_fd_sc_hd__buf_2)
     1    0.034097    0.271054    0.338707    3.055355 ^ output19/X (sky130_fd_sc_hd__buf_2)
                                                         group_suspended (net)
                      0.271059    0.001624    3.056979 ^ group_suspended (out)
                                              3.056979   data arrival time

                                 25.000000   25.000000   clock clk (rise edge)
                                  0.000000   25.000000   clock network delay (propagated)
                                 -0.250000   24.750000   clock uncertainty
                                  0.000000   24.750000   clock reconvergence pessimism
                                 -5.000000   19.750000   output external delay
                                             19.750000   data required time
---------------------------------------------------------------------------------------------
                                             19.750000   data required time
                                             -3.056979   data arrival time
---------------------------------------------------------------------------------------------
                                             16.693020   slack (MET)


Startpoint: reset (input port clocked by clk)
Endpoint: _469_ (rising edge-triggered flip-flop clocked by clk)
Path Group: clk
Path Type: max

Fanout         Cap        Slew       Delay        Time   Description
---------------------------------------------------------------------------------------------
                                  0.000000    0.000000   clock clk (rise edge)
                                  0.000000    0.000000   clock network delay (propagated)
                                  5.000000    5.000000 v input external delay
     1    0.002821    0.018533    0.009344    5.009344 v reset (in)
                                                         reset (net)
                      0.018536    0.000000    5.009344 v input11/A (sky130_fd_sc_hd__clkbuf_2)
     5    0.026519    0.190752    0.273855    5.283199 v input11/X (sky130_fd_sc_hd__clkbuf_2)
                                                         net11 (net)
                      0.190910    0.003503    5.286702 v _329_/B1 (sky130_fd_sc_hd__a2111o_1)
     1    0.003406    0.113239    0.784129    6.070831 v _329_/X (sky130_fd_sc_hd__a2111o_1)
                                                         _137_ (net)
                      0.113239    0.000145    6.070976 v _330_/C1 (sky130_fd_sc_hd__a211o_1)
     2    0.009299    0.142854    0.511705    6.582681 v _330_/X (sky130_fd_sc_hd__a211o_1)
                                                         _138_ (net)
                      0.142855    0.000694    6.583375 v fanout26/A (sky130_fd_sc_hd__buf_2)
    10    0.041662    0.195326    0.400973    6.984349 v fanout26/X (sky130_fd_sc_hd__buf_2)
                                                         net26 (net)
                      0.195466    0.004769    6.989118 v _366_/B1 (sky130_fd_sc_hd__a21oi_1)
     1    0.003516    0.188636    0.249850    7.238968 ^ _366_/Y (sky130_fd_sc_hd__a21oi_1)
                                                         _165_ (net)
                      0.188636    0.000235    7.239203 ^ _367_/B1 (sky130_fd_sc_hd__o21a_1)
     1    0.001725    0.058112    0.251473    7.490676 ^ _367_/X (sky130_fd_sc_hd__o21a_1)
                                                         _033_ (net)
                      0.058112    0.000079    7.490755 ^ hold7/A (sky130_fd_sc_hd__dlygate4sd3_1)
     1    0.001961    0.082223    1.022725    8.513480 ^ hold7/X (sky130_fd_sc_hd__dlygate4sd3_1)
                                                         net36 (net)
                      0.082223    0.000133    8.513613 ^ _469_/D (sky130_fd_sc_hd__dfxtp_1)
                                              8.513613   data arrival time

                                 25.000000   25.000000   clock clk (rise edge)
                                  0.000000   25.000000   clock source latency
     1    0.018528    0.139701    0.095172   25.095171 ^ clk (in)
                                                         clk (net)
                      0.139710    0.000000   25.095171 ^ clkbuf_0_clk/A (sky130_fd_sc_hd__clkbuf_16)
     4    0.041132    0.095336    0.282324   25.377495 ^ clkbuf_0_clk/X (sky130_fd_sc_hd__clkbuf_16)
                                                         clknet_0_clk (net)
                      0.095435    0.002665   25.380159 ^ clkbuf_2_0__f_clk/A (sky130_fd_sc_hd__clkbuf_16)
    16    0.046755    0.102734    0.268361   25.648521 ^ clkbuf_2_0__f_clk/X (sky130_fd_sc_hd__clkbuf_16)
                                                         clknet_2_0__leaf_clk (net)
                      0.103236    0.004956   25.653477 ^ _469_/CLK (sky130_fd_sc_hd__dfxtp_1)
                                 -0.250000   25.403477   clock uncertainty
                                  0.000000   25.403477   clock reconvergence pessimism
                                 -0.125927   25.277550   library setup time
                                             25.277550   data required time
---------------------------------------------------------------------------------------------
                                             25.277550   data required time
                                             -8.513613   data arrival time
---------------------------------------------------------------------------------------------
                                             16.763937   slack (MET)


Startpoint: unlock_req (input port clocked by clk)
Endpoint: _439_ (rising edge-triggered flip-flop clocked by clk)
Path Group: clk
Path Type: max

Fanout         Cap        Slew       Delay        Time   Description
---------------------------------------------------------------------------------------------
                                  0.000000    0.000000   clock clk (rise edge)
                                  0.000000    0.000000   clock network delay (propagated)
                                  5.000000    5.000000 v input external delay
     1    0.002776    0.018361    0.009205    5.009205 v unlock_req (in)
                                                         unlock_req (net)
                      0.018364    0.000000    5.009205 v input14/A (sky130_fd_sc_hd__buf_1)
     2    0.009432    0.118940    0.193467    5.202672 v input14/X (sky130_fd_sc_hd__buf_1)
                                                         net14 (net)
                      0.118941    0.000610    5.203281 v _262_/A1 (sky130_fd_sc_hd__a2111o_1)
     1    0.002973    0.108628    0.721610    5.924891 v _262_/X (sky130_fd_sc_hd__a2111o_1)
                                                         _094_ (net)
                      0.108632    0.000218    5.925109 v _263_/A3 (sky130_fd_sc_hd__a31o_1)
     2    0.009416    0.120637    0.459210    6.384319 v _263_/X (sky130_fd_sc_hd__a31o_1)
                                                         _095_ (net)
                      0.120640    0.000725    6.385044 v _264_/B (sky130_fd_sc_hd__xor2_1)
     1    0.001810    0.088257    0.271405    6.656449 v _264_/X (sky130_fd_sc_hd__xor2_1)
                                                         _096_ (net)
                      0.088257    0.000123    6.656571 v _265_/D (sky130_fd_sc_hd__and4bb_1)
     1    0.003563    0.082592    0.419338    7.075910 v _265_/X (sky130_fd_sc_hd__and4bb_1)
                                                         _097_ (net)
                      0.082592    0.000249    7.076159 v fanout25/A (sky130_fd_sc_hd__dlymetal6s2s_1)
     7    0.025350    0.255334    0.441463    7.517622 v fanout25/X (sky130_fd_sc_hd__dlymetal6s2s_1)
                                                         net25 (net)
                      0.255346    0.002046    7.519668 v fanout24/A (sky130_fd_sc_hd__clkbuf_2)
    10    0.029173    0.208170    0.396881    7.916549 v fanout24/X (sky130_fd_sc_hd__clkbuf_2)
                                                         net24 (net)
                      0.208171    0.000947    7.917495 v _275_/C (sky130_fd_sc_hd__and3b_1)
     1    0.002910    0.070778    0.424461    8.341957 v _275_/X (sky130_fd_sc_hd__and3b_1)
                                                         _003_ (net)
                      0.070778    0.000218    8.342175 v _439_/D (sky130_fd_sc_hd__dfxtp_1)
                                              8.342175   data arrival time

                                 25.000000   25.000000   clock clk (rise edge)
                                  0.000000   25.000000   clock source latency
     1    0.018528    0.139701    0.095172   25.095171 ^ clk (in)
                                                         clk (net)
                      0.139710    0.000000   25.095171 ^ clkbuf_0_clk/A (sky130_fd_sc_hd__clkbuf_16)
     4    0.041132    0.095336    0.282324   25.377495 ^ clkbuf_0_clk/X (sky130_fd_sc_hd__clkbuf_16)
                                                         clknet_0_clk (net)
                      0.095435    0.002665   25.380159 ^ clkbuf_2_0__f_clk/A (sky130_fd_sc_hd__clkbuf_16)
    16    0.046755    0.102734    0.268361   25.648521 ^ clkbuf_2_0__f_clk/X (sky130_fd_sc_hd__clkbuf_16)
                                                         clknet_2_0__leaf_clk (net)
                      0.102790    0.002002   25.650522 ^ _439_/CLK (sky130_fd_sc_hd__dfxtp_1)
                                 -0.250000   25.400524   clock uncertainty
                                  0.000000   25.400524   clock reconvergence pessimism
                                 -0.260470   25.140053   library setup time
                                             25.140053   data required time
---------------------------------------------------------------------------------------------
                                             25.140053   data required time
                                             -8.342175   data arrival time
---------------------------------------------------------------------------------------------
                                             16.797878   slack (MET)


Startpoint: unlock_req (input port clocked by clk)
Endpoint: _450_ (rising edge-triggered flip-flop clocked by clk)
Path Group: clk
Path Type: max

Fanout         Cap        Slew       Delay        Time   Description
---------------------------------------------------------------------------------------------
                                  0.000000    0.000000   clock clk (rise edge)
                                  0.000000    0.000000   clock network delay (propagated)
                                  5.000000    5.000000 v input external delay
     1    0.002776    0.018361    0.009205    5.009205 v unlock_req (in)
                                                         unlock_req (net)
                      0.018364    0.000000    5.009205 v input14/A (sky130_fd_sc_hd__buf_1)
     2    0.009432    0.118940    0.193467    5.202672 v input14/X (sky130_fd_sc_hd__buf_1)
                                                         net14 (net)
                      0.118941    0.000610    5.203281 v _262_/A1 (sky130_fd_sc_hd__a2111o_1)
     1    0.002973    0.108628    0.721610    5.924891 v _262_/X (sky130_fd_sc_hd__a2111o_1)
                                                         _094_ (net)
                      0.108632    0.000218    5.925109 v _263_/A3 (sky130_fd_sc_hd__a31o_1)
     2    0.009416    0.120637    0.459210    6.384319 v _263_/X (sky130_fd_sc_hd__a31o_1)
                                                         _095_ (net)
                      0.120640    0.000725    6.385044 v _264_/B (sky130_fd_sc_hd__xor2_1)
     1    0.001810    0.088257    0.271405    6.656449 v _264_/X (sky130_fd_sc_hd__xor2_1)
                                                         _096_ (net)
                      0.088257    0.000123    6.656571 v _265_/D (sky130_fd_sc_hd__and4bb_1)
     1    0.003563    0.082592    0.419338    7.075910 v _265_/X (sky130_fd_sc_hd__and4bb_1)
                                                         _097_ (net)
                      0.082592    0.000249    7.076159 v fanout25/A (sky130_fd_sc_hd__dlymetal6s2s_1)
     7    0.025350    0.255334    0.441463    7.517622 v fanout25/X (sky130_fd_sc_hd__dlymetal6s2s_1)
                                                         net25 (net)
                      0.255346    0.002046    7.519668 v fanout24/A (sky130_fd_sc_hd__clkbuf_2)
    10    0.029173    0.208170    0.396881    7.916549 v fanout24/X (sky130_fd_sc_hd__clkbuf_2)
                                                         net24 (net)
                      0.208173    0.001151    7.917700 v _307_/C (sky130_fd_sc_hd__and3b_1)
     1    0.002267    0.065244    0.416917    8.334617 v _307_/X (sky130_fd_sc_hd__and3b_1)
                                                         _014_ (net)
                      0.065244    0.000162    8.334779 v _450_/D (sky130_fd_sc_hd__dfxtp_1)
                                              8.334779   data arrival time

                                 25.000000   25.000000   clock clk (rise edge)
                                  0.000000   25.000000   clock source latency
     1    0.018528    0.139701    0.095172   25.095171 ^ clk (in)
                                                         clk (net)
                      0.139710    0.000000   25.095171 ^ clkbuf_0_clk/A (sky130_fd_sc_hd__clkbuf_16)
     4    0.041132    0.095336    0.282324   25.377495 ^ clkbuf_0_clk/X (sky130_fd_sc_hd__clkbuf_16)
                                                         clknet_0_clk (net)
                      0.095435    0.002665   25.380159 ^ clkbuf_2_0__f_clk/A (sky130_fd_sc_hd__clkbuf_16)
    16    0.046755    0.102734    0.268361   25.648521 ^ clkbuf_2_0__f_clk/X (sky130_fd_sc_hd__clkbuf_16)
                                                         clknet_2_0__leaf_clk (net)
                      0.102891    0.003148   25.651669 ^ _450_/CLK (sky130_fd_sc_hd__dfxtp_1)
                                 -0.250000   25.401669   clock uncertainty
                                  0.000000   25.401669   clock reconvergence pessimism
                                 -0.258144   25.143526   library setup time
                                             25.143526   data required time
---------------------------------------------------------------------------------------------
                                             25.143526   data required time
                                             -8.334779   data arrival time
---------------------------------------------------------------------------------------------
                                             16.808746   slack (MET)


Startpoint: unlock_req (input port clocked by clk)
Endpoint: _441_ (rising edge-triggered flip-flop clocked by clk)
Path Group: clk
Path Type: max

Fanout         Cap        Slew       Delay        Time   Description
---------------------------------------------------------------------------------------------
                                  0.000000    0.000000   clock clk (rise edge)
                                  0.000000    0.000000   clock network delay (propagated)
                                  5.000000    5.000000 v input external delay
     1    0.002776    0.018361    0.009205    5.009205 v unlock_req (in)
                                                         unlock_req (net)
                      0.018364    0.000000    5.009205 v input14/A (sky130_fd_sc_hd__buf_1)
     2    0.009432    0.118940    0.193467    5.202672 v input14/X (sky130_fd_sc_hd__buf_1)
                                                         net14 (net)
                      0.118941    0.000610    5.203281 v _262_/A1 (sky130_fd_sc_hd__a2111o_1)
     1    0.002973    0.108628    0.721610    5.924891 v _262_/X (sky130_fd_sc_hd__a2111o_1)
                                                         _094_ (net)
                      0.108632    0.000218    5.925109 v _263_/A3 (sky130_fd_sc_hd__a31o_1)
     2    0.009416    0.120637    0.459210    6.384319 v _263_/X (sky130_fd_sc_hd__a31o_1)
                                                         _095_ (net)
                      0.120640    0.000725    6.385044 v _264_/B (sky130_fd_sc_hd__xor2_1)
     1    0.001810    0.088257    0.271405    6.656449 v _264_/X (sky130_fd_sc_hd__xor2_1)
                                                         _096_ (net)
                      0.088257    0.000123    6.656571 v _265_/D (sky130_fd_sc_hd__and4bb_1)
     1    0.003563    0.082592    0.419338    7.075910 v _265_/X (sky130_fd_sc_hd__and4bb_1)
                                                         _097_ (net)
                      0.082592    0.000249    7.076159 v fanout25/A (sky130_fd_sc_hd__dlymetal6s2s_1)
     7    0.025350    0.255334    0.441463    7.517622 v fanout25/X (sky130_fd_sc_hd__dlymetal6s2s_1)
                                                         net25 (net)
                      0.255346    0.002046    7.519668 v fanout24/A (sky130_fd_sc_hd__clkbuf_2)
    10    0.029173    0.208170    0.396881    7.916549 v fanout24/X (sky130_fd_sc_hd__clkbuf_2)
                                                         net24 (net)
                      0.208172    0.001059    7.917607 v _281_/C (sky130_fd_sc_hd__and3b_1)
     1    0.002020    0.063531    0.414016    8.331623 v _281_/X (sky130_fd_sc_hd__and3b_1)
                                                         _005_ (net)
                      0.063531    0.000139    8.331761 v _441_/D (sky130_fd_sc_hd__dfxtp_1)
                                              8.331761   data arrival time

                                 25.000000   25.000000   clock clk (rise edge)
                                  0.000000   25.000000   clock source latency
     1    0.018528    0.139701    0.095172   25.095171 ^ clk (in)
                                                         clk (net)
                      0.139710    0.000000   25.095171 ^ clkbuf_0_clk/A (sky130_fd_sc_hd__clkbuf_16)
     4    0.041132    0.095336    0.282324   25.377495 ^ clkbuf_0_clk/X (sky130_fd_sc_hd__clkbuf_16)
                                                         clknet_0_clk (net)
                      0.095435    0.002665   25.380159 ^ clkbuf_2_0__f_clk/A (sky130_fd_sc_hd__clkbuf_16)
    16    0.046755    0.102734    0.268361   25.648521 ^ clkbuf_2_0__f_clk/X (sky130_fd_sc_hd__clkbuf_16)
                                                         clknet_2_0__leaf_clk (net)
                      0.102815    0.002315   25.650835 ^ _441_/CLK (sky130_fd_sc_hd__dfxtp_1)
                                 -0.250000   25.400835   clock uncertainty
                                  0.000000   25.400835   clock reconvergence pessimism
                                 -0.257453   25.143383   library setup time
                                             25.143383   data required time
---------------------------------------------------------------------------------------------
                                             25.143383   data required time
                                             -8.331761   data arrival time
---------------------------------------------------------------------------------------------
                                             16.811623   slack (MET)


Startpoint: unlock_req (input port clocked by clk)
Endpoint: _449_ (rising edge-triggered flip-flop clocked by clk)
Path Group: clk
Path Type: max

Fanout         Cap        Slew       Delay        Time   Description
---------------------------------------------------------------------------------------------
                                  0.000000    0.000000   clock clk (rise edge)
                                  0.000000    0.000000   clock network delay (propagated)
                                  5.000000    5.000000 v input external delay
     1    0.002776    0.018361    0.009205    5.009205 v unlock_req (in)
                                                         unlock_req (net)
                      0.018364    0.000000    5.009205 v input14/A (sky130_fd_sc_hd__buf_1)
     2    0.009432    0.118940    0.193467    5.202672 v input14/X (sky130_fd_sc_hd__buf_1)
                                                         net14 (net)
                      0.118941    0.000610    5.203281 v _262_/A1 (sky130_fd_sc_hd__a2111o_1)
     1    0.002973    0.108628    0.721610    5.924891 v _262_/X (sky130_fd_sc_hd__a2111o_1)
                                                         _094_ (net)
                      0.108632    0.000218    5.925109 v _263_/A3 (sky130_fd_sc_hd__a31o_1)
     2    0.009416    0.120637    0.459210    6.384319 v _263_/X (sky130_fd_sc_hd__a31o_1)
                                                         _095_ (net)
                      0.120640    0.000725    6.385044 v _264_/B (sky130_fd_sc_hd__xor2_1)
     1    0.001810    0.088257    0.271405    6.656449 v _264_/X (sky130_fd_sc_hd__xor2_1)
                                                         _096_ (net)
                      0.088257    0.000123    6.656571 v _265_/D (sky130_fd_sc_hd__and4bb_1)
     1    0.003563    0.082592    0.419338    7.075910 v _265_/X (sky130_fd_sc_hd__and4bb_1)
                                                         _097_ (net)
                      0.082592    0.000249    7.076159 v fanout25/A (sky130_fd_sc_hd__dlymetal6s2s_1)
     7    0.025350    0.255334    0.441463    7.517622 v fanout25/X (sky130_fd_sc_hd__dlymetal6s2s_1)
                                                         net25 (net)
                      0.255346    0.002046    7.519668 v fanout24/A (sky130_fd_sc_hd__clkbuf_2)
    10    0.029173    0.208170    0.396881    7.916549 v fanout24/X (sky130_fd_sc_hd__clkbuf_2)
                                                         net24 (net)
                      0.208174    0.001257    7.917805 v _304_/C (sky130_fd_sc_hd__and3b_1)
     1    0.002037    0.063672    0.414216    8.332022 v _304_/X (sky130_fd_sc_hd__and3b_1)
                                                         _013_ (net)
                      0.063672    0.000147    8.332169 v _449_/D (sky130_fd_sc_hd__dfxtp_1)
                                              8.332169   data arrival time

                                 25.000000   25.000000   clock clk (rise edge)
                                  0.000000   25.000000   clock source latency
     1    0.018528    0.139701    0.095172   25.095171 ^ clk (in)
                                                         clk (net)
                      0.139710    0.000000   25.095171 ^ clkbuf_0_clk/A (sky130_fd_sc_hd__clkbuf_16)
     4    0.041132    0.095336    0.282324   25.377495 ^ clkbuf_0_clk/X (sky130_fd_sc_hd__clkbuf_16)
                                                         clknet_0_clk (net)
                      0.095435    0.002665   25.380159 ^ clkbuf_2_0__f_clk/A (sky130_fd_sc_hd__clkbuf_16)
    16    0.046755    0.102734    0.268361   25.648521 ^ clkbuf_2_0__f_clk/X (sky130_fd_sc_hd__clkbuf_16)
                                                         clknet_2_0__leaf_clk (net)
                      0.102915    0.003388   25.651909 ^ _449_/CLK (sky130_fd_sc_hd__dfxtp_1)
                                 -0.250000   25.401909   clock uncertainty
                                  0.000000   25.401909   clock reconvergence pessimism
                                 -0.257484   25.144424   library setup time
                                             25.144424   data required time
---------------------------------------------------------------------------------------------
                                             25.144424   data required time
                                             -8.332169   data arrival time
---------------------------------------------------------------------------------------------
                                             16.812256   slack (MET)


Startpoint: unlock_req (input port clocked by clk)
Endpoint: _436_ (rising edge-triggered flip-flop clocked by clk)
Path Group: clk
Path Type: max

Fanout         Cap        Slew       Delay        Time   Description
---------------------------------------------------------------------------------------------
                                  0.000000    0.000000   clock clk (rise edge)
                                  0.000000    0.000000   clock network delay (propagated)
                                  5.000000    5.000000 v input external delay
     1    0.002776    0.018361    0.009205    5.009205 v unlock_req (in)
                                                         unlock_req (net)
                      0.018364    0.000000    5.009205 v input14/A (sky130_fd_sc_hd__buf_1)
     2    0.009432    0.118940    0.193467    5.202672 v input14/X (sky130_fd_sc_hd__buf_1)
                                                         net14 (net)
                      0.118941    0.000610    5.203281 v _262_/A1 (sky130_fd_sc_hd__a2111o_1)
     1    0.002973    0.108628    0.721610    5.924891 v _262_/X (sky130_fd_sc_hd__a2111o_1)
                                                         _094_ (net)
                      0.108632    0.000218    5.925109 v _263_/A3 (sky130_fd_sc_hd__a31o_1)
     2    0.009416    0.120637    0.459210    6.384319 v _263_/X (sky130_fd_sc_hd__a31o_1)
                                                         _095_ (net)
                      0.120640    0.000725    6.385044 v _264_/B (sky130_fd_sc_hd__xor2_1)
     1    0.001810    0.088257    0.271405    6.656449 v _264_/X (sky130_fd_sc_hd__xor2_1)
                                                         _096_ (net)
                      0.088257    0.000123    6.656571 v _265_/D (sky130_fd_sc_hd__and4bb_1)
     1    0.003563    0.082592    0.419338    7.075910 v _265_/X (sky130_fd_sc_hd__and4bb_1)
                                                         _097_ (net)
                      0.082592    0.000249    7.076159 v fanout25/A (sky130_fd_sc_hd__dlymetal6s2s_1)
     7    0.025350    0.255334    0.441463    7.517622 v fanout25/X (sky130_fd_sc_hd__dlymetal6s2s_1)
                                                         net25 (net)
                      0.255346    0.002046    7.519668 v fanout24/A (sky130_fd_sc_hd__clkbuf_2)
    10    0.029173    0.208170    0.396881    7.916549 v fanout24/X (sky130_fd_sc_hd__clkbuf_2)
                                                         net24 (net)
                      0.208174    0.001238    7.917787 v _266_/B (sky130_fd_sc_hd__and2b_1)
     1    0.002065    0.060288    0.375042    8.292829 v _266_/X (sky130_fd_sc_hd__and2b_1)
                                                         _000_ (net)
                      0.060288    0.000146    8.292974 v _436_/D (sky130_fd_sc_hd__dfxtp_1)
                                              8.292974   data arrival time

                                 25.000000   25.000000   clock clk (rise edge)
                                  0.000000   25.000000   clock source latency
     1    0.018528    0.139701    0.095172   25.095171 ^ clk (in)
                                                         clk (net)
                      0.139710    0.000000   25.095171 ^ clkbuf_0_clk/A (sky130_fd_sc_hd__clkbuf_16)
     4    0.041132    0.095336    0.282324   25.377495 ^ clkbuf_0_clk/X (sky130_fd_sc_hd__clkbuf_16)
                                                         clknet_0_clk (net)
                      0.095435    0.002665   25.380159 ^ clkbuf_2_0__f_clk/A (sky130_fd_sc_hd__clkbuf_16)
    16    0.046755    0.102734    0.268361   25.648521 ^ clkbuf_2_0__f_clk/X (sky130_fd_sc_hd__clkbuf_16)
                                                         clknet_2_0__leaf_clk (net)
                      0.103005    0.004194   25.652714 ^ _436_/CLK (sky130_fd_sc_hd__dfxtp_1)
                                 -0.250000   25.402716   clock uncertainty
                                  0.000000   25.402716   clock reconvergence pessimism
                                 -0.256054   25.146660   library setup time
                                             25.146660   data required time
---------------------------------------------------------------------------------------------
                                             25.146660   data required time
                                             -8.292974   data arrival time
---------------------------------------------------------------------------------------------
                                             16.853687   slack (MET)


Startpoint: file_denied (input port clocked by clk)
Endpoint: _448_ (rising edge-triggered flip-flop clocked by clk)
Path Group: clk
Path Type: max

Fanout         Cap        Slew       Delay        Time   Description
---------------------------------------------------------------------------------------------
                                  0.000000    0.000000   clock clk (rise edge)
                                  0.000000    0.000000   clock network delay (propagated)
                                  5.000000    5.000000 v input external delay
     1    0.002907    0.018866    0.009614    5.009614 v file_denied (in)
                                                         file_denied (net)
                      0.018866    0.000000    5.009614 v input3/A (sky130_fd_sc_hd__buf_1)
     4    0.013941    0.166288    0.229866    5.239480 v input3/X (sky130_fd_sc_hd__buf_1)
                                                         net3 (net)
                      0.166291    0.000918    5.240398 v _260_/A1 (sky130_fd_sc_hd__o41ai_1)
     1    0.004104    0.524424    0.710707    5.951105 ^ _260_/Y (sky130_fd_sc_hd__o41ai_1)
                                                         _092_ (net)
                      0.524424    0.000180    5.951285 ^ _263_/A1 (sky130_fd_sc_hd__a31o_1)
     2    0.009943    0.181021    0.517603    6.468889 ^ _263_/X (sky130_fd_sc_hd__a31o_1)
                                                         _095_ (net)
                      0.181022    0.000767    6.469656 ^ _264_/B (sky130_fd_sc_hd__xor2_1)
     1    0.001898    0.157507    0.265222    6.734878 ^ _264_/X (sky130_fd_sc_hd__xor2_1)
                                                         _096_ (net)
                      0.157507    0.000130    6.735008 ^ _265_/D (sky130_fd_sc_hd__and4bb_1)
     1    0.003678    0.114392    0.442114    7.177122 ^ _265_/X (sky130_fd_sc_hd__and4bb_1)
                                                         _097_ (net)
                      0.114463    0.000259    7.177381 ^ fanout25/A (sky130_fd_sc_hd__dlymetal6s2s_1)
     7    0.025762    0.410952    0.425934    7.603314 ^ fanout25/X (sky130_fd_sc_hd__dlymetal6s2s_1)
                                                         net25 (net)
                      0.410968    0.002096    7.605411 ^ fanout24/A (sky130_fd_sc_hd__clkbuf_2)
    10    0.029903    0.260814    0.470039    8.075450 ^ fanout24/X (sky130_fd_sc_hd__clkbuf_2)
                                                         net24 (net)
                      0.260816    0.001266    8.076715 ^ _301_/A (sky130_fd_sc_hd__and3_1)
     1    0.002523    0.083715    0.343722    8.420437 ^ _301_/X (sky130_fd_sc_hd__and3_1)
                                                         _012_ (net)
                      0.083715    0.000099    8.420536 ^ _448_/D (sky130_fd_sc_hd__dfxtp_1)
                                              8.420536   data arrival time

                                 25.000000   25.000000   clock clk (rise edge)
                                  0.000000   25.000000   clock source latency
     1    0.018528    0.139701    0.095172   25.095171 ^ clk (in)
                                                         clk (net)
                      0.139710    0.000000   25.095171 ^ clkbuf_0_clk/A (sky130_fd_sc_hd__clkbuf_16)
     4    0.041132    0.095336    0.282324   25.377495 ^ clkbuf_0_clk/X (sky130_fd_sc_hd__clkbuf_16)
                                                         clknet_0_clk (net)
                      0.095435    0.002665   25.380159 ^ clkbuf_2_0__f_clk/A (sky130_fd_sc_hd__clkbuf_16)
    16    0.046755    0.102734    0.268361   25.648521 ^ clkbuf_2_0__f_clk/X (sky130_fd_sc_hd__clkbuf_16)
                                                         clknet_2_0__leaf_clk (net)
                      0.102965    0.003844   25.652365 ^ _448_/CLK (sky130_fd_sc_hd__dfxtp_1)
                                 -0.250000   25.402365   clock uncertainty
                                  0.000000   25.402365   clock reconvergence pessimism
                                 -0.126360   25.276007   library setup time
                                             25.276007   data required time
---------------------------------------------------------------------------------------------
                                             25.276007   data required time
                                             -8.420536   data arrival time
---------------------------------------------------------------------------------------------
                                             16.855471   slack (MET)


Startpoint: file_denied (input port clocked by clk)
Endpoint: _447_ (rising edge-triggered flip-flop clocked by clk)
Path Group: clk
Path Type: max

Fanout         Cap        Slew       Delay        Time   Description
---------------------------------------------------------------------------------------------
                                  0.000000    0.000000   clock clk (rise edge)
                                  0.000000    0.000000   clock network delay (propagated)
                                  5.000000    5.000000 v input external delay
     1    0.002907    0.018866    0.009614    5.009614 v file_denied (in)
                                                         file_denied (net)
                      0.018866    0.000000    5.009614 v input3/A (sky130_fd_sc_hd__buf_1)
     4    0.013941    0.166288    0.229866    5.239480 v input3/X (sky130_fd_sc_hd__buf_1)
                                                         net3 (net)
                      0.166291    0.000918    5.240398 v _260_/A1 (sky130_fd_sc_hd__o41ai_1)
     1    0.004104    0.524424    0.710707    5.951105 ^ _260_/Y (sky130_fd_sc_hd__o41ai_1)
                                                         _092_ (net)
                      0.524424    0.000180    5.951285 ^ _263_/A1 (sky130_fd_sc_hd__a31o_1)
     2    0.009943    0.181021    0.517603    6.468889 ^ _263_/X (sky130_fd_sc_hd__a31o_1)
                                                         _095_ (net)
                      0.181022    0.000767    6.469656 ^ _264_/B (sky130_fd_sc_hd__xor2_1)
     1    0.001898    0.157507    0.265222    6.734878 ^ _264_/X (sky130_fd_sc_hd__xor2_1)
                                                         _096_ (net)
                      0.157507    0.000130    6.735008 ^ _265_/D (sky130_fd_sc_hd__and4bb_1)
     1    0.003678    0.114392    0.442114    7.177122 ^ _265_/X (sky130_fd_sc_hd__and4bb_1)
                                                         _097_ (net)
                      0.114463    0.000259    7.177381 ^ fanout25/A (sky130_fd_sc_hd__dlymetal6s2s_1)
     7    0.025762    0.410952    0.425934    7.603314 ^ fanout25/X (sky130_fd_sc_hd__dlymetal6s2s_1)
                                                         net25 (net)
                      0.410968    0.002096    7.605411 ^ fanout24/A (sky130_fd_sc_hd__clkbuf_2)
    10    0.029903    0.260814    0.470039    8.075450 ^ fanout24/X (sky130_fd_sc_hd__clkbuf_2)
                                                         net24 (net)
                      0.260815    0.001197    8.076647 ^ _298_/C1 (sky130_fd_sc_hd__o211a_1)
     1    0.002328    0.071950    0.341226    8.417872 ^ _298_/X (sky130_fd_sc_hd__o211a_1)
                                                         _011_ (net)
                      0.071950    0.000168    8.418040 ^ _447_/D (sky130_fd_sc_hd__dfxtp_1)
                                              8.418040   data arrival time

                                 25.000000   25.000000   clock clk (rise edge)
                                  0.000000   25.000000   clock source latency
     1    0.018528    0.139701    0.095172   25.095171 ^ clk (in)
                                                         clk (net)
                      0.139710    0.000000   25.095171 ^ clkbuf_0_clk/A (sky130_fd_sc_hd__clkbuf_16)
     4    0.041132    0.095336    0.282324   25.377495 ^ clkbuf_0_clk/X (sky130_fd_sc_hd__clkbuf_16)
                                                         clknet_0_clk (net)
                      0.095435    0.002665   25.380159 ^ clkbuf_2_0__f_clk/A (sky130_fd_sc_hd__clkbuf_16)
    16    0.046755    0.102734    0.268361   25.648521 ^ clkbuf_2_0__f_clk/X (sky130_fd_sc_hd__clkbuf_16)
                                                         clknet_2_0__leaf_clk (net)
                      0.102895    0.003183   25.651703 ^ _447_/CLK (sky130_fd_sc_hd__dfxtp_1)
                                 -0.250000   25.401705   clock uncertainty
                                  0.000000   25.401705   clock reconvergence pessimism
                                 -0.123316   25.278389   library setup time
                                             25.278389   data required time
---------------------------------------------------------------------------------------------
                                             25.278389   data required time
                                             -8.418040   data arrival time
---------------------------------------------------------------------------------------------
                                             16.860348   slack (MET)


Startpoint: file_denied (input port clocked by clk)
Endpoint: _451_ (rising edge-triggered flip-flop clocked by clk)
Path Group: clk
Path Type: max

Fanout         Cap        Slew       Delay        Time   Description
---------------------------------------------------------------------------------------------
                                  0.000000    0.000000   clock clk (rise edge)
                                  0.000000    0.000000   clock network delay (propagated)
                                  5.000000    5.000000 v input external delay
     1    0.002907    0.018866    0.009614    5.009614 v file_denied (in)
                                                         file_denied (net)
                      0.018866    0.000000    5.009614 v input3/A (sky130_fd_sc_hd__buf_1)
     4    0.013941    0.166288    0.229866    5.239480 v input3/X (sky130_fd_sc_hd__buf_1)
                                                         net3 (net)
                      0.166291    0.000918    5.240398 v _260_/A1 (sky130_fd_sc_hd__o41ai_1)
     1    0.004104    0.524424    0.710707    5.951105 ^ _260_/Y (sky130_fd_sc_hd__o41ai_1)
                                                         _092_ (net)
                      0.524424    0.000180    5.951285 ^ _263_/A1 (sky130_fd_sc_hd__a31o_1)
     2    0.009943    0.181021    0.517603    6.468889 ^ _263_/X (sky130_fd_sc_hd__a31o_1)
                                                         _095_ (net)
                      0.181022    0.000767    6.469656 ^ _264_/B (sky130_fd_sc_hd__xor2_1)
     1    0.001898    0.157507    0.265222    6.734878 ^ _264_/X (sky130_fd_sc_hd__xor2_1)
                                                         _096_ (net)
                      0.157507    0.000130    6.735008 ^ _265_/D (sky130_fd_sc_hd__and4bb_1)
     1    0.003678    0.114392    0.442114    7.177122 ^ _265_/X (sky130_fd_sc_hd__and4bb_1)
                                                         _097_ (net)
                      0.114463    0.000259    7.177381 ^ fanout25/A (sky130_fd_sc_hd__dlymetal6s2s_1)
     7    0.025762    0.410952    0.425934    7.603314 ^ fanout25/X (sky130_fd_sc_hd__dlymetal6s2s_1)
                                                         net25 (net)
                      0.410968    0.002096    7.605411 ^ fanout24/A (sky130_fd_sc_hd__clkbuf_2)
    10    0.029903    0.260814    0.470039    8.075450 ^ fanout24/X (sky130_fd_sc_hd__clkbuf_2)
                                                         net24 (net)
                      0.260815    0.001120    8.076570 ^ _310_/A (sky130_fd_sc_hd__and3_1)
     1    0.001892    0.075966    0.334344    8.410914 ^ _310_/X (sky130_fd_sc_hd__and3_1)
                                                         _015_ (net)
                      0.075966    0.000136    8.411050 ^ _451_/D (sky130_fd_sc_hd__dfxtp_1)
                                              8.411050   data arrival time

                                 25.000000   25.000000   clock clk (rise edge)
                                  0.000000   25.000000   clock source latency
     1    0.018528    0.139701    0.095172   25.095171 ^ clk (in)
                                                         clk (net)
                      0.139710    0.000000   25.095171 ^ clkbuf_0_clk/A (sky130_fd_sc_hd__clkbuf_16)
     4    0.041132    0.095336    0.282324   25.377495 ^ clkbuf_0_clk/X (sky130_fd_sc_hd__clkbuf_16)
                                                         clknet_0_clk (net)
                      0.095435    0.002665   25.380159 ^ clkbuf_2_0__f_clk/A (sky130_fd_sc_hd__clkbuf_16)
    16    0.046755    0.102734    0.268361   25.648521 ^ clkbuf_2_0__f_clk/X (sky130_fd_sc_hd__clkbuf_16)
                                                         clknet_2_0__leaf_clk (net)
                      0.102871    0.002938   25.651459 ^ _451_/CLK (sky130_fd_sc_hd__dfxtp_1)
                                 -0.250000   25.401459   clock uncertainty
                                  0.000000   25.401459   clock reconvergence pessimism
                                 -0.124363   25.277096   library setup time
                                             25.277096   data required time
---------------------------------------------------------------------------------------------
                                             25.277096   data required time
                                             -8.411050   data arrival time
---------------------------------------------------------------------------------------------
                                             16.866047   slack (MET)


Startpoint: file_denied (input port clocked by clk)
Endpoint: _438_ (rising edge-triggered flip-flop clocked by clk)
Path Group: clk
Path Type: max

Fanout         Cap        Slew       Delay        Time   Description
---------------------------------------------------------------------------------------------
                                  0.000000    0.000000   clock clk (rise edge)
                                  0.000000    0.000000   clock network delay (propagated)
                                  5.000000    5.000000 v input external delay
     1    0.002907    0.018866    0.009614    5.009614 v file_denied (in)
                                                         file_denied (net)
                      0.018866    0.000000    5.009614 v input3/A (sky130_fd_sc_hd__buf_1)
     4    0.013941    0.166288    0.229866    5.239480 v input3/X (sky130_fd_sc_hd__buf_1)
                                                         net3 (net)
                      0.166291    0.000918    5.240398 v _260_/A1 (sky130_fd_sc_hd__o41ai_1)
     1    0.004104    0.524424    0.710707    5.951105 ^ _260_/Y (sky130_fd_sc_hd__o41ai_1)
                                                         _092_ (net)
                      0.524424    0.000180    5.951285 ^ _263_/A1 (sky130_fd_sc_hd__a31o_1)
     2    0.009943    0.181021    0.517603    6.468889 ^ _263_/X (sky130_fd_sc_hd__a31o_1)
                                                         _095_ (net)
                      0.181022    0.000767    6.469656 ^ _264_/B (sky130_fd_sc_hd__xor2_1)
     1    0.001898    0.157507    0.265222    6.734878 ^ _264_/X (sky130_fd_sc_hd__xor2_1)
                                                         _096_ (net)
                      0.157507    0.000130    6.735008 ^ _265_/D (sky130_fd_sc_hd__and4bb_1)
     1    0.003678    0.114392    0.442114    7.177122 ^ _265_/X (sky130_fd_sc_hd__and4bb_1)
                                                         _097_ (net)
                      0.114463    0.000259    7.177381 ^ fanout25/A (sky130_fd_sc_hd__dlymetal6s2s_1)
     7    0.025762    0.410952    0.425934    7.603314 ^ fanout25/X (sky130_fd_sc_hd__dlymetal6s2s_1)
                                                         net25 (net)
                      0.410968    0.002096    7.605411 ^ fanout24/A (sky130_fd_sc_hd__clkbuf_2)
    10    0.029903    0.260814    0.470039    8.075450 ^ fanout24/X (sky130_fd_sc_hd__clkbuf_2)
                                                         net24 (net)
                      0.260814    0.000894    8.076344 ^ _272_/A (sky130_fd_sc_hd__and3_1)
     1    0.001817    0.075043    0.333232    8.409576 ^ _272_/X (sky130_fd_sc_hd__and3_1)
                                                         _002_ (net)
                      0.075043    0.000130    8.409706 ^ _438_/D (sky130_fd_sc_hd__dfxtp_1)
                                              8.409706   data arrival time

                                 25.000000   25.000000   clock clk (rise edge)
                                  0.000000   25.000000   clock source latency
     1    0.018528    0.139701    0.095172   25.095171 ^ clk (in)
                                                         clk (net)
                      0.139710    0.000000   25.095171 ^ clkbuf_0_clk/A (sky130_fd_sc_hd__clkbuf_16)
     4    0.041132    0.095336    0.282324   25.377495 ^ clkbuf_0_clk/X (sky130_fd_sc_hd__clkbuf_16)
                                                         clknet_0_clk (net)
                      0.095435    0.002665   25.380159 ^ clkbuf_2_0__f_clk/A (sky130_fd_sc_hd__clkbuf_16)
    16    0.046755    0.102734    0.268361   25.648521 ^ clkbuf_2_0__f_clk/X (sky130_fd_sc_hd__clkbuf_16)
                                                         clknet_2_0__leaf_clk (net)
                      0.102814    0.002302   25.650822 ^ _438_/CLK (sky130_fd_sc_hd__dfxtp_1)
                                 -0.250000   25.400824   clock uncertainty
                                  0.000000   25.400824   clock reconvergence pessimism
                                 -0.124133   25.276690   library setup time
                                             25.276690   data required time
---------------------------------------------------------------------------------------------
                                             25.276690   data required time
                                             -8.409706   data arrival time
---------------------------------------------------------------------------------------------
                                             16.866985   slack (MET)


Startpoint: file_denied (input port clocked by clk)
Endpoint: _437_ (rising edge-triggered flip-flop clocked by clk)
Path Group: clk
Path Type: max

Fanout         Cap        Slew       Delay        Time   Description
---------------------------------------------------------------------------------------------
                                  0.000000    0.000000   clock clk (rise edge)
                                  0.000000    0.000000   clock network delay (propagated)
                                  5.000000    5.000000 v input external delay
     1    0.002907    0.018866    0.009614    5.009614 v file_denied (in)
                                                         file_denied (net)
                      0.018866    0.000000    5.009614 v input3/A (sky130_fd_sc_hd__buf_1)
     4    0.013941    0.166288    0.229866    5.239480 v input3/X (sky130_fd_sc_hd__buf_1)
                                                         net3 (net)
                      0.166291    0.000918    5.240398 v _260_/A1 (sky130_fd_sc_hd__o41ai_1)
     1    0.004104    0.524424    0.710707    5.951105 ^ _260_/Y (sky130_fd_sc_hd__o41ai_1)
                                                         _092_ (net)
                      0.524424    0.000180    5.951285 ^ _263_/A1 (sky130_fd_sc_hd__a31o_1)
     2    0.009943    0.181021    0.517603    6.468889 ^ _263_/X (sky130_fd_sc_hd__a31o_1)
                                                         _095_ (net)
                      0.181022    0.000767    6.469656 ^ _264_/B (sky130_fd_sc_hd__xor2_1)
     1    0.001898    0.157507    0.265222    6.734878 ^ _264_/X (sky130_fd_sc_hd__xor2_1)
                                                         _096_ (net)
                      0.157507    0.000130    6.735008 ^ _265_/D (sky130_fd_sc_hd__and4bb_1)
     1    0.003678    0.114392    0.442114    7.177122 ^ _265_/X (sky130_fd_sc_hd__and4bb_1)
                                                         _097_ (net)
                      0.114463    0.000259    7.177381 ^ fanout25/A (sky130_fd_sc_hd__dlymetal6s2s_1)
     7    0.025762    0.410952    0.425934    7.603314 ^ fanout25/X (sky130_fd_sc_hd__dlymetal6s2s_1)
                                                         net25 (net)
                      0.410968    0.002096    7.605411 ^ fanout24/A (sky130_fd_sc_hd__clkbuf_2)
    10    0.029903    0.260814    0.470039    8.075450 ^ fanout24/X (sky130_fd_sc_hd__clkbuf_2)
                                                         net24 (net)
                      0.260816    0.001296    8.076746 ^ _269_/A (sky130_fd_sc_hd__and3_1)
     1    0.001825    0.075144    0.333356    8.410101 ^ _269_/X (sky130_fd_sc_hd__and3_1)
                                                         _001_ (net)
                      0.075144    0.000130    8.410231 ^ _437_/D (sky130_fd_sc_hd__dfxtp_1)
                                              8.410231   data arrival time

                                 25.000000   25.000000   clock clk (rise edge)
                                  0.000000   25.000000   clock source latency
     1    0.018528    0.139701    0.095172   25.095171 ^ clk (in)
                                                         clk (net)
                      0.139710    0.000000   25.095171 ^ clkbuf_0_clk/A (sky130_fd_sc_hd__clkbuf_16)
     4    0.041132    0.095336    0.282324   25.377495 ^ clkbuf_0_clk/X (sky130_fd_sc_hd__clkbuf_16)
                                                         clknet_0_clk (net)
                      0.095435    0.002665   25.380159 ^ clkbuf_2_0__f_clk/A (sky130_fd_sc_hd__clkbuf_16)
    16    0.046755    0.102734    0.268361   25.648521 ^ clkbuf_2_0__f_clk/X (sky130_fd_sc_hd__clkbuf_16)
                                                         clknet_2_0__leaf_clk (net)
                      0.103193    0.004626   25.653147 ^ _437_/CLK (sky130_fd_sc_hd__dfxtp_1)
                                 -0.250000   25.403147   clock uncertainty
                                  0.000000   25.403147   clock reconvergence pessimism
                                 -0.124095   25.279053   library setup time
                                             25.279053   data required time
---------------------------------------------------------------------------------------------
                                             25.279053   data required time
                                             -8.410231   data arrival time
---------------------------------------------------------------------------------------------
                                             16.868822   slack (MET)


Startpoint: clock_glitch (input port clocked by clk)
Endpoint: _477_ (rising edge-triggered flip-flop clocked by clk)
Path Group: clk
Path Type: max

Fanout         Cap        Slew       Delay        Time   Description
---------------------------------------------------------------------------------------------
                                  0.000000    0.000000   clock clk (rise edge)
                                  0.000000    0.000000   clock network delay (propagated)
                                  5.000000    5.000000 v input external delay
     1    0.002642    0.017856    0.008779    5.008779 v clock_glitch (in)
                                                         clock_glitch (net)
                      0.017856    0.000000    5.008779 v input1/A (sky130_fd_sc_hd__clkbuf_1)
     1    0.001798    0.040620    0.127073    5.135852 v input1/X (sky130_fd_sc_hd__clkbuf_1)
                                                         net1 (net)
                      0.040620    0.000118    5.135970 v _394_/A (sky130_fd_sc_hd__or2_1)
     2    0.009266    0.153870    0.553352    5.689322 v _394_/X (sky130_fd_sc_hd__or2_1)
                                                         _186_ (net)
                      0.153871    0.000751    5.690073 v _395_/B (sky130_fd_sc_hd__or2_1)
     5    0.011972    0.178842    0.589207    6.279280 v _395_/X (sky130_fd_sc_hd__or2_1)
                                                         _187_ (net)
                      0.178843    0.000845    6.280126 v _410_/D (sky130_fd_sc_hd__or4_1)
     1    0.003122    0.180949    0.994110    7.274236 v _410_/X (sky130_fd_sc_hd__or4_1)
                                                         _201_ (net)
                      0.180949    0.000134    7.274370 v _411_/A3 (sky130_fd_sc_hd__o32a_1)
     1    0.003888    0.126817    0.582641    7.857011 v _411_/X (sky130_fd_sc_hd__o32a_1)
                                                         _202_ (net)
                      0.126817    0.000264    7.857275 v _412_/A_N (sky130_fd_sc_hd__and2b_1)
     1    0.001840    0.062422    0.379192    8.236466 ^ _412_/X (sky130_fd_sc_hd__and2b_1)
                                                         _041_ (net)
                      0.062422    0.000130    8.236596 ^ _477_/D (sky130_fd_sc_hd__dfxtp_1)
                                              8.236596   data arrival time

                                 25.000000   25.000000   clock clk (rise edge)
                                  0.000000   25.000000   clock source latency
     1    0.018528    0.139701    0.095172   25.095171 ^ clk (in)
                                                         clk (net)
                      0.139710    0.000000   25.095171 ^ clkbuf_0_clk/A (sky130_fd_sc_hd__clkbuf_16)
     4    0.041132    0.095336    0.282324   25.377495 ^ clkbuf_0_clk/X (sky130_fd_sc_hd__clkbuf_16)
                                                         clknet_0_clk (net)
                      0.095415    0.002416   25.379910 ^ clkbuf_2_3__f_clk/A (sky130_fd_sc_hd__clkbuf_16)
    14    0.047741    0.104017    0.269875   25.649786 ^ clkbuf_2_3__f_clk/X (sky130_fd_sc_hd__clkbuf_16)
                                                         clknet_2_3__leaf_clk (net)
                      0.104082    0.002245   25.652031 ^ _477_/CLK (sky130_fd_sc_hd__dfxtp_1)
                                 -0.250000   25.402031   clock uncertainty
                                  0.000000   25.402031   clock reconvergence pessimism
                                 -0.120640   25.281391   library setup time
                                             25.281391   data required time
---------------------------------------------------------------------------------------------
                                             25.281391   data required time
                                             -8.236596   data arrival time
---------------------------------------------------------------------------------------------
                                             17.044794   slack (MET)


Startpoint: clock_glitch (input port clocked by clk)
Endpoint: _478_ (rising edge-triggered flip-flop clocked by clk)
Path Group: clk
Path Type: max

Fanout         Cap        Slew       Delay        Time   Description
---------------------------------------------------------------------------------------------
                                  0.000000    0.000000   clock clk (rise edge)
                                  0.000000    0.000000   clock network delay (propagated)
                                  5.000000    5.000000 v input external delay
     1    0.002642    0.017856    0.008779    5.008779 v clock_glitch (in)
                                                         clock_glitch (net)
                      0.017856    0.000000    5.008779 v input1/A (sky130_fd_sc_hd__clkbuf_1)
     1    0.001798    0.040620    0.127073    5.135852 v input1/X (sky130_fd_sc_hd__clkbuf_1)
                                                         net1 (net)
                      0.040620    0.000118    5.135970 v _394_/A (sky130_fd_sc_hd__or2_1)
     2    0.009266    0.153870    0.553352    5.689322 v _394_/X (sky130_fd_sc_hd__or2_1)
                                                         _186_ (net)
                      0.153870    0.000599    5.689921 v _419_/D (sky130_fd_sc_hd__or4_1)
     1    0.009568    0.257913    1.106581    6.796501 v _419_/X (sky130_fd_sc_hd__or4_1)
                                                         _209_ (net)
                      0.257913    0.001073    6.797575 v _420_/C (sky130_fd_sc_hd__or3_1)
     2    0.008085    0.189275    0.861987    7.659562 v _420_/X (sky130_fd_sc_hd__or3_1)
                                                         _210_ (net)
                      0.189275    0.000288    7.659850 v _421_/C (sky130_fd_sc_hd__and3_1)
     1    0.003631    0.077917    0.426166    8.086016 v _421_/X (sky130_fd_sc_hd__and3_1)
                                                         _042_ (net)
                      0.077917    0.000262    8.086278 v _478_/D (sky130_fd_sc_hd__dfxtp_1)
                                              8.086278   data arrival time

                                 25.000000   25.000000   clock clk (rise edge)
                                  0.000000   25.000000   clock source latency
     1    0.018528    0.139701    0.095172   25.095171 ^ clk (in)
                                                         clk (net)
                      0.139710    0.000000   25.095171 ^ clkbuf_0_clk/A (sky130_fd_sc_hd__clkbuf_16)
     4    0.041132    0.095336    0.282324   25.377495 ^ clkbuf_0_clk/X (sky130_fd_sc_hd__clkbuf_16)
                                                         clknet_0_clk (net)
                      0.095415    0.002416   25.379910 ^ clkbuf_2_3__f_clk/A (sky130_fd_sc_hd__clkbuf_16)
    14    0.047741    0.104017    0.269875   25.649786 ^ clkbuf_2_3__f_clk/X (sky130_fd_sc_hd__clkbuf_16)
                                                         clknet_2_3__leaf_clk (net)
                      0.104082    0.002238   25.652023 ^ _478_/CLK (sky130_fd_sc_hd__dfxtp_1)
                                 -0.250000   25.402025   clock uncertainty
                                  0.000000   25.402025   clock reconvergence pessimism
                                 -0.263088   25.138937   library setup time
                                             25.138937   data required time
---------------------------------------------------------------------------------------------
                                             25.138937   data required time
                                             -8.086278   data arrival time
---------------------------------------------------------------------------------------------
                                             17.052660   slack (MET)


Startpoint: unlock_req (input port clocked by clk)
Endpoint: _446_ (rising edge-triggered flip-flop clocked by clk)
Path Group: clk
Path Type: max

Fanout         Cap        Slew       Delay        Time   Description
---------------------------------------------------------------------------------------------
                                  0.000000    0.000000   clock clk (rise edge)
                                  0.000000    0.000000   clock network delay (propagated)
                                  5.000000    5.000000 v input external delay
     1    0.002776    0.018361    0.009205    5.009205 v unlock_req (in)
                                                         unlock_req (net)
                      0.018364    0.000000    5.009205 v input14/A (sky130_fd_sc_hd__buf_1)
     2    0.009432    0.118940    0.193467    5.202672 v input14/X (sky130_fd_sc_hd__buf_1)
                                                         net14 (net)
                      0.118941    0.000610    5.203281 v _262_/A1 (sky130_fd_sc_hd__a2111o_1)
     1    0.002973    0.108628    0.721610    5.924891 v _262_/X (sky130_fd_sc_hd__a2111o_1)
                                                         _094_ (net)
                      0.108632    0.000218    5.925109 v _263_/A3 (sky130_fd_sc_hd__a31o_1)
     2    0.009416    0.120637    0.459210    6.384319 v _263_/X (sky130_fd_sc_hd__a31o_1)
                                                         _095_ (net)
                      0.120640    0.000725    6.385044 v _264_/B (sky130_fd_sc_hd__xor2_1)
     1    0.001810    0.088257    0.271405    6.656449 v _264_/X (sky130_fd_sc_hd__xor2_1)
                                                         _096_ (net)
                      0.088257    0.000123    6.656571 v _265_/D (sky130_fd_sc_hd__and4bb_1)
     1    0.003563    0.082592    0.419338    7.075910 v _265_/X (sky130_fd_sc_hd__and4bb_1)
                                                         _097_ (net)
                      0.082592    0.000249    7.076159 v fanout25/A (sky130_fd_sc_hd__dlymetal6s2s_1)
     7    0.025350    0.255334    0.441463    7.517622 v fanout25/X (sky130_fd_sc_hd__dlymetal6s2s_1)
                                                         net25 (net)
                      0.255340    0.001620    7.519241 v _295_/B (sky130_fd_sc_hd__and3b_1)
     1    0.002374    0.066302    0.412183    7.931425 v _295_/X (sky130_fd_sc_hd__and3b_1)
                                                         _010_ (net)
                      0.066302    0.000173    7.931598 v _446_/D (sky130_fd_sc_hd__dfxtp_1)
                                              7.931598   data arrival time

                                 25.000000   25.000000   clock clk (rise edge)
                                  0.000000   25.000000   clock source latency
     1    0.018528    0.139701    0.095172   25.095171 ^ clk (in)
                                                         clk (net)
                      0.139710    0.000000   25.095171 ^ clkbuf_0_clk/A (sky130_fd_sc_hd__clkbuf_16)
     4    0.041132    0.095336    0.282324   25.377495 ^ clkbuf_0_clk/X (sky130_fd_sc_hd__clkbuf_16)
                                                         clknet_0_clk (net)
                      0.095426    0.002558   25.380053 ^ clkbuf_2_1__f_clk/A (sky130_fd_sc_hd__clkbuf_16)
    12    0.046677    0.102573    0.268662   25.648714 ^ clkbuf_2_1__f_clk/X (sky130_fd_sc_hd__clkbuf_16)
                                                         clknet_2_1__leaf_clk (net)
                      0.102696    0.002997   25.651711 ^ _446_/CLK (sky130_fd_sc_hd__dfxtp_1)
                                 -0.250000   25.401712   clock uncertainty
                                  0.000000   25.401712   clock reconvergence pessimism
                                 -0.258636   25.143076   library setup time
                                             25.143076   data required time
---------------------------------------------------------------------------------------------
                                             25.143076   data required time
                                             -7.931598   data arrival time
---------------------------------------------------------------------------------------------
                                             17.211477   slack (MET)


Startpoint: unlock_req (input port clocked by clk)
Endpoint: _440_ (rising edge-triggered flip-flop clocked by clk)
Path Group: clk
Path Type: max

Fanout         Cap        Slew       Delay        Time   Description
---------------------------------------------------------------------------------------------
                                  0.000000    0.000000   clock clk (rise edge)
                                  0.000000    0.000000   clock network delay (propagated)
                                  5.000000    5.000000 v input external delay
     1    0.002776    0.018361    0.009205    5.009205 v unlock_req (in)
                                                         unlock_req (net)
                      0.018364    0.000000    5.009205 v input14/A (sky130_fd_sc_hd__buf_1)
     2    0.009432    0.118940    0.193467    5.202672 v input14/X (sky130_fd_sc_hd__buf_1)
                                                         net14 (net)
                      0.118941    0.000610    5.203281 v _262_/A1 (sky130_fd_sc_hd__a2111o_1)
     1    0.002973    0.108628    0.721610    5.924891 v _262_/X (sky130_fd_sc_hd__a2111o_1)
                                                         _094_ (net)
                      0.108632    0.000218    5.925109 v _263_/A3 (sky130_fd_sc_hd__a31o_1)
     2    0.009416    0.120637    0.459210    6.384319 v _263_/X (sky130_fd_sc_hd__a31o_1)
                                                         _095_ (net)
                      0.120640    0.000725    6.385044 v _264_/B (sky130_fd_sc_hd__xor2_1)
     1    0.001810    0.088257    0.271405    6.656449 v _264_/X (sky130_fd_sc_hd__xor2_1)
                                                         _096_ (net)
                      0.088257    0.000123    6.656571 v _265_/D (sky130_fd_sc_hd__and4bb_1)
     1    0.003563    0.082592    0.419338    7.075910 v _265_/X (sky130_fd_sc_hd__and4bb_1)
                                                         _097_ (net)
                      0.082592    0.000249    7.076159 v fanout25/A (sky130_fd_sc_hd__dlymetal6s2s_1)
     7    0.025350    0.255334    0.441463    7.517622 v fanout25/X (sky130_fd_sc_hd__dlymetal6s2s_1)
                                                         net25 (net)
                      0.255344    0.001919    7.519541 v _278_/A (sky130_fd_sc_hd__and3_1)
     1    0.002842    0.070761    0.379135    7.898676 v _278_/X (sky130_fd_sc_hd__and3_1)
                                                         _004_ (net)
                      0.070761    0.000206    7.898882 v _440_/D (sky130_fd_sc_hd__dfxtp_1)
                                              7.898882   data arrival time

                                 25.000000   25.000000   clock clk (rise edge)
                                  0.000000   25.000000   clock source latency
     1    0.018528    0.139701    0.095172   25.095171 ^ clk (in)
                                                         clk (net)
                      0.139710    0.000000   25.095171 ^ clkbuf_0_clk/A (sky130_fd_sc_hd__clkbuf_16)
     4    0.041132    0.095336    0.282324   25.377495 ^ clkbuf_0_clk/X (sky130_fd_sc_hd__clkbuf_16)
                                                         clknet_0_clk (net)
                      0.095435    0.002665   25.380159 ^ clkbuf_2_0__f_clk/A (sky130_fd_sc_hd__clkbuf_16)
    16    0.046755    0.102734    0.268361   25.648521 ^ clkbuf_2_0__f_clk/X (sky130_fd_sc_hd__clkbuf_16)
                                                         clknet_2_0__leaf_clk (net)
                      0.102737    0.001188   25.649710 ^ _440_/CLK (sky130_fd_sc_hd__dfxtp_1)
                                 -0.250000   25.399710   clock uncertainty
                                  0.000000   25.399710   clock reconvergence pessimism
                                 -0.260478   25.139233   library setup time
                                             25.139233   data required time
---------------------------------------------------------------------------------------------
                                             25.139233   data required time
                                             -7.898882   data arrival time
---------------------------------------------------------------------------------------------
                                             17.240351   slack (MET)


Startpoint: unlock_req (input port clocked by clk)
Endpoint: _442_ (rising edge-triggered flip-flop clocked by clk)
Path Group: clk
Path Type: max

Fanout         Cap        Slew       Delay        Time   Description
---------------------------------------------------------------------------------------------
                                  0.000000    0.000000   clock clk (rise edge)
                                  0.000000    0.000000   clock network delay (propagated)
                                  5.000000    5.000000 v input external delay
     1    0.002776    0.018361    0.009205    5.009205 v unlock_req (in)
                                                         unlock_req (net)
                      0.018364    0.000000    5.009205 v input14/A (sky130_fd_sc_hd__buf_1)
     2    0.009432    0.118940    0.193467    5.202672 v input14/X (sky130_fd_sc_hd__buf_1)
                                                         net14 (net)
                      0.118941    0.000610    5.203281 v _262_/A1 (sky130_fd_sc_hd__a2111o_1)
     1    0.002973    0.108628    0.721610    5.924891 v _262_/X (sky130_fd_sc_hd__a2111o_1)
                                                         _094_ (net)
                      0.108632    0.000218    5.925109 v _263_/A3 (sky130_fd_sc_hd__a31o_1)
     2    0.009416    0.120637    0.459210    6.384319 v _263_/X (sky130_fd_sc_hd__a31o_1)
                                                         _095_ (net)
                      0.120640    0.000725    6.385044 v _264_/B (sky130_fd_sc_hd__xor2_1)
     1    0.001810    0.088257    0.271405    6.656449 v _264_/X (sky130_fd_sc_hd__xor2_1)
                                                         _096_ (net)
                      0.088257    0.000123    6.656571 v _265_/D (sky130_fd_sc_hd__and4bb_1)
     1    0.003563    0.082592    0.419338    7.075910 v _265_/X (sky130_fd_sc_hd__and4bb_1)
                                                         _097_ (net)
                      0.082592    0.000249    7.076159 v fanout25/A (sky130_fd_sc_hd__dlymetal6s2s_1)
     7    0.025350    0.255334    0.441463    7.517622 v fanout25/X (sky130_fd_sc_hd__dlymetal6s2s_1)
                                                         net25 (net)
                      0.255334    0.000898    7.518519 v _284_/A (sky130_fd_sc_hd__and3_1)
     1    0.002698    0.069576    0.377504    7.896024 v _284_/X (sky130_fd_sc_hd__and3_1)
                                                         _006_ (net)
                      0.069576    0.000181    7.896205 v _442_/D (sky130_fd_sc_hd__dfxtp_1)
                                              7.896205   data arrival time

                                 25.000000   25.000000   clock clk (rise edge)
                                  0.000000   25.000000   clock source latency
     1    0.018528    0.139701    0.095172   25.095171 ^ clk (in)
                                                         clk (net)
                      0.139710    0.000000   25.095171 ^ clkbuf_0_clk/A (sky130_fd_sc_hd__clkbuf_16)
     4    0.041132    0.095336    0.282324   25.377495 ^ clkbuf_0_clk/X (sky130_fd_sc_hd__clkbuf_16)
                                                         clknet_0_clk (net)
                      0.095426    0.002558   25.380053 ^ clkbuf_2_1__f_clk/A (sky130_fd_sc_hd__clkbuf_16)
    12    0.046677    0.102573    0.268662   25.648714 ^ clkbuf_2_1__f_clk/X (sky130_fd_sc_hd__clkbuf_16)
                                                         clknet_2_1__leaf_clk (net)
                      0.102665    0.002613   25.651327 ^ _442_/CLK (sky130_fd_sc_hd__dfxtp_1)
                                 -0.250000   25.401327   clock uncertainty
                                  0.000000   25.401327   clock reconvergence pessimism
                                 -0.260005   25.141323   library setup time
                                             25.141323   data required time
---------------------------------------------------------------------------------------------
                                             25.141323   data required time
                                             -7.896205   data arrival time
---------------------------------------------------------------------------------------------
                                             17.245117   slack (MET)


Startpoint: unlock_req (input port clocked by clk)
Endpoint: _444_ (rising edge-triggered flip-flop clocked by clk)
Path Group: clk
Path Type: max

Fanout         Cap        Slew       Delay        Time   Description
---------------------------------------------------------------------------------------------
                                  0.000000    0.000000   clock clk (rise edge)
                                  0.000000    0.000000   clock network delay (propagated)
                                  5.000000    5.000000 v input external delay
     1    0.002776    0.018361    0.009205    5.009205 v unlock_req (in)
                                                         unlock_req (net)
                      0.018364    0.000000    5.009205 v input14/A (sky130_fd_sc_hd__buf_1)
     2    0.009432    0.118940    0.193467    5.202672 v input14/X (sky130_fd_sc_hd__buf_1)
                                                         net14 (net)
                      0.118941    0.000610    5.203281 v _262_/A1 (sky130_fd_sc_hd__a2111o_1)
     1    0.002973    0.108628    0.721610    5.924891 v _262_/X (sky130_fd_sc_hd__a2111o_1)
                                                         _094_ (net)
                      0.108632    0.000218    5.925109 v _263_/A3 (sky130_fd_sc_hd__a31o_1)
     2    0.009416    0.120637    0.459210    6.384319 v _263_/X (sky130_fd_sc_hd__a31o_1)
                                                         _095_ (net)
                      0.120640    0.000725    6.385044 v _264_/B (sky130_fd_sc_hd__xor2_1)
     1    0.001810    0.088257    0.271405    6.656449 v _264_/X (sky130_fd_sc_hd__xor2_1)
                                                         _096_ (net)
                      0.088257    0.000123    6.656571 v _265_/D (sky130_fd_sc_hd__and4bb_1)
     1    0.003563    0.082592    0.419338    7.075910 v _265_/X (sky130_fd_sc_hd__and4bb_1)
                                                         _097_ (net)
                      0.082592    0.000249    7.076159 v fanout25/A (sky130_fd_sc_hd__dlymetal6s2s_1)
     7    0.025350    0.255334    0.441463    7.517622 v fanout25/X (sky130_fd_sc_hd__dlymetal6s2s_1)
                                                         net25 (net)
                      0.255336    0.001226    7.518847 v _289_/A (sky130_fd_sc_hd__and3_1)
     1    0.001998    0.063773    0.369599    7.888446 v _289_/X (sky130_fd_sc_hd__and3_1)
                                                         _008_ (net)
                      0.063773    0.000093    7.888539 v _444_/D (sky130_fd_sc_hd__dfxtp_1)
                                              7.888539   data arrival time

                                 25.000000   25.000000   clock clk (rise edge)
                                  0.000000   25.000000   clock source latency
     1    0.018528    0.139701    0.095172   25.095171 ^ clk (in)
                                                         clk (net)
                      0.139710    0.000000   25.095171 ^ clkbuf_0_clk/A (sky130_fd_sc_hd__clkbuf_16)
     4    0.041132    0.095336    0.282324   25.377495 ^ clkbuf_0_clk/X (sky130_fd_sc_hd__clkbuf_16)
                                                         clknet_0_clk (net)
                      0.095426    0.002558   25.380053 ^ clkbuf_2_1__f_clk/A (sky130_fd_sc_hd__clkbuf_16)
    12    0.046677    0.102573    0.268662   25.648714 ^ clkbuf_2_1__f_clk/X (sky130_fd_sc_hd__clkbuf_16)
                                                         clknet_2_1__leaf_clk (net)
                      0.102696    0.002993   25.651707 ^ _444_/CLK (sky130_fd_sc_hd__dfxtp_1)
                                 -0.250000   25.401709   clock uncertainty
                                  0.000000   25.401709   clock reconvergence pessimism
                                 -0.257586   25.144123   library setup time
                                             25.144123   data required time
---------------------------------------------------------------------------------------------
                                             25.144123   data required time
                                             -7.888539   data arrival time
---------------------------------------------------------------------------------------------
                                             17.255585   slack (MET)


Startpoint: unlock_req (input port clocked by clk)
Endpoint: _445_ (rising edge-triggered flip-flop clocked by clk)
Path Group: clk
Path Type: max

Fanout         Cap        Slew       Delay        Time   Description
---------------------------------------------------------------------------------------------
                                  0.000000    0.000000   clock clk (rise edge)
                                  0.000000    0.000000   clock network delay (propagated)
                                  5.000000    5.000000 v input external delay
     1    0.002776    0.018361    0.009205    5.009205 v unlock_req (in)
                                                         unlock_req (net)
                      0.018364    0.000000    5.009205 v input14/A (sky130_fd_sc_hd__buf_1)
     2    0.009432    0.118940    0.193467    5.202672 v input14/X (sky130_fd_sc_hd__buf_1)
                                                         net14 (net)
                      0.118941    0.000610    5.203281 v _262_/A1 (sky130_fd_sc_hd__a2111o_1)
     1    0.002973    0.108628    0.721610    5.924891 v _262_/X (sky130_fd_sc_hd__a2111o_1)
                                                         _094_ (net)
                      0.108632    0.000218    5.925109 v _263_/A3 (sky130_fd_sc_hd__a31o_1)
     2    0.009416    0.120637    0.459210    6.384319 v _263_/X (sky130_fd_sc_hd__a31o_1)
                                                         _095_ (net)
                      0.120640    0.000725    6.385044 v _264_/B (sky130_fd_sc_hd__xor2_1)
     1    0.001810    0.088257    0.271405    6.656449 v _264_/X (sky130_fd_sc_hd__xor2_1)
                                                         _096_ (net)
                      0.088257    0.000123    6.656571 v _265_/D (sky130_fd_sc_hd__and4bb_1)
     1    0.003563    0.082592    0.419338    7.075910 v _265_/X (sky130_fd_sc_hd__and4bb_1)
                                                         _097_ (net)
                      0.082592    0.000249    7.076159 v fanout25/A (sky130_fd_sc_hd__dlymetal6s2s_1)
     7    0.025350    0.255334    0.441463    7.517622 v fanout25/X (sky130_fd_sc_hd__dlymetal6s2s_1)
                                                         net25 (net)
                      0.255341    0.001697    7.519319 v _292_/A (sky130_fd_sc_hd__and3_1)
     1    0.001914    0.063300    0.368655    7.887974 v _292_/X (sky130_fd_sc_hd__and3_1)
                                                         _009_ (net)
                      0.063300    0.000085    7.888059 v _445_/D (sky130_fd_sc_hd__dfxtp_1)
                                              7.888059   data arrival time

                                 25.000000   25.000000   clock clk (rise edge)
                                  0.000000   25.000000   clock source latency
     1    0.018528    0.139701    0.095172   25.095171 ^ clk (in)
                                                         clk (net)
                      0.139710    0.000000   25.095171 ^ clkbuf_0_clk/A (sky130_fd_sc_hd__clkbuf_16)
     4    0.041132    0.095336    0.282324   25.377495 ^ clkbuf_0_clk/X (sky130_fd_sc_hd__clkbuf_16)
                                                         clknet_0_clk (net)
                      0.095426    0.002558   25.380053 ^ clkbuf_2_1__f_clk/A (sky130_fd_sc_hd__clkbuf_16)
    12    0.046677    0.102573    0.268662   25.648714 ^ clkbuf_2_1__f_clk/X (sky130_fd_sc_hd__clkbuf_16)
                                                         clknet_2_1__leaf_clk (net)
                      0.102687    0.002890   25.651604 ^ _445_/CLK (sky130_fd_sc_hd__dfxtp_1)
                                 -0.250000   25.401606   clock uncertainty
                                  0.000000   25.401606   clock reconvergence pessimism
                                 -0.257391   25.144215   library setup time
                                             25.144215   data required time
---------------------------------------------------------------------------------------------
                                             25.144215   data required time
                                             -7.888059   data arrival time
---------------------------------------------------------------------------------------------
                                             17.256157   slack (MET)


Startpoint: unlock_req (input port clocked by clk)
Endpoint: _443_ (rising edge-triggered flip-flop clocked by clk)
Path Group: clk
Path Type: max

Fanout         Cap        Slew       Delay        Time   Description
---------------------------------------------------------------------------------------------
                                  0.000000    0.000000   clock clk (rise edge)
                                  0.000000    0.000000   clock network delay (propagated)
                                  5.000000    5.000000 v input external delay
     1    0.002776    0.018361    0.009205    5.009205 v unlock_req (in)
                                                         unlock_req (net)
                      0.018364    0.000000    5.009205 v input14/A (sky130_fd_sc_hd__buf_1)
     2    0.009432    0.118940    0.193467    5.202672 v input14/X (sky130_fd_sc_hd__buf_1)
                                                         net14 (net)
                      0.118941    0.000610    5.203281 v _262_/A1 (sky130_fd_sc_hd__a2111o_1)
     1    0.002973    0.108628    0.721610    5.924891 v _262_/X (sky130_fd_sc_hd__a2111o_1)
                                                         _094_ (net)
                      0.108632    0.000218    5.925109 v _263_/A3 (sky130_fd_sc_hd__a31o_1)
     2    0.009416    0.120637    0.459210    6.384319 v _263_/X (sky130_fd_sc_hd__a31o_1)
                                                         _095_ (net)
                      0.120640    0.000725    6.385044 v _264_/B (sky130_fd_sc_hd__xor2_1)
     1    0.001810    0.088257    0.271405    6.656449 v _264_/X (sky130_fd_sc_hd__xor2_1)
                                                         _096_ (net)
                      0.088257    0.000123    6.656571 v _265_/D (sky130_fd_sc_hd__and4bb_1)
     1    0.003563    0.082592    0.419338    7.075910 v _265_/X (sky130_fd_sc_hd__and4bb_1)
                                                         _097_ (net)
                      0.082592    0.000249    7.076159 v fanout25/A (sky130_fd_sc_hd__dlymetal6s2s_1)
     7    0.025350    0.255334    0.441463    7.517622 v fanout25/X (sky130_fd_sc_hd__dlymetal6s2s_1)
                                                         net25 (net)
                      0.255334    0.000802    7.518424 v _286_/A (sky130_fd_sc_hd__and2_1)
     1    0.002116    0.062704    0.356490    7.874913 v _286_/X (sky130_fd_sc_hd__and2_1)
                                                         _007_ (net)
                      0.062704    0.000143    7.875056 v _443_/D (sky130_fd_sc_hd__dfxtp_1)
                                              7.875056   data arrival time

                                 25.000000   25.000000   clock clk (rise edge)
                                  0.000000   25.000000   clock source latency
     1    0.018528    0.139701    0.095172   25.095171 ^ clk (in)
                                                         clk (net)
                      0.139710    0.000000   25.095171 ^ clkbuf_0_clk/A (sky130_fd_sc_hd__clkbuf_16)
     4    0.041132    0.095336    0.282324   25.377495 ^ clkbuf_0_clk/X (sky130_fd_sc_hd__clkbuf_16)
                                                         clknet_0_clk (net)
                      0.095426    0.002558   25.380053 ^ clkbuf_2_1__f_clk/A (sky130_fd_sc_hd__clkbuf_16)
    12    0.046677    0.102573    0.268662   25.648714 ^ clkbuf_2_1__f_clk/X (sky130_fd_sc_hd__clkbuf_16)
                                                         clknet_2_1__leaf_clk (net)
                      0.102663    0.002586   25.651300 ^ _443_/CLK (sky130_fd_sc_hd__dfxtp_1)
                                 -0.250000   25.401300   clock uncertainty
                                  0.000000   25.401300   clock reconvergence pessimism
                                 -0.257150   25.144150   library setup time
                                             25.144150   data required time
---------------------------------------------------------------------------------------------
                                             25.144150   data required time
                                             -7.875056   data arrival time
---------------------------------------------------------------------------------------------
                                             17.269094   slack (MET)


Startpoint: reset (input port clocked by clk)
Endpoint: _474_ (rising edge-triggered flip-flop clocked by clk)
Path Group: clk
Path Type: max

Fanout         Cap        Slew       Delay        Time   Description
---------------------------------------------------------------------------------------------
                                  0.000000    0.000000   clock clk (rise edge)
                                  0.000000    0.000000   clock network delay (propagated)
                                  5.000000    5.000000 v input external delay
     1    0.002821    0.018533    0.009344    5.009344 v reset (in)
                                                         reset (net)
                      0.018536    0.000000    5.009344 v input11/A (sky130_fd_sc_hd__clkbuf_2)
     5    0.026519    0.190752    0.273855    5.283199 v input11/X (sky130_fd_sc_hd__clkbuf_2)
                                                         net11 (net)
                      0.190910    0.003503    5.286702 v _329_/B1 (sky130_fd_sc_hd__a2111o_1)
     1    0.003406    0.113239    0.784129    6.070831 v _329_/X (sky130_fd_sc_hd__a2111o_1)
                                                         _137_ (net)
                      0.113239    0.000145    6.070976 v _330_/C1 (sky130_fd_sc_hd__a211o_1)
     2    0.009299    0.142854    0.511705    6.582681 v _330_/X (sky130_fd_sc_hd__a211o_1)
                                                         _138_ (net)
                      0.142855    0.000616    6.583297 v fanout27/A (sky130_fd_sc_hd__clkbuf_2)
     6    0.024869    0.179784    0.324507    6.907804 v fanout27/X (sky130_fd_sc_hd__clkbuf_2)
                                                         net27 (net)
                      0.179792    0.001460    6.909264 v _379_/B1 (sky130_fd_sc_hd__a41o_1)
     1    0.002446    0.065063    0.391302    7.300566 v _379_/X (sky130_fd_sc_hd__a41o_1)
                                                         _173_ (net)
                      0.065063    0.000157    7.300723 v _380_/B1_N (sky130_fd_sc_hd__o21ba_1)
     1    0.002060    0.064734    0.404210    7.704932 ^ _380_/X (sky130_fd_sc_hd__o21ba_1)
                                                         _038_ (net)
                      0.064734    0.000141    7.705073 ^ _474_/D (sky130_fd_sc_hd__dfxtp_1)
                                              7.705073   data arrival time

                                 25.000000   25.000000   clock clk (rise edge)
                                  0.000000   25.000000   clock source latency
     1    0.018528    0.139701    0.095172   25.095171 ^ clk (in)
                                                         clk (net)
                      0.139710    0.000000   25.095171 ^ clkbuf_0_clk/A (sky130_fd_sc_hd__clkbuf_16)
     4    0.041132    0.095336    0.282324   25.377495 ^ clkbuf_0_clk/X (sky130_fd_sc_hd__clkbuf_16)
                                                         clknet_0_clk (net)
                      0.095425    0.002553   25.380047 ^ clkbuf_2_2__f_clk/A (sky130_fd_sc_hd__clkbuf_16)
    13    0.047362    0.103631    0.269099   25.649145 ^ clkbuf_2_2__f_clk/X (sky130_fd_sc_hd__clkbuf_16)
                                                         clknet_2_2__leaf_clk (net)
                      0.103803    0.003565   25.652710 ^ _474_/CLK (sky130_fd_sc_hd__dfxtp_1)
                                 -0.250000   25.402712   clock uncertainty
                                  0.000000   25.402712   clock reconvergence pessimism
                                 -0.121288   25.281424   library setup time
                                             25.281424   data required time
---------------------------------------------------------------------------------------------
                                             25.281424   data required time
                                             -7.705073   data arrival time
---------------------------------------------------------------------------------------------
                                             17.576351   slack (MET)


Startpoint: reset (input port clocked by clk)
Endpoint: _479_ (rising edge-triggered flip-flop clocked by clk)
Path Group: clk
Path Type: max

Fanout         Cap        Slew       Delay        Time   Description
---------------------------------------------------------------------------------------------
                                  0.000000    0.000000   clock clk (rise edge)
                                  0.000000    0.000000   clock network delay (propagated)
                                  5.000000    5.000000 ^ input external delay
     1    0.003006    0.033607    0.016926    5.016926 ^ reset (in)
                                                         reset (net)
                      0.033608    0.000000    5.016926 ^ input11/A (sky130_fd_sc_hd__clkbuf_2)
     5    0.027551    0.240760    0.296953    5.313879 ^ input11/X (sky130_fd_sc_hd__clkbuf_2)
                                                         net11 (net)
                      0.240772    0.001370    5.315250 ^ fanout29/A (sky130_fd_sc_hd__buf_2)
    10    0.043836    0.342992    0.469925    5.785175 ^ fanout29/X (sky130_fd_sc_hd__buf_2)
                                                         net29 (net)
                      0.343293    0.006764    5.791940 ^ _224_/A (sky130_fd_sc_hd__inv_2)
     9    0.036553    0.185815    0.277245    6.069185 v _224_/Y (sky130_fd_sc_hd__inv_2)
                                                         _060_ (net)
                      0.185949    0.003016    6.072201 v _422_/B1 (sky130_fd_sc_hd__o31a_1)
     1    0.001862    0.077272    0.228015    6.300216 v _422_/X (sky130_fd_sc_hd__o31a_1)
                                                         _043_ (net)
                      0.077272    0.000129    6.300345 v hold3/A (sky130_fd_sc_hd__dlygate4sd3_1)
     1    0.002304    0.101752    1.118069    7.418414 v hold3/X (sky130_fd_sc_hd__dlygate4sd3_1)
                                                         net32 (net)
                      0.101752    0.000164    7.418578 v _479_/D (sky130_fd_sc_hd__dfxtp_1)
                                              7.418578   data arrival time

                                 25.000000   25.000000   clock clk (rise edge)
                                  0.000000   25.000000   clock source latency
     1    0.018528    0.139701    0.095172   25.095171 ^ clk (in)
                                                         clk (net)
                      0.139710    0.000000   25.095171 ^ clkbuf_0_clk/A (sky130_fd_sc_hd__clkbuf_16)
     4    0.041132    0.095336    0.282324   25.377495 ^ clkbuf_0_clk/X (sky130_fd_sc_hd__clkbuf_16)
                                                         clknet_0_clk (net)
                      0.095415    0.002416   25.379910 ^ clkbuf_2_3__f_clk/A (sky130_fd_sc_hd__clkbuf_16)
    14    0.047741    0.104017    0.269875   25.649786 ^ clkbuf_2_3__f_clk/X (sky130_fd_sc_hd__clkbuf_16)
                                                         clknet_2_3__leaf_clk (net)
                      0.104047    0.001647   25.651432 ^ _479_/CLK (sky130_fd_sc_hd__dfxtp_1)
                                 -0.250000   25.401432   clock uncertainty
                                  0.000000   25.401432   clock reconvergence pessimism
                                 -0.273000   25.128433   library setup time
                                             25.128433   data required time
---------------------------------------------------------------------------------------------
                                             25.128433   data required time
                                             -7.418578   data arrival time
---------------------------------------------------------------------------------------------
                                             17.709856   slack (MET)


Startpoint: reset (input port clocked by clk)
Endpoint: _476_ (rising edge-triggered flip-flop clocked by clk)
Path Group: clk
Path Type: max

Fanout         Cap        Slew       Delay        Time   Description
---------------------------------------------------------------------------------------------
                                  0.000000    0.000000   clock clk (rise edge)
                                  0.000000    0.000000   clock network delay (propagated)
                                  5.000000    5.000000 ^ input external delay
     1    0.003006    0.033607    0.016926    5.016926 ^ reset (in)
                                                         reset (net)
                      0.033608    0.000000    5.016926 ^ input11/A (sky130_fd_sc_hd__clkbuf_2)
     5    0.027551    0.240760    0.296953    5.313879 ^ input11/X (sky130_fd_sc_hd__clkbuf_2)
                                                         net11 (net)
                      0.240772    0.001370    5.315250 ^ fanout29/A (sky130_fd_sc_hd__buf_2)
    10    0.043836    0.342992    0.469925    5.785175 ^ fanout29/X (sky130_fd_sc_hd__buf_2)
                                                         net29 (net)
                      0.343293    0.006764    5.791940 ^ _224_/A (sky130_fd_sc_hd__inv_2)
     9    0.036553    0.185815    0.277245    6.069185 v _224_/Y (sky130_fd_sc_hd__inv_2)
                                                         _060_ (net)
                      0.186013    0.004127    6.073312 v _393_/A1 (sky130_fd_sc_hd__a41o_1)
     4    0.011185    0.138524    0.447593    6.520905 v _393_/X (sky130_fd_sc_hd__a41o_1)
                                                         _185_ (net)
                      0.138524    0.000346    6.521251 v _399_/A1 (sky130_fd_sc_hd__o21a_1)
     1    0.005406    0.088121    0.387971    6.909222 v _399_/X (sky130_fd_sc_hd__o21a_1)
                                                         _191_ (net)
                      0.088122    0.000406    6.909628 v _409_/A1 (sky130_fd_sc_hd__o21a_1)
     1    0.002900    0.065961    0.342055    7.251683 v _409_/X (sky130_fd_sc_hd__o21a_1)
                                                         _040_ (net)
                      0.065999    0.000187    7.251870 v _476_/D (sky130_fd_sc_hd__dfxtp_1)
                                              7.251870   data arrival time

                                 25.000000   25.000000   clock clk (rise edge)
                                  0.000000   25.000000   clock source latency
     1    0.018528    0.139701    0.095172   25.095171 ^ clk (in)
                                                         clk (net)
                      0.139710    0.000000   25.095171 ^ clkbuf_0_clk/A (sky130_fd_sc_hd__clkbuf_16)
     4    0.041132    0.095336    0.282324   25.377495 ^ clkbuf_0_clk/X (sky130_fd_sc_hd__clkbuf_16)
                                                         clknet_0_clk (net)
                      0.095415    0.002416   25.379910 ^ clkbuf_2_3__f_clk/A (sky130_fd_sc_hd__clkbuf_16)
    14    0.047741    0.104017    0.269875   25.649786 ^ clkbuf_2_3__f_clk/X (sky130_fd_sc_hd__clkbuf_16)
                                                         clknet_2_3__leaf_clk (net)
                      0.104065    0.001968   25.651754 ^ _476_/CLK (sky130_fd_sc_hd__dfxtp_1)
                                 -0.250000   25.401754   clock uncertainty
                                  0.000000   25.401754   clock reconvergence pessimism
                                 -0.258142   25.143612   library setup time
                                             25.143612   data required time
---------------------------------------------------------------------------------------------
                                             25.143612   data required time
                                             -7.251870   data arrival time
---------------------------------------------------------------------------------------------
                                             17.891743   slack (MET)


Startpoint: file_denied (input port clocked by clk)
Endpoint: _484_ (rising edge-triggered flip-flop clocked by clk)
Path Group: clk
Path Type: max

Fanout         Cap        Slew       Delay        Time   Description
---------------------------------------------------------------------------------------------
                                  0.000000    0.000000   clock clk (rise edge)
                                  0.000000    0.000000   clock network delay (propagated)
                                  5.000000    5.000000 v input external delay
     1    0.002907    0.018866    0.009614    5.009614 v file_denied (in)
                                                         file_denied (net)
                      0.018866    0.000000    5.009614 v input3/A (sky130_fd_sc_hd__buf_1)
     4    0.013941    0.166288    0.229866    5.239480 v input3/X (sky130_fd_sc_hd__buf_1)
                                                         net3 (net)
                      0.166290    0.000855    5.240335 v _259_/A (sky130_fd_sc_hd__or4_1)
     1    0.005069    0.208264    1.287279    6.527614 v _259_/X (sky130_fd_sc_hd__or4_1)
                                                         _091_ (net)
                      0.208264    0.000346    6.527960 v _427_/B1 (sky130_fd_sc_hd__o221a_1)
     1    0.004130    0.107150    0.499738    7.027698 v _427_/X (sky130_fd_sc_hd__o221a_1)
                                                         _211_ (net)
                      0.107150    0.000307    7.028005 v _428_/C (sky130_fd_sc_hd__nor3_1)
     1    0.002117    0.225743    0.212630    7.240635 ^ _428_/Y (sky130_fd_sc_hd__nor3_1)
                                                         _048_ (net)
                      0.225743    0.000090    7.240725 ^ _484_/D (sky130_fd_sc_hd__dfxtp_1)
                                              7.240725   data arrival time

                                 25.000000   25.000000   clock clk (rise edge)
                                  0.000000   25.000000   clock source latency
     1    0.018528    0.139701    0.095172   25.095171 ^ clk (in)
                                                         clk (net)
                      0.139710    0.000000   25.095171 ^ clkbuf_0_clk/A (sky130_fd_sc_hd__clkbuf_16)
     4    0.041132    0.095336    0.282324   25.377495 ^ clkbuf_0_clk/X (sky130_fd_sc_hd__clkbuf_16)
                                                         clknet_0_clk (net)
                      0.095426    0.002558   25.380053 ^ clkbuf_2_1__f_clk/A (sky130_fd_sc_hd__clkbuf_16)
    12    0.046677    0.102573    0.268662   25.648714 ^ clkbuf_2_1__f_clk/X (sky130_fd_sc_hd__clkbuf_16)
                                                         clknet_2_1__leaf_clk (net)
                      0.102634    0.002190   25.650904 ^ _484_/CLK (sky130_fd_sc_hd__dfxtp_1)
                                 -0.250000   25.400906   clock uncertainty
                                  0.000000   25.400906   clock reconvergence pessimism
                                 -0.163314   25.237591   library setup time
                                             25.237591   data required time
---------------------------------------------------------------------------------------------
                                             25.237591   data required time
                                             -7.240725   data arrival time
---------------------------------------------------------------------------------------------
                                             17.996864   slack (MET)


Startpoint: reset (input port clocked by clk)
Endpoint: _464_ (rising edge-triggered flip-flop clocked by clk)
Path Group: clk
Path Type: max

Fanout         Cap        Slew       Delay        Time   Description
---------------------------------------------------------------------------------------------
                                  0.000000    0.000000   clock clk (rise edge)
                                  0.000000    0.000000   clock network delay (propagated)
                                  5.000000    5.000000 v input external delay
     1    0.002821    0.018533    0.009344    5.009344 v reset (in)
                                                         reset (net)
                      0.018536    0.000000    5.009344 v input11/A (sky130_fd_sc_hd__clkbuf_2)
     5    0.026519    0.190752    0.273855    5.283199 v input11/X (sky130_fd_sc_hd__clkbuf_2)
                                                         net11 (net)
                      0.190910    0.003503    5.286702 v _329_/B1 (sky130_fd_sc_hd__a2111o_1)
     1    0.003406    0.113239    0.784129    6.070831 v _329_/X (sky130_fd_sc_hd__a2111o_1)
                                                         _137_ (net)
                      0.113239    0.000145    6.070976 v _330_/C1 (sky130_fd_sc_hd__a211o_1)
     2    0.009299    0.142854    0.511705    6.582681 v _330_/X (sky130_fd_sc_hd__a211o_1)
                                                         _138_ (net)
                      0.142855    0.000694    6.583375 v fanout26/A (sky130_fd_sc_hd__buf_2)
    10    0.041662    0.195326    0.400973    6.984349 v fanout26/X (sky130_fd_sc_hd__buf_2)
                                                         net26 (net)
                      0.195466    0.004769    6.989118 v _353_/B1 (sky130_fd_sc_hd__a21oi_1)
     1    0.002525    0.160870    0.226295    7.215414 ^ _353_/Y (sky130_fd_sc_hd__a21oi_1)
                                                         _028_ (net)
                      0.160870    0.000173    7.215587 ^ _464_/D (sky130_fd_sc_hd__dfxtp_1)
                                              7.215587   data arrival time

                                 25.000000   25.000000   clock clk (rise edge)
                                  0.000000   25.000000   clock source latency
     1    0.018528    0.139701    0.095172   25.095171 ^ clk (in)
                                                         clk (net)
                      0.139710    0.000000   25.095171 ^ clkbuf_0_clk/A (sky130_fd_sc_hd__clkbuf_16)
     4    0.041132    0.095336    0.282324   25.377495 ^ clkbuf_0_clk/X (sky130_fd_sc_hd__clkbuf_16)
                                                         clknet_0_clk (net)
                      0.095435    0.002665   25.380159 ^ clkbuf_2_0__f_clk/A (sky130_fd_sc_hd__clkbuf_16)
    16    0.046755    0.102734    0.268361   25.648521 ^ clkbuf_2_0__f_clk/X (sky130_fd_sc_hd__clkbuf_16)
                                                         clknet_2_0__leaf_clk (net)
                      0.102747    0.001375   25.649895 ^ _464_/CLK (sky130_fd_sc_hd__dfxtp_1)
                                 -0.250000   25.399897   clock uncertainty
                                  0.000000   25.399897   clock reconvergence pessimism
                                 -0.146441   25.253454   library setup time
                                             25.253454   data required time
---------------------------------------------------------------------------------------------
                                             25.253454   data required time
                                             -7.215587   data arrival time
---------------------------------------------------------------------------------------------
                                             18.037868   slack (MET)


Startpoint: reset (input port clocked by clk)
Endpoint: _470_ (rising edge-triggered flip-flop clocked by clk)
Path Group: clk
Path Type: max

Fanout         Cap        Slew       Delay        Time   Description
---------------------------------------------------------------------------------------------
                                  0.000000    0.000000   clock clk (rise edge)
                                  0.000000    0.000000   clock network delay (propagated)
                                  5.000000    5.000000 v input external delay
     1    0.002821    0.018533    0.009344    5.009344 v reset (in)
                                                         reset (net)
                      0.018536    0.000000    5.009344 v input11/A (sky130_fd_sc_hd__clkbuf_2)
     5    0.026519    0.190752    0.273855    5.283199 v input11/X (sky130_fd_sc_hd__clkbuf_2)
                                                         net11 (net)
                      0.190910    0.003503    5.286702 v _329_/B1 (sky130_fd_sc_hd__a2111o_1)
     1    0.003406    0.113239    0.784129    6.070831 v _329_/X (sky130_fd_sc_hd__a2111o_1)
                                                         _137_ (net)
                      0.113239    0.000145    6.070976 v _330_/C1 (sky130_fd_sc_hd__a211o_1)
     2    0.009299    0.142854    0.511705    6.582681 v _330_/X (sky130_fd_sc_hd__a211o_1)
                                                         _138_ (net)
                      0.142855    0.000694    6.583375 v fanout26/A (sky130_fd_sc_hd__buf_2)
    10    0.041662    0.195326    0.400973    6.984349 v fanout26/X (sky130_fd_sc_hd__buf_2)
                                                         net26 (net)
                      0.195386    0.003296    6.987645 v _370_/B1 (sky130_fd_sc_hd__a21oi_1)
     1    0.002500    0.160172    0.225674    7.213319 ^ _370_/Y (sky130_fd_sc_hd__a21oi_1)
                                                         _034_ (net)
                      0.160172    0.000152    7.213471 ^ _470_/D (sky130_fd_sc_hd__dfxtp_1)
                                              7.213471   data arrival time

                                 25.000000   25.000000   clock clk (rise edge)
                                  0.000000   25.000000   clock source latency
     1    0.018528    0.139701    0.095172   25.095171 ^ clk (in)
                                                         clk (net)
                      0.139710    0.000000   25.095171 ^ clkbuf_0_clk/A (sky130_fd_sc_hd__clkbuf_16)
     4    0.041132    0.095336    0.282324   25.377495 ^ clkbuf_0_clk/X (sky130_fd_sc_hd__clkbuf_16)
                                                         clknet_0_clk (net)
                      0.095425    0.002553   25.380047 ^ clkbuf_2_2__f_clk/A (sky130_fd_sc_hd__clkbuf_16)
    13    0.047362    0.103631    0.269099   25.649145 ^ clkbuf_2_2__f_clk/X (sky130_fd_sc_hd__clkbuf_16)
                                                         clknet_2_2__leaf_clk (net)
                      0.103665    0.001924   25.651070 ^ _470_/CLK (sky130_fd_sc_hd__dfxtp_1)
                                 -0.250000   25.401070   clock uncertainty
                                  0.000000   25.401070   clock reconvergence pessimism
                                 -0.146104   25.254967   library setup time
                                             25.254967   data required time
---------------------------------------------------------------------------------------------
                                             25.254967   data required time
                                             -7.213471   data arrival time
---------------------------------------------------------------------------------------------
                                             18.041496   slack (MET)


Startpoint: reset (input port clocked by clk)
Endpoint: _468_ (rising edge-triggered flip-flop clocked by clk)
Path Group: clk
Path Type: max

Fanout         Cap        Slew       Delay        Time   Description
---------------------------------------------------------------------------------------------
                                  0.000000    0.000000   clock clk (rise edge)
                                  0.000000    0.000000   clock network delay (propagated)
                                  5.000000    5.000000 v input external delay
     1    0.002821    0.018533    0.009344    5.009344 v reset (in)
                                                         reset (net)
                      0.018536    0.000000    5.009344 v input11/A (sky130_fd_sc_hd__clkbuf_2)
     5    0.026519    0.190752    0.273855    5.283199 v input11/X (sky130_fd_sc_hd__clkbuf_2)
                                                         net11 (net)
                      0.190910    0.003503    5.286702 v _329_/B1 (sky130_fd_sc_hd__a2111o_1)
     1    0.003406    0.113239    0.784129    6.070831 v _329_/X (sky130_fd_sc_hd__a2111o_1)
                                                         _137_ (net)
                      0.113239    0.000145    6.070976 v _330_/C1 (sky130_fd_sc_hd__a211o_1)
     2    0.009299    0.142854    0.511705    6.582681 v _330_/X (sky130_fd_sc_hd__a211o_1)
                                                         _138_ (net)
                      0.142855    0.000694    6.583375 v fanout26/A (sky130_fd_sc_hd__buf_2)
    10    0.041662    0.195326    0.400973    6.984349 v fanout26/X (sky130_fd_sc_hd__buf_2)
                                                         net26 (net)
                      0.195471    0.004841    6.989190 v _364_/B1 (sky130_fd_sc_hd__a21oi_1)
     1    0.002510    0.160450    0.225944    7.215133 ^ _364_/Y (sky130_fd_sc_hd__a21oi_1)
                                                         _032_ (net)
                      0.160450    0.000158    7.215291 ^ _468_/D (sky130_fd_sc_hd__dfxtp_1)
                                              7.215291   data arrival time

                                 25.000000   25.000000   clock clk (rise edge)
                                  0.000000   25.000000   clock source latency
     1    0.018528    0.139701    0.095172   25.095171 ^ clk (in)
                                                         clk (net)
                      0.139710    0.000000   25.095171 ^ clkbuf_0_clk/A (sky130_fd_sc_hd__clkbuf_16)
     4    0.041132    0.095336    0.282324   25.377495 ^ clkbuf_0_clk/X (sky130_fd_sc_hd__clkbuf_16)
                                                         clknet_0_clk (net)
                      0.095435    0.002665   25.380159 ^ clkbuf_2_0__f_clk/A (sky130_fd_sc_hd__clkbuf_16)
    16    0.046755    0.102734    0.268361   25.648521 ^ clkbuf_2_0__f_clk/X (sky130_fd_sc_hd__clkbuf_16)
                                                         clknet_2_0__leaf_clk (net)
                      0.103229    0.004903   25.653423 ^ _468_/CLK (sky130_fd_sc_hd__dfxtp_1)
                                 -0.250000   25.403423   clock uncertainty
                                  0.000000   25.403423   clock reconvergence pessimism
                                 -0.146250   25.257174   library setup time
                                             25.257174   data required time
---------------------------------------------------------------------------------------------
                                             25.257174   data required time
                                             -7.215291   data arrival time
---------------------------------------------------------------------------------------------
                                             18.041882   slack (MET)


Startpoint: reset (input port clocked by clk)
Endpoint: _465_ (rising edge-triggered flip-flop clocked by clk)
Path Group: clk
Path Type: max

Fanout         Cap        Slew       Delay        Time   Description
---------------------------------------------------------------------------------------------
                                  0.000000    0.000000   clock clk (rise edge)
                                  0.000000    0.000000   clock network delay (propagated)
                                  5.000000    5.000000 v input external delay
     1    0.002821    0.018533    0.009344    5.009344 v reset (in)
                                                         reset (net)
                      0.018536    0.000000    5.009344 v input11/A (sky130_fd_sc_hd__clkbuf_2)
     5    0.026519    0.190752    0.273855    5.283199 v input11/X (sky130_fd_sc_hd__clkbuf_2)
                                                         net11 (net)
                      0.190910    0.003503    5.286702 v _329_/B1 (sky130_fd_sc_hd__a2111o_1)
     1    0.003406    0.113239    0.784129    6.070831 v _329_/X (sky130_fd_sc_hd__a2111o_1)
                                                         _137_ (net)
                      0.113239    0.000145    6.070976 v _330_/C1 (sky130_fd_sc_hd__a211o_1)
     2    0.009299    0.142854    0.511705    6.582681 v _330_/X (sky130_fd_sc_hd__a211o_1)
                                                         _138_ (net)
                      0.142855    0.000694    6.583375 v fanout26/A (sky130_fd_sc_hd__buf_2)
    10    0.041662    0.195326    0.400973    6.984349 v fanout26/X (sky130_fd_sc_hd__buf_2)
                                                         net26 (net)
                      0.195445    0.004427    6.988776 v _356_/B1 (sky130_fd_sc_hd__a21oi_1)
     1    0.002261    0.153566    0.220028    7.208804 ^ _356_/Y (sky130_fd_sc_hd__a21oi_1)
                                                         _029_ (net)
                      0.153566    0.000093    7.208896 ^ _465_/D (sky130_fd_sc_hd__dfxtp_1)
                                              7.208896   data arrival time

                                 25.000000   25.000000   clock clk (rise edge)
                                  0.000000   25.000000   clock source latency
     1    0.018528    0.139701    0.095172   25.095171 ^ clk (in)
                                                         clk (net)
                      0.139710    0.000000   25.095171 ^ clkbuf_0_clk/A (sky130_fd_sc_hd__clkbuf_16)
     4    0.041132    0.095336    0.282324   25.377495 ^ clkbuf_0_clk/X (sky130_fd_sc_hd__clkbuf_16)
                                                         clknet_0_clk (net)
                      0.095425    0.002553   25.380047 ^ clkbuf_2_2__f_clk/A (sky130_fd_sc_hd__clkbuf_16)
    13    0.047362    0.103631    0.269099   25.649145 ^ clkbuf_2_2__f_clk/X (sky130_fd_sc_hd__clkbuf_16)
                                                         clknet_2_2__leaf_clk (net)
                      0.103670    0.001990   25.651134 ^ _465_/CLK (sky130_fd_sc_hd__dfxtp_1)
                                 -0.250000   25.401136   clock uncertainty
                                  0.000000   25.401136   clock reconvergence pessimism
                                 -0.144387   25.256748   library setup time
                                             25.256748   data required time
---------------------------------------------------------------------------------------------
                                             25.256748   data required time
                                             -7.208896   data arrival time
---------------------------------------------------------------------------------------------
                                             18.047852   slack (MET)


Startpoint: reset (input port clocked by clk)
Endpoint: _471_ (rising edge-triggered flip-flop clocked by clk)
Path Group: clk
Path Type: max

Fanout         Cap        Slew       Delay        Time   Description
---------------------------------------------------------------------------------------------
                                  0.000000    0.000000   clock clk (rise edge)
                                  0.000000    0.000000   clock network delay (propagated)
                                  5.000000    5.000000 v input external delay
     1    0.002821    0.018533    0.009344    5.009344 v reset (in)
                                                         reset (net)
                      0.018536    0.000000    5.009344 v input11/A (sky130_fd_sc_hd__clkbuf_2)
     5    0.026519    0.190752    0.273855    5.283199 v input11/X (sky130_fd_sc_hd__clkbuf_2)
                                                         net11 (net)
                      0.190910    0.003503    5.286702 v _329_/B1 (sky130_fd_sc_hd__a2111o_1)
     1    0.003406    0.113239    0.784129    6.070831 v _329_/X (sky130_fd_sc_hd__a2111o_1)
                                                         _137_ (net)
                      0.113239    0.000145    6.070976 v _330_/C1 (sky130_fd_sc_hd__a211o_1)
     2    0.009299    0.142854    0.511705    6.582681 v _330_/X (sky130_fd_sc_hd__a211o_1)
                                                         _138_ (net)
                      0.142855    0.000694    6.583375 v fanout26/A (sky130_fd_sc_hd__buf_2)
    10    0.041662    0.195326    0.400973    6.984349 v fanout26/X (sky130_fd_sc_hd__buf_2)
                                                         net26 (net)
                      0.195328    0.001123    6.985472 v _372_/B1 (sky130_fd_sc_hd__a21oi_1)
     1    0.002113    0.149462    0.216449    7.201921 ^ _372_/Y (sky130_fd_sc_hd__a21oi_1)
                                                         _035_ (net)
                      0.149462    0.000087    7.202008 ^ _471_/D (sky130_fd_sc_hd__dfxtp_1)
                                              7.202008   data arrival time

                                 25.000000   25.000000   clock clk (rise edge)
                                  0.000000   25.000000   clock source latency
     1    0.018528    0.139701    0.095172   25.095171 ^ clk (in)
                                                         clk (net)
                      0.139710    0.000000   25.095171 ^ clkbuf_0_clk/A (sky130_fd_sc_hd__clkbuf_16)
     4    0.041132    0.095336    0.282324   25.377495 ^ clkbuf_0_clk/X (sky130_fd_sc_hd__clkbuf_16)
                                                         clknet_0_clk (net)
                      0.095425    0.002553   25.380047 ^ clkbuf_2_2__f_clk/A (sky130_fd_sc_hd__clkbuf_16)
    13    0.047362    0.103631    0.269099   25.649145 ^ clkbuf_2_2__f_clk/X (sky130_fd_sc_hd__clkbuf_16)
                                                         clknet_2_2__leaf_clk (net)
                      0.103631    0.001245   25.650391 ^ _471_/CLK (sky130_fd_sc_hd__dfxtp_1)
                                 -0.250000   25.400393   clock uncertainty
                                  0.000000   25.400393   clock reconvergence pessimism
                                 -0.143328   25.257065   library setup time
                                             25.257065   data required time
---------------------------------------------------------------------------------------------
                                             25.257065   data required time
                                             -7.202008   data arrival time
---------------------------------------------------------------------------------------------
                                             18.055058   slack (MET)


Startpoint: reset (input port clocked by clk)
Endpoint: _467_ (rising edge-triggered flip-flop clocked by clk)
Path Group: clk
Path Type: max

Fanout         Cap        Slew       Delay        Time   Description
---------------------------------------------------------------------------------------------
                                  0.000000    0.000000   clock clk (rise edge)
                                  0.000000    0.000000   clock network delay (propagated)
                                  5.000000    5.000000 v input external delay
     1    0.002821    0.018533    0.009344    5.009344 v reset (in)
                                                         reset (net)
                      0.018536    0.000000    5.009344 v input11/A (sky130_fd_sc_hd__clkbuf_2)
     5    0.026519    0.190752    0.273855    5.283199 v input11/X (sky130_fd_sc_hd__clkbuf_2)
                                                         net11 (net)
                      0.190910    0.003503    5.286702 v _329_/B1 (sky130_fd_sc_hd__a2111o_1)
     1    0.003406    0.113239    0.784129    6.070831 v _329_/X (sky130_fd_sc_hd__a2111o_1)
                                                         _137_ (net)
                      0.113239    0.000145    6.070976 v _330_/C1 (sky130_fd_sc_hd__a211o_1)
     2    0.009299    0.142854    0.511705    6.582681 v _330_/X (sky130_fd_sc_hd__a211o_1)
                                                         _138_ (net)
                      0.142855    0.000694    6.583375 v fanout26/A (sky130_fd_sc_hd__buf_2)
    10    0.041662    0.195326    0.400973    6.984349 v fanout26/X (sky130_fd_sc_hd__buf_2)
                                                         net26 (net)
                      0.195480    0.004976    6.989325 v _362_/B1 (sky130_fd_sc_hd__a21oi_1)
     1    0.001925    0.144242    0.212005    7.201330 ^ _362_/Y (sky130_fd_sc_hd__a21oi_1)
                                                         _031_ (net)
                      0.144242    0.000135    7.201465 ^ _467_/D (sky130_fd_sc_hd__dfxtp_1)
                                              7.201465   data arrival time

                                 25.000000   25.000000   clock clk (rise edge)
                                  0.000000   25.000000   clock source latency
     1    0.018528    0.139701    0.095172   25.095171 ^ clk (in)
                                                         clk (net)
                      0.139710    0.000000   25.095171 ^ clkbuf_0_clk/A (sky130_fd_sc_hd__clkbuf_16)
     4    0.041132    0.095336    0.282324   25.377495 ^ clkbuf_0_clk/X (sky130_fd_sc_hd__clkbuf_16)
                                                         clknet_0_clk (net)
                      0.095425    0.002553   25.380047 ^ clkbuf_2_2__f_clk/A (sky130_fd_sc_hd__clkbuf_16)
    13    0.047362    0.103631    0.269099   25.649145 ^ clkbuf_2_2__f_clk/X (sky130_fd_sc_hd__clkbuf_16)
                                                         clknet_2_2__leaf_clk (net)
                      0.103824    0.003761   25.652906 ^ _467_/CLK (sky130_fd_sc_hd__dfxtp_1)
                                 -0.250000   25.402906   clock uncertainty
                                  0.000000   25.402906   clock reconvergence pessimism
                                 -0.141939   25.260969   library setup time
                                             25.260969   data required time
---------------------------------------------------------------------------------------------
                                             25.260969   data required time
                                             -7.201465   data arrival time
---------------------------------------------------------------------------------------------
                                             18.059505   slack (MET)


Startpoint: reset (input port clocked by clk)
Endpoint: _473_ (rising edge-triggered flip-flop clocked by clk)
Path Group: clk
Path Type: max

Fanout         Cap        Slew       Delay        Time   Description
---------------------------------------------------------------------------------------------
                                  0.000000    0.000000   clock clk (rise edge)
                                  0.000000    0.000000   clock network delay (propagated)
                                  5.000000    5.000000 v input external delay
     1    0.002821    0.018533    0.009344    5.009344 v reset (in)
                                                         reset (net)
                      0.018536    0.000000    5.009344 v input11/A (sky130_fd_sc_hd__clkbuf_2)
     5    0.026519    0.190752    0.273855    5.283199 v input11/X (sky130_fd_sc_hd__clkbuf_2)
                                                         net11 (net)
                      0.190910    0.003503    5.286702 v _329_/B1 (sky130_fd_sc_hd__a2111o_1)
     1    0.003406    0.113239    0.784129    6.070831 v _329_/X (sky130_fd_sc_hd__a2111o_1)
                                                         _137_ (net)
                      0.113239    0.000145    6.070976 v _330_/C1 (sky130_fd_sc_hd__a211o_1)
     2    0.009299    0.142854    0.511705    6.582681 v _330_/X (sky130_fd_sc_hd__a211o_1)
                                                         _138_ (net)
                      0.142855    0.000694    6.583375 v fanout26/A (sky130_fd_sc_hd__buf_2)
    10    0.041662    0.195326    0.400973    6.984349 v fanout26/X (sky130_fd_sc_hd__buf_2)
                                                         net26 (net)
                      0.195369    0.002853    6.987202 v _378_/B1 (sky130_fd_sc_hd__a21oi_1)
     1    0.001923    0.144192    0.211922    7.199124 ^ _378_/Y (sky130_fd_sc_hd__a21oi_1)
                                                         _037_ (net)
                      0.144192    0.000132    7.199255 ^ _473_/D (sky130_fd_sc_hd__dfxtp_1)
                                              7.199255   data arrival time

                                 25.000000   25.000000   clock clk (rise edge)
                                  0.000000   25.000000   clock source latency
     1    0.018528    0.139701    0.095172   25.095171 ^ clk (in)
                                                         clk (net)
                      0.139710    0.000000   25.095171 ^ clkbuf_0_clk/A (sky130_fd_sc_hd__clkbuf_16)
     4    0.041132    0.095336    0.282324   25.377495 ^ clkbuf_0_clk/X (sky130_fd_sc_hd__clkbuf_16)
                                                         clknet_0_clk (net)
                      0.095425    0.002553   25.380047 ^ clkbuf_2_2__f_clk/A (sky130_fd_sc_hd__clkbuf_16)
    13    0.047362    0.103631    0.269099   25.649145 ^ clkbuf_2_2__f_clk/X (sky130_fd_sc_hd__clkbuf_16)
                                                         clknet_2_2__leaf_clk (net)
                      0.103800    0.003526   25.652672 ^ _473_/CLK (sky130_fd_sc_hd__dfxtp_1)
                                 -0.250000   25.402672   clock uncertainty
                                  0.000000   25.402672   clock reconvergence pessimism
                                 -0.141930   25.260744   library setup time
                                             25.260744   data required time
---------------------------------------------------------------------------------------------
                                             25.260744   data required time
                                             -7.199255   data arrival time
---------------------------------------------------------------------------------------------
                                             18.061489   slack (MET)


Startpoint: reset (input port clocked by clk)
Endpoint: _463_ (rising edge-triggered flip-flop clocked by clk)
Path Group: clk
Path Type: max

Fanout         Cap        Slew       Delay        Time   Description
---------------------------------------------------------------------------------------------
                                  0.000000    0.000000   clock clk (rise edge)
                                  0.000000    0.000000   clock network delay (propagated)
                                  5.000000    5.000000 v input external delay
     1    0.002821    0.018533    0.009344    5.009344 v reset (in)
                                                         reset (net)
                      0.018536    0.000000    5.009344 v input11/A (sky130_fd_sc_hd__clkbuf_2)
     5    0.026519    0.190752    0.273855    5.283199 v input11/X (sky130_fd_sc_hd__clkbuf_2)
                                                         net11 (net)
                      0.190910    0.003503    5.286702 v _329_/B1 (sky130_fd_sc_hd__a2111o_1)
     1    0.003406    0.113239    0.784129    6.070831 v _329_/X (sky130_fd_sc_hd__a2111o_1)
                                                         _137_ (net)
                      0.113239    0.000145    6.070976 v _330_/C1 (sky130_fd_sc_hd__a211o_1)
     2    0.009299    0.142854    0.511705    6.582681 v _330_/X (sky130_fd_sc_hd__a211o_1)
                                                         _138_ (net)
                      0.142855    0.000694    6.583375 v fanout26/A (sky130_fd_sc_hd__buf_2)
    10    0.041662    0.195326    0.400973    6.984349 v fanout26/X (sky130_fd_sc_hd__buf_2)
                                                         net26 (net)
                      0.195460    0.004677    6.989026 v _351_/B1 (sky130_fd_sc_hd__a21oi_1)
     1    0.001827    0.141527    0.209663    7.198689 ^ _351_/Y (sky130_fd_sc_hd__a21oi_1)
                                                         _027_ (net)
                      0.141527    0.000127    7.198816 ^ _463_/D (sky130_fd_sc_hd__dfxtp_1)
                                              7.198816   data arrival time

                                 25.000000   25.000000   clock clk (rise edge)
                                  0.000000   25.000000   clock source latency
     1    0.018528    0.139701    0.095172   25.095171 ^ clk (in)
                                                         clk (net)
                      0.139710    0.000000   25.095171 ^ clkbuf_0_clk/A (sky130_fd_sc_hd__clkbuf_16)
     4    0.041132    0.095336    0.282324   25.377495 ^ clkbuf_0_clk/X (sky130_fd_sc_hd__clkbuf_16)
                                                         clknet_0_clk (net)
                      0.095435    0.002665   25.380159 ^ clkbuf_2_0__f_clk/A (sky130_fd_sc_hd__clkbuf_16)
    16    0.046755    0.102734    0.268361   25.648521 ^ clkbuf_2_0__f_clk/X (sky130_fd_sc_hd__clkbuf_16)
                                                         clknet_2_0__leaf_clk (net)
                      0.103231    0.004919   25.653439 ^ _463_/CLK (sky130_fd_sc_hd__dfxtp_1)
                                 -0.250000   25.403440   clock uncertainty
                                  0.000000   25.403440   clock reconvergence pessimism
                                 -0.141334   25.262106   library setup time
                                             25.262106   data required time
---------------------------------------------------------------------------------------------
                                             25.262106   data required time
                                             -7.198816   data arrival time
---------------------------------------------------------------------------------------------
                                             18.063290   slack (MET)


Startpoint: _479_ (rising edge-triggered flip-flop clocked by clk)
Endpoint: fsm_error (output port clocked by clk)
Path Group: clk
Path Type: max

Fanout         Cap        Slew       Delay        Time   Description
---------------------------------------------------------------------------------------------
                                  0.000000    0.000000   clock clk (rise edge)
                                  0.000000    0.000000   clock source latency
     1    0.018528    0.139701    0.095173    0.095173 ^ clk (in)
                                                         clk (net)
                      0.139710    0.000000    0.095173 ^ clkbuf_0_clk/A (sky130_fd_sc_hd__clkbuf_16)
     4    0.041132    0.095336    0.282324    0.377496 ^ clkbuf_0_clk/X (sky130_fd_sc_hd__clkbuf_16)
                                                         clknet_0_clk (net)
                      0.095415    0.002416    0.379912 ^ clkbuf_2_3__f_clk/A (sky130_fd_sc_hd__clkbuf_16)
    14    0.047741    0.104017    0.269874    0.649785 ^ clkbuf_2_3__f_clk/X (sky130_fd_sc_hd__clkbuf_16)
                                                         clknet_2_3__leaf_clk (net)
                      0.104047    0.001647    0.651433 ^ _479_/CLK (sky130_fd_sc_hd__dfxtp_1)
     2    0.004969    0.096890    0.664029    1.315461 ^ _479_/Q (sky130_fd_sc_hd__dfxtp_1)
                                                         net17 (net)
                      0.096890    0.000300    1.315761 ^ output17/A (sky130_fd_sc_hd__buf_2)
     1    0.034790    0.276296    0.357973    1.673735 ^ output17/X (sky130_fd_sc_hd__buf_2)
                                                         fsm_error (net)
                      0.276304    0.001820    1.675555 ^ fsm_error (out)
                                              1.675555   data arrival time

                                 25.000000   25.000000   clock clk (rise edge)
                                  0.000000   25.000000   clock network delay (propagated)
                                 -0.250000   24.750000   clock uncertainty
                                  0.000000   24.750000   clock reconvergence pessimism
                                 -5.000000   19.750000   output external delay
                                             19.750000   data required time
---------------------------------------------------------------------------------------------
                                             19.750000   data required time
                                             -1.675555   data arrival time
---------------------------------------------------------------------------------------------
                                             18.074444   slack (MET)


Startpoint: reset (input port clocked by clk)
Endpoint: _472_ (rising edge-triggered flip-flop clocked by clk)
Path Group: clk
Path Type: max

Fanout         Cap        Slew       Delay        Time   Description
---------------------------------------------------------------------------------------------
                                  0.000000    0.000000   clock clk (rise edge)
                                  0.000000    0.000000   clock network delay (propagated)
                                  5.000000    5.000000 v input external delay
     1    0.002821    0.018533    0.009344    5.009344 v reset (in)
                                                         reset (net)
                      0.018536    0.000000    5.009344 v input11/A (sky130_fd_sc_hd__clkbuf_2)
     5    0.026519    0.190752    0.273855    5.283199 v input11/X (sky130_fd_sc_hd__clkbuf_2)
                                                         net11 (net)
                      0.190910    0.003503    5.286702 v _329_/B1 (sky130_fd_sc_hd__a2111o_1)
     1    0.003406    0.113239    0.784129    6.070831 v _329_/X (sky130_fd_sc_hd__a2111o_1)
                                                         _137_ (net)
                      0.113239    0.000145    6.070976 v _330_/C1 (sky130_fd_sc_hd__a211o_1)
     2    0.009299    0.142854    0.511705    6.582681 v _330_/X (sky130_fd_sc_hd__a211o_1)
                                                         _138_ (net)
                      0.142855    0.000694    6.583375 v fanout26/A (sky130_fd_sc_hd__buf_2)
    10    0.041662    0.195326    0.400973    6.984349 v fanout26/X (sky130_fd_sc_hd__buf_2)
                                                         net26 (net)
                      0.195367    0.002812    6.987160 v _375_/A (sky130_fd_sc_hd__nor2_1)
     1    0.001982    0.112004    0.197403    7.184564 ^ _375_/Y (sky130_fd_sc_hd__nor2_1)
                                                         _036_ (net)
                      0.112004    0.000134    7.184698 ^ _472_/D (sky130_fd_sc_hd__dfxtp_1)
                                              7.184698   data arrival time

                                 25.000000   25.000000   clock clk (rise edge)
                                  0.000000   25.000000   clock source latency
     1    0.018528    0.139701    0.095172   25.095171 ^ clk (in)
                                                         clk (net)
                      0.139710    0.000000   25.095171 ^ clkbuf_0_clk/A (sky130_fd_sc_hd__clkbuf_16)
     4    0.041132    0.095336    0.282324   25.377495 ^ clkbuf_0_clk/X (sky130_fd_sc_hd__clkbuf_16)
                                                         clknet_0_clk (net)
                      0.095425    0.002553   25.380047 ^ clkbuf_2_2__f_clk/A (sky130_fd_sc_hd__clkbuf_16)
    13    0.047362    0.103631    0.269099   25.649145 ^ clkbuf_2_2__f_clk/X (sky130_fd_sc_hd__clkbuf_16)
                                                         clknet_2_2__leaf_clk (net)
                      0.103779    0.003320   25.652466 ^ _472_/CLK (sky130_fd_sc_hd__dfxtp_1)
                                 -0.250000   25.402466   clock uncertainty
                                  0.000000   25.402466   clock reconvergence pessimism
                                 -0.133572   25.268896   library setup time
                                             25.268896   data required time
---------------------------------------------------------------------------------------------
                                             25.268896   data required time
                                             -7.184698   data arrival time
---------------------------------------------------------------------------------------------
                                             18.084198   slack (MET)


Startpoint: _452_ (rising edge-triggered flip-flop clocked by clk)
Endpoint: group_error (output port clocked by clk)
Path Group: clk
Path Type: max

Fanout         Cap        Slew       Delay        Time   Description
---------------------------------------------------------------------------------------------
                                  0.000000    0.000000   clock clk (rise edge)
                                  0.000000    0.000000   clock source latency
     1    0.018528    0.139701    0.095173    0.095173 ^ clk (in)
                                                         clk (net)
                      0.139710    0.000000    0.095173 ^ clkbuf_0_clk/A (sky130_fd_sc_hd__clkbuf_16)
     4    0.041132    0.095336    0.282324    0.377496 ^ clkbuf_0_clk/X (sky130_fd_sc_hd__clkbuf_16)
                                                         clknet_0_clk (net)
                      0.095426    0.002557    0.380053 ^ clkbuf_2_1__f_clk/A (sky130_fd_sc_hd__clkbuf_16)
    12    0.046677    0.102573    0.268662    0.648715 ^ clkbuf_2_1__f_clk/X (sky130_fd_sc_hd__clkbuf_16)
                                                         clknet_2_1__leaf_clk (net)
                      0.102642    0.002298    0.651013 ^ _452_/CLK (sky130_fd_sc_hd__dfxtp_1)
     2    0.004032    0.084668    0.652990    1.304002 ^ _452_/Q (sky130_fd_sc_hd__dfxtp_1)
                                                         net18 (net)
                      0.084668    0.000230    1.304232 ^ output18/A (sky130_fd_sc_hd__buf_2)
     1    0.034156    0.271529    0.349007    1.653239 ^ output18/X (sky130_fd_sc_hd__buf_2)
                                                         group_error (net)
                      0.271535    0.001628    1.654867 ^ group_error (out)
                                              1.654867   data arrival time

                                 25.000000   25.000000   clock clk (rise edge)
                                  0.000000   25.000000   clock network delay (propagated)
                                 -0.250000   24.750000   clock uncertainty
                                  0.000000   24.750000   clock reconvergence pessimism
                                 -5.000000   19.750000   output external delay
                                             19.750000   data required time
---------------------------------------------------------------------------------------------
                                             19.750000   data required time
                                             -1.654867   data arrival time
---------------------------------------------------------------------------------------------
                                             18.095133   slack (MET)


Startpoint: reset (input port clocked by clk)
Endpoint: _461_ (rising edge-triggered flip-flop clocked by clk)
Path Group: clk
Path Type: max

Fanout         Cap        Slew       Delay        Time   Description
---------------------------------------------------------------------------------------------
                                  0.000000    0.000000   clock clk (rise edge)
                                  0.000000    0.000000   clock network delay (propagated)
                                  5.000000    5.000000 v input external delay
     1    0.002821    0.018533    0.009344    5.009344 v reset (in)
                                                         reset (net)
                      0.018536    0.000000    5.009344 v input11/A (sky130_fd_sc_hd__clkbuf_2)
     5    0.026519    0.190752    0.273855    5.283199 v input11/X (sky130_fd_sc_hd__clkbuf_2)
                                                         net11 (net)
                      0.190910    0.003503    5.286702 v _329_/B1 (sky130_fd_sc_hd__a2111o_1)
     1    0.003406    0.113239    0.784129    6.070831 v _329_/X (sky130_fd_sc_hd__a2111o_1)
                                                         _137_ (net)
                      0.113239    0.000145    6.070976 v _330_/C1 (sky130_fd_sc_hd__a211o_1)
     2    0.009299    0.142854    0.511705    6.582681 v _330_/X (sky130_fd_sc_hd__a211o_1)
                                                         _138_ (net)
                      0.142855    0.000616    6.583297 v fanout27/A (sky130_fd_sc_hd__clkbuf_2)
     6    0.024869    0.179784    0.324507    6.907804 v fanout27/X (sky130_fd_sc_hd__clkbuf_2)
                                                         net27 (net)
                      0.179818    0.002454    6.910259 v _344_/B1 (sky130_fd_sc_hd__a21oi_1)
     1    0.002239    0.152588    0.213172    7.123431 ^ _344_/Y (sky130_fd_sc_hd__a21oi_1)
                                                         _025_ (net)
                      0.152588    0.000159    7.123590 ^ _461_/D (sky130_fd_sc_hd__dfxtp_1)
                                              7.123590   data arrival time

                                 25.000000   25.000000   clock clk (rise edge)
                                  0.000000   25.000000   clock source latency
     1    0.018528    0.139701    0.095172   25.095171 ^ clk (in)
                                                         clk (net)
                      0.139710    0.000000   25.095171 ^ clkbuf_0_clk/A (sky130_fd_sc_hd__clkbuf_16)
     4    0.041132    0.095336    0.282324   25.377495 ^ clkbuf_0_clk/X (sky130_fd_sc_hd__clkbuf_16)
                                                         clknet_0_clk (net)
                      0.095425    0.002553   25.380047 ^ clkbuf_2_2__f_clk/A (sky130_fd_sc_hd__clkbuf_16)
    13    0.047362    0.103631    0.269099   25.649145 ^ clkbuf_2_2__f_clk/X (sky130_fd_sc_hd__clkbuf_16)
                                                         clknet_2_2__leaf_clk (net)
                      0.103779    0.003320   25.652466 ^ _461_/CLK (sky130_fd_sc_hd__dfxtp_1)
                                 -0.250000   25.402466   clock uncertainty
                                  0.000000   25.402466   clock reconvergence pessimism
                                 -0.144114   25.258352   library setup time
                                             25.258352   data required time
---------------------------------------------------------------------------------------------
                                             25.258352   data required time
                                             -7.123590   data arrival time
---------------------------------------------------------------------------------------------
                                             18.134764   slack (MET)


Startpoint: reset (input port clocked by clk)
Endpoint: _460_ (rising edge-triggered flip-flop clocked by clk)
Path Group: clk
Path Type: max

Fanout         Cap        Slew       Delay        Time   Description
---------------------------------------------------------------------------------------------
                                  0.000000    0.000000   clock clk (rise edge)
                                  0.000000    0.000000   clock network delay (propagated)
                                  5.000000    5.000000 v input external delay
     1    0.002821    0.018533    0.009344    5.009344 v reset (in)
                                                         reset (net)
                      0.018536    0.000000    5.009344 v input11/A (sky130_fd_sc_hd__clkbuf_2)
     5    0.026519    0.190752    0.273855    5.283199 v input11/X (sky130_fd_sc_hd__clkbuf_2)
                                                         net11 (net)
                      0.190910    0.003503    5.286702 v _329_/B1 (sky130_fd_sc_hd__a2111o_1)
     1    0.003406    0.113239    0.784129    6.070831 v _329_/X (sky130_fd_sc_hd__a2111o_1)
                                                         _137_ (net)
                      0.113239    0.000145    6.070976 v _330_/C1 (sky130_fd_sc_hd__a211o_1)
     2    0.009299    0.142854    0.511705    6.582681 v _330_/X (sky130_fd_sc_hd__a211o_1)
                                                         _138_ (net)
                      0.142855    0.000616    6.583297 v fanout27/A (sky130_fd_sc_hd__clkbuf_2)
     6    0.024869    0.179784    0.324507    6.907804 v fanout27/X (sky130_fd_sc_hd__clkbuf_2)
                                                         net27 (net)
                      0.179822    0.002566    6.910371 v _342_/B1 (sky130_fd_sc_hd__a21oi_1)
     1    0.001981    0.154205    0.207034    7.117405 ^ _342_/Y (sky130_fd_sc_hd__a21oi_1)
                                                         _024_ (net)
                      0.154205    0.000139    7.117545 ^ _460_/D (sky130_fd_sc_hd__dfxtp_1)
                                              7.117545   data arrival time

                                 25.000000   25.000000   clock clk (rise edge)
                                  0.000000   25.000000   clock source latency
     1    0.018528    0.139701    0.095172   25.095171 ^ clk (in)
                                                         clk (net)
                      0.139710    0.000000   25.095171 ^ clkbuf_0_clk/A (sky130_fd_sc_hd__clkbuf_16)
     4    0.041132    0.095336    0.282324   25.377495 ^ clkbuf_0_clk/X (sky130_fd_sc_hd__clkbuf_16)
                                                         clknet_0_clk (net)
                      0.095425    0.002553   25.380047 ^ clkbuf_2_2__f_clk/A (sky130_fd_sc_hd__clkbuf_16)
    13    0.047362    0.103631    0.269099   25.649145 ^ clkbuf_2_2__f_clk/X (sky130_fd_sc_hd__clkbuf_16)
                                                         clknet_2_2__leaf_clk (net)
                      0.103822    0.003741   25.652887 ^ _460_/CLK (sky130_fd_sc_hd__dfxtp_1)
                                 -0.250000   25.402887   clock uncertainty
                                  0.000000   25.402887   clock reconvergence pessimism
                                 -0.144527   25.258360   library setup time
                                             25.258360   data required time
---------------------------------------------------------------------------------------------
                                             25.258360   data required time
                                             -7.117545   data arrival time
---------------------------------------------------------------------------------------------
                                             18.140816   slack (MET)


Startpoint: reset (input port clocked by clk)
Endpoint: _466_ (rising edge-triggered flip-flop clocked by clk)
Path Group: clk
Path Type: max

Fanout         Cap        Slew       Delay        Time   Description
---------------------------------------------------------------------------------------------
                                  0.000000    0.000000   clock clk (rise edge)
                                  0.000000    0.000000   clock network delay (propagated)
                                  5.000000    5.000000 v input external delay
     1    0.002821    0.018533    0.009344    5.009344 v reset (in)
                                                         reset (net)
                      0.018536    0.000000    5.009344 v input11/A (sky130_fd_sc_hd__clkbuf_2)
     5    0.026519    0.190752    0.273855    5.283199 v input11/X (sky130_fd_sc_hd__clkbuf_2)
                                                         net11 (net)
                      0.190910    0.003503    5.286702 v _329_/B1 (sky130_fd_sc_hd__a2111o_1)
     1    0.003406    0.113239    0.784129    6.070831 v _329_/X (sky130_fd_sc_hd__a2111o_1)
                                                         _137_ (net)
                      0.113239    0.000145    6.070976 v _330_/C1 (sky130_fd_sc_hd__a211o_1)
     2    0.009299    0.142854    0.511705    6.582681 v _330_/X (sky130_fd_sc_hd__a211o_1)
                                                         _138_ (net)
                      0.142855    0.000616    6.583297 v fanout27/A (sky130_fd_sc_hd__clkbuf_2)
     6    0.024869    0.179784    0.324507    6.907804 v fanout27/X (sky130_fd_sc_hd__clkbuf_2)
                                                         net27 (net)
                      0.179837    0.002950    6.910754 v _358_/B1 (sky130_fd_sc_hd__a21oi_1)
     1    0.001896    0.143020    0.205006    7.115760 ^ _358_/Y (sky130_fd_sc_hd__a21oi_1)
                                                         _030_ (net)
                      0.143020    0.000132    7.115892 ^ _466_/D (sky130_fd_sc_hd__dfxtp_1)
                                              7.115892   data arrival time

                                 25.000000   25.000000   clock clk (rise edge)
                                  0.000000   25.000000   clock source latency
     1    0.018528    0.139701    0.095172   25.095171 ^ clk (in)
                                                         clk (net)
                      0.139710    0.000000   25.095171 ^ clkbuf_0_clk/A (sky130_fd_sc_hd__clkbuf_16)
     4    0.041132    0.095336    0.282324   25.377495 ^ clkbuf_0_clk/X (sky130_fd_sc_hd__clkbuf_16)
                                                         clknet_0_clk (net)
                      0.095425    0.002553   25.380047 ^ clkbuf_2_2__f_clk/A (sky130_fd_sc_hd__clkbuf_16)
    13    0.047362    0.103631    0.269099   25.649145 ^ clkbuf_2_2__f_clk/X (sky130_fd_sc_hd__clkbuf_16)
                                                         clknet_2_2__leaf_clk (net)
                      0.103785    0.003384   25.652529 ^ _466_/CLK (sky130_fd_sc_hd__dfxtp_1)
                                 -0.250000   25.402531   clock uncertainty
                                  0.000000   25.402531   clock reconvergence pessimism
                                 -0.141628   25.260904   library setup time
                                             25.260904   data required time
---------------------------------------------------------------------------------------------
                                             25.260904   data required time
                                             -7.115892   data arrival time
---------------------------------------------------------------------------------------------
                                             18.145012   slack (MET)


Startpoint: reset (input port clocked by clk)
Endpoint: _462_ (rising edge-triggered flip-flop clocked by clk)
Path Group: clk
Path Type: max

Fanout         Cap        Slew       Delay        Time   Description
---------------------------------------------------------------------------------------------
                                  0.000000    0.000000   clock clk (rise edge)
                                  0.000000    0.000000   clock network delay (propagated)
                                  5.000000    5.000000 v input external delay
     1    0.002821    0.018533    0.009344    5.009344 v reset (in)
                                                         reset (net)
                      0.018536    0.000000    5.009344 v input11/A (sky130_fd_sc_hd__clkbuf_2)
     5    0.026519    0.190752    0.273855    5.283199 v input11/X (sky130_fd_sc_hd__clkbuf_2)
                                                         net11 (net)
                      0.190910    0.003503    5.286702 v _329_/B1 (sky130_fd_sc_hd__a2111o_1)
     1    0.003406    0.113239    0.784129    6.070831 v _329_/X (sky130_fd_sc_hd__a2111o_1)
                                                         _137_ (net)
                      0.113239    0.000145    6.070976 v _330_/C1 (sky130_fd_sc_hd__a211o_1)
     2    0.009299    0.142854    0.511705    6.582681 v _330_/X (sky130_fd_sc_hd__a211o_1)
                                                         _138_ (net)
                      0.142855    0.000616    6.583297 v fanout27/A (sky130_fd_sc_hd__clkbuf_2)
     6    0.024869    0.179784    0.324507    6.907804 v fanout27/X (sky130_fd_sc_hd__clkbuf_2)
                                                         net27 (net)
                      0.179834    0.002873    6.910677 v _347_/A (sky130_fd_sc_hd__nor2_1)
     1    0.002221    0.117165    0.196393    7.107070 ^ _347_/Y (sky130_fd_sc_hd__nor2_1)
                                                         _026_ (net)
                      0.117165    0.000160    7.107230 ^ _462_/D (sky130_fd_sc_hd__dfxtp_1)
                                              7.107230   data arrival time

                                 25.000000   25.000000   clock clk (rise edge)
                                  0.000000   25.000000   clock source latency
     1    0.018528    0.139701    0.095172   25.095171 ^ clk (in)
                                                         clk (net)
                      0.139710    0.000000   25.095171 ^ clkbuf_0_clk/A (sky130_fd_sc_hd__clkbuf_16)
     4    0.041132    0.095336    0.282324   25.377495 ^ clkbuf_0_clk/X (sky130_fd_sc_hd__clkbuf_16)
                                                         clknet_0_clk (net)
                      0.095425    0.002553   25.380047 ^ clkbuf_2_2__f_clk/A (sky130_fd_sc_hd__clkbuf_16)
    13    0.047362    0.103631    0.269099   25.649145 ^ clkbuf_2_2__f_clk/X (sky130_fd_sc_hd__clkbuf_16)
                                                         clknet_2_2__leaf_clk (net)
                      0.103818    0.003704   25.652849 ^ _462_/CLK (sky130_fd_sc_hd__dfxtp_1)
                                 -0.250000   25.402851   clock uncertainty
                                  0.000000   25.402851   clock reconvergence pessimism
                                 -0.134906   25.267944   library setup time
                                             25.267944   data required time
---------------------------------------------------------------------------------------------
                                             25.267944   data required time
                                             -7.107230   data arrival time
---------------------------------------------------------------------------------------------
                                             18.160715   slack (MET)


Startpoint: reset (input port clocked by clk)
Endpoint: _475_ (rising edge-triggered flip-flop clocked by clk)
Path Group: clk
Path Type: max

Fanout         Cap        Slew       Delay        Time   Description
---------------------------------------------------------------------------------------------
                                  0.000000    0.000000   clock clk (rise edge)
                                  0.000000    0.000000   clock network delay (propagated)
                                  5.000000    5.000000 v input external delay
     1    0.002821    0.018533    0.009344    5.009344 v reset (in)
                                                         reset (net)
                      0.018536    0.000000    5.009344 v input11/A (sky130_fd_sc_hd__clkbuf_2)
     5    0.026519    0.190752    0.273855    5.283199 v input11/X (sky130_fd_sc_hd__clkbuf_2)
                                                         net11 (net)
                      0.190910    0.003503    5.286702 v _329_/B1 (sky130_fd_sc_hd__a2111o_1)
     1    0.003406    0.113239    0.784129    6.070831 v _329_/X (sky130_fd_sc_hd__a2111o_1)
                                                         _137_ (net)
                      0.113239    0.000145    6.070976 v _330_/C1 (sky130_fd_sc_hd__a211o_1)
     2    0.009299    0.142854    0.511705    6.582681 v _330_/X (sky130_fd_sc_hd__a211o_1)
                                                         _138_ (net)
                      0.142855    0.000616    6.583297 v fanout27/A (sky130_fd_sc_hd__clkbuf_2)
     6    0.024869    0.179784    0.324507    6.907804 v fanout27/X (sky130_fd_sc_hd__clkbuf_2)
                                                         net27 (net)
                      0.179784    0.000725    6.908529 v _382_/A (sky130_fd_sc_hd__nor2_1)
     1    0.001816    0.107336    0.187851    7.096380 ^ _382_/Y (sky130_fd_sc_hd__nor2_1)
                                                         _039_ (net)
                      0.107336    0.000128    7.096508 ^ _475_/D (sky130_fd_sc_hd__dfxtp_1)
                                              7.096508   data arrival time

                                 25.000000   25.000000   clock clk (rise edge)
                                  0.000000   25.000000   clock source latency
     1    0.018528    0.139701    0.095172   25.095171 ^ clk (in)
                                                         clk (net)
                      0.139710    0.000000   25.095171 ^ clkbuf_0_clk/A (sky130_fd_sc_hd__clkbuf_16)
     4    0.041132    0.095336    0.282324   25.377495 ^ clkbuf_0_clk/X (sky130_fd_sc_hd__clkbuf_16)
                                                         clknet_0_clk (net)
                      0.095425    0.002553   25.380047 ^ clkbuf_2_2__f_clk/A (sky130_fd_sc_hd__clkbuf_16)
    13    0.047362    0.103631    0.269099   25.649145 ^ clkbuf_2_2__f_clk/X (sky130_fd_sc_hd__clkbuf_16)
                                                         clknet_2_2__leaf_clk (net)
                      0.103809    0.003615   25.652761 ^ _475_/CLK (sky130_fd_sc_hd__dfxtp_1)
                                 -0.250000   25.402761   clock uncertainty
                                  0.000000   25.402761   clock reconvergence pessimism
                                 -0.132354   25.270407   library setup time
                                             25.270407   data required time
---------------------------------------------------------------------------------------------
                                             25.270407   data required time
                                             -7.096508   data arrival time
---------------------------------------------------------------------------------------------
                                             18.173899   slack (MET)


Startpoint: file_denied (input port clocked by clk)
Endpoint: _483_ (rising edge-triggered flip-flop clocked by clk)
Path Group: clk
Path Type: max

Fanout         Cap        Slew       Delay        Time   Description
---------------------------------------------------------------------------------------------
                                  0.000000    0.000000   clock clk (rise edge)
                                  0.000000    0.000000   clock network delay (propagated)
                                  5.000000    5.000000 v input external delay
     1    0.002907    0.018866    0.009614    5.009614 v file_denied (in)
                                                         file_denied (net)
                      0.018866    0.000000    5.009614 v input3/A (sky130_fd_sc_hd__buf_1)
     4    0.013941    0.166288    0.229866    5.239480 v input3/X (sky130_fd_sc_hd__buf_1)
                                                         net3 (net)
                      0.166291    0.000918    5.240398 v _260_/A1 (sky130_fd_sc_hd__o41ai_1)
     1    0.004104    0.524424    0.710707    5.951105 ^ _260_/Y (sky130_fd_sc_hd__o41ai_1)
                                                         _092_ (net)
                      0.524424    0.000180    5.951285 ^ _263_/A1 (sky130_fd_sc_hd__a31o_1)
     2    0.009943    0.181021    0.517603    6.468889 ^ _263_/X (sky130_fd_sc_hd__a31o_1)
                                                         _095_ (net)
                      0.181021    0.000639    6.469528 ^ _426_/B (sky130_fd_sc_hd__nor2_1)
     1    0.002104    0.080581    0.105612    6.575140 v _426_/Y (sky130_fd_sc_hd__nor2_1)
                                                         _047_ (net)
                      0.080581    0.000100    6.575240 v _483_/D (sky130_fd_sc_hd__dfxtp_1)
                                              6.575240   data arrival time

                                 25.000000   25.000000   clock clk (rise edge)
                                  0.000000   25.000000   clock source latency
     1    0.018528    0.139701    0.095172   25.095171 ^ clk (in)
                                                         clk (net)
                      0.139710    0.000000   25.095171 ^ clkbuf_0_clk/A (sky130_fd_sc_hd__clkbuf_16)
     4    0.041132    0.095336    0.282324   25.377495 ^ clkbuf_0_clk/X (sky130_fd_sc_hd__clkbuf_16)
                                                         clknet_0_clk (net)
                      0.095426    0.002558   25.380053 ^ clkbuf_2_1__f_clk/A (sky130_fd_sc_hd__clkbuf_16)
    12    0.046677    0.102573    0.268662   25.648714 ^ clkbuf_2_1__f_clk/X (sky130_fd_sc_hd__clkbuf_16)
                                                         clknet_2_1__leaf_clk (net)
                      0.102668    0.002650   25.651365 ^ _483_/CLK (sky130_fd_sc_hd__dfxtp_1)
                                 -0.250000   25.401365   clock uncertainty
                                  0.000000   25.401365   clock reconvergence pessimism
                                 -0.264576   25.136789   library setup time
                                             25.136789   data required time
---------------------------------------------------------------------------------------------
                                             25.136789   data required time
                                             -6.575240   data arrival time
---------------------------------------------------------------------------------------------
                                             18.561550   slack (MET)


Startpoint: reset (input port clocked by clk)
Endpoint: _457_ (rising edge-triggered flip-flop clocked by clk)
Path Group: clk
Path Type: max

Fanout         Cap        Slew       Delay        Time   Description
---------------------------------------------------------------------------------------------
                                  0.000000    0.000000   clock clk (rise edge)
                                  0.000000    0.000000   clock network delay (propagated)
                                  5.000000    5.000000 ^ input external delay
     1    0.003006    0.033607    0.016926    5.016926 ^ reset (in)
                                                         reset (net)
                      0.033608    0.000000    5.016926 ^ input11/A (sky130_fd_sc_hd__clkbuf_2)
     5    0.027551    0.240760    0.296953    5.313879 ^ input11/X (sky130_fd_sc_hd__clkbuf_2)
                                                         net11 (net)
                      0.240772    0.001370    5.315250 ^ fanout29/A (sky130_fd_sc_hd__buf_2)
    10    0.043836    0.342992    0.469925    5.785175 ^ fanout29/X (sky130_fd_sc_hd__buf_2)
                                                         net29 (net)
                      0.343293    0.006764    5.791940 ^ _224_/A (sky130_fd_sc_hd__inv_2)
     9    0.036553    0.185815    0.277245    6.069185 v _224_/Y (sky130_fd_sc_hd__inv_2)
                                                         _060_ (net)
                      0.185824    0.001547    6.070732 v _316_/B (sky130_fd_sc_hd__and2_1)
     1    0.001982    0.062001    0.361091    6.431822 v _316_/X (sky130_fd_sc_hd__and2_1)
                                                         _021_ (net)
                      0.062001    0.000137    6.431960 v _457_/D (sky130_fd_sc_hd__dfxtp_1)
                                              6.431960   data arrival time

                                 25.000000   25.000000   clock clk (rise edge)
                                  0.000000   25.000000   clock source latency
     1    0.018528    0.139701    0.095172   25.095171 ^ clk (in)
                                                         clk (net)
                      0.139710    0.000000   25.095171 ^ clkbuf_0_clk/A (sky130_fd_sc_hd__clkbuf_16)
     4    0.041132    0.095336    0.282324   25.377495 ^ clkbuf_0_clk/X (sky130_fd_sc_hd__clkbuf_16)
                                                         clknet_0_clk (net)
                      0.095415    0.002416   25.379910 ^ clkbuf_2_3__f_clk/A (sky130_fd_sc_hd__clkbuf_16)
    14    0.047741    0.104017    0.269875   25.649786 ^ clkbuf_2_3__f_clk/X (sky130_fd_sc_hd__clkbuf_16)
                                                         clknet_2_3__leaf_clk (net)
                      0.104072    0.002085   25.651871 ^ _457_/CLK (sky130_fd_sc_hd__dfxtp_1)
                                 -0.250000   25.401871   clock uncertainty
                                  0.000000   25.401871   clock reconvergence pessimism
                                 -0.256479   25.145391   library setup time
                                             25.145391   data required time
---------------------------------------------------------------------------------------------
                                             25.145391   data required time
                                             -6.431960   data arrival time
---------------------------------------------------------------------------------------------
                                             18.713432   slack (MET)


Startpoint: reset (input port clocked by clk)
Endpoint: _459_ (rising edge-triggered flip-flop clocked by clk)
Path Group: clk
Path Type: max

Fanout         Cap        Slew       Delay        Time   Description
---------------------------------------------------------------------------------------------
                                  0.000000    0.000000   clock clk (rise edge)
                                  0.000000    0.000000   clock network delay (propagated)
                                  5.000000    5.000000 v input external delay
     1    0.002821    0.018533    0.009344    5.009344 v reset (in)
                                                         reset (net)
                      0.018536    0.000000    5.009344 v input11/A (sky130_fd_sc_hd__clkbuf_2)
     5    0.026519    0.190752    0.273855    5.283199 v input11/X (sky130_fd_sc_hd__clkbuf_2)
                                                         net11 (net)
                      0.190757    0.001315    5.284515 v fanout29/A (sky130_fd_sc_hd__buf_2)
    10    0.041793    0.196052    0.423648    5.708163 v fanout29/X (sky130_fd_sc_hd__buf_2)
                                                         net29 (net)
                      0.196219    0.005201    5.713364 v _319_/B1 (sky130_fd_sc_hd__a21oi_1)
     2    0.008500    0.338765    0.366351    6.079715 ^ _319_/Y (sky130_fd_sc_hd__a21oi_1)
                                                         _129_ (net)
                      0.338765    0.000534    6.080248 ^ _324_/C1 (sky130_fd_sc_hd__o221a_1)
     1    0.002463    0.089885    0.440976    6.521224 ^ _324_/X (sky130_fd_sc_hd__o221a_1)
                                                         _023_ (net)
                      0.089885    0.000098    6.521323 ^ _459_/D (sky130_fd_sc_hd__dfxtp_1)
                                              6.521323   data arrival time

                                 25.000000   25.000000   clock clk (rise edge)
                                  0.000000   25.000000   clock source latency
     1    0.018528    0.139701    0.095172   25.095171 ^ clk (in)
                                                         clk (net)
                      0.139710    0.000000   25.095171 ^ clkbuf_0_clk/A (sky130_fd_sc_hd__clkbuf_16)
     4    0.041132    0.095336    0.282324   25.377495 ^ clkbuf_0_clk/X (sky130_fd_sc_hd__clkbuf_16)
                                                         clknet_0_clk (net)
                      0.095435    0.002665   25.380159 ^ clkbuf_2_0__f_clk/A (sky130_fd_sc_hd__clkbuf_16)
    16    0.046755    0.102734    0.268361   25.648521 ^ clkbuf_2_0__f_clk/X (sky130_fd_sc_hd__clkbuf_16)
                                                         clknet_2_0__leaf_clk (net)
                      0.102745    0.001330   25.649851 ^ _459_/CLK (sky130_fd_sc_hd__dfxtp_1)
                                 -0.250000   25.399853   clock uncertainty
                                  0.000000   25.399853   clock reconvergence pessimism
                                 -0.128000   25.271851   library setup time
                                             25.271851   data required time
---------------------------------------------------------------------------------------------
                                             25.271851   data required time
                                             -6.521323   data arrival time
---------------------------------------------------------------------------------------------
                                             18.750528   slack (MET)


Startpoint: reset (input port clocked by clk)
Endpoint: _458_ (rising edge-triggered flip-flop clocked by clk)
Path Group: clk
Path Type: max

Fanout         Cap        Slew       Delay        Time   Description
---------------------------------------------------------------------------------------------
                                  0.000000    0.000000   clock clk (rise edge)
                                  0.000000    0.000000   clock network delay (propagated)
                                  5.000000    5.000000 v input external delay
     1    0.002821    0.018533    0.009344    5.009344 v reset (in)
                                                         reset (net)
                      0.018536    0.000000    5.009344 v input11/A (sky130_fd_sc_hd__clkbuf_2)
     5    0.026519    0.190752    0.273855    5.283199 v input11/X (sky130_fd_sc_hd__clkbuf_2)
                                                         net11 (net)
                      0.190757    0.001315    5.284515 v fanout29/A (sky130_fd_sc_hd__buf_2)
    10    0.041793    0.196052    0.423648    5.708163 v fanout29/X (sky130_fd_sc_hd__buf_2)
                                                         net29 (net)
                      0.196219    0.005201    5.713364 v _319_/B1 (sky130_fd_sc_hd__a21oi_1)
     2    0.008500    0.338765    0.366351    6.079715 ^ _319_/Y (sky130_fd_sc_hd__a21oi_1)
                                                         _129_ (net)
                      0.338765    0.000570    6.080285 ^ _323_/B1 (sky130_fd_sc_hd__o211a_1)
     1    0.002075    0.069607    0.378788    6.459072 ^ _323_/X (sky130_fd_sc_hd__o211a_1)
                                                         _022_ (net)
                      0.069607    0.000143    6.459215 ^ _458_/D (sky130_fd_sc_hd__dfxtp_1)
                                              6.459215   data arrival time

                                 25.000000   25.000000   clock clk (rise edge)
                                  0.000000   25.000000   clock source latency
     1    0.018528    0.139701    0.095172   25.095171 ^ clk (in)
                                                         clk (net)
                      0.139710    0.000000   25.095171 ^ clkbuf_0_clk/A (sky130_fd_sc_hd__clkbuf_16)
     4    0.041132    0.095336    0.282324   25.377495 ^ clkbuf_0_clk/X (sky130_fd_sc_hd__clkbuf_16)
                                                         clknet_0_clk (net)
                      0.095426    0.002558   25.380053 ^ clkbuf_2_1__f_clk/A (sky130_fd_sc_hd__clkbuf_16)
    12    0.046677    0.102573    0.268662   25.648714 ^ clkbuf_2_1__f_clk/X (sky130_fd_sc_hd__clkbuf_16)
                                                         clknet_2_1__leaf_clk (net)
                      0.102618    0.001931   25.650644 ^ _458_/CLK (sky130_fd_sc_hd__dfxtp_1)
                                 -0.250000   25.400646   clock uncertainty
                                  0.000000   25.400646   clock reconvergence pessimism
                                 -0.122754   25.277893   library setup time
                                             25.277893   data required time
---------------------------------------------------------------------------------------------
                                             25.277893   data required time
                                             -6.459215   data arrival time
---------------------------------------------------------------------------------------------
                                             18.818676   slack (MET)


Startpoint: reset (input port clocked by clk)
Endpoint: _480_ (rising edge-triggered flip-flop clocked by clk)
Path Group: clk
Path Type: max

Fanout         Cap        Slew       Delay        Time   Description
---------------------------------------------------------------------------------------------
                                  0.000000    0.000000   clock clk (rise edge)
                                  0.000000    0.000000   clock network delay (propagated)
                                  5.000000    5.000000 ^ input external delay
     1    0.003006    0.033607    0.016926    5.016926 ^ reset (in)
                                                         reset (net)
                      0.033608    0.000000    5.016926 ^ input11/A (sky130_fd_sc_hd__clkbuf_2)
     5    0.027551    0.240760    0.296953    5.313879 ^ input11/X (sky130_fd_sc_hd__clkbuf_2)
                                                         net11 (net)
                      0.240772    0.001370    5.315250 ^ fanout29/A (sky130_fd_sc_hd__buf_2)
    10    0.043836    0.342992    0.469925    5.785175 ^ fanout29/X (sky130_fd_sc_hd__buf_2)
                                                         net29 (net)
                      0.343293    0.006764    5.791940 ^ _224_/A (sky130_fd_sc_hd__inv_2)
     9    0.036553    0.185815    0.277245    6.069185 v _224_/Y (sky130_fd_sc_hd__inv_2)
                                                         _060_ (net)
                      0.185967    0.003372    6.072556 v _423_/B1 (sky130_fd_sc_hd__o21a_1)
     1    0.003128    0.068137    0.246439    6.318995 v _423_/X (sky130_fd_sc_hd__o21a_1)
                                                         _044_ (net)
                      0.068137    0.000240    6.319235 v _480_/D (sky130_fd_sc_hd__dfxtp_1)
                                              6.319235   data arrival time

                                 25.000000   25.000000   clock clk (rise edge)
                                  0.000000   25.000000   clock source latency
     1    0.018528    0.139701    0.095172   25.095171 ^ clk (in)
                                                         clk (net)
                      0.139710    0.000000   25.095171 ^ clkbuf_0_clk/A (sky130_fd_sc_hd__clkbuf_16)
     4    0.041132    0.095336    0.282324   25.377495 ^ clkbuf_0_clk/X (sky130_fd_sc_hd__clkbuf_16)
                                                         clknet_0_clk (net)
                      0.095415    0.002416   25.379910 ^ clkbuf_2_3__f_clk/A (sky130_fd_sc_hd__clkbuf_16)
    14    0.047741    0.104017    0.269875   25.649786 ^ clkbuf_2_3__f_clk/X (sky130_fd_sc_hd__clkbuf_16)
                                                         clknet_2_3__leaf_clk (net)
                      0.104081    0.002224   25.652010 ^ _480_/CLK (sky130_fd_sc_hd__dfxtp_1)
                                 -0.250000   25.402010   clock uncertainty
                                  0.000000   25.402010   clock reconvergence pessimism
                                 -0.259025   25.142984   library setup time
                                             25.142984   data required time
---------------------------------------------------------------------------------------------
                                             25.142984   data required time
                                             -6.319235   data arrival time
---------------------------------------------------------------------------------------------
                                             18.823750   slack (MET)


Startpoint: reset (input port clocked by clk)
Endpoint: _481_ (rising edge-triggered flip-flop clocked by clk)
Path Group: clk
Path Type: max

Fanout         Cap        Slew       Delay        Time   Description
---------------------------------------------------------------------------------------------
                                  0.000000    0.000000   clock clk (rise edge)
                                  0.000000    0.000000   clock network delay (propagated)
                                  5.000000    5.000000 ^ input external delay
     1    0.003006    0.033607    0.016926    5.016926 ^ reset (in)
                                                         reset (net)
                      0.033608    0.000000    5.016926 ^ input11/A (sky130_fd_sc_hd__clkbuf_2)
     5    0.027551    0.240760    0.296953    5.313879 ^ input11/X (sky130_fd_sc_hd__clkbuf_2)
                                                         net11 (net)
                      0.240772    0.001370    5.315250 ^ fanout29/A (sky130_fd_sc_hd__buf_2)
    10    0.043836    0.342992    0.469925    5.785175 ^ fanout29/X (sky130_fd_sc_hd__buf_2)
                                                         net29 (net)
                      0.343293    0.006764    5.791940 ^ _224_/A (sky130_fd_sc_hd__inv_2)
     9    0.036553    0.185815    0.277245    6.069185 v _224_/Y (sky130_fd_sc_hd__inv_2)
                                                         _060_ (net)
                      0.185968    0.003388    6.072573 v _424_/B1 (sky130_fd_sc_hd__o21a_1)
     1    0.002478    0.062220    0.239449    6.312022 v _424_/X (sky130_fd_sc_hd__o21a_1)
                                                         _045_ (net)
                      0.062220    0.000167    6.312189 v _481_/D (sky130_fd_sc_hd__dfxtp_1)
                                              6.312189   data arrival time

                                 25.000000   25.000000   clock clk (rise edge)
                                  0.000000   25.000000   clock source latency
     1    0.018528    0.139701    0.095172   25.095171 ^ clk (in)
                                                         clk (net)
                      0.139710    0.000000   25.095171 ^ clkbuf_0_clk/A (sky130_fd_sc_hd__clkbuf_16)
     4    0.041132    0.095336    0.282324   25.377495 ^ clkbuf_0_clk/X (sky130_fd_sc_hd__clkbuf_16)
                                                         clknet_0_clk (net)
                      0.095415    0.002416   25.379910 ^ clkbuf_2_3__f_clk/A (sky130_fd_sc_hd__clkbuf_16)
    14    0.047741    0.104017    0.269875   25.649786 ^ clkbuf_2_3__f_clk/X (sky130_fd_sc_hd__clkbuf_16)
                                                         clknet_2_3__leaf_clk (net)
                      0.104072    0.002091   25.651876 ^ _481_/CLK (sky130_fd_sc_hd__dfxtp_1)
                                 -0.250000   25.401876   clock uncertainty
                                  0.000000   25.401876   clock reconvergence pessimism
                                 -0.256569   25.145308   library setup time
                                             25.145308   data required time
---------------------------------------------------------------------------------------------
                                             25.145308   data required time
                                             -6.312189   data arrival time
---------------------------------------------------------------------------------------------
                                             18.833118   slack (MET)


Startpoint: reset (input port clocked by clk)
Endpoint: _452_ (rising edge-triggered flip-flop clocked by clk)
Path Group: clk
Path Type: max

Fanout         Cap        Slew       Delay        Time   Description
---------------------------------------------------------------------------------------------
                                  0.000000    0.000000   clock clk (rise edge)
                                  0.000000    0.000000   clock network delay (propagated)
                                  5.000000    5.000000 ^ input external delay
     1    0.003006    0.033607    0.016926    5.016926 ^ reset (in)
                                                         reset (net)
                      0.033608    0.000000    5.016926 ^ input11/A (sky130_fd_sc_hd__clkbuf_2)
     5    0.027551    0.240760    0.296953    5.313879 ^ input11/X (sky130_fd_sc_hd__clkbuf_2)
                                                         net11 (net)
                      0.240772    0.001370    5.315250 ^ fanout29/A (sky130_fd_sc_hd__buf_2)
    10    0.043836    0.342992    0.469925    5.785175 ^ fanout29/X (sky130_fd_sc_hd__buf_2)
                                                         net29 (net)
                      0.343293    0.006764    5.791940 ^ _224_/A (sky130_fd_sc_hd__inv_2)
     9    0.036553    0.185815    0.277245    6.069185 v _224_/Y (sky130_fd_sc_hd__inv_2)
                                                         _060_ (net)
                      0.185968    0.003386    6.072571 v _311_/B1 (sky130_fd_sc_hd__o21a_1)
     1    0.002089    0.058487    0.235238    6.307809 v _311_/X (sky130_fd_sc_hd__o21a_1)
                                                         _016_ (net)
                      0.058487    0.000143    6.307951 v _452_/D (sky130_fd_sc_hd__dfxtp_1)
                                              6.307951   data arrival time

                                 25.000000   25.000000   clock clk (rise edge)
                                  0.000000   25.000000   clock source latency
     1    0.018528    0.139701    0.095172   25.095171 ^ clk (in)
                                                         clk (net)
                      0.139710    0.000000   25.095171 ^ clkbuf_0_clk/A (sky130_fd_sc_hd__clkbuf_16)
     4    0.041132    0.095336    0.282324   25.377495 ^ clkbuf_0_clk/X (sky130_fd_sc_hd__clkbuf_16)
                                                         clknet_0_clk (net)
                      0.095426    0.002558   25.380053 ^ clkbuf_2_1__f_clk/A (sky130_fd_sc_hd__clkbuf_16)
    12    0.046677    0.102573    0.268662   25.648714 ^ clkbuf_2_1__f_clk/X (sky130_fd_sc_hd__clkbuf_16)
                                                         clknet_2_1__leaf_clk (net)
                      0.102642    0.002299   25.651012 ^ _452_/CLK (sky130_fd_sc_hd__dfxtp_1)
                                 -0.250000   25.401014   clock uncertainty
                                  0.000000   25.401014   clock reconvergence pessimism
                                 -0.255404   25.145609   library setup time
                                             25.145609   data required time
---------------------------------------------------------------------------------------------
                                             25.145609   data required time
                                             -6.307951   data arrival time
---------------------------------------------------------------------------------------------
                                             18.837658   slack (MET)


Startpoint: reset (input port clocked by clk)
Endpoint: _487_ (rising edge-triggered flip-flop clocked by clk)
Path Group: clk
Path Type: max

Fanout         Cap        Slew       Delay        Time   Description
---------------------------------------------------------------------------------------------
                                  0.000000    0.000000   clock clk (rise edge)
                                  0.000000    0.000000   clock network delay (propagated)
                                  5.000000    5.000000 ^ input external delay
     1    0.003006    0.033607    0.016926    5.016926 ^ reset (in)
                                                         reset (net)
                      0.033608    0.000000    5.016926 ^ input11/A (sky130_fd_sc_hd__clkbuf_2)
     5    0.027551    0.240760    0.296953    5.313879 ^ input11/X (sky130_fd_sc_hd__clkbuf_2)
                                                         net11 (net)
                      0.240772    0.001370    5.315250 ^ fanout29/A (sky130_fd_sc_hd__buf_2)
    10    0.043836    0.342992    0.469925    5.785175 ^ fanout29/X (sky130_fd_sc_hd__buf_2)
                                                         net29 (net)
                      0.343293    0.006764    5.791940 ^ _224_/A (sky130_fd_sc_hd__inv_2)
     9    0.036553    0.185815    0.277245    6.069185 v _224_/Y (sky130_fd_sc_hd__inv_2)
                                                         _060_ (net)
                      0.185840    0.002236    6.071421 v _435_/B1 (sky130_fd_sc_hd__o21a_1)
     1    0.001950    0.057456    0.233668    6.305089 v _435_/X (sky130_fd_sc_hd__o21a_1)
                                                         _051_ (net)
                      0.057456    0.000140    6.305229 v _487_/D (sky130_fd_sc_hd__dfxtp_1)
                                              6.305229   data arrival time

                                 25.000000   25.000000   clock clk (rise edge)
                                  0.000000   25.000000   clock source latency
     1    0.018528    0.139701    0.095172   25.095171 ^ clk (in)
                                                         clk (net)
                      0.139710    0.000000   25.095171 ^ clkbuf_0_clk/A (sky130_fd_sc_hd__clkbuf_16)
     4    0.041132    0.095336    0.282324   25.377495 ^ clkbuf_0_clk/X (sky130_fd_sc_hd__clkbuf_16)
                                                         clknet_0_clk (net)
                      0.095415    0.002416   25.379910 ^ clkbuf_2_3__f_clk/A (sky130_fd_sc_hd__clkbuf_16)
    14    0.047741    0.104017    0.269875   25.649786 ^ clkbuf_2_3__f_clk/X (sky130_fd_sc_hd__clkbuf_16)
                                                         clknet_2_3__leaf_clk (net)
                      0.104071    0.002066   25.651852 ^ _487_/CLK (sky130_fd_sc_hd__dfxtp_1)
                                 -0.250000   25.401852   clock uncertainty
                                  0.000000   25.401852   clock reconvergence pessimism
                                 -0.254591   25.147261   library setup time
                                             25.147261   data required time
---------------------------------------------------------------------------------------------
                                             25.147261   data required time
                                             -6.305229   data arrival time
---------------------------------------------------------------------------------------------
                                             18.842033   slack (MET)


Startpoint: reset (input port clocked by clk)
Endpoint: _453_ (rising edge-triggered flip-flop clocked by clk)
Path Group: clk
Path Type: max

Fanout         Cap        Slew       Delay        Time   Description
---------------------------------------------------------------------------------------------
                                  0.000000    0.000000   clock clk (rise edge)
                                  0.000000    0.000000   clock network delay (propagated)
                                  5.000000    5.000000 v input external delay
     1    0.002821    0.018533    0.009344    5.009344 v reset (in)
                                                         reset (net)
                      0.018536    0.000000    5.009344 v input11/A (sky130_fd_sc_hd__clkbuf_2)
     5    0.026519    0.190752    0.273855    5.283199 v input11/X (sky130_fd_sc_hd__clkbuf_2)
                                                         net11 (net)
                      0.190757    0.001315    5.284515 v fanout29/A (sky130_fd_sc_hd__buf_2)
    10    0.041793    0.196052    0.423648    5.708163 v fanout29/X (sky130_fd_sc_hd__buf_2)
                                                         net29 (net)
                      0.196306    0.006270    5.714433 v _312_/B (sky130_fd_sc_hd__or2_1)
     1    0.003105    0.099436    0.510549    6.224982 v _312_/X (sky130_fd_sc_hd__or2_1)
                                                         _017_ (net)
                      0.099436    0.000205    6.225187 v _453_/D (sky130_fd_sc_hd__dfxtp_1)
                                              6.225187   data arrival time

                                 25.000000   25.000000   clock clk (rise edge)
                                  0.000000   25.000000   clock source latency
     1    0.018528    0.139701    0.095172   25.095171 ^ clk (in)
                                                         clk (net)
                      0.139710    0.000000   25.095171 ^ clkbuf_0_clk/A (sky130_fd_sc_hd__clkbuf_16)
     4    0.041132    0.095336    0.282324   25.377495 ^ clkbuf_0_clk/X (sky130_fd_sc_hd__clkbuf_16)
                                                         clknet_0_clk (net)
                      0.095415    0.002416   25.379910 ^ clkbuf_2_3__f_clk/A (sky130_fd_sc_hd__clkbuf_16)
    14    0.047741    0.104017    0.269875   25.649786 ^ clkbuf_2_3__f_clk/X (sky130_fd_sc_hd__clkbuf_16)
                                                         clknet_2_3__leaf_clk (net)
                      0.104078    0.002180   25.651964 ^ _453_/CLK (sky130_fd_sc_hd__dfxtp_1)
                                 -0.250000   25.401966   clock uncertainty
                                  0.000000   25.401966   clock reconvergence pessimism
                                 -0.272029   25.129936   library setup time
                                             25.129936   data required time
---------------------------------------------------------------------------------------------
                                             25.129936   data required time
                                             -6.225187   data arrival time
---------------------------------------------------------------------------------------------
                                             18.904749   slack (MET)


Startpoint: reset (input port clocked by clk)
Endpoint: _482_ (rising edge-triggered flip-flop clocked by clk)
Path Group: clk
Path Type: max

Fanout         Cap        Slew       Delay        Time   Description
---------------------------------------------------------------------------------------------
                                  0.000000    0.000000   clock clk (rise edge)
                                  0.000000    0.000000   clock network delay (propagated)
                                  5.000000    5.000000 v input external delay
     1    0.002821    0.018533    0.009344    5.009344 v reset (in)
                                                         reset (net)
                      0.018536    0.000000    5.009344 v input11/A (sky130_fd_sc_hd__clkbuf_2)
     5    0.026519    0.190752    0.273855    5.283199 v input11/X (sky130_fd_sc_hd__clkbuf_2)
                                                         net11 (net)
                      0.190757    0.001315    5.284515 v fanout29/A (sky130_fd_sc_hd__buf_2)
    10    0.041793    0.196052    0.423648    5.708163 v fanout29/X (sky130_fd_sc_hd__buf_2)
                                                         net29 (net)
                      0.196173    0.004501    5.712664 v _425_/B1 (sky130_fd_sc_hd__a31o_1)
     1    0.002002    0.059051    0.370183    6.082847 v _425_/X (sky130_fd_sc_hd__a31o_1)
                                                         _046_ (net)
                      0.059051    0.000142    6.082989 v _482_/D (sky130_fd_sc_hd__dfxtp_1)
                                              6.082989   data arrival time

                                 25.000000   25.000000   clock clk (rise edge)
                                  0.000000   25.000000   clock source latency
     1    0.018528    0.139701    0.095172   25.095171 ^ clk (in)
                                                         clk (net)
                      0.139710    0.000000   25.095171 ^ clkbuf_0_clk/A (sky130_fd_sc_hd__clkbuf_16)
     4    0.041132    0.095336    0.282324   25.377495 ^ clkbuf_0_clk/X (sky130_fd_sc_hd__clkbuf_16)
                                                         clknet_0_clk (net)
                      0.095426    0.002558   25.380053 ^ clkbuf_2_1__f_clk/A (sky130_fd_sc_hd__clkbuf_16)
    12    0.046677    0.102573    0.268662   25.648714 ^ clkbuf_2_1__f_clk/X (sky130_fd_sc_hd__clkbuf_16)
                                                         clknet_2_1__leaf_clk (net)
                      0.102618    0.001943   25.650658 ^ _482_/CLK (sky130_fd_sc_hd__dfxtp_1)
                                 -0.250000   25.400658   clock uncertainty
                                  0.000000   25.400658   clock reconvergence pessimism
                                 -0.255645   25.145014   library setup time
                                             25.145014   data required time
---------------------------------------------------------------------------------------------
                                             25.145014   data required time
                                             -6.082989   data arrival time
---------------------------------------------------------------------------------------------
                                             19.062025   slack (MET)


Startpoint: reset (input port clocked by clk)
Endpoint: _485_ (rising edge-triggered flip-flop clocked by clk)
Path Group: clk
Path Type: max

Fanout         Cap        Slew       Delay        Time   Description
---------------------------------------------------------------------------------------------
                                  0.000000    0.000000   clock clk (rise edge)
                                  0.000000    0.000000   clock network delay (propagated)
                                  5.000000    5.000000 ^ input external delay
     1    0.003006    0.033607    0.016926    5.016926 ^ reset (in)
                                                         reset (net)
                      0.033608    0.000000    5.016926 ^ input11/A (sky130_fd_sc_hd__clkbuf_2)
     5    0.027551    0.240760    0.296953    5.313879 ^ input11/X (sky130_fd_sc_hd__clkbuf_2)
                                                         net11 (net)
                      0.240772    0.001370    5.315250 ^ fanout29/A (sky130_fd_sc_hd__buf_2)
    10    0.043836    0.342992    0.469925    5.785175 ^ fanout29/X (sky130_fd_sc_hd__buf_2)
                                                         net29 (net)
                      0.343006    0.002612    5.787787 ^ _429_/A (sky130_fd_sc_hd__nor2_1)
     1    0.002066    0.080333    0.169622    5.957409 v _429_/Y (sky130_fd_sc_hd__nor2_1)
                                                         _049_ (net)
                      0.080333    0.000142    5.957551 v _485_/D (sky130_fd_sc_hd__dfxtp_1)
                                              5.957551   data arrival time

                                 25.000000   25.000000   clock clk (rise edge)
                                  0.000000   25.000000   clock source latency
     1    0.018528    0.139701    0.095172   25.095171 ^ clk (in)
                                                         clk (net)
                      0.139710    0.000000   25.095171 ^ clkbuf_0_clk/A (sky130_fd_sc_hd__clkbuf_16)
     4    0.041132    0.095336    0.282324   25.377495 ^ clkbuf_0_clk/X (sky130_fd_sc_hd__clkbuf_16)
                                                         clknet_0_clk (net)
                      0.095426    0.002558   25.380053 ^ clkbuf_2_1__f_clk/A (sky130_fd_sc_hd__clkbuf_16)
    12    0.046677    0.102573    0.268662   25.648714 ^ clkbuf_2_1__f_clk/X (sky130_fd_sc_hd__clkbuf_16)
                                                         clknet_2_1__leaf_clk (net)
                      0.102650    0.002416   25.651131 ^ _485_/CLK (sky130_fd_sc_hd__dfxtp_1)
                                 -0.250000   25.401131   clock uncertainty
                                  0.000000   25.401131   clock reconvergence pessimism
                                 -0.264477   25.136652   library setup time
                                             25.136652   data required time
---------------------------------------------------------------------------------------------
                                             25.136652   data required time
                                             -5.957551   data arrival time
---------------------------------------------------------------------------------------------
                                             19.179102   slack (MET)


Startpoint: reset (input port clocked by clk)
Endpoint: _454_ (rising edge-triggered flip-flop clocked by clk)
Path Group: clk
Path Type: max

Fanout         Cap        Slew       Delay        Time   Description
---------------------------------------------------------------------------------------------
                                  0.000000    0.000000   clock clk (rise edge)
                                  0.000000    0.000000   clock network delay (propagated)
                                  5.000000    5.000000 ^ input external delay
     1    0.003006    0.033607    0.016926    5.016926 ^ reset (in)
                                                         reset (net)
                      0.033608    0.000000    5.016926 ^ input11/A (sky130_fd_sc_hd__clkbuf_2)
     5    0.027551    0.240760    0.296953    5.313879 ^ input11/X (sky130_fd_sc_hd__clkbuf_2)
                                                         net11 (net)
                      0.240772    0.001370    5.315250 ^ fanout29/A (sky130_fd_sc_hd__buf_2)
    10    0.043836    0.342992    0.469925    5.785175 ^ fanout29/X (sky130_fd_sc_hd__buf_2)
                                                         net29 (net)
                      0.343294    0.006771    5.791946 ^ _313_/B (sky130_fd_sc_hd__nor2_1)
     1    0.002061    0.076360    0.146955    5.938901 v _313_/Y (sky130_fd_sc_hd__nor2_1)
                                                         _018_ (net)
                      0.076360    0.000144    5.939046 v _454_/D (sky130_fd_sc_hd__dfxtp_1)
                                              5.939046   data arrival time

                                 25.000000   25.000000   clock clk (rise edge)
                                  0.000000   25.000000   clock source latency
     1    0.018528    0.139701    0.095172   25.095171 ^ clk (in)
                                                         clk (net)
                      0.139710    0.000000   25.095171 ^ clkbuf_0_clk/A (sky130_fd_sc_hd__clkbuf_16)
     4    0.041132    0.095336    0.282324   25.377495 ^ clkbuf_0_clk/X (sky130_fd_sc_hd__clkbuf_16)
                                                         clknet_0_clk (net)
                      0.095415    0.002416   25.379910 ^ clkbuf_2_3__f_clk/A (sky130_fd_sc_hd__clkbuf_16)
    14    0.047741    0.104017    0.269875   25.649786 ^ clkbuf_2_3__f_clk/X (sky130_fd_sc_hd__clkbuf_16)
                                                         clknet_2_3__leaf_clk (net)
                      0.104081    0.002233   25.652018 ^ _454_/CLK (sky130_fd_sc_hd__dfxtp_1)
                                 -0.250000   25.402020   clock uncertainty
                                  0.000000   25.402020   clock reconvergence pessimism
                                 -0.262442   25.139578   library setup time
                                             25.139578   data required time
---------------------------------------------------------------------------------------------
                                             25.139578   data required time
                                             -5.939046   data arrival time
---------------------------------------------------------------------------------------------
                                             19.200531   slack (MET)


Startpoint: reset (input port clocked by clk)
Endpoint: _455_ (rising edge-triggered flip-flop clocked by clk)
Path Group: clk
Path Type: max

Fanout         Cap        Slew       Delay        Time   Description
---------------------------------------------------------------------------------------------
                                  0.000000    0.000000   clock clk (rise edge)
                                  0.000000    0.000000   clock network delay (propagated)
                                  5.000000    5.000000 ^ input external delay
     1    0.003006    0.033607    0.016926    5.016926 ^ reset (in)
                                                         reset (net)
                      0.033608    0.000000    5.016926 ^ input11/A (sky130_fd_sc_hd__clkbuf_2)
     5    0.027551    0.240760    0.296953    5.313879 ^ input11/X (sky130_fd_sc_hd__clkbuf_2)
                                                         net11 (net)
                      0.240863    0.004097    5.317976 ^ _314_/B (sky130_fd_sc_hd__nor2_1)
     1    0.002789    0.065649    0.132919    5.450896 v _314_/Y (sky130_fd_sc_hd__nor2_1)
                                                         _019_ (net)
                      0.065649    0.000113    5.451009 v _455_/D (sky130_fd_sc_hd__dfxtp_1)
                                              5.451009   data arrival time

                                 25.000000   25.000000   clock clk (rise edge)
                                  0.000000   25.000000   clock source latency
     1    0.018528    0.139701    0.095172   25.095171 ^ clk (in)
                                                         clk (net)
                      0.139710    0.000000   25.095171 ^ clkbuf_0_clk/A (sky130_fd_sc_hd__clkbuf_16)
     4    0.041132    0.095336    0.282324   25.377495 ^ clkbuf_0_clk/X (sky130_fd_sc_hd__clkbuf_16)
                                                         clknet_0_clk (net)
                      0.095415    0.002416   25.379910 ^ clkbuf_2_3__f_clk/A (sky130_fd_sc_hd__clkbuf_16)
    14    0.047741    0.104017    0.269875   25.649786 ^ clkbuf_2_3__f_clk/X (sky130_fd_sc_hd__clkbuf_16)
                                                         clknet_2_3__leaf_clk (net)
                      0.104089    0.002348   25.652134 ^ _455_/CLK (sky130_fd_sc_hd__dfxtp_1)
                                 -0.250000   25.402134   clock uncertainty
                                  0.000000   25.402134   clock reconvergence pessimism
                                 -0.257990   25.144146   library setup time
                                             25.144146   data required time
---------------------------------------------------------------------------------------------
                                             25.144146   data required time
                                             -5.451009   data arrival time
---------------------------------------------------------------------------------------------
                                             19.693136   slack (MET)


Startpoint: reset (input port clocked by clk)
Endpoint: _456_ (rising edge-triggered flip-flop clocked by clk)
Path Group: clk
Path Type: max

Fanout         Cap        Slew       Delay        Time   Description
---------------------------------------------------------------------------------------------
                                  0.000000    0.000000   clock clk (rise edge)
                                  0.000000    0.000000   clock network delay (propagated)
                                  5.000000    5.000000 ^ input external delay
     1    0.003006    0.033607    0.016926    5.016926 ^ reset (in)
                                                         reset (net)
                      0.033608    0.000000    5.016926 ^ input11/A (sky130_fd_sc_hd__clkbuf_2)
     5    0.027551    0.240760    0.296953    5.313879 ^ input11/X (sky130_fd_sc_hd__clkbuf_2)
                                                         net11 (net)
                      0.240863    0.004094    5.317973 ^ _315_/B (sky130_fd_sc_hd__nor2_1)
     1    0.002151    0.061627    0.125252    5.443225 v _315_/Y (sky130_fd_sc_hd__nor2_1)
                                                         _020_ (net)
                      0.061627    0.000152    5.443377 v _456_/D (sky130_fd_sc_hd__dfxtp_1)
                                              5.443377   data arrival time

                                 25.000000   25.000000   clock clk (rise edge)
                                  0.000000   25.000000   clock source latency
     1    0.018528    0.139701    0.095172   25.095171 ^ clk (in)
                                                         clk (net)
                      0.139710    0.000000   25.095171 ^ clkbuf_0_clk/A (sky130_fd_sc_hd__clkbuf_16)
     4    0.041132    0.095336    0.282324   25.377495 ^ clkbuf_0_clk/X (sky130_fd_sc_hd__clkbuf_16)
                                                         clknet_0_clk (net)
                      0.095415    0.002416   25.379910 ^ clkbuf_2_3__f_clk/A (sky130_fd_sc_hd__clkbuf_16)
    14    0.047741    0.104017    0.269875   25.649786 ^ clkbuf_2_3__f_clk/X (sky130_fd_sc_hd__clkbuf_16)
                                                         clknet_2_3__leaf_clk (net)
                      0.104099    0.002482   25.652267 ^ _456_/CLK (sky130_fd_sc_hd__dfxtp_1)
                                 -0.250000   25.402267   clock uncertainty
                                  0.000000   25.402267   clock reconvergence pessimism
                                 -0.256316   25.145952   library setup time
                                             25.145952   data required time
---------------------------------------------------------------------------------------------
                                             25.145952   data required time
                                             -5.443377   data arrival time
---------------------------------------------------------------------------------------------
                                             19.702574   slack (MET)



