
===========================================================================
report_checks -path_delay max (Setup)
============================================================================
======================= max_tt_025C_1v80 Corner ===================================

Startpoint: _432_ (rising edge-triggered flip-flop clocked by clk)
Endpoint: unlock_enable (output port clocked by clk)
Path Group: clk
Path Type: max

Fanout         Cap        Slew       Delay        Time   Description
---------------------------------------------------------------------------------------------
                                  0.000000    0.000000   clock clk (rise edge)
                                  0.000000    0.000000   clock source latency
     1    0.019539    0.093422    0.064972    0.064972 ^ clk (in)
                                                         clk (net)
                      0.093474    0.000000    0.064972 ^ clkbuf_0_clk/A (sky130_fd_sc_hd__clkbuf_16)
     4    0.042376    0.061980    0.160792    0.225764 ^ clkbuf_0_clk/X (sky130_fd_sc_hd__clkbuf_16)
                                                         clknet_0_clk (net)
                      0.062041    0.001678    0.227443 ^ clkbuf_2_3__f_clk/A (sky130_fd_sc_hd__clkbuf_16)
    14    0.048485    0.067552    0.153365    0.380808 ^ clkbuf_2_3__f_clk/X (sky130_fd_sc_hd__clkbuf_16)
                                                         clknet_2_3__leaf_clk (net)
                      0.067707    0.002107    0.382915 ^ _432_/CLK (sky130_fd_sc_hd__dfxtp_1)
     4    0.009545    0.098785    0.352422    0.735336 ^ _432_/Q (sky130_fd_sc_hd__dfxtp_1)
                                                         net21 (net)
                      0.098786    0.000448    0.735784 ^ hold11/A (sky130_fd_sc_hd__dlygate4sd3_1)
     1    0.004737    0.069816    0.566469    1.302254 ^ hold11/X (sky130_fd_sc_hd__dlygate4sd3_1)
                                                         net93 (net)
                      0.069816    0.000220    1.302474 ^ _211_/A (sky130_fd_sc_hd__inv_2)
     6    0.020431    0.051625    0.065326    1.367800 v _211_/Y (sky130_fd_sc_hd__inv_2)
                                                         _053_ (net)
                      0.051668    0.001229    1.369028 v _227_/B (sky130_fd_sc_hd__or3b_2)
     4    0.015655    0.117090    0.501882    1.870911 v _227_/X (sky130_fd_sc_hd__or3b_2)
                                                         _065_ (net)
                      0.117154    0.001036    1.871947 v _228_/A (sky130_fd_sc_hd__inv_2)
     8    0.043413    0.198428    0.198400    2.070347 ^ _228_/Y (sky130_fd_sc_hd__inv_2)
                                                         net16 (net)
                      0.198478    0.002640    2.072987 ^ _487_/A (sky130_fd_sc_hd__clkbuf_1)
     1    0.002536    0.042960    0.110257    2.183244 ^ _487_/X (sky130_fd_sc_hd__clkbuf_1)
                                                         net76 (net)
                      0.042960    0.000166    2.183410 ^ output76/A (sky130_fd_sc_hd__buf_2)
     1    0.034639    0.172078    0.197699    2.381109 ^ output76/X (sky130_fd_sc_hd__buf_2)
                                                         unlock_enable (net)
                      0.172102    0.001690    2.382799 ^ unlock_enable (out)
                                              2.382799   data arrival time

                                 25.000000   25.000000   clock clk (rise edge)
                                  0.000000   25.000000   clock network delay (propagated)
                                 -0.250000   24.750000   clock uncertainty
                                  0.000000   24.750000   clock reconvergence pessimism
                                 -5.000000   19.750000   output external delay
                                             19.750000   data required time
---------------------------------------------------------------------------------------------
                                             19.750000   data required time
                                             -2.382799   data arrival time
---------------------------------------------------------------------------------------------
                                             17.367199   slack (MET)


Startpoint: _432_ (rising edge-triggered flip-flop clocked by clk)
Endpoint: global_state_authorized (output port clocked by clk)
Path Group: clk
Path Type: max

Fanout         Cap        Slew       Delay        Time   Description
---------------------------------------------------------------------------------------------
                                  0.000000    0.000000   clock clk (rise edge)
                                  0.000000    0.000000   clock source latency
     1    0.019539    0.093422    0.064972    0.064972 ^ clk (in)
                                                         clk (net)
                      0.093474    0.000000    0.064972 ^ clkbuf_0_clk/A (sky130_fd_sc_hd__clkbuf_16)
     4    0.042376    0.061980    0.160792    0.225764 ^ clkbuf_0_clk/X (sky130_fd_sc_hd__clkbuf_16)
                                                         clknet_0_clk (net)
                      0.062041    0.001678    0.227443 ^ clkbuf_2_3__f_clk/A (sky130_fd_sc_hd__clkbuf_16)
    14    0.048485    0.067552    0.153365    0.380808 ^ clkbuf_2_3__f_clk/X (sky130_fd_sc_hd__clkbuf_16)
                                                         clknet_2_3__leaf_clk (net)
                      0.067707    0.002107    0.382915 ^ _432_/CLK (sky130_fd_sc_hd__dfxtp_1)
     4    0.009545    0.098785    0.352422    0.735336 ^ _432_/Q (sky130_fd_sc_hd__dfxtp_1)
                                                         net21 (net)
                      0.098786    0.000448    0.735784 ^ hold11/A (sky130_fd_sc_hd__dlygate4sd3_1)
     1    0.004737    0.069816    0.566469    1.302254 ^ hold11/X (sky130_fd_sc_hd__dlygate4sd3_1)
                                                         net93 (net)
                      0.069816    0.000220    1.302474 ^ _211_/A (sky130_fd_sc_hd__inv_2)
     6    0.020431    0.051625    0.065326    1.367800 v _211_/Y (sky130_fd_sc_hd__inv_2)
                                                         _053_ (net)
                      0.051668    0.001229    1.369028 v _227_/B (sky130_fd_sc_hd__or3b_2)
     4    0.015655    0.117090    0.501882    1.870911 v _227_/X (sky130_fd_sc_hd__or3b_2)
                                                         _065_ (net)
                      0.117154    0.001036    1.871947 v _228_/A (sky130_fd_sc_hd__inv_2)
     8    0.043413    0.198428    0.198400    2.070347 ^ _228_/Y (sky130_fd_sc_hd__inv_2)
                                                         net16 (net)
                      0.198483    0.002764    2.073111 ^ _482_/A (sky130_fd_sc_hd__clkbuf_1)
     1    0.001958    0.037179    0.105390    2.178501 ^ _482_/X (sky130_fd_sc_hd__clkbuf_1)
                                                         net18 (net)
                      0.037180    0.000090    2.178591 ^ output18/A (sky130_fd_sc_hd__buf_2)
     1    0.034630    0.172047    0.195455    2.374046 ^ output18/X (sky130_fd_sc_hd__buf_2)
                                                         global_state_authorized (net)
                      0.172071    0.001690    2.375736 ^ global_state_authorized (out)
                                              2.375736   data arrival time

                                 25.000000   25.000000   clock clk (rise edge)
                                  0.000000   25.000000   clock network delay (propagated)
                                 -0.250000   24.750000   clock uncertainty
                                  0.000000   24.750000   clock reconvergence pessimism
                                 -5.000000   19.750000   output external delay
                                             19.750000   data required time
---------------------------------------------------------------------------------------------
                                             19.750000   data required time
                                             -2.375736   data arrival time
---------------------------------------------------------------------------------------------
                                             17.374264   slack (MET)


Startpoint: _432_ (rising edge-triggered flip-flop clocked by clk)
Endpoint: debug_enable (output port clocked by clk)
Path Group: clk
Path Type: max

Fanout         Cap        Slew       Delay        Time   Description
---------------------------------------------------------------------------------------------
                                  0.000000    0.000000   clock clk (rise edge)
                                  0.000000    0.000000   clock source latency
     1    0.019539    0.093422    0.064972    0.064972 ^ clk (in)
                                                         clk (net)
                      0.093474    0.000000    0.064972 ^ clkbuf_0_clk/A (sky130_fd_sc_hd__clkbuf_16)
     4    0.042376    0.061980    0.160792    0.225764 ^ clkbuf_0_clk/X (sky130_fd_sc_hd__clkbuf_16)
                                                         clknet_0_clk (net)
                      0.062041    0.001678    0.227443 ^ clkbuf_2_3__f_clk/A (sky130_fd_sc_hd__clkbuf_16)
    14    0.048485    0.067552    0.153365    0.380808 ^ clkbuf_2_3__f_clk/X (sky130_fd_sc_hd__clkbuf_16)
                                                         clknet_2_3__leaf_clk (net)
                      0.067707    0.002107    0.382915 ^ _432_/CLK (sky130_fd_sc_hd__dfxtp_1)
     4    0.009545    0.098785    0.352422    0.735336 ^ _432_/Q (sky130_fd_sc_hd__dfxtp_1)
                                                         net21 (net)
                      0.098786    0.000448    0.735784 ^ hold11/A (sky130_fd_sc_hd__dlygate4sd3_1)
     1    0.004737    0.069816    0.566469    1.302254 ^ hold11/X (sky130_fd_sc_hd__dlygate4sd3_1)
                                                         net93 (net)
                      0.069816    0.000220    1.302474 ^ _211_/A (sky130_fd_sc_hd__inv_2)
     6    0.020431    0.051625    0.065326    1.367800 v _211_/Y (sky130_fd_sc_hd__inv_2)
                                                         _053_ (net)
                      0.051668    0.001229    1.369028 v _227_/B (sky130_fd_sc_hd__or3b_2)
     4    0.015655    0.117090    0.501882    1.870911 v _227_/X (sky130_fd_sc_hd__or3b_2)
                                                         _065_ (net)
                      0.117154    0.001036    1.871947 v _228_/A (sky130_fd_sc_hd__inv_2)
     8    0.043413    0.198428    0.198400    2.070347 ^ _228_/Y (sky130_fd_sc_hd__inv_2)
                                                         net16 (net)
                      0.198569    0.004382    2.074728 ^ output16/A (sky130_fd_sc_hd__buf_2)
     1    0.034172    0.170432    0.246173    2.320901 ^ output16/X (sky130_fd_sc_hd__buf_2)
                                                         debug_enable (net)
                      0.170447    0.001694    2.322595 ^ debug_enable (out)
                                              2.322595   data arrival time

                                 25.000000   25.000000   clock clk (rise edge)
                                  0.000000   25.000000   clock network delay (propagated)
                                 -0.250000   24.750000   clock uncertainty
                                  0.000000   24.750000   clock reconvergence pessimism
                                 -5.000000   19.750000   output external delay
                                             19.750000   data required time
---------------------------------------------------------------------------------------------
                                             19.750000   data required time
                                             -2.322595   data arrival time
---------------------------------------------------------------------------------------------
                                             17.427404   slack (MET)


Startpoint: _431_ (rising edge-triggered flip-flop clocked by clk)
Endpoint: global_state_locked (output port clocked by clk)
Path Group: clk
Path Type: max

Fanout         Cap        Slew       Delay        Time   Description
---------------------------------------------------------------------------------------------
                                  0.000000    0.000000   clock clk (rise edge)
                                  0.000000    0.000000   clock source latency
     1    0.019539    0.093422    0.064972    0.064972 ^ clk (in)
                                                         clk (net)
                      0.093474    0.000000    0.064972 ^ clkbuf_0_clk/A (sky130_fd_sc_hd__clkbuf_16)
     4    0.042376    0.061980    0.160792    0.225764 ^ clkbuf_0_clk/X (sky130_fd_sc_hd__clkbuf_16)
                                                         clknet_0_clk (net)
                      0.062042    0.001695    0.227460 ^ clkbuf_2_2__f_clk/A (sky130_fd_sc_hd__clkbuf_16)
    13    0.047334    0.066475    0.152612    0.380071 ^ clkbuf_2_2__f_clk/X (sky130_fd_sc_hd__clkbuf_16)
                                                         clknet_2_2__leaf_clk (net)
                      0.066641    0.002141    0.382213 ^ _431_/CLK (sky130_fd_sc_hd__dfxtp_2)
     7    0.026419    0.138857    0.395977    0.778190 ^ _431_/Q (sky130_fd_sc_hd__dfxtp_2)
                                                         net20 (net)
                      0.138881    0.001852    0.780042 ^ hold8/A (sky130_fd_sc_hd__dlygate4sd3_1)
     1    0.006799    0.087899    0.592483    1.372525 ^ hold8/X (sky130_fd_sc_hd__dlygate4sd3_1)
                                                         net90 (net)
                      0.087899    0.000534    1.373059 ^ _212_/A (sky130_fd_sc_hd__inv_2)
     4    0.013062    0.040527    0.058865    1.431924 v _212_/Y (sky130_fd_sc_hd__inv_2)
                                                         _054_ (net)
                      0.040554    0.000489    1.432413 v _230_/B (sky130_fd_sc_hd__or3_2)
     4    0.016974    0.119369    0.511228    1.943641 v _230_/X (sky130_fd_sc_hd__or3_2)
                                                         _067_ (net)
                      0.119382    0.001185    1.944826 v _231_/A (sky130_fd_sc_hd__inv_2)
     4    0.019757    0.098249    0.127004    2.071830 ^ _231_/Y (sky130_fd_sc_hd__inv_2)
                                                         net26 (net)
                      0.098283    0.001482    2.073312 ^ output26/A (sky130_fd_sc_hd__buf_2)
     1    0.033989    0.169318    0.216126    2.289438 ^ output26/X (sky130_fd_sc_hd__buf_2)
                                                         global_state_locked (net)
                      0.169390    0.001605    2.291042 ^ global_state_locked (out)
                                              2.291042   data arrival time

                                 25.000000   25.000000   clock clk (rise edge)
                                  0.000000   25.000000   clock network delay (propagated)
                                 -0.250000   24.750000   clock uncertainty
                                  0.000000   24.750000   clock reconvergence pessimism
                                 -5.000000   19.750000   output external delay
                                             19.750000   data required time
---------------------------------------------------------------------------------------------
                                             19.750000   data required time
                                             -2.291042   data arrival time
---------------------------------------------------------------------------------------------
                                             17.458958   slack (MET)


Startpoint: _481_ (rising edge-triggered flip-flop clocked by clk)
Endpoint: security_breach (output port clocked by clk)
Path Group: clk
Path Type: max

Fanout         Cap        Slew       Delay        Time   Description
---------------------------------------------------------------------------------------------
                                  0.000000    0.000000   clock clk (rise edge)
                                  0.000000    0.000000   clock source latency
     1    0.019539    0.093422    0.064972    0.064972 ^ clk (in)
                                                         clk (net)
                      0.093474    0.000000    0.064972 ^ clkbuf_0_clk/A (sky130_fd_sc_hd__clkbuf_16)
     4    0.042376    0.061980    0.160792    0.225764 ^ clkbuf_0_clk/X (sky130_fd_sc_hd__clkbuf_16)
                                                         clknet_0_clk (net)
                      0.062041    0.001678    0.227443 ^ clkbuf_2_3__f_clk/A (sky130_fd_sc_hd__clkbuf_16)
    14    0.048485    0.067552    0.153365    0.380808 ^ clkbuf_2_3__f_clk/X (sky130_fd_sc_hd__clkbuf_16)
                                                         clknet_2_3__leaf_clk (net)
                      0.067732    0.002332    0.383140 ^ _481_/CLK (sky130_fd_sc_hd__dfxtp_2)
     8    0.024992    0.069555    0.359458    0.742598 v _481_/Q (sky130_fd_sc_hd__dfxtp_2)
                                                         net23 (net)
                      0.069577    0.001155    0.743753 v _223_/A (sky130_fd_sc_hd__or2_1)
     3    0.007339    0.069291    0.256438    1.000191 v _223_/X (sky130_fd_sc_hd__or2_1)
                                                         _062_ (net)
                      0.069291    0.000222    1.000414 v _224_/C (sky130_fd_sc_hd__or4b_2)
     3    0.011712    0.136636    0.671019    1.671433 v _224_/X (sky130_fd_sc_hd__or4b_2)
                                                         _063_ (net)
                      0.136636    0.000630    1.672063 v _225_/A (sky130_fd_sc_hd__inv_2)
     4    0.017508    0.091631    0.126828    1.798891 ^ _225_/Y (sky130_fd_sc_hd__inv_2)
                                                         net27 (net)
                      0.091694    0.001268    1.800159 ^ _237_/A (sky130_fd_sc_hd__or2_1)
     2    0.004735    0.056224    0.118529    1.918688 ^ _237_/X (sky130_fd_sc_hd__or2_1)
                                                         net72 (net)
                      0.056224    0.000311    1.919000 ^ _486_/A (sky130_fd_sc_hd__clkbuf_1)
     1    0.002160    0.037244    0.078886    1.997885 ^ _486_/X (sky130_fd_sc_hd__clkbuf_1)
                                                         net73 (net)
                      0.037247    0.000155    1.998040 ^ output73/A (sky130_fd_sc_hd__buf_2)
     1    0.034030    0.169244    0.193533    2.191573 ^ output73/X (sky130_fd_sc_hd__buf_2)
                                                         security_breach (net)
                      0.169266    0.001618    2.193191 ^ security_breach (out)
                                              2.193191   data arrival time

                                 25.000000   25.000000   clock clk (rise edge)
                                  0.000000   25.000000   clock network delay (propagated)
                                 -0.250000   24.750000   clock uncertainty
                                  0.000000   24.750000   clock reconvergence pessimism
                                 -5.000000   19.750000   output external delay
                                             19.750000   data required time
---------------------------------------------------------------------------------------------
                                             19.750000   data required time
                                             -2.193191   data arrival time
---------------------------------------------------------------------------------------------
                                             17.556808   slack (MET)


Startpoint: _481_ (rising edge-triggered flip-flop clocked by clk)
Endpoint: safe_led (output port clocked by clk)
Path Group: clk
Path Type: max

Fanout         Cap        Slew       Delay        Time   Description
---------------------------------------------------------------------------------------------
                                  0.000000    0.000000   clock clk (rise edge)
                                  0.000000    0.000000   clock source latency
     1    0.019539    0.093422    0.064972    0.064972 ^ clk (in)
                                                         clk (net)
                      0.093474    0.000000    0.064972 ^ clkbuf_0_clk/A (sky130_fd_sc_hd__clkbuf_16)
     4    0.042376    0.061980    0.160792    0.225764 ^ clkbuf_0_clk/X (sky130_fd_sc_hd__clkbuf_16)
                                                         clknet_0_clk (net)
                      0.062041    0.001678    0.227443 ^ clkbuf_2_3__f_clk/A (sky130_fd_sc_hd__clkbuf_16)
    14    0.048485    0.067552    0.153365    0.380808 ^ clkbuf_2_3__f_clk/X (sky130_fd_sc_hd__clkbuf_16)
                                                         clknet_2_3__leaf_clk (net)
                      0.067732    0.002332    0.383140 ^ _481_/CLK (sky130_fd_sc_hd__dfxtp_2)
     8    0.024992    0.069555    0.359458    0.742598 v _481_/Q (sky130_fd_sc_hd__dfxtp_2)
                                                         net23 (net)
                      0.069577    0.001155    0.743753 v _223_/A (sky130_fd_sc_hd__or2_1)
     3    0.007339    0.069291    0.256438    1.000191 v _223_/X (sky130_fd_sc_hd__or2_1)
                                                         _062_ (net)
                      0.069291    0.000222    1.000414 v _224_/C (sky130_fd_sc_hd__or4b_2)
     3    0.011712    0.136636    0.671019    1.671433 v _224_/X (sky130_fd_sc_hd__or4b_2)
                                                         _063_ (net)
                      0.136636    0.000630    1.672063 v _225_/A (sky130_fd_sc_hd__inv_2)
     4    0.017508    0.091631    0.126828    1.798891 ^ _225_/Y (sky130_fd_sc_hd__inv_2)
                                                         net27 (net)
                      0.091694    0.001268    1.800159 ^ _237_/A (sky130_fd_sc_hd__or2_1)
     2    0.004735    0.056224    0.118529    1.918688 ^ _237_/X (sky130_fd_sc_hd__or2_1)
                                                         net72 (net)
                      0.056224    0.000297    1.918985 ^ output72/A (sky130_fd_sc_hd__buf_2)
     1    0.034124    0.169622    0.201045    2.120031 ^ output72/X (sky130_fd_sc_hd__buf_2)
                                                         safe_led (net)
                      0.169694    0.001645    2.121676 ^ safe_led (out)
                                              2.121676   data arrival time

                                 25.000000   25.000000   clock clk (rise edge)
                                  0.000000   25.000000   clock network delay (propagated)
                                 -0.250000   24.750000   clock uncertainty
                                  0.000000   24.750000   clock reconvergence pessimism
                                 -5.000000   19.750000   output external delay
                                             19.750000   data required time
---------------------------------------------------------------------------------------------
                                             19.750000   data required time
                                             -2.121676   data arrival time
---------------------------------------------------------------------------------------------
                                             17.628325   slack (MET)


Startpoint: _481_ (rising edge-triggered flip-flop clocked by clk)
Endpoint: global_state_boot (output port clocked by clk)
Path Group: clk
Path Type: max

Fanout         Cap        Slew       Delay        Time   Description
---------------------------------------------------------------------------------------------
                                  0.000000    0.000000   clock clk (rise edge)
                                  0.000000    0.000000   clock source latency
     1    0.019539    0.093422    0.064972    0.064972 ^ clk (in)
                                                         clk (net)
                      0.093474    0.000000    0.064972 ^ clkbuf_0_clk/A (sky130_fd_sc_hd__clkbuf_16)
     4    0.042376    0.061980    0.160792    0.225764 ^ clkbuf_0_clk/X (sky130_fd_sc_hd__clkbuf_16)
                                                         clknet_0_clk (net)
                      0.062041    0.001678    0.227443 ^ clkbuf_2_3__f_clk/A (sky130_fd_sc_hd__clkbuf_16)
    14    0.048485    0.067552    0.153365    0.380808 ^ clkbuf_2_3__f_clk/X (sky130_fd_sc_hd__clkbuf_16)
                                                         clknet_2_3__leaf_clk (net)
                      0.067732    0.002332    0.383140 ^ _481_/CLK (sky130_fd_sc_hd__dfxtp_2)
     8    0.024992    0.069555    0.359458    0.742598 v _481_/Q (sky130_fd_sc_hd__dfxtp_2)
                                                         net23 (net)
                      0.069577    0.001155    0.743753 v _223_/A (sky130_fd_sc_hd__or2_1)
     3    0.007339    0.069291    0.256438    1.000191 v _223_/X (sky130_fd_sc_hd__or2_1)
                                                         _062_ (net)
                      0.069292    0.000350    1.000542 v _229_/B (sky130_fd_sc_hd__or2_1)
     3    0.007035    0.067393    0.236293    1.236834 v _229_/X (sky130_fd_sc_hd__or2_1)
                                                         _066_ (net)
                      0.067393    0.000207    1.237041 v _232_/B (sky130_fd_sc_hd__or3b_2)
     4    0.015377    0.116420    0.506257    1.743298 v _232_/X (sky130_fd_sc_hd__or3b_2)
                                                         _068_ (net)
                      0.116482    0.001033    1.744331 v _233_/A (sky130_fd_sc_hd__inv_2)
     4    0.018805    0.094297    0.122804    1.867135 ^ _233_/Y (sky130_fd_sc_hd__inv_2)
                                                         net24 (net)
                      0.094303    0.000633    1.867768 ^ output24/A (sky130_fd_sc_hd__buf_2)
     1    0.034044    0.169559    0.214834    2.082603 ^ output24/X (sky130_fd_sc_hd__buf_2)
                                                         global_state_boot (net)
                      0.169631    0.001619    2.084221 ^ global_state_boot (out)
                                              2.084221   data arrival time

                                 25.000000   25.000000   clock clk (rise edge)
                                  0.000000   25.000000   clock network delay (propagated)
                                 -0.250000   24.750000   clock uncertainty
                                  0.000000   24.750000   clock reconvergence pessimism
                                 -5.000000   19.750000   output external delay
                                             19.750000   data required time
---------------------------------------------------------------------------------------------
                                             19.750000   data required time
                                             -2.084221   data arrival time
---------------------------------------------------------------------------------------------
                                             17.665779   slack (MET)


Startpoint: _481_ (rising edge-triggered flip-flop clocked by clk)
Endpoint: global_state_safe_mode (output port clocked by clk)
Path Group: clk
Path Type: max

Fanout         Cap        Slew       Delay        Time   Description
---------------------------------------------------------------------------------------------
                                  0.000000    0.000000   clock clk (rise edge)
                                  0.000000    0.000000   clock source latency
     1    0.019539    0.093422    0.064972    0.064972 ^ clk (in)
                                                         clk (net)
                      0.093474    0.000000    0.064972 ^ clkbuf_0_clk/A (sky130_fd_sc_hd__clkbuf_16)
     4    0.042376    0.061980    0.160792    0.225764 ^ clkbuf_0_clk/X (sky130_fd_sc_hd__clkbuf_16)
                                                         clknet_0_clk (net)
                      0.062041    0.001678    0.227443 ^ clkbuf_2_3__f_clk/A (sky130_fd_sc_hd__clkbuf_16)
    14    0.048485    0.067552    0.153365    0.380808 ^ clkbuf_2_3__f_clk/X (sky130_fd_sc_hd__clkbuf_16)
                                                         clknet_2_3__leaf_clk (net)
                      0.067732    0.002332    0.383140 ^ _481_/CLK (sky130_fd_sc_hd__dfxtp_2)
     8    0.024992    0.069555    0.359458    0.742598 v _481_/Q (sky130_fd_sc_hd__dfxtp_2)
                                                         net23 (net)
                      0.069577    0.001155    0.743753 v _223_/A (sky130_fd_sc_hd__or2_1)
     3    0.007339    0.069291    0.256438    1.000191 v _223_/X (sky130_fd_sc_hd__or2_1)
                                                         _062_ (net)
                      0.069291    0.000222    1.000414 v _224_/C (sky130_fd_sc_hd__or4b_2)
     3    0.011712    0.136636    0.671019    1.671433 v _224_/X (sky130_fd_sc_hd__or4b_2)
                                                         _063_ (net)
                      0.136636    0.000630    1.672063 v _225_/A (sky130_fd_sc_hd__inv_2)
     4    0.017508    0.091631    0.126828    1.798891 ^ _225_/Y (sky130_fd_sc_hd__inv_2)
                                                         net27 (net)
                      0.091694    0.001263    1.800154 ^ output27/A (sky130_fd_sc_hd__buf_2)
     1    0.034151    0.170046    0.214198    2.014353 ^ output27/X (sky130_fd_sc_hd__buf_2)
                                                         global_state_safe_mode (net)
                      0.170120    0.001658    2.016011 ^ global_state_safe_mode (out)
                                              2.016011   data arrival time

                                 25.000000   25.000000   clock clk (rise edge)
                                  0.000000   25.000000   clock network delay (propagated)
                                 -0.250000   24.750000   clock uncertainty
                                  0.000000   24.750000   clock reconvergence pessimism
                                 -5.000000   19.750000   output external delay
                                             19.750000   data required time
---------------------------------------------------------------------------------------------
                                             19.750000   data required time
                                             -2.016011   data arrival time
---------------------------------------------------------------------------------------------
                                             17.733990   slack (MET)


Startpoint: _477_ (rising edge-triggered flip-flop clocked by clk)
Endpoint: group_unlocked (output port clocked by clk)
Path Group: clk
Path Type: max

Fanout         Cap        Slew       Delay        Time   Description
---------------------------------------------------------------------------------------------
                                  0.000000    0.000000   clock clk (rise edge)
                                  0.000000    0.000000   clock source latency
     1    0.019539    0.093422    0.064972    0.064972 ^ clk (in)
                                                         clk (net)
                      0.093474    0.000000    0.064972 ^ clkbuf_0_clk/A (sky130_fd_sc_hd__clkbuf_16)
     4    0.042376    0.061980    0.160792    0.225764 ^ clkbuf_0_clk/X (sky130_fd_sc_hd__clkbuf_16)
                                                         clknet_0_clk (net)
                      0.062070    0.001995    0.227759 ^ clkbuf_2_1__f_clk/A (sky130_fd_sc_hd__clkbuf_16)
    14    0.049743    0.068697    0.154316    0.382075 ^ clkbuf_2_1__f_clk/X (sky130_fd_sc_hd__clkbuf_16)
                                                         clknet_2_1__leaf_clk (net)
                      0.068927    0.002699    0.384774 ^ _477_/CLK (sky130_fd_sc_hd__dfxtp_1)
     6    0.018493    0.092752    0.357910    0.742685 v _477_/Q (sky130_fd_sc_hd__dfxtp_1)
                                                         net47 (net)
                      0.092771    0.001269    0.743954 v _216_/A (sky130_fd_sc_hd__or4b_2)
     5    0.018954    0.156509    0.766849    1.510803 v _216_/X (sky130_fd_sc_hd__or4b_2)
                                                         _058_ (net)
                      0.156517    0.001290    1.512093 v _217_/A (sky130_fd_sc_hd__inv_2)
     6    0.022133    0.113908    0.149340    1.661434 ^ _217_/Y (sky130_fd_sc_hd__inv_2)
                                                         net53 (net)
                      0.113951    0.001806    1.663240 ^ _485_/A (sky130_fd_sc_hd__clkbuf_1)
     1    0.002670    0.043350    0.098239    1.761479 ^ _485_/X (sky130_fd_sc_hd__clkbuf_1)
                                                         net71 (net)
                      0.043350    0.000172    1.761651 ^ output71/A (sky130_fd_sc_hd__buf_2)
     1    0.033999    0.169033    0.195785    1.957436 ^ output71/X (sky130_fd_sc_hd__buf_2)
                                                         group_unlocked (net)
                      0.169104    0.001591    1.959027 ^ group_unlocked (out)
                                              1.959027   data arrival time

                                 25.000000   25.000000   clock clk (rise edge)
                                  0.000000   25.000000   clock network delay (propagated)
                                 -0.250000   24.750000   clock uncertainty
                                  0.000000   24.750000   clock reconvergence pessimism
                                 -5.000000   19.750000   output external delay
                                             19.750000   data required time
---------------------------------------------------------------------------------------------
                                             19.750000   data required time
                                             -1.959027   data arrival time
---------------------------------------------------------------------------------------------
                                             17.790974   slack (MET)


Startpoint: _477_ (rising edge-triggered flip-flop clocked by clk)
Endpoint: group_state_unlocked (output port clocked by clk)
Path Group: clk
Path Type: max

Fanout         Cap        Slew       Delay        Time   Description
---------------------------------------------------------------------------------------------
                                  0.000000    0.000000   clock clk (rise edge)
                                  0.000000    0.000000   clock source latency
     1    0.019539    0.093422    0.064972    0.064972 ^ clk (in)
                                                         clk (net)
                      0.093474    0.000000    0.064972 ^ clkbuf_0_clk/A (sky130_fd_sc_hd__clkbuf_16)
     4    0.042376    0.061980    0.160792    0.225764 ^ clkbuf_0_clk/X (sky130_fd_sc_hd__clkbuf_16)
                                                         clknet_0_clk (net)
                      0.062070    0.001995    0.227759 ^ clkbuf_2_1__f_clk/A (sky130_fd_sc_hd__clkbuf_16)
    14    0.049743    0.068697    0.154316    0.382075 ^ clkbuf_2_1__f_clk/X (sky130_fd_sc_hd__clkbuf_16)
                                                         clknet_2_1__leaf_clk (net)
                      0.068927    0.002699    0.384774 ^ _477_/CLK (sky130_fd_sc_hd__dfxtp_1)
     6    0.018493    0.092752    0.357910    0.742685 v _477_/Q (sky130_fd_sc_hd__dfxtp_1)
                                                         net47 (net)
                      0.092771    0.001269    0.743954 v _216_/A (sky130_fd_sc_hd__or4b_2)
     5    0.018954    0.156509    0.766849    1.510803 v _216_/X (sky130_fd_sc_hd__or4b_2)
                                                         _058_ (net)
                      0.156517    0.001290    1.512093 v _217_/A (sky130_fd_sc_hd__inv_2)
     6    0.022133    0.113908    0.149340    1.661434 ^ _217_/Y (sky130_fd_sc_hd__inv_2)
                                                         net53 (net)
                      0.113954    0.001863    1.663296 ^ output53/A (sky130_fd_sc_hd__buf_2)
     1    0.034338    0.171060    0.222962    1.886258 ^ output53/X (sky130_fd_sc_hd__buf_2)
                                                         group_state_unlocked (net)
                      0.171138    0.001756    1.888014 ^ group_state_unlocked (out)
                                              1.888014   data arrival time

                                 25.000000   25.000000   clock clk (rise edge)
                                  0.000000   25.000000   clock network delay (propagated)
                                 -0.250000   24.750000   clock uncertainty
                                  0.000000   24.750000   clock reconvergence pessimism
                                 -5.000000   19.750000   output external delay
                                             19.750000   data required time
---------------------------------------------------------------------------------------------
                                             19.750000   data required time
                                             -1.888014   data arrival time
---------------------------------------------------------------------------------------------
                                             17.861986   slack (MET)


Startpoint: _477_ (rising edge-triggered flip-flop clocked by clk)
Endpoint: group_state_locked (output port clocked by clk)
Path Group: clk
Path Type: max

Fanout         Cap        Slew       Delay        Time   Description
---------------------------------------------------------------------------------------------
                                  0.000000    0.000000   clock clk (rise edge)
                                  0.000000    0.000000   clock source latency
     1    0.019539    0.093422    0.064972    0.064972 ^ clk (in)
                                                         clk (net)
                      0.093474    0.000000    0.064972 ^ clkbuf_0_clk/A (sky130_fd_sc_hd__clkbuf_16)
     4    0.042376    0.061980    0.160792    0.225764 ^ clkbuf_0_clk/X (sky130_fd_sc_hd__clkbuf_16)
                                                         clknet_0_clk (net)
                      0.062070    0.001995    0.227759 ^ clkbuf_2_1__f_clk/A (sky130_fd_sc_hd__clkbuf_16)
    14    0.049743    0.068697    0.154316    0.382075 ^ clkbuf_2_1__f_clk/X (sky130_fd_sc_hd__clkbuf_16)
                                                         clknet_2_1__leaf_clk (net)
                      0.068927    0.002699    0.384774 ^ _477_/CLK (sky130_fd_sc_hd__dfxtp_1)
     6    0.019648    0.189805    0.417312    0.802086 ^ _477_/Q (sky130_fd_sc_hd__dfxtp_1)
                                                         net47 (net)
                      0.189812    0.001368    0.803454 ^ _218_/D_N (sky130_fd_sc_hd__or4b_2)
     4    0.016142    0.148476    0.682801    1.486255 v _218_/X (sky130_fd_sc_hd__or4b_2)
                                                         _059_ (net)
                      0.148479    0.001841    1.488097 v _219_/A (sky130_fd_sc_hd__inv_2)
     2    0.010473    0.068862    0.106854    1.594951 ^ _219_/Y (sky130_fd_sc_hd__inv_2)
                                                         net45 (net)
                      0.068866    0.000619    1.595570 ^ _483_/A (sky130_fd_sc_hd__clkbuf_1)
     1    0.001972    0.035483    0.080675    1.676245 ^ _483_/X (sky130_fd_sc_hd__clkbuf_1)
                                                         net51 (net)
                      0.035483    0.000090    1.676335 ^ output51/A (sky130_fd_sc_hd__buf_2)
     1    0.034193    0.170018    0.193339    1.869673 ^ output51/X (sky130_fd_sc_hd__buf_2)
                                                         group_state_locked (net)
                      0.170043    0.001704    1.871377 ^ group_state_locked (out)
                                              1.871377   data arrival time

                                 25.000000   25.000000   clock clk (rise edge)
                                  0.000000   25.000000   clock network delay (propagated)
                                 -0.250000   24.750000   clock uncertainty
                                  0.000000   24.750000   clock reconvergence pessimism
                                 -5.000000   19.750000   output external delay
                                             19.750000   data required time
---------------------------------------------------------------------------------------------
                                             19.750000   data required time
                                             -1.871377   data arrival time
---------------------------------------------------------------------------------------------
                                             17.878622   slack (MET)


Startpoint: hdr_parse_fail (input port clocked by clk)
Endpoint: _480_ (rising edge-triggered flip-flop clocked by clk)
Path Group: clk
Path Type: max

Fanout         Cap        Slew       Delay        Time   Description
---------------------------------------------------------------------------------------------
                                  0.000000    0.000000   clock clk (rise edge)
                                  0.000000    0.000000   clock network delay (propagated)
                                  5.000000    5.000000 v input external delay
     1    0.002823    0.008670    0.004515    5.004516 v hdr_parse_fail (in)
                                                         hdr_parse_fail (net)
                      0.008676    0.000000    5.004516 v input8/A (sky130_fd_sc_hd__buf_1)
     2    0.018472    0.111890    0.139492    5.144008 v input8/X (sky130_fd_sc_hd__buf_1)
                                                         net8 (net)
                      0.111984    0.002209    5.146217 v _274_/B (sky130_fd_sc_hd__or4_1)
     1    0.001589    0.073045    0.497954    5.644171 v _274_/X (sky130_fd_sc_hd__or4_1)
                                                         _102_ (net)
                      0.073045    0.000107    5.644278 v _275_/D (sky130_fd_sc_hd__or4_1)
     1    0.006216    0.104604    0.433330    6.077608 v _275_/X (sky130_fd_sc_hd__or4_1)
                                                         _103_ (net)
                      0.104604    0.000297    6.077905 v _276_/B1 (sky130_fd_sc_hd__a31o_1)
     2    0.006040    0.051290    0.218796    6.296700 v _276_/X (sky130_fd_sc_hd__a31o_1)
                                                         _104_ (net)
                      0.051291    0.000341    6.297041 v _426_/C1 (sky130_fd_sc_hd__o211a_1)
     1    0.005896    0.052482    0.121527    6.418568 v _426_/X (sky130_fd_sc_hd__o211a_1)
                                                         _208_ (net)
                      0.052485    0.000438    6.419006 v _427_/A3 (sky130_fd_sc_hd__o31ai_1)
     1    0.002270    0.173840    0.176603    6.595609 ^ _427_/Y (sky130_fd_sc_hd__o31ai_1)
                                                         _050_ (net)
                      0.173840    0.000095    6.595704 ^ hold5/A (sky130_fd_sc_hd__dlygate4sd3_1)
     1    0.001955    0.046260    0.560405    7.156109 ^ hold5/X (sky130_fd_sc_hd__dlygate4sd3_1)
                                                         net87 (net)
                      0.046260    0.000139    7.156248 ^ _480_/D (sky130_fd_sc_hd__dfxtp_2)
                                              7.156248   data arrival time

                                 25.000000   25.000000   clock clk (rise edge)
                                  0.000000   25.000000   clock source latency
     1    0.019539    0.093422    0.064972   25.064972 ^ clk (in)
                                                         clk (net)
                      0.093474    0.000000   25.064972 ^ clkbuf_0_clk/A (sky130_fd_sc_hd__clkbuf_16)
     4    0.042376    0.061980    0.160792   25.225763 ^ clkbuf_0_clk/X (sky130_fd_sc_hd__clkbuf_16)
                                                         clknet_0_clk (net)
                      0.062041    0.001679   25.227442 ^ clkbuf_2_3__f_clk/A (sky130_fd_sc_hd__clkbuf_16)
    14    0.048485    0.067552    0.153365   25.380808 ^ clkbuf_2_3__f_clk/X (sky130_fd_sc_hd__clkbuf_16)
                                                         clknet_2_3__leaf_clk (net)
                      0.067761    0.002572   25.383379 ^ _480_/CLK (sky130_fd_sc_hd__dfxtp_2)
                                 -0.250000   25.133381   clock uncertainty
                                  0.000000   25.133381   clock reconvergence pessimism
                                 -0.055792   25.077589   library setup time
                                             25.077589   data required time
---------------------------------------------------------------------------------------------
                                             25.077589   data required time
                                             -7.156248   data arrival time
---------------------------------------------------------------------------------------------
                                             17.921341   slack (MET)


Startpoint: _477_ (rising edge-triggered flip-flop clocked by clk)
Endpoint: group_locked (output port clocked by clk)
Path Group: clk
Path Type: max

Fanout         Cap        Slew       Delay        Time   Description
---------------------------------------------------------------------------------------------
                                  0.000000    0.000000   clock clk (rise edge)
                                  0.000000    0.000000   clock source latency
     1    0.019539    0.093422    0.064972    0.064972 ^ clk (in)
                                                         clk (net)
                      0.093474    0.000000    0.064972 ^ clkbuf_0_clk/A (sky130_fd_sc_hd__clkbuf_16)
     4    0.042376    0.061980    0.160792    0.225764 ^ clkbuf_0_clk/X (sky130_fd_sc_hd__clkbuf_16)
                                                         clknet_0_clk (net)
                      0.062070    0.001995    0.227759 ^ clkbuf_2_1__f_clk/A (sky130_fd_sc_hd__clkbuf_16)
    14    0.049743    0.068697    0.154316    0.382075 ^ clkbuf_2_1__f_clk/X (sky130_fd_sc_hd__clkbuf_16)
                                                         clknet_2_1__leaf_clk (net)
                      0.068927    0.002699    0.384774 ^ _477_/CLK (sky130_fd_sc_hd__dfxtp_1)
     6    0.019648    0.189805    0.417312    0.802086 ^ _477_/Q (sky130_fd_sc_hd__dfxtp_1)
                                                         net47 (net)
                      0.189812    0.001368    0.803454 ^ _218_/D_N (sky130_fd_sc_hd__or4b_2)
     4    0.016142    0.148476    0.682801    1.486255 v _218_/X (sky130_fd_sc_hd__or4b_2)
                                                         _059_ (net)
                      0.148479    0.001841    1.488097 v _219_/A (sky130_fd_sc_hd__inv_2)
     2    0.010473    0.068862    0.106854    1.594951 ^ _219_/Y (sky130_fd_sc_hd__inv_2)
                                                         net45 (net)
                      0.068867    0.000635    1.595586 ^ output45/A (sky130_fd_sc_hd__buf_2)
     1    0.035283    0.175141    0.209360    1.804946 ^ output45/X (sky130_fd_sc_hd__buf_2)
                                                         group_locked (net)
                      0.175224    0.001940    1.806887 ^ group_locked (out)
                                              1.806887   data arrival time

                                 25.000000   25.000000   clock clk (rise edge)
                                  0.000000   25.000000   clock network delay (propagated)
                                 -0.250000   24.750000   clock uncertainty
                                  0.000000   24.750000   clock reconvergence pessimism
                                 -5.000000   19.750000   output external delay
                                             19.750000   data required time
---------------------------------------------------------------------------------------------
                                             19.750000   data required time
                                             -1.806887   data arrival time
---------------------------------------------------------------------------------------------
                                             17.943113   slack (MET)


Startpoint: _477_ (rising edge-triggered flip-flop clocked by clk)
Endpoint: group_state_disabled (output port clocked by clk)
Path Group: clk
Path Type: max

Fanout         Cap        Slew       Delay        Time   Description
---------------------------------------------------------------------------------------------
                                  0.000000    0.000000   clock clk (rise edge)
                                  0.000000    0.000000   clock source latency
     1    0.019539    0.093422    0.064972    0.064972 ^ clk (in)
                                                         clk (net)
                      0.093474    0.000000    0.064972 ^ clkbuf_0_clk/A (sky130_fd_sc_hd__clkbuf_16)
     4    0.042376    0.061980    0.160792    0.225764 ^ clkbuf_0_clk/X (sky130_fd_sc_hd__clkbuf_16)
                                                         clknet_0_clk (net)
                      0.062070    0.001995    0.227759 ^ clkbuf_2_1__f_clk/A (sky130_fd_sc_hd__clkbuf_16)
    14    0.049743    0.068697    0.154316    0.382075 ^ clkbuf_2_1__f_clk/X (sky130_fd_sc_hd__clkbuf_16)
                                                         clknet_2_1__leaf_clk (net)
                      0.068927    0.002699    0.384774 ^ _477_/CLK (sky130_fd_sc_hd__dfxtp_1)
     6    0.018493    0.092752    0.357910    0.742685 v _477_/Q (sky130_fd_sc_hd__dfxtp_1)
                                                         net47 (net)
                      0.092770    0.001253    0.743938 v _220_/A (sky130_fd_sc_hd__or4b_2)
     4    0.014304    0.143225    0.746372    1.490311 v _220_/X (sky130_fd_sc_hd__or4b_2)
                                                         _060_ (net)
                      0.143225    0.000972    1.491282 v _221_/A (sky130_fd_sc_hd__inv_2)
     2    0.007670    0.057881    0.093628    1.584911 ^ _221_/Y (sky130_fd_sc_hd__inv_2)
                                                         net50 (net)
                      0.057884    0.000447    1.585358 ^ output50/A (sky130_fd_sc_hd__buf_2)
     1    0.034639    0.172036    0.203349    1.788707 ^ output50/X (sky130_fd_sc_hd__buf_2)
                                                         group_state_disabled (net)
                      0.172111    0.001690    1.790396 ^ group_state_disabled (out)
                                              1.790396   data arrival time

                                 25.000000   25.000000   clock clk (rise edge)
                                  0.000000   25.000000   clock network delay (propagated)
                                 -0.250000   24.750000   clock uncertainty
                                  0.000000   24.750000   clock reconvergence pessimism
                                 -5.000000   19.750000   output external delay
                                             19.750000   data required time
---------------------------------------------------------------------------------------------
                                             19.750000   data required time
                                             -1.790396   data arrival time
---------------------------------------------------------------------------------------------
                                             17.959604   slack (MET)


Startpoint: _432_ (rising edge-triggered flip-flop clocked by clk)
Endpoint: global_state_escalated (output port clocked by clk)
Path Group: clk
Path Type: max

Fanout         Cap        Slew       Delay        Time   Description
---------------------------------------------------------------------------------------------
                                  0.000000    0.000000   clock clk (rise edge)
                                  0.000000    0.000000   clock source latency
     1    0.019539    0.093422    0.064972    0.064972 ^ clk (in)
                                                         clk (net)
                      0.093474    0.000000    0.064972 ^ clkbuf_0_clk/A (sky130_fd_sc_hd__clkbuf_16)
     4    0.042376    0.061980    0.160792    0.225764 ^ clkbuf_0_clk/X (sky130_fd_sc_hd__clkbuf_16)
                                                         clknet_0_clk (net)
                      0.062041    0.001678    0.227443 ^ clkbuf_2_3__f_clk/A (sky130_fd_sc_hd__clkbuf_16)
    14    0.048485    0.067552    0.153365    0.380808 ^ clkbuf_2_3__f_clk/X (sky130_fd_sc_hd__clkbuf_16)
                                                         clknet_2_3__leaf_clk (net)
                      0.067707    0.002107    0.382915 ^ _432_/CLK (sky130_fd_sc_hd__dfxtp_1)
     4    0.008844    0.051158    0.324268    0.707183 v _432_/Q (sky130_fd_sc_hd__dfxtp_1)
                                                         net21 (net)
                      0.051158    0.000414    0.707597 v hold11/A (sky130_fd_sc_hd__dlygate4sd3_1)
     1    0.004371    0.060281    0.562275    1.269871 v hold11/X (sky130_fd_sc_hd__dlygate4sd3_1)
                                                         net93 (net)
                      0.060980    0.000203    1.270074 v _211_/A (sky130_fd_sc_hd__inv_2)
     6    0.021427    0.101992    0.105436    1.375510 ^ _211_/Y (sky130_fd_sc_hd__inv_2)
                                                         _053_ (net)
                      0.102016    0.001308    1.376818 ^ _236_/B (sky130_fd_sc_hd__and3_1)
     2    0.006517    0.082215    0.185051    1.561870 ^ _236_/X (sky130_fd_sc_hd__and3_1)
                                                         net25 (net)
                      0.082217    0.000528    1.562398 ^ output25/A (sky130_fd_sc_hd__buf_2)
     1    0.034209    0.170266    0.210892    1.773290 ^ output25/X (sky130_fd_sc_hd__buf_2)
                                                         global_state_escalated (net)
                      0.170340    0.001670    1.774960 ^ global_state_escalated (out)
                                              1.774960   data arrival time

                                 25.000000   25.000000   clock clk (rise edge)
                                  0.000000   25.000000   clock network delay (propagated)
                                 -0.250000   24.750000   clock uncertainty
                                  0.000000   24.750000   clock reconvergence pessimism
                                 -5.000000   19.750000   output external delay
                                             19.750000   data required time
---------------------------------------------------------------------------------------------
                                             19.750000   data required time
                                             -1.774960   data arrival time
---------------------------------------------------------------------------------------------
                                             17.975039   slack (MET)


Startpoint: _477_ (rising edge-triggered flip-flop clocked by clk)
Endpoint: group_suspended (output port clocked by clk)
Path Group: clk
Path Type: max

Fanout         Cap        Slew       Delay        Time   Description
---------------------------------------------------------------------------------------------
                                  0.000000    0.000000   clock clk (rise edge)
                                  0.000000    0.000000   clock source latency
     1    0.019539    0.093422    0.064972    0.064972 ^ clk (in)
                                                         clk (net)
                      0.093474    0.000000    0.064972 ^ clkbuf_0_clk/A (sky130_fd_sc_hd__clkbuf_16)
     4    0.042376    0.061980    0.160792    0.225764 ^ clkbuf_0_clk/X (sky130_fd_sc_hd__clkbuf_16)
                                                         clknet_0_clk (net)
                      0.062070    0.001995    0.227759 ^ clkbuf_2_1__f_clk/A (sky130_fd_sc_hd__clkbuf_16)
    14    0.049743    0.068697    0.154316    0.382075 ^ clkbuf_2_1__f_clk/X (sky130_fd_sc_hd__clkbuf_16)
                                                         clknet_2_1__leaf_clk (net)
                      0.068927    0.002699    0.384774 ^ _477_/CLK (sky130_fd_sc_hd__dfxtp_1)
     6    0.018493    0.092752    0.357910    0.742685 v _477_/Q (sky130_fd_sc_hd__dfxtp_1)
                                                         net47 (net)
                      0.092761    0.000934    0.743619 v _234_/A (sky130_fd_sc_hd__or4b_1)
     2    0.008397    0.118135    0.578421    1.322039 v _234_/X (sky130_fd_sc_hd__or4b_1)
                                                         _069_ (net)
                      0.118135    0.000509    1.322549 v _235_/A (sky130_fd_sc_hd__inv_2)
     2    0.005241    0.045761    0.076698    1.399247 ^ _235_/Y (sky130_fd_sc_hd__inv_2)
                                                         net52 (net)
                      0.045761    0.000177    1.399424 ^ _484_/A (sky130_fd_sc_hd__clkbuf_1)
     1    0.002699    0.042937    0.079928    1.479352 ^ _484_/X (sky130_fd_sc_hd__clkbuf_1)
                                                         net54 (net)
                      0.042937    0.000174    1.479526 ^ output54/A (sky130_fd_sc_hd__buf_2)
     1    0.034639    0.172078    0.197690    1.677216 ^ output54/X (sky130_fd_sc_hd__buf_2)
                                                         group_suspended (net)
                      0.172102    0.001690    1.678905 ^ group_suspended (out)
                                              1.678905   data arrival time

                                 25.000000   25.000000   clock clk (rise edge)
                                  0.000000   25.000000   clock network delay (propagated)
                                 -0.250000   24.750000   clock uncertainty
                                  0.000000   24.750000   clock reconvergence pessimism
                                 -5.000000   19.750000   output external delay
                                             19.750000   data required time
---------------------------------------------------------------------------------------------
                                             19.750000   data required time
                                             -1.678905   data arrival time
---------------------------------------------------------------------------------------------
                                             18.071095   slack (MET)


Startpoint: _477_ (rising edge-triggered flip-flop clocked by clk)
Endpoint: group_state_suspended (output port clocked by clk)
Path Group: clk
Path Type: max

Fanout         Cap        Slew       Delay        Time   Description
---------------------------------------------------------------------------------------------
                                  0.000000    0.000000   clock clk (rise edge)
                                  0.000000    0.000000   clock source latency
     1    0.019539    0.093422    0.064972    0.064972 ^ clk (in)
                                                         clk (net)
                      0.093474    0.000000    0.064972 ^ clkbuf_0_clk/A (sky130_fd_sc_hd__clkbuf_16)
     4    0.042376    0.061980    0.160792    0.225764 ^ clkbuf_0_clk/X (sky130_fd_sc_hd__clkbuf_16)
                                                         clknet_0_clk (net)
                      0.062070    0.001995    0.227759 ^ clkbuf_2_1__f_clk/A (sky130_fd_sc_hd__clkbuf_16)
    14    0.049743    0.068697    0.154316    0.382075 ^ clkbuf_2_1__f_clk/X (sky130_fd_sc_hd__clkbuf_16)
                                                         clknet_2_1__leaf_clk (net)
                      0.068927    0.002699    0.384774 ^ _477_/CLK (sky130_fd_sc_hd__dfxtp_1)
     6    0.018493    0.092752    0.357910    0.742685 v _477_/Q (sky130_fd_sc_hd__dfxtp_1)
                                                         net47 (net)
                      0.092761    0.000934    0.743619 v _234_/A (sky130_fd_sc_hd__or4b_1)
     2    0.008397    0.118135    0.578421    1.322039 v _234_/X (sky130_fd_sc_hd__or4b_1)
                                                         _069_ (net)
                      0.118135    0.000509    1.322549 v _235_/A (sky130_fd_sc_hd__inv_2)
     2    0.005241    0.045761    0.076698    1.399247 ^ _235_/Y (sky130_fd_sc_hd__inv_2)
                                                         net52 (net)
                      0.045761    0.000260    1.399507 ^ output52/A (sky130_fd_sc_hd__buf_2)
     1    0.034574    0.171769    0.198568    1.598075 ^ output52/X (sky130_fd_sc_hd__buf_2)
                                                         group_state_suspended (net)
                      0.171792    0.001673    1.599748 ^ group_state_suspended (out)
                                              1.599748   data arrival time

                                 25.000000   25.000000   clock clk (rise edge)
                                  0.000000   25.000000   clock network delay (propagated)
                                 -0.250000   24.750000   clock uncertainty
                                  0.000000   24.750000   clock reconvergence pessimism
                                 -5.000000   19.750000   output external delay
                                             19.750000   data required time
---------------------------------------------------------------------------------------------
                                             19.750000   data required time
                                             -1.599748   data arrival time
---------------------------------------------------------------------------------------------
                                             18.150251   slack (MET)


Startpoint: reset (input port clocked by clk)
Endpoint: _440_ (rising edge-triggered flip-flop clocked by clk)
Path Group: clk
Path Type: max

Fanout         Cap        Slew       Delay        Time   Description
---------------------------------------------------------------------------------------------
                                  0.000000    0.000000   clock clk (rise edge)
                                  0.000000    0.000000   clock network delay (propagated)
                                  5.000000    5.000000 v input external delay
     1    0.003152    0.009436    0.005072    5.005073 v reset (in)
                                                         reset (net)
                      0.009439    0.000000    5.005073 v input11/A (sky130_fd_sc_hd__buf_1)
     4    0.017408    0.105798    0.135792    5.140865 v input11/X (sky130_fd_sc_hd__buf_1)
                                                         net11 (net)
                      0.105798    0.000468    5.141333 v fanout82/A (sky130_fd_sc_hd__buf_2)
    10    0.040372    0.100331    0.215603    5.356935 v fanout82/X (sky130_fd_sc_hd__buf_2)
                                                         net82 (net)
                      0.100577    0.003647    5.360582 v _283_/C1 (sky130_fd_sc_hd__a221o_1)
     1    0.004278    0.059933    0.284145    5.644727 v _283_/X (sky130_fd_sc_hd__a221o_1)
                                                         _110_ (net)
                      0.059933    0.000155    5.644883 v _287_/B (sky130_fd_sc_hd__or3b_2)
     5    0.026582    0.148697    0.543152    6.188034 v _287_/X (sky130_fd_sc_hd__or3b_2)
                                                         _113_ (net)
                      0.148767    0.003020    6.191054 v fanout80/A (sky130_fd_sc_hd__buf_2)
    10    0.044804    0.109915    0.242477    6.433531 v fanout80/X (sky130_fd_sc_hd__buf_2)
                                                         net80 (net)
                      0.110061    0.003626    6.437157 v _310_/B1 (sky130_fd_sc_hd__a31o_1)
     1    0.001964    0.032947    0.197760    6.634918 v _310_/X (sky130_fd_sc_hd__a31o_1)
                                                         _130_ (net)
                      0.032947    0.000122    6.635040 v _311_/B1_N (sky130_fd_sc_hd__o21ba_1)
     1    0.001977    0.036815    0.192285    6.827325 ^ _311_/X (sky130_fd_sc_hd__o21ba_1)
                                                         _010_ (net)
                      0.036815    0.000142    6.827466 ^ _440_/D (sky130_fd_sc_hd__dfxtp_1)
                                              6.827466   data arrival time

                                 25.000000   25.000000   clock clk (rise edge)
                                  0.000000   25.000000   clock source latency
     1    0.019539    0.093422    0.064972   25.064972 ^ clk (in)
                                                         clk (net)
                      0.093474    0.000000   25.064972 ^ clkbuf_0_clk/A (sky130_fd_sc_hd__clkbuf_16)
     4    0.042376    0.061980    0.160792   25.225763 ^ clkbuf_0_clk/X (sky130_fd_sc_hd__clkbuf_16)
                                                         clknet_0_clk (net)
                      0.062068    0.001982   25.227745 ^ clkbuf_2_0__f_clk/A (sky130_fd_sc_hd__clkbuf_16)
    14    0.047716    0.066823    0.152868   25.380613 ^ clkbuf_2_0__f_clk/X (sky130_fd_sc_hd__clkbuf_16)
                                                         clknet_2_0__leaf_clk (net)
                      0.067140    0.003268   25.383883 ^ _440_/CLK (sky130_fd_sc_hd__dfxtp_1)
                                 -0.250000   25.133883   clock uncertainty
                                  0.000000   25.133883   clock reconvergence pessimism
                                 -0.048954   25.084929   library setup time
                                             25.084929   data required time
---------------------------------------------------------------------------------------------
                                             25.084929   data required time
                                             -6.827466   data arrival time
---------------------------------------------------------------------------------------------
                                             18.257462   slack (MET)


Startpoint: file_denied (input port clocked by clk)
Endpoint: _472_ (rising edge-triggered flip-flop clocked by clk)
Path Group: clk
Path Type: max

Fanout         Cap        Slew       Delay        Time   Description
---------------------------------------------------------------------------------------------
                                  0.000000    0.000000   clock clk (rise edge)
                                  0.000000    0.000000   clock network delay (propagated)
                                  5.000000    5.000000 v input external delay
     1    0.002564    0.008071    0.004075    5.004075 v file_denied (in)
                                                         file_denied (net)
                      0.008073    0.000000    5.004075 v input3/A (sky130_fd_sc_hd__buf_1)
     4    0.015943    0.097699    0.128980    5.133055 v input3/X (sky130_fd_sc_hd__buf_1)
                                                         net3 (net)
                      0.097716    0.001277    5.134332 v _353_/A2 (sky130_fd_sc_hd__o41ai_1)
     1    0.007037    0.412696    0.470745    5.605077 ^ _353_/Y (sky130_fd_sc_hd__o41ai_1)
                                                         _157_ (net)
                      0.412696    0.000574    5.605651 ^ _362_/A1 (sky130_fd_sc_hd__a31o_1)
     2    0.009868    0.107182    0.248474    5.854125 ^ _362_/X (sky130_fd_sc_hd__a31o_1)
                                                         _166_ (net)
                      0.107183    0.000633    5.854758 ^ _368_/B (sky130_fd_sc_hd__xor2_1)
     1    0.002070    0.099026    0.138665    5.993423 ^ _368_/X (sky130_fd_sc_hd__xor2_1)
                                                         _172_ (net)
                      0.099026    0.000146    5.993569 ^ _369_/D (sky130_fd_sc_hd__and4_1)
     2    0.008641    0.103272    0.240685    6.234254 ^ _369_/X (sky130_fd_sc_hd__and4_1)
                                                         _173_ (net)
                      0.103273    0.000554    6.234808 ^ fanout77/A (sky130_fd_sc_hd__clkbuf_2)
    10    0.038056    0.209162    0.238835    6.473643 ^ fanout77/X (sky130_fd_sc_hd__clkbuf_2)
                                                         net77 (net)
                      0.209422    0.006045    6.479688 ^ _413_/B (sky130_fd_sc_hd__and3b_1)
     1    0.003017    0.053054    0.186830    6.666518 ^ _413_/X (sky130_fd_sc_hd__and3b_1)
                                                         _042_ (net)
                      0.053054    0.000208    6.666726 ^ _472_/D (sky130_fd_sc_hd__dfxtp_1)
                                              6.666726   data arrival time

                                 25.000000   25.000000   clock clk (rise edge)
                                  0.000000   25.000000   clock source latency
     1    0.019539    0.093422    0.064972   25.064972 ^ clk (in)
                                                         clk (net)
                      0.093474    0.000000   25.064972 ^ clkbuf_0_clk/A (sky130_fd_sc_hd__clkbuf_16)
     4    0.042376    0.061980    0.160792   25.225763 ^ clkbuf_0_clk/X (sky130_fd_sc_hd__clkbuf_16)
                                                         clknet_0_clk (net)
                      0.062068    0.001982   25.227745 ^ clkbuf_2_0__f_clk/A (sky130_fd_sc_hd__clkbuf_16)
    14    0.047716    0.066823    0.152868   25.380613 ^ clkbuf_2_0__f_clk/X (sky130_fd_sc_hd__clkbuf_16)
                                                         clknet_2_0__leaf_clk (net)
                      0.067135    0.003240   25.383854 ^ _472_/CLK (sky130_fd_sc_hd__dfxtp_1)
                                 -0.250000   25.133854   clock uncertainty
                                  0.000000   25.133854   clock reconvergence pessimism
                                 -0.052690   25.081165   library setup time
                                             25.081165   data required time
---------------------------------------------------------------------------------------------
                                             25.081165   data required time
                                             -6.666726   data arrival time
---------------------------------------------------------------------------------------------
                                             18.414438   slack (MET)


Startpoint: file_denied (input port clocked by clk)
Endpoint: _469_ (rising edge-triggered flip-flop clocked by clk)
Path Group: clk
Path Type: max

Fanout         Cap        Slew       Delay        Time   Description
---------------------------------------------------------------------------------------------
                                  0.000000    0.000000   clock clk (rise edge)
                                  0.000000    0.000000   clock network delay (propagated)
                                  5.000000    5.000000 v input external delay
     1    0.002564    0.008071    0.004075    5.004075 v file_denied (in)
                                                         file_denied (net)
                      0.008073    0.000000    5.004075 v input3/A (sky130_fd_sc_hd__buf_1)
     4    0.015943    0.097699    0.128980    5.133055 v input3/X (sky130_fd_sc_hd__buf_1)
                                                         net3 (net)
                      0.097716    0.001277    5.134332 v _353_/A2 (sky130_fd_sc_hd__o41ai_1)
     1    0.007037    0.412696    0.470745    5.605077 ^ _353_/Y (sky130_fd_sc_hd__o41ai_1)
                                                         _157_ (net)
                      0.412696    0.000574    5.605651 ^ _362_/A1 (sky130_fd_sc_hd__a31o_1)
     2    0.009868    0.107182    0.248474    5.854125 ^ _362_/X (sky130_fd_sc_hd__a31o_1)
                                                         _166_ (net)
                      0.107183    0.000633    5.854758 ^ _368_/B (sky130_fd_sc_hd__xor2_1)
     1    0.002070    0.099026    0.138665    5.993423 ^ _368_/X (sky130_fd_sc_hd__xor2_1)
                                                         _172_ (net)
                      0.099026    0.000146    5.993569 ^ _369_/D (sky130_fd_sc_hd__and4_1)
     2    0.008641    0.103272    0.240685    6.234254 ^ _369_/X (sky130_fd_sc_hd__and4_1)
                                                         _173_ (net)
                      0.103273    0.000554    6.234808 ^ fanout77/A (sky130_fd_sc_hd__clkbuf_2)
    10    0.038056    0.209162    0.238835    6.473643 ^ fanout77/X (sky130_fd_sc_hd__clkbuf_2)
                                                         net77 (net)
                      0.209390    0.005661    6.479304 ^ _404_/A (sky130_fd_sc_hd__and3_1)
     1    0.002612    0.049462    0.180052    6.659356 ^ _404_/X (sky130_fd_sc_hd__and3_1)
                                                         _039_ (net)
                      0.049462    0.000105    6.659461 ^ _469_/D (sky130_fd_sc_hd__dfxtp_1)
                                              6.659461   data arrival time

                                 25.000000   25.000000   clock clk (rise edge)
                                  0.000000   25.000000   clock source latency
     1    0.019539    0.093422    0.064972   25.064972 ^ clk (in)
                                                         clk (net)
                      0.093474    0.000000   25.064972 ^ clkbuf_0_clk/A (sky130_fd_sc_hd__clkbuf_16)
     4    0.042376    0.061980    0.160792   25.225763 ^ clkbuf_0_clk/X (sky130_fd_sc_hd__clkbuf_16)
                                                         clknet_0_clk (net)
                      0.062068    0.001982   25.227745 ^ clkbuf_2_0__f_clk/A (sky130_fd_sc_hd__clkbuf_16)
    14    0.047716    0.066823    0.152868   25.380613 ^ clkbuf_2_0__f_clk/X (sky130_fd_sc_hd__clkbuf_16)
                                                         clknet_2_0__leaf_clk (net)
                      0.066972    0.001961   25.382574 ^ _469_/CLK (sky130_fd_sc_hd__dfxtp_1)
                                 -0.250000   25.132576   clock uncertainty
                                  0.000000   25.132576   clock reconvergence pessimism
                                 -0.051887   25.080688   library setup time
                                             25.080688   data required time
---------------------------------------------------------------------------------------------
                                             25.080688   data required time
                                             -6.659461   data arrival time
---------------------------------------------------------------------------------------------
                                             18.421228   slack (MET)


Startpoint: file_denied (input port clocked by clk)
Endpoint: _470_ (rising edge-triggered flip-flop clocked by clk)
Path Group: clk
Path Type: max

Fanout         Cap        Slew       Delay        Time   Description
---------------------------------------------------------------------------------------------
                                  0.000000    0.000000   clock clk (rise edge)
                                  0.000000    0.000000   clock network delay (propagated)
                                  5.000000    5.000000 v input external delay
     1    0.002564    0.008071    0.004075    5.004075 v file_denied (in)
                                                         file_denied (net)
                      0.008073    0.000000    5.004075 v input3/A (sky130_fd_sc_hd__buf_1)
     4    0.015943    0.097699    0.128980    5.133055 v input3/X (sky130_fd_sc_hd__buf_1)
                                                         net3 (net)
                      0.097716    0.001277    5.134332 v _353_/A2 (sky130_fd_sc_hd__o41ai_1)
     1    0.007037    0.412696    0.470745    5.605077 ^ _353_/Y (sky130_fd_sc_hd__o41ai_1)
                                                         _157_ (net)
                      0.412696    0.000574    5.605651 ^ _362_/A1 (sky130_fd_sc_hd__a31o_1)
     2    0.009868    0.107182    0.248474    5.854125 ^ _362_/X (sky130_fd_sc_hd__a31o_1)
                                                         _166_ (net)
                      0.107183    0.000633    5.854758 ^ _368_/B (sky130_fd_sc_hd__xor2_1)
     1    0.002070    0.099026    0.138665    5.993423 ^ _368_/X (sky130_fd_sc_hd__xor2_1)
                                                         _172_ (net)
                      0.099026    0.000146    5.993569 ^ _369_/D (sky130_fd_sc_hd__and4_1)
     2    0.008641    0.103272    0.240685    6.234254 ^ _369_/X (sky130_fd_sc_hd__and4_1)
                                                         _173_ (net)
                      0.103273    0.000554    6.234808 ^ fanout77/A (sky130_fd_sc_hd__clkbuf_2)
    10    0.038056    0.209162    0.238835    6.473643 ^ fanout77/X (sky130_fd_sc_hd__clkbuf_2)
                                                         net77 (net)
                      0.209397    0.005744    6.479387 ^ _407_/B (sky130_fd_sc_hd__and3b_1)
     1    0.002189    0.046069    0.179281    6.658668 ^ _407_/X (sky130_fd_sc_hd__and3b_1)
                                                         _040_ (net)
                      0.046069    0.000147    6.658815 ^ _470_/D (sky130_fd_sc_hd__dfxtp_1)
                                              6.658815   data arrival time

                                 25.000000   25.000000   clock clk (rise edge)
                                  0.000000   25.000000   clock source latency
     1    0.019539    0.093422    0.064972   25.064972 ^ clk (in)
                                                         clk (net)
                      0.093474    0.000000   25.064972 ^ clkbuf_0_clk/A (sky130_fd_sc_hd__clkbuf_16)
     4    0.042376    0.061980    0.160792   25.225763 ^ clkbuf_0_clk/X (sky130_fd_sc_hd__clkbuf_16)
                                                         clknet_0_clk (net)
                      0.062068    0.001982   25.227745 ^ clkbuf_2_0__f_clk/A (sky130_fd_sc_hd__clkbuf_16)
    14    0.047716    0.066823    0.152868   25.380613 ^ clkbuf_2_0__f_clk/X (sky130_fd_sc_hd__clkbuf_16)
                                                         clknet_2_0__leaf_clk (net)
                      0.066961    0.001846   25.382460 ^ _470_/CLK (sky130_fd_sc_hd__dfxtp_1)
                                 -0.250000   25.132460   clock uncertainty
                                  0.000000   25.132460   clock reconvergence pessimism
                                 -0.051108   25.081352   library setup time
                                             25.081352   data required time
---------------------------------------------------------------------------------------------
                                             25.081352   data required time
                                             -6.658815   data arrival time
---------------------------------------------------------------------------------------------
                                             18.422537   slack (MET)


Startpoint: file_denied (input port clocked by clk)
Endpoint: _471_ (rising edge-triggered flip-flop clocked by clk)
Path Group: clk
Path Type: max

Fanout         Cap        Slew       Delay        Time   Description
---------------------------------------------------------------------------------------------
                                  0.000000    0.000000   clock clk (rise edge)
                                  0.000000    0.000000   clock network delay (propagated)
                                  5.000000    5.000000 v input external delay
     1    0.002564    0.008071    0.004075    5.004075 v file_denied (in)
                                                         file_denied (net)
                      0.008073    0.000000    5.004075 v input3/A (sky130_fd_sc_hd__buf_1)
     4    0.015943    0.097699    0.128980    5.133055 v input3/X (sky130_fd_sc_hd__buf_1)
                                                         net3 (net)
                      0.097716    0.001277    5.134332 v _353_/A2 (sky130_fd_sc_hd__o41ai_1)
     1    0.007037    0.412696    0.470745    5.605077 ^ _353_/Y (sky130_fd_sc_hd__o41ai_1)
                                                         _157_ (net)
                      0.412696    0.000574    5.605651 ^ _362_/A1 (sky130_fd_sc_hd__a31o_1)
     2    0.009868    0.107182    0.248474    5.854125 ^ _362_/X (sky130_fd_sc_hd__a31o_1)
                                                         _166_ (net)
                      0.107183    0.000633    5.854758 ^ _368_/B (sky130_fd_sc_hd__xor2_1)
     1    0.002070    0.099026    0.138665    5.993423 ^ _368_/X (sky130_fd_sc_hd__xor2_1)
                                                         _172_ (net)
                      0.099026    0.000146    5.993569 ^ _369_/D (sky130_fd_sc_hd__and4_1)
     2    0.008641    0.103272    0.240685    6.234254 ^ _369_/X (sky130_fd_sc_hd__and4_1)
                                                         _173_ (net)
                      0.103273    0.000554    6.234808 ^ fanout77/A (sky130_fd_sc_hd__clkbuf_2)
    10    0.038056    0.209162    0.238835    6.473643 ^ fanout77/X (sky130_fd_sc_hd__clkbuf_2)
                                                         net77 (net)
                      0.209431    0.006145    6.479788 ^ _410_/B (sky130_fd_sc_hd__and3b_1)
     1    0.002052    0.044975    0.178047    6.657835 ^ _410_/X (sky130_fd_sc_hd__and3b_1)
                                                         _041_ (net)
                      0.044975    0.000094    6.657929 ^ _471_/D (sky130_fd_sc_hd__dfxtp_1)
                                              6.657929   data arrival time

                                 25.000000   25.000000   clock clk (rise edge)
                                  0.000000   25.000000   clock source latency
     1    0.019539    0.093422    0.064972   25.064972 ^ clk (in)
                                                         clk (net)
                      0.093474    0.000000   25.064972 ^ clkbuf_0_clk/A (sky130_fd_sc_hd__clkbuf_16)
     4    0.042376    0.061980    0.160792   25.225763 ^ clkbuf_0_clk/X (sky130_fd_sc_hd__clkbuf_16)
                                                         clknet_0_clk (net)
                      0.062068    0.001982   25.227745 ^ clkbuf_2_0__f_clk/A (sky130_fd_sc_hd__clkbuf_16)
    14    0.047716    0.066823    0.152868   25.380613 ^ clkbuf_2_0__f_clk/X (sky130_fd_sc_hd__clkbuf_16)
                                                         clknet_2_0__leaf_clk (net)
                      0.067112    0.003082   25.383696 ^ _471_/CLK (sky130_fd_sc_hd__dfxtp_1)
                                 -0.250000   25.133698   clock uncertainty
                                  0.000000   25.133698   clock reconvergence pessimism
                                 -0.050835   25.082863   library setup time
                                             25.082863   data required time
---------------------------------------------------------------------------------------------
                                             25.082863   data required time
                                             -6.657929   data arrival time
---------------------------------------------------------------------------------------------
                                             18.424932   slack (MET)


Startpoint: file_denied (input port clocked by clk)
Endpoint: _468_ (rising edge-triggered flip-flop clocked by clk)
Path Group: clk
Path Type: max

Fanout         Cap        Slew       Delay        Time   Description
---------------------------------------------------------------------------------------------
                                  0.000000    0.000000   clock clk (rise edge)
                                  0.000000    0.000000   clock network delay (propagated)
                                  5.000000    5.000000 v input external delay
     1    0.002564    0.008071    0.004075    5.004075 v file_denied (in)
                                                         file_denied (net)
                      0.008073    0.000000    5.004075 v input3/A (sky130_fd_sc_hd__buf_1)
     4    0.015943    0.097699    0.128980    5.133055 v input3/X (sky130_fd_sc_hd__buf_1)
                                                         net3 (net)
                      0.097716    0.001277    5.134332 v _353_/A2 (sky130_fd_sc_hd__o41ai_1)
     1    0.007037    0.412696    0.470745    5.605077 ^ _353_/Y (sky130_fd_sc_hd__o41ai_1)
                                                         _157_ (net)
                      0.412696    0.000574    5.605651 ^ _362_/A1 (sky130_fd_sc_hd__a31o_1)
     2    0.009868    0.107182    0.248474    5.854125 ^ _362_/X (sky130_fd_sc_hd__a31o_1)
                                                         _166_ (net)
                      0.107183    0.000633    5.854758 ^ _368_/B (sky130_fd_sc_hd__xor2_1)
     1    0.002070    0.099026    0.138665    5.993423 ^ _368_/X (sky130_fd_sc_hd__xor2_1)
                                                         _172_ (net)
                      0.099026    0.000146    5.993569 ^ _369_/D (sky130_fd_sc_hd__and4_1)
     2    0.008641    0.103272    0.240685    6.234254 ^ _369_/X (sky130_fd_sc_hd__and4_1)
                                                         _173_ (net)
                      0.103273    0.000554    6.234808 ^ fanout77/A (sky130_fd_sc_hd__clkbuf_2)
    10    0.038056    0.209162    0.238835    6.473643 ^ fanout77/X (sky130_fd_sc_hd__clkbuf_2)
                                                         net77 (net)
                      0.209339    0.005000    6.478642 ^ _401_/C (sky130_fd_sc_hd__and3b_1)
     1    0.002088    0.045178    0.177188    6.655831 ^ _401_/X (sky130_fd_sc_hd__and3b_1)
                                                         _038_ (net)
                      0.045178    0.000095    6.655926 ^ _468_/D (sky130_fd_sc_hd__dfxtp_1)
                                              6.655926   data arrival time

                                 25.000000   25.000000   clock clk (rise edge)
                                  0.000000   25.000000   clock source latency
     1    0.019539    0.093422    0.064972   25.064972 ^ clk (in)
                                                         clk (net)
                      0.093474    0.000000   25.064972 ^ clkbuf_0_clk/A (sky130_fd_sc_hd__clkbuf_16)
     4    0.042376    0.061980    0.160792   25.225763 ^ clkbuf_0_clk/X (sky130_fd_sc_hd__clkbuf_16)
                                                         clknet_0_clk (net)
                      0.062068    0.001982   25.227745 ^ clkbuf_2_0__f_clk/A (sky130_fd_sc_hd__clkbuf_16)
    14    0.047716    0.066823    0.152868   25.380613 ^ clkbuf_2_0__f_clk/X (sky130_fd_sc_hd__clkbuf_16)
                                                         clknet_2_0__leaf_clk (net)
                      0.066940    0.001609   25.382223 ^ _468_/CLK (sky130_fd_sc_hd__dfxtp_1)
                                 -0.250000   25.132225   clock uncertainty
                                  0.000000   25.132225   clock reconvergence pessimism
                                 -0.050906   25.081318   library setup time
                                             25.081318   data required time
---------------------------------------------------------------------------------------------
                                             25.081318   data required time
                                             -6.655926   data arrival time
---------------------------------------------------------------------------------------------
                                             18.425392   slack (MET)


Startpoint: file_denied (input port clocked by clk)
Endpoint: _462_ (rising edge-triggered flip-flop clocked by clk)
Path Group: clk
Path Type: max

Fanout         Cap        Slew       Delay        Time   Description
---------------------------------------------------------------------------------------------
                                  0.000000    0.000000   clock clk (rise edge)
                                  0.000000    0.000000   clock network delay (propagated)
                                  5.000000    5.000000 v input external delay
     1    0.002564    0.008071    0.004075    5.004075 v file_denied (in)
                                                         file_denied (net)
                      0.008073    0.000000    5.004075 v input3/A (sky130_fd_sc_hd__buf_1)
     4    0.015943    0.097699    0.128980    5.133055 v input3/X (sky130_fd_sc_hd__buf_1)
                                                         net3 (net)
                      0.097716    0.001277    5.134332 v _353_/A2 (sky130_fd_sc_hd__o41ai_1)
     1    0.007037    0.412696    0.470745    5.605077 ^ _353_/Y (sky130_fd_sc_hd__o41ai_1)
                                                         _157_ (net)
                      0.412696    0.000574    5.605651 ^ _362_/A1 (sky130_fd_sc_hd__a31o_1)
     2    0.009868    0.107182    0.248474    5.854125 ^ _362_/X (sky130_fd_sc_hd__a31o_1)
                                                         _166_ (net)
                      0.107183    0.000633    5.854758 ^ _368_/B (sky130_fd_sc_hd__xor2_1)
     1    0.002070    0.099026    0.138665    5.993423 ^ _368_/X (sky130_fd_sc_hd__xor2_1)
                                                         _172_ (net)
                      0.099026    0.000146    5.993569 ^ _369_/D (sky130_fd_sc_hd__and4_1)
     2    0.008641    0.103272    0.240685    6.234254 ^ _369_/X (sky130_fd_sc_hd__and4_1)
                                                         _173_ (net)
                      0.103273    0.000554    6.234808 ^ fanout77/A (sky130_fd_sc_hd__clkbuf_2)
    10    0.038056    0.209162    0.238835    6.473643 ^ fanout77/X (sky130_fd_sc_hd__clkbuf_2)
                                                         net77 (net)
                      0.209281    0.004113    6.477757 ^ _382_/A (sky130_fd_sc_hd__and3_1)
     1    0.002480    0.048346    0.178796    6.656552 ^ _382_/X (sky130_fd_sc_hd__and3_1)
                                                         _032_ (net)
                      0.048346    0.000178    6.656730 ^ _462_/D (sky130_fd_sc_hd__dfxtp_1)
                                              6.656730   data arrival time

                                 25.000000   25.000000   clock clk (rise edge)
                                  0.000000   25.000000   clock source latency
     1    0.019539    0.093422    0.064972   25.064972 ^ clk (in)
                                                         clk (net)
                      0.093474    0.000000   25.064972 ^ clkbuf_0_clk/A (sky130_fd_sc_hd__clkbuf_16)
     4    0.042376    0.061980    0.160792   25.225763 ^ clkbuf_0_clk/X (sky130_fd_sc_hd__clkbuf_16)
                                                         clknet_0_clk (net)
                      0.062070    0.001995   25.227758 ^ clkbuf_2_1__f_clk/A (sky130_fd_sc_hd__clkbuf_16)
    14    0.049743    0.068697    0.154316   25.382074 ^ clkbuf_2_1__f_clk/X (sky130_fd_sc_hd__clkbuf_16)
                                                         clknet_2_1__leaf_clk (net)
                      0.068849    0.002027   25.384100 ^ _462_/CLK (sky130_fd_sc_hd__dfxtp_1)
                                 -0.250000   25.134102   clock uncertainty
                                  0.000000   25.134102   clock reconvergence pessimism
                                 -0.051362   25.082741   library setup time
                                             25.082741   data required time
---------------------------------------------------------------------------------------------
                                             25.082741   data required time
                                             -6.656730   data arrival time
---------------------------------------------------------------------------------------------
                                             18.426010   slack (MET)


Startpoint: file_denied (input port clocked by clk)
Endpoint: _463_ (rising edge-triggered flip-flop clocked by clk)
Path Group: clk
Path Type: max

Fanout         Cap        Slew       Delay        Time   Description
---------------------------------------------------------------------------------------------
                                  0.000000    0.000000   clock clk (rise edge)
                                  0.000000    0.000000   clock network delay (propagated)
                                  5.000000    5.000000 v input external delay
     1    0.002564    0.008071    0.004075    5.004075 v file_denied (in)
                                                         file_denied (net)
                      0.008073    0.000000    5.004075 v input3/A (sky130_fd_sc_hd__buf_1)
     4    0.015943    0.097699    0.128980    5.133055 v input3/X (sky130_fd_sc_hd__buf_1)
                                                         net3 (net)
                      0.097716    0.001277    5.134332 v _353_/A2 (sky130_fd_sc_hd__o41ai_1)
     1    0.007037    0.412696    0.470745    5.605077 ^ _353_/Y (sky130_fd_sc_hd__o41ai_1)
                                                         _157_ (net)
                      0.412696    0.000574    5.605651 ^ _362_/A1 (sky130_fd_sc_hd__a31o_1)
     2    0.009868    0.107182    0.248474    5.854125 ^ _362_/X (sky130_fd_sc_hd__a31o_1)
                                                         _166_ (net)
                      0.107183    0.000633    5.854758 ^ _368_/B (sky130_fd_sc_hd__xor2_1)
     1    0.002070    0.099026    0.138665    5.993423 ^ _368_/X (sky130_fd_sc_hd__xor2_1)
                                                         _172_ (net)
                      0.099026    0.000146    5.993569 ^ _369_/D (sky130_fd_sc_hd__and4_1)
     2    0.008641    0.103272    0.240685    6.234254 ^ _369_/X (sky130_fd_sc_hd__and4_1)
                                                         _173_ (net)
                      0.103273    0.000554    6.234808 ^ fanout77/A (sky130_fd_sc_hd__clkbuf_2)
    10    0.038056    0.209162    0.238835    6.473643 ^ fanout77/X (sky130_fd_sc_hd__clkbuf_2)
                                                         net77 (net)
                      0.209313    0.004638    6.478281 ^ _385_/C (sky130_fd_sc_hd__and3b_1)
     1    0.002153    0.045695    0.177778    6.656059 ^ _385_/X (sky130_fd_sc_hd__and3b_1)
                                                         _033_ (net)
                      0.045695    0.000098    6.656157 ^ _463_/D (sky130_fd_sc_hd__dfxtp_1)
                                              6.656157   data arrival time

                                 25.000000   25.000000   clock clk (rise edge)
                                  0.000000   25.000000   clock source latency
     1    0.019539    0.093422    0.064972   25.064972 ^ clk (in)
                                                         clk (net)
                      0.093474    0.000000   25.064972 ^ clkbuf_0_clk/A (sky130_fd_sc_hd__clkbuf_16)
     4    0.042376    0.061980    0.160792   25.225763 ^ clkbuf_0_clk/X (sky130_fd_sc_hd__clkbuf_16)
                                                         clknet_0_clk (net)
                      0.062070    0.001995   25.227758 ^ clkbuf_2_1__f_clk/A (sky130_fd_sc_hd__clkbuf_16)
    14    0.049743    0.068697    0.154316   25.382074 ^ clkbuf_2_1__f_clk/X (sky130_fd_sc_hd__clkbuf_16)
                                                         clknet_2_1__leaf_clk (net)
                      0.068855    0.002085   25.384159 ^ _463_/CLK (sky130_fd_sc_hd__dfxtp_1)
                                 -0.250000   25.134161   clock uncertainty
                                  0.000000   25.134161   clock reconvergence pessimism
                                 -0.050752   25.083408   library setup time
                                             25.083408   data required time
---------------------------------------------------------------------------------------------
                                             25.083408   data required time
                                             -6.656157   data arrival time
---------------------------------------------------------------------------------------------
                                             18.427252   slack (MET)


Startpoint: file_denied (input port clocked by clk)
Endpoint: _464_ (rising edge-triggered flip-flop clocked by clk)
Path Group: clk
Path Type: max

Fanout         Cap        Slew       Delay        Time   Description
---------------------------------------------------------------------------------------------
                                  0.000000    0.000000   clock clk (rise edge)
                                  0.000000    0.000000   clock network delay (propagated)
                                  5.000000    5.000000 v input external delay
     1    0.002564    0.008071    0.004075    5.004075 v file_denied (in)
                                                         file_denied (net)
                      0.008073    0.000000    5.004075 v input3/A (sky130_fd_sc_hd__buf_1)
     4    0.015943    0.097699    0.128980    5.133055 v input3/X (sky130_fd_sc_hd__buf_1)
                                                         net3 (net)
                      0.097716    0.001277    5.134332 v _353_/A2 (sky130_fd_sc_hd__o41ai_1)
     1    0.007037    0.412696    0.470745    5.605077 ^ _353_/Y (sky130_fd_sc_hd__o41ai_1)
                                                         _157_ (net)
                      0.412696    0.000574    5.605651 ^ _362_/A1 (sky130_fd_sc_hd__a31o_1)
     2    0.009868    0.107182    0.248474    5.854125 ^ _362_/X (sky130_fd_sc_hd__a31o_1)
                                                         _166_ (net)
                      0.107183    0.000633    5.854758 ^ _368_/B (sky130_fd_sc_hd__xor2_1)
     1    0.002070    0.099026    0.138665    5.993423 ^ _368_/X (sky130_fd_sc_hd__xor2_1)
                                                         _172_ (net)
                      0.099026    0.000146    5.993569 ^ _369_/D (sky130_fd_sc_hd__and4_1)
     2    0.008641    0.103272    0.240685    6.234254 ^ _369_/X (sky130_fd_sc_hd__and4_1)
                                                         _173_ (net)
                      0.103273    0.000554    6.234808 ^ fanout77/A (sky130_fd_sc_hd__clkbuf_2)
    10    0.038056    0.209162    0.238835    6.473643 ^ fanout77/X (sky130_fd_sc_hd__clkbuf_2)
                                                         net77 (net)
                      0.209317    0.004696    6.478339 ^ _388_/A (sky130_fd_sc_hd__and3_1)
     1    0.002113    0.045384    0.175489    6.653828 ^ _388_/X (sky130_fd_sc_hd__and3_1)
                                                         _034_ (net)
                      0.045384    0.000099    6.653926 ^ _464_/D (sky130_fd_sc_hd__dfxtp_1)
                                              6.653926   data arrival time

                                 25.000000   25.000000   clock clk (rise edge)
                                  0.000000   25.000000   clock source latency
     1    0.019539    0.093422    0.064972   25.064972 ^ clk (in)
                                                         clk (net)
                      0.093474    0.000000   25.064972 ^ clkbuf_0_clk/A (sky130_fd_sc_hd__clkbuf_16)
     4    0.042376    0.061980    0.160792   25.225763 ^ clkbuf_0_clk/X (sky130_fd_sc_hd__clkbuf_16)
                                                         clknet_0_clk (net)
                      0.062068    0.001982   25.227745 ^ clkbuf_2_0__f_clk/A (sky130_fd_sc_hd__clkbuf_16)
    14    0.047716    0.066823    0.152868   25.380613 ^ clkbuf_2_0__f_clk/X (sky130_fd_sc_hd__clkbuf_16)
                                                         clknet_2_0__leaf_clk (net)
                      0.066964    0.001879   25.382494 ^ _464_/CLK (sky130_fd_sc_hd__dfxtp_1)
                                 -0.250000   25.132494   clock uncertainty
                                  0.000000   25.132494   clock reconvergence pessimism
                                 -0.050950   25.081545   library setup time
                                             25.081545   data required time
---------------------------------------------------------------------------------------------
                                             25.081545   data required time
                                             -6.653926   data arrival time
---------------------------------------------------------------------------------------------
                                             18.427618   slack (MET)


Startpoint: reset (input port clocked by clk)
Endpoint: _433_ (rising edge-triggered flip-flop clocked by clk)
Path Group: clk
Path Type: max

Fanout         Cap        Slew       Delay        Time   Description
---------------------------------------------------------------------------------------------
                                  0.000000    0.000000   clock clk (rise edge)
                                  0.000000    0.000000   clock network delay (propagated)
                                  5.000000    5.000000 ^ input external delay
     1    0.003328    0.022027    0.012216    5.012216 ^ reset (in)
                                                         reset (net)
                      0.022028    0.000000    5.012216 ^ input11/A (sky130_fd_sc_hd__buf_1)
     4    0.018466    0.220959    0.195583    5.207799 ^ input11/X (sky130_fd_sc_hd__buf_1)
                                                         net11 (net)
                      0.220961    0.000497    5.208296 ^ fanout82/A (sky130_fd_sc_hd__buf_2)
    10    0.043030    0.212058    0.279250    5.487545 ^ fanout82/X (sky130_fd_sc_hd__buf_2)
                                                         net82 (net)
                      0.212245    0.005204    5.492750 ^ _213_/A (sky130_fd_sc_hd__inv_2)
    10    0.039287    0.109268    0.145587    5.638337 v _213_/Y (sky130_fd_sc_hd__inv_2)
                                                         _055_ (net)
                      0.109311    0.001752    5.640089 v _251_/A1 (sky130_fd_sc_hd__a41o_1)
     4    0.015048    0.091213    0.252884    5.892972 v _251_/X (sky130_fd_sc_hd__a41o_1)
                                                         _082_ (net)
                      0.091227    0.001124    5.894096 v _271_/B (sky130_fd_sc_hd__or3b_1)
     1    0.002641    0.064382    0.355195    6.249290 v _271_/X (sky130_fd_sc_hd__or3b_1)
                                                         _099_ (net)
                      0.064382    0.000124    6.249414 v _277_/A3 (sky130_fd_sc_hd__a31o_1)
     1    0.002251    0.034172    0.213249    6.462664 v _277_/X (sky130_fd_sc_hd__a31o_1)
                                                         _105_ (net)
                      0.034172    0.000089    6.462753 v _278_/A_N (sky130_fd_sc_hd__and2b_1)
     1    0.004008    0.051127    0.185132    6.647885 ^ _278_/X (sky130_fd_sc_hd__and2b_1)
                                                         _003_ (net)
                      0.051128    0.000270    6.648156 ^ _433_/D (sky130_fd_sc_hd__dfxtp_1)
                                              6.648156   data arrival time

                                 25.000000   25.000000   clock clk (rise edge)
                                  0.000000   25.000000   clock source latency
     1    0.019539    0.093422    0.064972   25.064972 ^ clk (in)
                                                         clk (net)
                      0.093474    0.000000   25.064972 ^ clkbuf_0_clk/A (sky130_fd_sc_hd__clkbuf_16)
     4    0.042376    0.061980    0.160792   25.225763 ^ clkbuf_0_clk/X (sky130_fd_sc_hd__clkbuf_16)
                                                         clknet_0_clk (net)
                      0.062041    0.001679   25.227442 ^ clkbuf_2_3__f_clk/A (sky130_fd_sc_hd__clkbuf_16)
    14    0.048485    0.067552    0.153365   25.380808 ^ clkbuf_2_3__f_clk/X (sky130_fd_sc_hd__clkbuf_16)
                                                         clknet_2_3__leaf_clk (net)
                      0.067769    0.002631   25.383438 ^ _433_/CLK (sky130_fd_sc_hd__dfxtp_1)
                                 -0.250000   25.133440   clock uncertainty
                                  0.000000   25.133440   clock reconvergence pessimism
                                 -0.052156   25.081284   library setup time
                                             25.081284   data required time
---------------------------------------------------------------------------------------------
                                             25.081284   data required time
                                             -6.648156   data arrival time
---------------------------------------------------------------------------------------------
                                             18.433128   slack (MET)


Startpoint: file_denied (input port clocked by clk)
Endpoint: _467_ (rising edge-triggered flip-flop clocked by clk)
Path Group: clk
Path Type: max

Fanout         Cap        Slew       Delay        Time   Description
---------------------------------------------------------------------------------------------
                                  0.000000    0.000000   clock clk (rise edge)
                                  0.000000    0.000000   clock network delay (propagated)
                                  5.000000    5.000000 v input external delay
     1    0.002564    0.008071    0.004075    5.004075 v file_denied (in)
                                                         file_denied (net)
                      0.008073    0.000000    5.004075 v input3/A (sky130_fd_sc_hd__buf_1)
     4    0.015943    0.097699    0.128980    5.133055 v input3/X (sky130_fd_sc_hd__buf_1)
                                                         net3 (net)
                      0.097716    0.001277    5.134332 v _353_/A2 (sky130_fd_sc_hd__o41ai_1)
     1    0.007037    0.412696    0.470745    5.605077 ^ _353_/Y (sky130_fd_sc_hd__o41ai_1)
                                                         _157_ (net)
                      0.412696    0.000574    5.605651 ^ _362_/A1 (sky130_fd_sc_hd__a31o_1)
     2    0.009868    0.107182    0.248474    5.854125 ^ _362_/X (sky130_fd_sc_hd__a31o_1)
                                                         _166_ (net)
                      0.107183    0.000633    5.854758 ^ _368_/B (sky130_fd_sc_hd__xor2_1)
     1    0.002070    0.099026    0.138665    5.993423 ^ _368_/X (sky130_fd_sc_hd__xor2_1)
                                                         _172_ (net)
                      0.099026    0.000146    5.993569 ^ _369_/D (sky130_fd_sc_hd__and4_1)
     2    0.008641    0.103272    0.240685    6.234254 ^ _369_/X (sky130_fd_sc_hd__and4_1)
                                                         _173_ (net)
                      0.103272    0.000472    6.234726 ^ fanout78/A (sky130_fd_sc_hd__buf_1)
     6    0.019159    0.229942    0.226305    6.461031 ^ fanout78/X (sky130_fd_sc_hd__buf_1)
                                                         net78 (net)
                      0.229959    0.001688    6.462719 ^ _397_/A (sky130_fd_sc_hd__and3_1)
     1    0.002083    0.045551    0.180568    6.643287 ^ _397_/X (sky130_fd_sc_hd__and3_1)
                                                         _037_ (net)
                      0.045551    0.000150    6.643436 ^ _467_/D (sky130_fd_sc_hd__dfxtp_1)
                                              6.643436   data arrival time

                                 25.000000   25.000000   clock clk (rise edge)
                                  0.000000   25.000000   clock source latency
     1    0.019539    0.093422    0.064972   25.064972 ^ clk (in)
                                                         clk (net)
                      0.093474    0.000000   25.064972 ^ clkbuf_0_clk/A (sky130_fd_sc_hd__clkbuf_16)
     4    0.042376    0.061980    0.160792   25.225763 ^ clkbuf_0_clk/X (sky130_fd_sc_hd__clkbuf_16)
                                                         clknet_0_clk (net)
                      0.062070    0.001995   25.227758 ^ clkbuf_2_1__f_clk/A (sky130_fd_sc_hd__clkbuf_16)
    14    0.049743    0.068697    0.154316   25.382074 ^ clkbuf_2_1__f_clk/X (sky130_fd_sc_hd__clkbuf_16)
                                                         clknet_2_1__leaf_clk (net)
                      0.068805    0.001517   25.383591 ^ _467_/CLK (sky130_fd_sc_hd__dfxtp_1)
                                 -0.250000   25.133593   clock uncertainty
                                  0.000000   25.133593   clock reconvergence pessimism
                                 -0.050726   25.082867   library setup time
                                             25.082867   data required time
---------------------------------------------------------------------------------------------
                                             25.082867   data required time
                                             -6.643436   data arrival time
---------------------------------------------------------------------------------------------
                                             18.439430   slack (MET)


Startpoint: file_denied (input port clocked by clk)
Endpoint: _466_ (rising edge-triggered flip-flop clocked by clk)
Path Group: clk
Path Type: max

Fanout         Cap        Slew       Delay        Time   Description
---------------------------------------------------------------------------------------------
                                  0.000000    0.000000   clock clk (rise edge)
                                  0.000000    0.000000   clock network delay (propagated)
                                  5.000000    5.000000 v input external delay
     1    0.002564    0.008071    0.004075    5.004075 v file_denied (in)
                                                         file_denied (net)
                      0.008073    0.000000    5.004075 v input3/A (sky130_fd_sc_hd__buf_1)
     4    0.015943    0.097699    0.128980    5.133055 v input3/X (sky130_fd_sc_hd__buf_1)
                                                         net3 (net)
                      0.097716    0.001277    5.134332 v _353_/A2 (sky130_fd_sc_hd__o41ai_1)
     1    0.007037    0.412696    0.470745    5.605077 ^ _353_/Y (sky130_fd_sc_hd__o41ai_1)
                                                         _157_ (net)
                      0.412696    0.000574    5.605651 ^ _362_/A1 (sky130_fd_sc_hd__a31o_1)
     2    0.009868    0.107182    0.248474    5.854125 ^ _362_/X (sky130_fd_sc_hd__a31o_1)
                                                         _166_ (net)
                      0.107183    0.000633    5.854758 ^ _368_/B (sky130_fd_sc_hd__xor2_1)
     1    0.002070    0.099026    0.138665    5.993423 ^ _368_/X (sky130_fd_sc_hd__xor2_1)
                                                         _172_ (net)
                      0.099026    0.000146    5.993569 ^ _369_/D (sky130_fd_sc_hd__and4_1)
     2    0.008641    0.103272    0.240685    6.234254 ^ _369_/X (sky130_fd_sc_hd__and4_1)
                                                         _173_ (net)
                      0.103272    0.000472    6.234726 ^ fanout78/A (sky130_fd_sc_hd__buf_1)
     6    0.019159    0.229942    0.226305    6.461031 ^ fanout78/X (sky130_fd_sc_hd__buf_1)
                                                         net78 (net)
                      0.229958    0.001629    6.462660 ^ _394_/A (sky130_fd_sc_hd__and3_1)
     1    0.002089    0.045602    0.180631    6.643291 ^ _394_/X (sky130_fd_sc_hd__and3_1)
                                                         _036_ (net)
                      0.045602    0.000144    6.643435 ^ _466_/D (sky130_fd_sc_hd__dfxtp_1)
                                              6.643435   data arrival time

                                 25.000000   25.000000   clock clk (rise edge)
                                  0.000000   25.000000   clock source latency
     1    0.019539    0.093422    0.064972   25.064972 ^ clk (in)
                                                         clk (net)
                      0.093474    0.000000   25.064972 ^ clkbuf_0_clk/A (sky130_fd_sc_hd__clkbuf_16)
     4    0.042376    0.061980    0.160792   25.225763 ^ clkbuf_0_clk/X (sky130_fd_sc_hd__clkbuf_16)
                                                         clknet_0_clk (net)
                      0.062070    0.001995   25.227758 ^ clkbuf_2_1__f_clk/A (sky130_fd_sc_hd__clkbuf_16)
    14    0.049743    0.068697    0.154316   25.382074 ^ clkbuf_2_1__f_clk/X (sky130_fd_sc_hd__clkbuf_16)
                                                         clknet_2_1__leaf_clk (net)
                      0.069048    0.003533   25.385607 ^ _466_/CLK (sky130_fd_sc_hd__dfxtp_1)
                                 -0.250000   25.135609   clock uncertainty
                                  0.000000   25.135609   clock reconvergence pessimism
                                 -0.050703   25.084906   library setup time
                                             25.084906   data required time
---------------------------------------------------------------------------------------------
                                             25.084906   data required time
                                             -6.643435   data arrival time
---------------------------------------------------------------------------------------------
                                             18.441471   slack (MET)


Startpoint: file_denied (input port clocked by clk)
Endpoint: _461_ (rising edge-triggered flip-flop clocked by clk)
Path Group: clk
Path Type: max

Fanout         Cap        Slew       Delay        Time   Description
---------------------------------------------------------------------------------------------
                                  0.000000    0.000000   clock clk (rise edge)
                                  0.000000    0.000000   clock network delay (propagated)
                                  5.000000    5.000000 v input external delay
     1    0.002564    0.008071    0.004075    5.004075 v file_denied (in)
                                                         file_denied (net)
                      0.008073    0.000000    5.004075 v input3/A (sky130_fd_sc_hd__buf_1)
     4    0.015943    0.097699    0.128980    5.133055 v input3/X (sky130_fd_sc_hd__buf_1)
                                                         net3 (net)
                      0.097716    0.001277    5.134332 v _353_/A2 (sky130_fd_sc_hd__o41ai_1)
     1    0.007037    0.412696    0.470745    5.605077 ^ _353_/Y (sky130_fd_sc_hd__o41ai_1)
                                                         _157_ (net)
                      0.412696    0.000574    5.605651 ^ _362_/A1 (sky130_fd_sc_hd__a31o_1)
     2    0.009868    0.107182    0.248474    5.854125 ^ _362_/X (sky130_fd_sc_hd__a31o_1)
                                                         _166_ (net)
                      0.107183    0.000633    5.854758 ^ _368_/B (sky130_fd_sc_hd__xor2_1)
     1    0.002070    0.099026    0.138665    5.993423 ^ _368_/X (sky130_fd_sc_hd__xor2_1)
                                                         _172_ (net)
                      0.099026    0.000146    5.993569 ^ _369_/D (sky130_fd_sc_hd__and4_1)
     2    0.008641    0.103272    0.240685    6.234254 ^ _369_/X (sky130_fd_sc_hd__and4_1)
                                                         _173_ (net)
                      0.103272    0.000472    6.234726 ^ fanout78/A (sky130_fd_sc_hd__buf_1)
     6    0.019159    0.229942    0.226305    6.461031 ^ fanout78/X (sky130_fd_sc_hd__buf_1)
                                                         net78 (net)
                      0.229950    0.001185    6.462216 ^ _379_/C (sky130_fd_sc_hd__and3b_1)
     1    0.001984    0.044678    0.179992    6.642208 ^ _379_/X (sky130_fd_sc_hd__and3b_1)
                                                         _031_ (net)
                      0.044678    0.000089    6.642298 ^ _461_/D (sky130_fd_sc_hd__dfxtp_1)
                                              6.642298   data arrival time

                                 25.000000   25.000000   clock clk (rise edge)
                                  0.000000   25.000000   clock source latency
     1    0.019539    0.093422    0.064972   25.064972 ^ clk (in)
                                                         clk (net)
                      0.093474    0.000000   25.064972 ^ clkbuf_0_clk/A (sky130_fd_sc_hd__clkbuf_16)
     4    0.042376    0.061980    0.160792   25.225763 ^ clkbuf_0_clk/X (sky130_fd_sc_hd__clkbuf_16)
                                                         clknet_0_clk (net)
                      0.062070    0.001995   25.227758 ^ clkbuf_2_1__f_clk/A (sky130_fd_sc_hd__clkbuf_16)
    14    0.049743    0.068697    0.154316   25.382074 ^ clkbuf_2_1__f_clk/X (sky130_fd_sc_hd__clkbuf_16)
                                                         clknet_2_1__leaf_clk (net)
                      0.068932    0.002743   25.384817 ^ _461_/CLK (sky130_fd_sc_hd__dfxtp_1)
                                 -0.250000   25.134817   clock uncertainty
                                  0.000000   25.134817   clock reconvergence pessimism
                                 -0.050507   25.084311   library setup time
                                             25.084311   data required time
---------------------------------------------------------------------------------------------
                                             25.084311   data required time
                                             -6.642298   data arrival time
---------------------------------------------------------------------------------------------
                                             18.442013   slack (MET)


Startpoint: file_denied (input port clocked by clk)
Endpoint: _459_ (rising edge-triggered flip-flop clocked by clk)
Path Group: clk
Path Type: max

Fanout         Cap        Slew       Delay        Time   Description
---------------------------------------------------------------------------------------------
                                  0.000000    0.000000   clock clk (rise edge)
                                  0.000000    0.000000   clock network delay (propagated)
                                  5.000000    5.000000 v input external delay
     1    0.002564    0.008071    0.004075    5.004075 v file_denied (in)
                                                         file_denied (net)
                      0.008073    0.000000    5.004075 v input3/A (sky130_fd_sc_hd__buf_1)
     4    0.015943    0.097699    0.128980    5.133055 v input3/X (sky130_fd_sc_hd__buf_1)
                                                         net3 (net)
                      0.097716    0.001277    5.134332 v _353_/A2 (sky130_fd_sc_hd__o41ai_1)
     1    0.007037    0.412696    0.470745    5.605077 ^ _353_/Y (sky130_fd_sc_hd__o41ai_1)
                                                         _157_ (net)
                      0.412696    0.000574    5.605651 ^ _362_/A1 (sky130_fd_sc_hd__a31o_1)
     2    0.009868    0.107182    0.248474    5.854125 ^ _362_/X (sky130_fd_sc_hd__a31o_1)
                                                         _166_ (net)
                      0.107183    0.000633    5.854758 ^ _368_/B (sky130_fd_sc_hd__xor2_1)
     1    0.002070    0.099026    0.138665    5.993423 ^ _368_/X (sky130_fd_sc_hd__xor2_1)
                                                         _172_ (net)
                      0.099026    0.000146    5.993569 ^ _369_/D (sky130_fd_sc_hd__and4_1)
     2    0.008641    0.103272    0.240685    6.234254 ^ _369_/X (sky130_fd_sc_hd__and4_1)
                                                         _173_ (net)
                      0.103272    0.000472    6.234726 ^ fanout78/A (sky130_fd_sc_hd__buf_1)
     6    0.019159    0.229942    0.226305    6.461031 ^ fanout78/X (sky130_fd_sc_hd__buf_1)
                                                         net78 (net)
                      0.229956    0.001535    6.462566 ^ _373_/A (sky130_fd_sc_hd__and3_1)
     1    0.002021    0.045064    0.180020    6.642587 ^ _373_/X (sky130_fd_sc_hd__and3_1)
                                                         _029_ (net)
                      0.045064    0.000092    6.642679 ^ _459_/D (sky130_fd_sc_hd__dfxtp_1)
                                              6.642679   data arrival time

                                 25.000000   25.000000   clock clk (rise edge)
                                  0.000000   25.000000   clock source latency
     1    0.019539    0.093422    0.064972   25.064972 ^ clk (in)
                                                         clk (net)
                      0.093474    0.000000   25.064972 ^ clkbuf_0_clk/A (sky130_fd_sc_hd__clkbuf_16)
     4    0.042376    0.061980    0.160792   25.225763 ^ clkbuf_0_clk/X (sky130_fd_sc_hd__clkbuf_16)
                                                         clknet_0_clk (net)
                      0.062070    0.001995   25.227758 ^ clkbuf_2_1__f_clk/A (sky130_fd_sc_hd__clkbuf_16)
    14    0.049743    0.068697    0.154316   25.382074 ^ clkbuf_2_1__f_clk/X (sky130_fd_sc_hd__clkbuf_16)
                                                         clknet_2_1__leaf_clk (net)
                      0.069000    0.003228   25.385302 ^ _459_/CLK (sky130_fd_sc_hd__dfxtp_1)
                                 -0.250000   25.135303   clock uncertainty
                                  0.000000   25.135303   clock reconvergence pessimism
                                 -0.050586   25.084717   library setup time
                                             25.084717   data required time
---------------------------------------------------------------------------------------------
                                             25.084717   data required time
                                             -6.642679   data arrival time
---------------------------------------------------------------------------------------------
                                             18.442038   slack (MET)


Startpoint: file_denied (input port clocked by clk)
Endpoint: _465_ (rising edge-triggered flip-flop clocked by clk)
Path Group: clk
Path Type: max

Fanout         Cap        Slew       Delay        Time   Description
---------------------------------------------------------------------------------------------
                                  0.000000    0.000000   clock clk (rise edge)
                                  0.000000    0.000000   clock network delay (propagated)
                                  5.000000    5.000000 v input external delay
     1    0.002564    0.008071    0.004075    5.004075 v file_denied (in)
                                                         file_denied (net)
                      0.008073    0.000000    5.004075 v input3/A (sky130_fd_sc_hd__buf_1)
     4    0.015943    0.097699    0.128980    5.133055 v input3/X (sky130_fd_sc_hd__buf_1)
                                                         net3 (net)
                      0.097716    0.001277    5.134332 v _353_/A2 (sky130_fd_sc_hd__o41ai_1)
     1    0.007037    0.412696    0.470745    5.605077 ^ _353_/Y (sky130_fd_sc_hd__o41ai_1)
                                                         _157_ (net)
                      0.412696    0.000574    5.605651 ^ _362_/A1 (sky130_fd_sc_hd__a31o_1)
     2    0.009868    0.107182    0.248474    5.854125 ^ _362_/X (sky130_fd_sc_hd__a31o_1)
                                                         _166_ (net)
                      0.107183    0.000633    5.854758 ^ _368_/B (sky130_fd_sc_hd__xor2_1)
     1    0.002070    0.099026    0.138665    5.993423 ^ _368_/X (sky130_fd_sc_hd__xor2_1)
                                                         _172_ (net)
                      0.099026    0.000146    5.993569 ^ _369_/D (sky130_fd_sc_hd__and4_1)
     2    0.008641    0.103272    0.240685    6.234254 ^ _369_/X (sky130_fd_sc_hd__and4_1)
                                                         _173_ (net)
                      0.103272    0.000472    6.234726 ^ fanout78/A (sky130_fd_sc_hd__buf_1)
     6    0.019159    0.229942    0.226305    6.461031 ^ fanout78/X (sky130_fd_sc_hd__buf_1)
                                                         net78 (net)
                      0.229959    0.001686    6.462717 ^ _391_/C (sky130_fd_sc_hd__and3b_1)
     1    0.001979    0.044640    0.179932    6.642649 ^ _391_/X (sky130_fd_sc_hd__and3b_1)
                                                         _035_ (net)
                      0.044640    0.000141    6.642790 ^ _465_/D (sky130_fd_sc_hd__dfxtp_1)
                                              6.642790   data arrival time

                                 25.000000   25.000000   clock clk (rise edge)
                                  0.000000   25.000000   clock source latency
     1    0.019539    0.093422    0.064972   25.064972 ^ clk (in)
                                                         clk (net)
                      0.093474    0.000000   25.064972 ^ clkbuf_0_clk/A (sky130_fd_sc_hd__clkbuf_16)
     4    0.042376    0.061980    0.160792   25.225763 ^ clkbuf_0_clk/X (sky130_fd_sc_hd__clkbuf_16)
                                                         clknet_0_clk (net)
                      0.062070    0.001995   25.227758 ^ clkbuf_2_1__f_clk/A (sky130_fd_sc_hd__clkbuf_16)
    14    0.049743    0.068697    0.154316   25.382074 ^ clkbuf_2_1__f_clk/X (sky130_fd_sc_hd__clkbuf_16)
                                                         clknet_2_1__leaf_clk (net)
                      0.069062    0.003617   25.385691 ^ _465_/CLK (sky130_fd_sc_hd__dfxtp_1)
                                 -0.250000   25.135691   clock uncertainty
                                  0.000000   25.135691   clock reconvergence pessimism
                                 -0.050480   25.085211   library setup time
                                             25.085211   data required time
---------------------------------------------------------------------------------------------
                                             25.085211   data required time
                                             -6.642790   data arrival time
---------------------------------------------------------------------------------------------
                                             18.442421   slack (MET)


Startpoint: file_denied (input port clocked by clk)
Endpoint: _460_ (rising edge-triggered flip-flop clocked by clk)
Path Group: clk
Path Type: max

Fanout         Cap        Slew       Delay        Time   Description
---------------------------------------------------------------------------------------------
                                  0.000000    0.000000   clock clk (rise edge)
                                  0.000000    0.000000   clock network delay (propagated)
                                  5.000000    5.000000 v input external delay
     1    0.002564    0.008071    0.004075    5.004075 v file_denied (in)
                                                         file_denied (net)
                      0.008073    0.000000    5.004075 v input3/A (sky130_fd_sc_hd__buf_1)
     4    0.015943    0.097699    0.128980    5.133055 v input3/X (sky130_fd_sc_hd__buf_1)
                                                         net3 (net)
                      0.097716    0.001277    5.134332 v _353_/A2 (sky130_fd_sc_hd__o41ai_1)
     1    0.007037    0.412696    0.470745    5.605077 ^ _353_/Y (sky130_fd_sc_hd__o41ai_1)
                                                         _157_ (net)
                      0.412696    0.000574    5.605651 ^ _362_/A1 (sky130_fd_sc_hd__a31o_1)
     2    0.009868    0.107182    0.248474    5.854125 ^ _362_/X (sky130_fd_sc_hd__a31o_1)
                                                         _166_ (net)
                      0.107183    0.000633    5.854758 ^ _368_/B (sky130_fd_sc_hd__xor2_1)
     1    0.002070    0.099026    0.138665    5.993423 ^ _368_/X (sky130_fd_sc_hd__xor2_1)
                                                         _172_ (net)
                      0.099026    0.000146    5.993569 ^ _369_/D (sky130_fd_sc_hd__and4_1)
     2    0.008641    0.103272    0.240685    6.234254 ^ _369_/X (sky130_fd_sc_hd__and4_1)
                                                         _173_ (net)
                      0.103272    0.000472    6.234726 ^ fanout78/A (sky130_fd_sc_hd__buf_1)
     6    0.019159    0.229942    0.226305    6.461031 ^ fanout78/X (sky130_fd_sc_hd__buf_1)
                                                         net78 (net)
                      0.229951    0.001248    6.462279 ^ _376_/A (sky130_fd_sc_hd__and3_1)
     1    0.001964    0.044617    0.179485    6.641764 ^ _376_/X (sky130_fd_sc_hd__and3_1)
                                                         _030_ (net)
                      0.044617    0.000140    6.641904 ^ _460_/D (sky130_fd_sc_hd__dfxtp_1)
                                              6.641904   data arrival time

                                 25.000000   25.000000   clock clk (rise edge)
                                  0.000000   25.000000   clock source latency
     1    0.019539    0.093422    0.064972   25.064972 ^ clk (in)
                                                         clk (net)
                      0.093474    0.000000   25.064972 ^ clkbuf_0_clk/A (sky130_fd_sc_hd__clkbuf_16)
     4    0.042376    0.061980    0.160792   25.225763 ^ clkbuf_0_clk/X (sky130_fd_sc_hd__clkbuf_16)
                                                         clknet_0_clk (net)
                      0.062070    0.001995   25.227758 ^ clkbuf_2_1__f_clk/A (sky130_fd_sc_hd__clkbuf_16)
    14    0.049743    0.068697    0.154316   25.382074 ^ clkbuf_2_1__f_clk/X (sky130_fd_sc_hd__clkbuf_16)
                                                         clknet_2_1__leaf_clk (net)
                      0.069014    0.003318   25.385393 ^ _460_/CLK (sky130_fd_sc_hd__dfxtp_1)
                                 -0.250000   25.135393   clock uncertainty
                                  0.000000   25.135393   clock reconvergence pessimism
                                 -0.050481   25.084911   library setup time
                                             25.084911   data required time
---------------------------------------------------------------------------------------------
                                             25.084911   data required time
                                             -6.641904   data arrival time
---------------------------------------------------------------------------------------------
                                             18.443008   slack (MET)


Startpoint: file_denied (input port clocked by clk)
Endpoint: _473_ (rising edge-triggered flip-flop clocked by clk)
Path Group: clk
Path Type: max

Fanout         Cap        Slew       Delay        Time   Description
---------------------------------------------------------------------------------------------
                                  0.000000    0.000000   clock clk (rise edge)
                                  0.000000    0.000000   clock network delay (propagated)
                                  5.000000    5.000000 v input external delay
     1    0.002564    0.008071    0.004075    5.004075 v file_denied (in)
                                                         file_denied (net)
                      0.008073    0.000000    5.004075 v input3/A (sky130_fd_sc_hd__buf_1)
     4    0.015943    0.097699    0.128980    5.133055 v input3/X (sky130_fd_sc_hd__buf_1)
                                                         net3 (net)
                      0.097716    0.001277    5.134332 v _353_/A2 (sky130_fd_sc_hd__o41ai_1)
     1    0.007037    0.412696    0.470745    5.605077 ^ _353_/Y (sky130_fd_sc_hd__o41ai_1)
                                                         _157_ (net)
                      0.412696    0.000574    5.605651 ^ _362_/A1 (sky130_fd_sc_hd__a31o_1)
     2    0.009868    0.107182    0.248474    5.854125 ^ _362_/X (sky130_fd_sc_hd__a31o_1)
                                                         _166_ (net)
                      0.107183    0.000633    5.854758 ^ _368_/B (sky130_fd_sc_hd__xor2_1)
     1    0.002070    0.099026    0.138665    5.993423 ^ _368_/X (sky130_fd_sc_hd__xor2_1)
                                                         _172_ (net)
                      0.099026    0.000146    5.993569 ^ _369_/D (sky130_fd_sc_hd__and4_1)
     2    0.008641    0.103272    0.240685    6.234254 ^ _369_/X (sky130_fd_sc_hd__and4_1)
                                                         _173_ (net)
                      0.103273    0.000554    6.234808 ^ fanout77/A (sky130_fd_sc_hd__clkbuf_2)
    10    0.038056    0.209162    0.238835    6.473643 ^ fanout77/X (sky130_fd_sc_hd__clkbuf_2)
                                                         net77 (net)
                      0.209405    0.005840    6.479483 ^ _415_/A (sky130_fd_sc_hd__and2_1)
     1    0.002164    0.043360    0.151005    6.630488 ^ _415_/X (sky130_fd_sc_hd__and2_1)
                                                         _043_ (net)
                      0.043360    0.000157    6.630645 ^ _473_/D (sky130_fd_sc_hd__dfxtp_1)
                                              6.630645   data arrival time

                                 25.000000   25.000000   clock clk (rise edge)
                                  0.000000   25.000000   clock source latency
     1    0.019539    0.093422    0.064972   25.064972 ^ clk (in)
                                                         clk (net)
                      0.093474    0.000000   25.064972 ^ clkbuf_0_clk/A (sky130_fd_sc_hd__clkbuf_16)
     4    0.042376    0.061980    0.160792   25.225763 ^ clkbuf_0_clk/X (sky130_fd_sc_hd__clkbuf_16)
                                                         clknet_0_clk (net)
                      0.062068    0.001982   25.227745 ^ clkbuf_2_0__f_clk/A (sky130_fd_sc_hd__clkbuf_16)
    14    0.047716    0.066823    0.152868   25.380613 ^ clkbuf_2_0__f_clk/X (sky130_fd_sc_hd__clkbuf_16)
                                                         clknet_2_0__leaf_clk (net)
                      0.067092    0.002943   25.383556 ^ _473_/CLK (sky130_fd_sc_hd__dfxtp_1)
                                 -0.250000   25.133558   clock uncertainty
                                  0.000000   25.133558   clock reconvergence pessimism
                                 -0.050466   25.083092   library setup time
                                             25.083092   data required time
---------------------------------------------------------------------------------------------
                                             25.083092   data required time
                                             -6.630645   data arrival time
---------------------------------------------------------------------------------------------
                                             18.452448   slack (MET)


Startpoint: file_denied (input port clocked by clk)
Endpoint: _458_ (rising edge-triggered flip-flop clocked by clk)
Path Group: clk
Path Type: max

Fanout         Cap        Slew       Delay        Time   Description
---------------------------------------------------------------------------------------------
                                  0.000000    0.000000   clock clk (rise edge)
                                  0.000000    0.000000   clock network delay (propagated)
                                  5.000000    5.000000 v input external delay
     1    0.002564    0.008071    0.004075    5.004075 v file_denied (in)
                                                         file_denied (net)
                      0.008073    0.000000    5.004075 v input3/A (sky130_fd_sc_hd__buf_1)
     4    0.015943    0.097699    0.128980    5.133055 v input3/X (sky130_fd_sc_hd__buf_1)
                                                         net3 (net)
                      0.097716    0.001277    5.134332 v _353_/A2 (sky130_fd_sc_hd__o41ai_1)
     1    0.007037    0.412696    0.470745    5.605077 ^ _353_/Y (sky130_fd_sc_hd__o41ai_1)
                                                         _157_ (net)
                      0.412696    0.000574    5.605651 ^ _362_/A1 (sky130_fd_sc_hd__a31o_1)
     2    0.009868    0.107182    0.248474    5.854125 ^ _362_/X (sky130_fd_sc_hd__a31o_1)
                                                         _166_ (net)
                      0.107183    0.000633    5.854758 ^ _368_/B (sky130_fd_sc_hd__xor2_1)
     1    0.002070    0.099026    0.138665    5.993423 ^ _368_/X (sky130_fd_sc_hd__xor2_1)
                                                         _172_ (net)
                      0.099026    0.000146    5.993569 ^ _369_/D (sky130_fd_sc_hd__and4_1)
     2    0.008641    0.103272    0.240685    6.234254 ^ _369_/X (sky130_fd_sc_hd__and4_1)
                                                         _173_ (net)
                      0.103273    0.000554    6.234808 ^ fanout77/A (sky130_fd_sc_hd__clkbuf_2)
    10    0.038056    0.209162    0.238835    6.473643 ^ fanout77/X (sky130_fd_sc_hd__clkbuf_2)
                                                         net77 (net)
                      0.209198    0.002299    6.475943 ^ _370_/B (sky130_fd_sc_hd__and2b_1)
     1    0.002769    0.042961    0.150547    6.626489 ^ _370_/X (sky130_fd_sc_hd__and2b_1)
                                                         _028_ (net)
                      0.042966    0.000181    6.626670 ^ _458_/D (sky130_fd_sc_hd__dfxtp_1)
                                              6.626670   data arrival time

                                 25.000000   25.000000   clock clk (rise edge)
                                  0.000000   25.000000   clock source latency
     1    0.019539    0.093422    0.064972   25.064972 ^ clk (in)
                                                         clk (net)
                      0.093474    0.000000   25.064972 ^ clkbuf_0_clk/A (sky130_fd_sc_hd__clkbuf_16)
     4    0.042376    0.061980    0.160792   25.225763 ^ clkbuf_0_clk/X (sky130_fd_sc_hd__clkbuf_16)
                                                         clknet_0_clk (net)
                      0.062070    0.001995   25.227758 ^ clkbuf_2_1__f_clk/A (sky130_fd_sc_hd__clkbuf_16)
    14    0.049743    0.068697    0.154316   25.382074 ^ clkbuf_2_1__f_clk/X (sky130_fd_sc_hd__clkbuf_16)
                                                         clknet_2_1__leaf_clk (net)
                      0.068951    0.002887   25.384960 ^ _458_/CLK (sky130_fd_sc_hd__dfxtp_1)
                                 -0.250000   25.134962   clock uncertainty
                                  0.000000   25.134962   clock reconvergence pessimism
                                 -0.050111   25.084850   library setup time
                                             25.084850   data required time
---------------------------------------------------------------------------------------------
                                             25.084850   data required time
                                             -6.626670   data arrival time
---------------------------------------------------------------------------------------------
                                             18.458181   slack (MET)


Startpoint: reset (input port clocked by clk)
Endpoint: _436_ (rising edge-triggered flip-flop clocked by clk)
Path Group: clk
Path Type: max

Fanout         Cap        Slew       Delay        Time   Description
---------------------------------------------------------------------------------------------
                                  0.000000    0.000000   clock clk (rise edge)
                                  0.000000    0.000000   clock network delay (propagated)
                                  5.000000    5.000000 v input external delay
     1    0.003152    0.009436    0.005072    5.005073 v reset (in)
                                                         reset (net)
                      0.009439    0.000000    5.005073 v input11/A (sky130_fd_sc_hd__buf_1)
     4    0.017408    0.105798    0.135792    5.140865 v input11/X (sky130_fd_sc_hd__buf_1)
                                                         net11 (net)
                      0.105798    0.000468    5.141333 v fanout82/A (sky130_fd_sc_hd__buf_2)
    10    0.040372    0.100331    0.215603    5.356935 v fanout82/X (sky130_fd_sc_hd__buf_2)
                                                         net82 (net)
                      0.100577    0.003647    5.360582 v _283_/C1 (sky130_fd_sc_hd__a221o_1)
     1    0.004278    0.059933    0.284145    5.644727 v _283_/X (sky130_fd_sc_hd__a221o_1)
                                                         _110_ (net)
                      0.059933    0.000155    5.644883 v _287_/B (sky130_fd_sc_hd__or3b_2)
     5    0.026582    0.148697    0.543152    6.188034 v _287_/X (sky130_fd_sc_hd__or3b_2)
                                                         _113_ (net)
                      0.148767    0.003020    6.191054 v fanout80/A (sky130_fd_sc_hd__buf_2)
    10    0.044804    0.109915    0.242477    6.433531 v fanout80/X (sky130_fd_sc_hd__buf_2)
                                                         net80 (net)
                      0.110366    0.005390    6.438921 v _301_/B1 (sky130_fd_sc_hd__a21oi_1)
     1    0.003059    0.109231    0.137865    6.576787 ^ _301_/Y (sky130_fd_sc_hd__a21oi_1)
                                                         _006_ (net)
                      0.109231    0.000183    6.576970 ^ _436_/D (sky130_fd_sc_hd__dfxtp_1)
                                              6.576970   data arrival time

                                 25.000000   25.000000   clock clk (rise edge)
                                  0.000000   25.000000   clock source latency
     1    0.019539    0.093422    0.064972   25.064972 ^ clk (in)
                                                         clk (net)
                      0.093474    0.000000   25.064972 ^ clkbuf_0_clk/A (sky130_fd_sc_hd__clkbuf_16)
     4    0.042376    0.061980    0.160792   25.225763 ^ clkbuf_0_clk/X (sky130_fd_sc_hd__clkbuf_16)
                                                         clknet_0_clk (net)
                      0.062042    0.001695   25.227459 ^ clkbuf_2_2__f_clk/A (sky130_fd_sc_hd__clkbuf_16)
    13    0.047334    0.066475    0.152612   25.380070 ^ clkbuf_2_2__f_clk/X (sky130_fd_sc_hd__clkbuf_16)
                                                         clknet_2_2__leaf_clk (net)
                      0.066778    0.003196   25.383266 ^ _436_/CLK (sky130_fd_sc_hd__dfxtp_1)
                                 -0.250000   25.133266   clock uncertainty
                                  0.000000   25.133266   clock reconvergence pessimism
                                 -0.065663   25.067604   library setup time
                                             25.067604   data required time
---------------------------------------------------------------------------------------------
                                             25.067604   data required time
                                             -6.576970   data arrival time
---------------------------------------------------------------------------------------------
                                             18.490633   slack (MET)


Startpoint: reset (input port clocked by clk)
Endpoint: _435_ (rising edge-triggered flip-flop clocked by clk)
Path Group: clk
Path Type: max

Fanout         Cap        Slew       Delay        Time   Description
---------------------------------------------------------------------------------------------
                                  0.000000    0.000000   clock clk (rise edge)
                                  0.000000    0.000000   clock network delay (propagated)
                                  5.000000    5.000000 v input external delay
     1    0.003152    0.009436    0.005072    5.005073 v reset (in)
                                                         reset (net)
                      0.009439    0.000000    5.005073 v input11/A (sky130_fd_sc_hd__buf_1)
     4    0.017408    0.105798    0.135792    5.140865 v input11/X (sky130_fd_sc_hd__buf_1)
                                                         net11 (net)
                      0.105798    0.000468    5.141333 v fanout82/A (sky130_fd_sc_hd__buf_2)
    10    0.040372    0.100331    0.215603    5.356935 v fanout82/X (sky130_fd_sc_hd__buf_2)
                                                         net82 (net)
                      0.100577    0.003647    5.360582 v _283_/C1 (sky130_fd_sc_hd__a221o_1)
     1    0.004278    0.059933    0.284145    5.644727 v _283_/X (sky130_fd_sc_hd__a221o_1)
                                                         _110_ (net)
                      0.059933    0.000155    5.644883 v _287_/B (sky130_fd_sc_hd__or3b_2)
     5    0.026582    0.148697    0.543152    6.188034 v _287_/X (sky130_fd_sc_hd__or3b_2)
                                                         _113_ (net)
                      0.148767    0.003020    6.191054 v fanout80/A (sky130_fd_sc_hd__buf_2)
    10    0.044804    0.109915    0.242477    6.433531 v fanout80/X (sky130_fd_sc_hd__buf_2)
                                                         net80 (net)
                      0.110361    0.005355    6.438886 v _298_/B1 (sky130_fd_sc_hd__a21oi_1)
     1    0.002305    0.096072    0.127111    6.565997 ^ _298_/Y (sky130_fd_sc_hd__a21oi_1)
                                                         _005_ (net)
                      0.096072    0.000165    6.566162 ^ _435_/D (sky130_fd_sc_hd__dfxtp_1)
                                              6.566162   data arrival time

                                 25.000000   25.000000   clock clk (rise edge)
                                  0.000000   25.000000   clock source latency
     1    0.019539    0.093422    0.064972   25.064972 ^ clk (in)
                                                         clk (net)
                      0.093474    0.000000   25.064972 ^ clkbuf_0_clk/A (sky130_fd_sc_hd__clkbuf_16)
     4    0.042376    0.061980    0.160792   25.225763 ^ clkbuf_0_clk/X (sky130_fd_sc_hd__clkbuf_16)
                                                         clknet_0_clk (net)
                      0.062068    0.001982   25.227745 ^ clkbuf_2_0__f_clk/A (sky130_fd_sc_hd__clkbuf_16)
    14    0.047716    0.066823    0.152868   25.380613 ^ clkbuf_2_0__f_clk/X (sky130_fd_sc_hd__clkbuf_16)
                                                         clknet_2_0__leaf_clk (net)
                      0.067119    0.003130   25.383743 ^ _435_/CLK (sky130_fd_sc_hd__dfxtp_1)
                                 -0.250000   25.133745   clock uncertainty
                                  0.000000   25.133745   clock reconvergence pessimism
                                 -0.062587   25.071157   library setup time
                                             25.071157   data required time
---------------------------------------------------------------------------------------------
                                             25.071157   data required time
                                             -6.566162   data arrival time
---------------------------------------------------------------------------------------------
                                             18.504995   slack (MET)


Startpoint: reset (input port clocked by clk)
Endpoint: _446_ (rising edge-triggered flip-flop clocked by clk)
Path Group: clk
Path Type: max

Fanout         Cap        Slew       Delay        Time   Description
---------------------------------------------------------------------------------------------
                                  0.000000    0.000000   clock clk (rise edge)
                                  0.000000    0.000000   clock network delay (propagated)
                                  5.000000    5.000000 v input external delay
     1    0.003152    0.009436    0.005072    5.005073 v reset (in)
                                                         reset (net)
                      0.009439    0.000000    5.005073 v input11/A (sky130_fd_sc_hd__buf_1)
     4    0.017408    0.105798    0.135792    5.140865 v input11/X (sky130_fd_sc_hd__buf_1)
                                                         net11 (net)
                      0.105798    0.000468    5.141333 v fanout82/A (sky130_fd_sc_hd__buf_2)
    10    0.040372    0.100331    0.215603    5.356935 v fanout82/X (sky130_fd_sc_hd__buf_2)
                                                         net82 (net)
                      0.100577    0.003647    5.360582 v _283_/C1 (sky130_fd_sc_hd__a221o_1)
     1    0.004278    0.059933    0.284145    5.644727 v _283_/X (sky130_fd_sc_hd__a221o_1)
                                                         _110_ (net)
                      0.059933    0.000155    5.644883 v _287_/B (sky130_fd_sc_hd__or3b_2)
     5    0.026582    0.148697    0.543152    6.188034 v _287_/X (sky130_fd_sc_hd__or3b_2)
                                                         _113_ (net)
                      0.148767    0.003020    6.191054 v fanout80/A (sky130_fd_sc_hd__buf_2)
    10    0.044804    0.109915    0.242477    6.433531 v fanout80/X (sky130_fd_sc_hd__buf_2)
                                                         net80 (net)
                      0.109922    0.001096    6.434627 v _328_/B1 (sky130_fd_sc_hd__a21oi_1)
     1    0.002466    0.098797    0.129250    6.563877 ^ _328_/Y (sky130_fd_sc_hd__a21oi_1)
                                                         _016_ (net)
                      0.098798    0.000164    6.564042 ^ _446_/D (sky130_fd_sc_hd__dfxtp_1)
                                              6.564042   data arrival time

                                 25.000000   25.000000   clock clk (rise edge)
                                  0.000000   25.000000   clock source latency
     1    0.019539    0.093422    0.064972   25.064972 ^ clk (in)
                                                         clk (net)
                      0.093474    0.000000   25.064972 ^ clkbuf_0_clk/A (sky130_fd_sc_hd__clkbuf_16)
     4    0.042376    0.061980    0.160792   25.225763 ^ clkbuf_0_clk/X (sky130_fd_sc_hd__clkbuf_16)
                                                         clknet_0_clk (net)
                      0.062042    0.001695   25.227459 ^ clkbuf_2_2__f_clk/A (sky130_fd_sc_hd__clkbuf_16)
    13    0.047334    0.066475    0.152612   25.380070 ^ clkbuf_2_2__f_clk/X (sky130_fd_sc_hd__clkbuf_16)
                                                         clknet_2_2__leaf_clk (net)
                      0.066697    0.002618   25.382689 ^ _446_/CLK (sky130_fd_sc_hd__dfxtp_1)
                                 -0.250000   25.132690   clock uncertainty
                                  0.000000   25.132690   clock reconvergence pessimism
                                 -0.063275   25.069414   library setup time
                                             25.069414   data required time
---------------------------------------------------------------------------------------------
                                             25.069414   data required time
                                             -6.564042   data arrival time
---------------------------------------------------------------------------------------------
                                             18.505371   slack (MET)


Startpoint: reset (input port clocked by clk)
Endpoint: _438_ (rising edge-triggered flip-flop clocked by clk)
Path Group: clk
Path Type: max

Fanout         Cap        Slew       Delay        Time   Description
---------------------------------------------------------------------------------------------
                                  0.000000    0.000000   clock clk (rise edge)
                                  0.000000    0.000000   clock network delay (propagated)
                                  5.000000    5.000000 v input external delay
     1    0.003152    0.009436    0.005072    5.005073 v reset (in)
                                                         reset (net)
                      0.009439    0.000000    5.005073 v input11/A (sky130_fd_sc_hd__buf_1)
     4    0.017408    0.105798    0.135792    5.140865 v input11/X (sky130_fd_sc_hd__buf_1)
                                                         net11 (net)
                      0.105798    0.000468    5.141333 v fanout82/A (sky130_fd_sc_hd__buf_2)
    10    0.040372    0.100331    0.215603    5.356935 v fanout82/X (sky130_fd_sc_hd__buf_2)
                                                         net82 (net)
                      0.100577    0.003647    5.360582 v _283_/C1 (sky130_fd_sc_hd__a221o_1)
     1    0.004278    0.059933    0.284145    5.644727 v _283_/X (sky130_fd_sc_hd__a221o_1)
                                                         _110_ (net)
                      0.059933    0.000155    5.644883 v _287_/B (sky130_fd_sc_hd__or3b_2)
     5    0.026582    0.148697    0.543152    6.188034 v _287_/X (sky130_fd_sc_hd__or3b_2)
                                                         _113_ (net)
                      0.148767    0.003020    6.191054 v fanout80/A (sky130_fd_sc_hd__buf_2)
    10    0.044804    0.109915    0.242477    6.433531 v fanout80/X (sky130_fd_sc_hd__buf_2)
                                                         net80 (net)
                      0.110225    0.004365    6.437897 v _306_/B1 (sky130_fd_sc_hd__a21oi_1)
     1    0.002289    0.095793    0.126829    6.564726 ^ _306_/Y (sky130_fd_sc_hd__a21oi_1)
                                                         _008_ (net)
                      0.095793    0.000151    6.564877 ^ _438_/D (sky130_fd_sc_hd__dfxtp_1)
                                              6.564877   data arrival time

                                 25.000000   25.000000   clock clk (rise edge)
                                  0.000000   25.000000   clock source latency
     1    0.019539    0.093422    0.064972   25.064972 ^ clk (in)
                                                         clk (net)
                      0.093474    0.000000   25.064972 ^ clkbuf_0_clk/A (sky130_fd_sc_hd__clkbuf_16)
     4    0.042376    0.061980    0.160792   25.225763 ^ clkbuf_0_clk/X (sky130_fd_sc_hd__clkbuf_16)
                                                         clknet_0_clk (net)
                      0.062068    0.001982   25.227745 ^ clkbuf_2_0__f_clk/A (sky130_fd_sc_hd__clkbuf_16)
    14    0.047716    0.066823    0.152868   25.380613 ^ clkbuf_2_0__f_clk/X (sky130_fd_sc_hd__clkbuf_16)
                                                         clknet_2_0__leaf_clk (net)
                      0.067026    0.002441   25.383055 ^ _438_/CLK (sky130_fd_sc_hd__dfxtp_1)
                                 -0.250000   25.133055   clock uncertainty
                                  0.000000   25.133055   clock reconvergence pessimism
                                 -0.062536   25.070518   library setup time
                                             25.070518   data required time
---------------------------------------------------------------------------------------------
                                             25.070518   data required time
                                             -6.564877   data arrival time
---------------------------------------------------------------------------------------------
                                             18.505642   slack (MET)


Startpoint: reset (input port clocked by clk)
Endpoint: _441_ (rising edge-triggered flip-flop clocked by clk)
Path Group: clk
Path Type: max

Fanout         Cap        Slew       Delay        Time   Description
---------------------------------------------------------------------------------------------
                                  0.000000    0.000000   clock clk (rise edge)
                                  0.000000    0.000000   clock network delay (propagated)
                                  5.000000    5.000000 v input external delay
     1    0.003152    0.009436    0.005072    5.005073 v reset (in)
                                                         reset (net)
                      0.009439    0.000000    5.005073 v input11/A (sky130_fd_sc_hd__buf_1)
     4    0.017408    0.105798    0.135792    5.140865 v input11/X (sky130_fd_sc_hd__buf_1)
                                                         net11 (net)
                      0.105798    0.000468    5.141333 v fanout82/A (sky130_fd_sc_hd__buf_2)
    10    0.040372    0.100331    0.215603    5.356935 v fanout82/X (sky130_fd_sc_hd__buf_2)
                                                         net82 (net)
                      0.100577    0.003647    5.360582 v _283_/C1 (sky130_fd_sc_hd__a221o_1)
     1    0.004278    0.059933    0.284145    5.644727 v _283_/X (sky130_fd_sc_hd__a221o_1)
                                                         _110_ (net)
                      0.059933    0.000155    5.644883 v _287_/B (sky130_fd_sc_hd__or3b_2)
     5    0.026582    0.148697    0.543152    6.188034 v _287_/X (sky130_fd_sc_hd__or3b_2)
                                                         _113_ (net)
                      0.148767    0.003020    6.191054 v fanout80/A (sky130_fd_sc_hd__buf_2)
    10    0.044804    0.109915    0.242477    6.433531 v fanout80/X (sky130_fd_sc_hd__buf_2)
                                                         net80 (net)
                      0.110069    0.003711    6.437242 v _315_/B1 (sky130_fd_sc_hd__a21oi_1)
     1    0.002285    0.095720    0.126707    6.563949 ^ _315_/Y (sky130_fd_sc_hd__a21oi_1)
                                                         _011_ (net)
                      0.095720    0.000154    6.564103 ^ _441_/D (sky130_fd_sc_hd__dfxtp_1)
                                              6.564103   data arrival time

                                 25.000000   25.000000   clock clk (rise edge)
                                  0.000000   25.000000   clock source latency
     1    0.019539    0.093422    0.064972   25.064972 ^ clk (in)
                                                         clk (net)
                      0.093474    0.000000   25.064972 ^ clkbuf_0_clk/A (sky130_fd_sc_hd__clkbuf_16)
     4    0.042376    0.061980    0.160792   25.225763 ^ clkbuf_0_clk/X (sky130_fd_sc_hd__clkbuf_16)
                                                         clknet_0_clk (net)
                      0.062042    0.001695   25.227459 ^ clkbuf_2_2__f_clk/A (sky130_fd_sc_hd__clkbuf_16)
    13    0.047334    0.066475    0.152612   25.380070 ^ clkbuf_2_2__f_clk/X (sky130_fd_sc_hd__clkbuf_16)
                                                         clknet_2_2__leaf_clk (net)
                      0.066777    0.003185   25.383255 ^ _441_/CLK (sky130_fd_sc_hd__dfxtp_1)
                                 -0.250000   25.133257   clock uncertainty
                                  0.000000   25.133257   clock reconvergence pessimism
                                 -0.062555   25.070700   library setup time
                                             25.070700   data required time
---------------------------------------------------------------------------------------------
                                             25.070700   data required time
                                             -6.564103   data arrival time
---------------------------------------------------------------------------------------------
                                             18.506598   slack (MET)


Startpoint: reset (input port clocked by clk)
Endpoint: _437_ (rising edge-triggered flip-flop clocked by clk)
Path Group: clk
Path Type: max

Fanout         Cap        Slew       Delay        Time   Description
---------------------------------------------------------------------------------------------
                                  0.000000    0.000000   clock clk (rise edge)
                                  0.000000    0.000000   clock network delay (propagated)
                                  5.000000    5.000000 v input external delay
     1    0.003152    0.009436    0.005072    5.005073 v reset (in)
                                                         reset (net)
                      0.009439    0.000000    5.005073 v input11/A (sky130_fd_sc_hd__buf_1)
     4    0.017408    0.105798    0.135792    5.140865 v input11/X (sky130_fd_sc_hd__buf_1)
                                                         net11 (net)
                      0.105798    0.000468    5.141333 v fanout82/A (sky130_fd_sc_hd__buf_2)
    10    0.040372    0.100331    0.215603    5.356935 v fanout82/X (sky130_fd_sc_hd__buf_2)
                                                         net82 (net)
                      0.100577    0.003647    5.360582 v _283_/C1 (sky130_fd_sc_hd__a221o_1)
     1    0.004278    0.059933    0.284145    5.644727 v _283_/X (sky130_fd_sc_hd__a221o_1)
                                                         _110_ (net)
                      0.059933    0.000155    5.644883 v _287_/B (sky130_fd_sc_hd__or3b_2)
     5    0.026582    0.148697    0.543152    6.188034 v _287_/X (sky130_fd_sc_hd__or3b_2)
                                                         _113_ (net)
                      0.148767    0.003020    6.191054 v fanout80/A (sky130_fd_sc_hd__buf_2)
    10    0.044804    0.109915    0.242477    6.433531 v fanout80/X (sky130_fd_sc_hd__buf_2)
                                                         net80 (net)
                      0.110277    0.004770    6.438302 v _304_/B1 (sky130_fd_sc_hd__a21oi_1)
     1    0.002192    0.094153    0.125471    6.563772 ^ _304_/Y (sky130_fd_sc_hd__a21oi_1)
                                                         _007_ (net)
                      0.094153    0.000098    6.563870 ^ _437_/D (sky130_fd_sc_hd__dfxtp_1)
                                              6.563870   data arrival time

                                 25.000000   25.000000   clock clk (rise edge)
                                  0.000000   25.000000   clock source latency
     1    0.019539    0.093422    0.064972   25.064972 ^ clk (in)
                                                         clk (net)
                      0.093474    0.000000   25.064972 ^ clkbuf_0_clk/A (sky130_fd_sc_hd__clkbuf_16)
     4    0.042376    0.061980    0.160792   25.225763 ^ clkbuf_0_clk/X (sky130_fd_sc_hd__clkbuf_16)
                                                         clknet_0_clk (net)
                      0.062068    0.001982   25.227745 ^ clkbuf_2_0__f_clk/A (sky130_fd_sc_hd__clkbuf_16)
    14    0.047716    0.066823    0.152868   25.380613 ^ clkbuf_2_0__f_clk/X (sky130_fd_sc_hd__clkbuf_16)
                                                         clknet_2_0__leaf_clk (net)
                      0.067104    0.003032   25.383646 ^ _437_/CLK (sky130_fd_sc_hd__dfxtp_1)
                                 -0.250000   25.133648   clock uncertainty
                                  0.000000   25.133648   clock reconvergence pessimism
                                 -0.062147   25.071499   library setup time
                                             25.071499   data required time
---------------------------------------------------------------------------------------------
                                             25.071499   data required time
                                             -6.563870   data arrival time
---------------------------------------------------------------------------------------------
                                             18.507629   slack (MET)


Startpoint: reset (input port clocked by clk)
Endpoint: _434_ (rising edge-triggered flip-flop clocked by clk)
Path Group: clk
Path Type: max

Fanout         Cap        Slew       Delay        Time   Description
---------------------------------------------------------------------------------------------
                                  0.000000    0.000000   clock clk (rise edge)
                                  0.000000    0.000000   clock network delay (propagated)
                                  5.000000    5.000000 v input external delay
     1    0.003152    0.009436    0.005072    5.005073 v reset (in)
                                                         reset (net)
                      0.009439    0.000000    5.005073 v input11/A (sky130_fd_sc_hd__buf_1)
     4    0.017408    0.105798    0.135792    5.140865 v input11/X (sky130_fd_sc_hd__buf_1)
                                                         net11 (net)
                      0.105798    0.000468    5.141333 v fanout82/A (sky130_fd_sc_hd__buf_2)
    10    0.040372    0.100331    0.215603    5.356935 v fanout82/X (sky130_fd_sc_hd__buf_2)
                                                         net82 (net)
                      0.100577    0.003647    5.360582 v _283_/C1 (sky130_fd_sc_hd__a221o_1)
     1    0.004278    0.059933    0.284145    5.644727 v _283_/X (sky130_fd_sc_hd__a221o_1)
                                                         _110_ (net)
                      0.059933    0.000155    5.644883 v _287_/B (sky130_fd_sc_hd__or3b_2)
     5    0.026582    0.148697    0.543152    6.188034 v _287_/X (sky130_fd_sc_hd__or3b_2)
                                                         _113_ (net)
                      0.148767    0.003020    6.191054 v fanout80/A (sky130_fd_sc_hd__buf_2)
    10    0.044804    0.109915    0.242477    6.433531 v fanout80/X (sky130_fd_sc_hd__buf_2)
                                                         net80 (net)
                      0.110319    0.005068    6.438599 v _296_/B1 (sky130_fd_sc_hd__a21oi_1)
     1    0.002103    0.092638    0.124198    6.562796 ^ _296_/Y (sky130_fd_sc_hd__a21oi_1)
                                                         _004_ (net)
                      0.092638    0.000145    6.562941 ^ _434_/D (sky130_fd_sc_hd__dfxtp_1)
                                              6.562941   data arrival time

                                 25.000000   25.000000   clock clk (rise edge)
                                  0.000000   25.000000   clock source latency
     1    0.019539    0.093422    0.064972   25.064972 ^ clk (in)
                                                         clk (net)
                      0.093474    0.000000   25.064972 ^ clkbuf_0_clk/A (sky130_fd_sc_hd__clkbuf_16)
     4    0.042376    0.061980    0.160792   25.225763 ^ clkbuf_0_clk/X (sky130_fd_sc_hd__clkbuf_16)
                                                         clknet_0_clk (net)
                      0.062068    0.001982   25.227745 ^ clkbuf_2_0__f_clk/A (sky130_fd_sc_hd__clkbuf_16)
    14    0.047716    0.066823    0.152868   25.380613 ^ clkbuf_2_0__f_clk/X (sky130_fd_sc_hd__clkbuf_16)
                                                         clknet_2_0__leaf_clk (net)
                      0.067129    0.003201   25.383816 ^ _434_/CLK (sky130_fd_sc_hd__dfxtp_1)
                                 -0.250000   25.133816   clock uncertainty
                                  0.000000   25.133816   clock reconvergence pessimism
                                 -0.061795   25.072020   library setup time
                                             25.072020   data required time
---------------------------------------------------------------------------------------------
                                             25.072020   data required time
                                             -6.562941   data arrival time
---------------------------------------------------------------------------------------------
                                             18.509079   slack (MET)


Startpoint: reset (input port clocked by clk)
Endpoint: _439_ (rising edge-triggered flip-flop clocked by clk)
Path Group: clk
Path Type: max

Fanout         Cap        Slew       Delay        Time   Description
---------------------------------------------------------------------------------------------
                                  0.000000    0.000000   clock clk (rise edge)
                                  0.000000    0.000000   clock network delay (propagated)
                                  5.000000    5.000000 v input external delay
     1    0.003152    0.009436    0.005072    5.005073 v reset (in)
                                                         reset (net)
                      0.009439    0.000000    5.005073 v input11/A (sky130_fd_sc_hd__buf_1)
     4    0.017408    0.105798    0.135792    5.140865 v input11/X (sky130_fd_sc_hd__buf_1)
                                                         net11 (net)
                      0.105798    0.000468    5.141333 v fanout82/A (sky130_fd_sc_hd__buf_2)
    10    0.040372    0.100331    0.215603    5.356935 v fanout82/X (sky130_fd_sc_hd__buf_2)
                                                         net82 (net)
                      0.100577    0.003647    5.360582 v _283_/C1 (sky130_fd_sc_hd__a221o_1)
     1    0.004278    0.059933    0.284145    5.644727 v _283_/X (sky130_fd_sc_hd__a221o_1)
                                                         _110_ (net)
                      0.059933    0.000155    5.644883 v _287_/B (sky130_fd_sc_hd__or3b_2)
     5    0.026582    0.148697    0.543152    6.188034 v _287_/X (sky130_fd_sc_hd__or3b_2)
                                                         _113_ (net)
                      0.148767    0.003020    6.191054 v fanout80/A (sky130_fd_sc_hd__buf_2)
    10    0.044804    0.109915    0.242477    6.433531 v fanout80/X (sky130_fd_sc_hd__buf_2)
                                                         net80 (net)
                      0.110088    0.003904    6.437435 v _309_/B1 (sky130_fd_sc_hd__a21oi_1)
     1    0.002066    0.092003    0.123574    6.561009 ^ _309_/Y (sky130_fd_sc_hd__a21oi_1)
                                                         _009_ (net)
                      0.092004    0.000144    6.561153 ^ _439_/D (sky130_fd_sc_hd__dfxtp_1)
                                              6.561153   data arrival time

                                 25.000000   25.000000   clock clk (rise edge)
                                  0.000000   25.000000   clock source latency
     1    0.019539    0.093422    0.064972   25.064972 ^ clk (in)
                                                         clk (net)
                      0.093474    0.000000   25.064972 ^ clkbuf_0_clk/A (sky130_fd_sc_hd__clkbuf_16)
     4    0.042376    0.061980    0.160792   25.225763 ^ clkbuf_0_clk/X (sky130_fd_sc_hd__clkbuf_16)
                                                         clknet_0_clk (net)
                      0.062068    0.001982   25.227745 ^ clkbuf_2_0__f_clk/A (sky130_fd_sc_hd__clkbuf_16)
    14    0.047716    0.066823    0.152868   25.380613 ^ clkbuf_2_0__f_clk/X (sky130_fd_sc_hd__clkbuf_16)
                                                         clknet_2_0__leaf_clk (net)
                      0.066979    0.002032   25.382647 ^ _439_/CLK (sky130_fd_sc_hd__dfxtp_1)
                                 -0.250000   25.132647   clock uncertainty
                                  0.000000   25.132647   clock reconvergence pessimism
                                 -0.061671   25.070976   library setup time
                                             25.070976   data required time
---------------------------------------------------------------------------------------------
                                             25.070976   data required time
                                             -6.561153   data arrival time
---------------------------------------------------------------------------------------------
                                             18.509821   slack (MET)


Startpoint: reset (input port clocked by clk)
Endpoint: _449_ (rising edge-triggered flip-flop clocked by clk)
Path Group: clk
Path Type: max

Fanout         Cap        Slew       Delay        Time   Description
---------------------------------------------------------------------------------------------
                                  0.000000    0.000000   clock clk (rise edge)
                                  0.000000    0.000000   clock network delay (propagated)
                                  5.000000    5.000000 v input external delay
     1    0.003152    0.009436    0.005072    5.005073 v reset (in)
                                                         reset (net)
                      0.009439    0.000000    5.005073 v input11/A (sky130_fd_sc_hd__buf_1)
     4    0.017408    0.105798    0.135792    5.140865 v input11/X (sky130_fd_sc_hd__buf_1)
                                                         net11 (net)
                      0.105798    0.000468    5.141333 v fanout82/A (sky130_fd_sc_hd__buf_2)
    10    0.040372    0.100331    0.215603    5.356935 v fanout82/X (sky130_fd_sc_hd__buf_2)
                                                         net82 (net)
                      0.100577    0.003647    5.360582 v _283_/C1 (sky130_fd_sc_hd__a221o_1)
     1    0.004278    0.059933    0.284145    5.644727 v _283_/X (sky130_fd_sc_hd__a221o_1)
                                                         _110_ (net)
                      0.059933    0.000155    5.644883 v _287_/B (sky130_fd_sc_hd__or3b_2)
     5    0.026582    0.148697    0.543152    6.188034 v _287_/X (sky130_fd_sc_hd__or3b_2)
                                                         _113_ (net)
                      0.148767    0.003020    6.191054 v fanout80/A (sky130_fd_sc_hd__buf_2)
    10    0.044804    0.109915    0.242477    6.433531 v fanout80/X (sky130_fd_sc_hd__buf_2)
                                                         net80 (net)
                      0.109963    0.002253    6.435784 v _334_/A (sky130_fd_sc_hd__nor2_1)
     1    0.002432    0.072521    0.115759    6.551544 ^ _334_/Y (sky130_fd_sc_hd__nor2_1)
                                                         _019_ (net)
                      0.072521    0.000157    6.551700 ^ _449_/D (sky130_fd_sc_hd__dfxtp_1)
                                              6.551700   data arrival time

                                 25.000000   25.000000   clock clk (rise edge)
                                  0.000000   25.000000   clock source latency
     1    0.019539    0.093422    0.064972   25.064972 ^ clk (in)
                                                         clk (net)
                      0.093474    0.000000   25.064972 ^ clkbuf_0_clk/A (sky130_fd_sc_hd__clkbuf_16)
     4    0.042376    0.061980    0.160792   25.225763 ^ clkbuf_0_clk/X (sky130_fd_sc_hd__clkbuf_16)
                                                         clknet_0_clk (net)
                      0.062042    0.001695   25.227459 ^ clkbuf_2_2__f_clk/A (sky130_fd_sc_hd__clkbuf_16)
    13    0.047334    0.066475    0.152612   25.380070 ^ clkbuf_2_2__f_clk/X (sky130_fd_sc_hd__clkbuf_16)
                                                         clknet_2_2__leaf_clk (net)
                      0.066755    0.003036   25.383106 ^ _449_/CLK (sky130_fd_sc_hd__dfxtp_1)
                                 -0.250000   25.133106   clock uncertainty
                                  0.000000   25.133106   clock reconvergence pessimism
                                 -0.057222   25.075886   library setup time
                                             25.075886   data required time
---------------------------------------------------------------------------------------------
                                             25.075886   data required time
                                             -6.551700   data arrival time
---------------------------------------------------------------------------------------------
                                             18.524185   slack (MET)


Startpoint: reset (input port clocked by clk)
Endpoint: _431_ (rising edge-triggered flip-flop clocked by clk)
Path Group: clk
Path Type: max

Fanout         Cap        Slew       Delay        Time   Description
---------------------------------------------------------------------------------------------
                                  0.000000    0.000000   clock clk (rise edge)
                                  0.000000    0.000000   clock network delay (propagated)
                                  5.000000    5.000000 ^ input external delay
     1    0.003328    0.022027    0.012216    5.012216 ^ reset (in)
                                                         reset (net)
                      0.022028    0.000000    5.012216 ^ input11/A (sky130_fd_sc_hd__buf_1)
     4    0.018466    0.220959    0.195583    5.207799 ^ input11/X (sky130_fd_sc_hd__buf_1)
                                                         net11 (net)
                      0.220961    0.000497    5.208296 ^ fanout82/A (sky130_fd_sc_hd__buf_2)
    10    0.043030    0.212058    0.279250    5.487545 ^ fanout82/X (sky130_fd_sc_hd__buf_2)
                                                         net82 (net)
                      0.212245    0.005204    5.492750 ^ _213_/A (sky130_fd_sc_hd__inv_2)
    10    0.039287    0.109268    0.145587    5.638337 v _213_/Y (sky130_fd_sc_hd__inv_2)
                                                         _055_ (net)
                      0.109311    0.001752    5.640089 v _251_/A1 (sky130_fd_sc_hd__a41o_1)
     4    0.015048    0.091213    0.252884    5.892972 v _251_/X (sky130_fd_sc_hd__a41o_1)
                                                         _082_ (net)
                      0.091220    0.000859    5.893831 v _255_/A1 (sky130_fd_sc_hd__o21a_1)
     1    0.004237    0.041538    0.204038    6.097869 v _255_/X (sky130_fd_sc_hd__o21a_1)
                                                         _086_ (net)
                      0.041539    0.000255    6.098125 v _256_/C1 (sky130_fd_sc_hd__a221oi_1)
     1    0.003259    0.237028    0.210985    6.309110 ^ _256_/Y (sky130_fd_sc_hd__a221oi_1)
                                                         _087_ (net)
                      0.237028    0.000218    6.309329 ^ _264_/A1 (sky130_fd_sc_hd__a21oi_1)
     1    0.002897    0.071009    0.099479    6.408807 v _264_/Y (sky130_fd_sc_hd__a21oi_1)
                                                         _001_ (net)
                      0.071009    0.000115    6.408923 v _431_/D (sky130_fd_sc_hd__dfxtp_2)
                                              6.408923   data arrival time

                                 25.000000   25.000000   clock clk (rise edge)
                                  0.000000   25.000000   clock source latency
     1    0.019539    0.093422    0.064972   25.064972 ^ clk (in)
                                                         clk (net)
                      0.093474    0.000000   25.064972 ^ clkbuf_0_clk/A (sky130_fd_sc_hd__clkbuf_16)
     4    0.042376    0.061980    0.160792   25.225763 ^ clkbuf_0_clk/X (sky130_fd_sc_hd__clkbuf_16)
                                                         clknet_0_clk (net)
                      0.062042    0.001695   25.227459 ^ clkbuf_2_2__f_clk/A (sky130_fd_sc_hd__clkbuf_16)
    13    0.047334    0.066475    0.152612   25.380070 ^ clkbuf_2_2__f_clk/X (sky130_fd_sc_hd__clkbuf_16)
                                                         clknet_2_2__leaf_clk (net)
                      0.066641    0.002142   25.382212 ^ _431_/CLK (sky130_fd_sc_hd__dfxtp_2)
                                 -0.250000   25.132214   clock uncertainty
                                  0.000000   25.132214   clock reconvergence pessimism
                                 -0.119170   25.013042   library setup time
                                             25.013042   data required time
---------------------------------------------------------------------------------------------
                                             25.013042   data required time
                                             -6.408923   data arrival time
---------------------------------------------------------------------------------------------
                                             18.604120   slack (MET)


Startpoint: _433_ (rising edge-triggered flip-flop clocked by clk)
Endpoint: global_state_bits[3] (output port clocked by clk)
Path Group: clk
Path Type: max

Fanout         Cap        Slew       Delay        Time   Description
---------------------------------------------------------------------------------------------
                                  0.000000    0.000000   clock clk (rise edge)
                                  0.000000    0.000000   clock source latency
     1    0.019539    0.093422    0.064972    0.064972 ^ clk (in)
                                                         clk (net)
                      0.093474    0.000000    0.064972 ^ clkbuf_0_clk/A (sky130_fd_sc_hd__clkbuf_16)
     4    0.042376    0.061980    0.160792    0.225764 ^ clkbuf_0_clk/X (sky130_fd_sc_hd__clkbuf_16)
                                                         clknet_0_clk (net)
                      0.062041    0.001678    0.227443 ^ clkbuf_2_3__f_clk/A (sky130_fd_sc_hd__clkbuf_16)
    14    0.048485    0.067552    0.153365    0.380808 ^ clkbuf_2_3__f_clk/X (sky130_fd_sc_hd__clkbuf_16)
                                                         clknet_2_3__leaf_clk (net)
                      0.067769    0.002631    0.383439 ^ _433_/CLK (sky130_fd_sc_hd__dfxtp_1)
     8    0.029218    0.276608    0.477156    0.860595 ^ _433_/Q (sky130_fd_sc_hd__dfxtp_1)
                                                         net22 (net)
                      0.276636    0.002897    0.863493 ^ output22/A (sky130_fd_sc_hd__buf_2)
     1    0.034282    0.171051    0.267655    1.131148 ^ output22/X (sky130_fd_sc_hd__buf_2)
                                                         global_state_bits[3] (net)
                      0.171066    0.001695    1.132843 ^ global_state_bits[3] (out)
                                              1.132843   data arrival time

                                 25.000000   25.000000   clock clk (rise edge)
                                  0.000000   25.000000   clock network delay (propagated)
                                 -0.250000   24.750000   clock uncertainty
                                  0.000000   24.750000   clock reconvergence pessimism
                                 -5.000000   19.750000   output external delay
                                             19.750000   data required time
---------------------------------------------------------------------------------------------
                                             19.750000   data required time
                                             -1.132843   data arrival time
---------------------------------------------------------------------------------------------
                                             18.617157   slack (MET)


Startpoint: reset (input port clocked by clk)
Endpoint: _443_ (rising edge-triggered flip-flop clocked by clk)
Path Group: clk
Path Type: max

Fanout         Cap        Slew       Delay        Time   Description
---------------------------------------------------------------------------------------------
                                  0.000000    0.000000   clock clk (rise edge)
                                  0.000000    0.000000   clock network delay (propagated)
                                  5.000000    5.000000 v input external delay
     1    0.003152    0.009436    0.005072    5.005073 v reset (in)
                                                         reset (net)
                      0.009439    0.000000    5.005073 v input11/A (sky130_fd_sc_hd__buf_1)
     4    0.017408    0.105798    0.135792    5.140865 v input11/X (sky130_fd_sc_hd__buf_1)
                                                         net11 (net)
                      0.105798    0.000468    5.141333 v fanout82/A (sky130_fd_sc_hd__buf_2)
    10    0.040372    0.100331    0.215603    5.356935 v fanout82/X (sky130_fd_sc_hd__buf_2)
                                                         net82 (net)
                      0.100577    0.003647    5.360582 v _283_/C1 (sky130_fd_sc_hd__a221o_1)
     1    0.004278    0.059933    0.284145    5.644727 v _283_/X (sky130_fd_sc_hd__a221o_1)
                                                         _110_ (net)
                      0.059933    0.000155    5.644883 v _287_/B (sky130_fd_sc_hd__or3b_2)
     5    0.026582    0.148697    0.543152    6.188034 v _287_/X (sky130_fd_sc_hd__or3b_2)
                                                         _113_ (net)
                      0.148807    0.003683    6.191717 v _288_/A (sky130_fd_sc_hd__inv_2)
     3    0.011703    0.073522    0.112172    6.303889 ^ _288_/Y (sky130_fd_sc_hd__inv_2)
                                                         _114_ (net)
                      0.073524    0.000453    6.304342 ^ _320_/A (sky130_fd_sc_hd__and3_1)
     1    0.001962    0.042422    0.135286    6.439628 ^ _320_/X (sky130_fd_sc_hd__and3_1)
                                                         _013_ (net)
                      0.042422    0.000138    6.439766 ^ _443_/D (sky130_fd_sc_hd__dfxtp_1)
                                              6.439766   data arrival time

                                 25.000000   25.000000   clock clk (rise edge)
                                  0.000000   25.000000   clock source latency
     1    0.019539    0.093422    0.064972   25.064972 ^ clk (in)
                                                         clk (net)
                      0.093474    0.000000   25.064972 ^ clkbuf_0_clk/A (sky130_fd_sc_hd__clkbuf_16)
     4    0.042376    0.061980    0.160792   25.225763 ^ clkbuf_0_clk/X (sky130_fd_sc_hd__clkbuf_16)
                                                         clknet_0_clk (net)
                      0.062042    0.001695   25.227459 ^ clkbuf_2_2__f_clk/A (sky130_fd_sc_hd__clkbuf_16)
    13    0.047334    0.066475    0.152612   25.380070 ^ clkbuf_2_2__f_clk/X (sky130_fd_sc_hd__clkbuf_16)
                                                         clknet_2_2__leaf_clk (net)
                      0.066758    0.003059   25.383129 ^ _443_/CLK (sky130_fd_sc_hd__dfxtp_1)
                                 -0.250000   25.133129   clock uncertainty
                                  0.000000   25.133129   clock reconvergence pessimism
                                 -0.050298   25.082832   library setup time
                                             25.082832   data required time
---------------------------------------------------------------------------------------------
                                             25.082832   data required time
                                             -6.439766   data arrival time
---------------------------------------------------------------------------------------------
                                             18.643066   slack (MET)


Startpoint: reset (input port clocked by clk)
Endpoint: _447_ (rising edge-triggered flip-flop clocked by clk)
Path Group: clk
Path Type: max

Fanout         Cap        Slew       Delay        Time   Description
---------------------------------------------------------------------------------------------
                                  0.000000    0.000000   clock clk (rise edge)
                                  0.000000    0.000000   clock network delay (propagated)
                                  5.000000    5.000000 v input external delay
     1    0.003152    0.009436    0.005072    5.005073 v reset (in)
                                                         reset (net)
                      0.009439    0.000000    5.005073 v input11/A (sky130_fd_sc_hd__buf_1)
     4    0.017408    0.105798    0.135792    5.140865 v input11/X (sky130_fd_sc_hd__buf_1)
                                                         net11 (net)
                      0.105798    0.000468    5.141333 v fanout82/A (sky130_fd_sc_hd__buf_2)
    10    0.040372    0.100331    0.215603    5.356935 v fanout82/X (sky130_fd_sc_hd__buf_2)
                                                         net82 (net)
                      0.100577    0.003647    5.360582 v _283_/C1 (sky130_fd_sc_hd__a221o_1)
     1    0.004278    0.059933    0.284145    5.644727 v _283_/X (sky130_fd_sc_hd__a221o_1)
                                                         _110_ (net)
                      0.059933    0.000155    5.644883 v _287_/B (sky130_fd_sc_hd__or3b_2)
     5    0.026582    0.148697    0.543152    6.188034 v _287_/X (sky130_fd_sc_hd__or3b_2)
                                                         _113_ (net)
                      0.148807    0.003683    6.191717 v _288_/A (sky130_fd_sc_hd__inv_2)
     3    0.011703    0.073522    0.112172    6.303889 ^ _288_/Y (sky130_fd_sc_hd__inv_2)
                                                         _114_ (net)
                      0.073523    0.000370    6.304259 ^ _330_/C1 (sky130_fd_sc_hd__o211a_1)
     1    0.002389    0.039259    0.132902    6.437161 ^ _330_/X (sky130_fd_sc_hd__o211a_1)
                                                         _017_ (net)
                      0.039259    0.000160    6.437321 ^ _447_/D (sky130_fd_sc_hd__dfxtp_1)
                                              6.437321   data arrival time

                                 25.000000   25.000000   clock clk (rise edge)
                                  0.000000   25.000000   clock source latency
     1    0.019539    0.093422    0.064972   25.064972 ^ clk (in)
                                                         clk (net)
                      0.093474    0.000000   25.064972 ^ clkbuf_0_clk/A (sky130_fd_sc_hd__clkbuf_16)
     4    0.042376    0.061980    0.160792   25.225763 ^ clkbuf_0_clk/X (sky130_fd_sc_hd__clkbuf_16)
                                                         clknet_0_clk (net)
                      0.062042    0.001695   25.227459 ^ clkbuf_2_2__f_clk/A (sky130_fd_sc_hd__clkbuf_16)
    13    0.047334    0.066475    0.152612   25.380070 ^ clkbuf_2_2__f_clk/X (sky130_fd_sc_hd__clkbuf_16)
                                                         clknet_2_2__leaf_clk (net)
                      0.066719    0.002785   25.382856 ^ _447_/CLK (sky130_fd_sc_hd__dfxtp_1)
                                 -0.250000   25.132856   clock uncertainty
                                  0.000000   25.132856   clock reconvergence pessimism
                                 -0.049576   25.083281   library setup time
                                             25.083281   data required time
---------------------------------------------------------------------------------------------
                                             25.083281   data required time
                                             -6.437321   data arrival time
---------------------------------------------------------------------------------------------
                                             18.645960   slack (MET)


Startpoint: reset (input port clocked by clk)
Endpoint: _448_ (rising edge-triggered flip-flop clocked by clk)
Path Group: clk
Path Type: max

Fanout         Cap        Slew       Delay        Time   Description
---------------------------------------------------------------------------------------------
                                  0.000000    0.000000   clock clk (rise edge)
                                  0.000000    0.000000   clock network delay (propagated)
                                  5.000000    5.000000 v input external delay
     1    0.003152    0.009436    0.005072    5.005073 v reset (in)
                                                         reset (net)
                      0.009439    0.000000    5.005073 v input11/A (sky130_fd_sc_hd__buf_1)
     4    0.017408    0.105798    0.135792    5.140865 v input11/X (sky130_fd_sc_hd__buf_1)
                                                         net11 (net)
                      0.105798    0.000468    5.141333 v fanout82/A (sky130_fd_sc_hd__buf_2)
    10    0.040372    0.100331    0.215603    5.356935 v fanout82/X (sky130_fd_sc_hd__buf_2)
                                                         net82 (net)
                      0.100577    0.003647    5.360582 v _283_/C1 (sky130_fd_sc_hd__a221o_1)
     1    0.004278    0.059933    0.284145    5.644727 v _283_/X (sky130_fd_sc_hd__a221o_1)
                                                         _110_ (net)
                      0.059933    0.000155    5.644883 v _287_/B (sky130_fd_sc_hd__or3b_2)
     5    0.026582    0.148697    0.543152    6.188034 v _287_/X (sky130_fd_sc_hd__or3b_2)
                                                         _113_ (net)
                      0.148807    0.003683    6.191717 v _288_/A (sky130_fd_sc_hd__inv_2)
     3    0.011703    0.073522    0.112172    6.303889 ^ _288_/Y (sky130_fd_sc_hd__inv_2)
                                                         _114_ (net)
                      0.073525    0.000531    6.304420 ^ _332_/C1 (sky130_fd_sc_hd__o211a_1)
     1    0.002133    0.038947    0.130929    6.435349 ^ _332_/X (sky130_fd_sc_hd__o211a_1)
                                                         _018_ (net)
                      0.038947    0.000153    6.435501 ^ _448_/D (sky130_fd_sc_hd__dfxtp_1)
                                              6.435501   data arrival time

                                 25.000000   25.000000   clock clk (rise edge)
                                  0.000000   25.000000   clock source latency
     1    0.019539    0.093422    0.064972   25.064972 ^ clk (in)
                                                         clk (net)
                      0.093474    0.000000   25.064972 ^ clkbuf_0_clk/A (sky130_fd_sc_hd__clkbuf_16)
     4    0.042376    0.061980    0.160792   25.225763 ^ clkbuf_0_clk/X (sky130_fd_sc_hd__clkbuf_16)
                                                         clknet_0_clk (net)
                      0.062042    0.001695   25.227459 ^ clkbuf_2_2__f_clk/A (sky130_fd_sc_hd__clkbuf_16)
    13    0.047334    0.066475    0.152612   25.380070 ^ clkbuf_2_2__f_clk/X (sky130_fd_sc_hd__clkbuf_16)
                                                         clknet_2_2__leaf_clk (net)
                      0.066726    0.002832   25.382902 ^ _448_/CLK (sky130_fd_sc_hd__dfxtp_1)
                                 -0.250000   25.132902   clock uncertainty
                                  0.000000   25.132902   clock reconvergence pessimism
                                 -0.049503   25.083399   library setup time
                                             25.083399   data required time
---------------------------------------------------------------------------------------------
                                             25.083399   data required time
                                             -6.435501   data arrival time
---------------------------------------------------------------------------------------------
                                             18.647898   slack (MET)


Startpoint: _448_ (rising edge-triggered flip-flop clocked by clk)
Endpoint: global_timeout_count[14] (output port clocked by clk)
Path Group: clk
Path Type: max

Fanout         Cap        Slew       Delay        Time   Description
---------------------------------------------------------------------------------------------
                                  0.000000    0.000000   clock clk (rise edge)
                                  0.000000    0.000000   clock source latency
     1    0.019539    0.093422    0.064972    0.064972 ^ clk (in)
                                                         clk (net)
                      0.093474    0.000000    0.064972 ^ clkbuf_0_clk/A (sky130_fd_sc_hd__clkbuf_16)
     4    0.042376    0.061980    0.160792    0.225764 ^ clkbuf_0_clk/X (sky130_fd_sc_hd__clkbuf_16)
                                                         clknet_0_clk (net)
                      0.062042    0.001695    0.227460 ^ clkbuf_2_2__f_clk/A (sky130_fd_sc_hd__clkbuf_16)
    13    0.047334    0.066475    0.152612    0.380071 ^ clkbuf_2_2__f_clk/X (sky130_fd_sc_hd__clkbuf_16)
                                                         clknet_2_2__leaf_clk (net)
                      0.066726    0.002832    0.382903 ^ _448_/CLK (sky130_fd_sc_hd__dfxtp_1)
     7    0.025613    0.243676    0.454183    0.837086 ^ _448_/Q (sky130_fd_sc_hd__dfxtp_1)
                                                         net33 (net)
                      0.243681    0.001470    0.838555 ^ output33/A (sky130_fd_sc_hd__buf_2)
     1    0.034159    0.170428    0.258367    1.096923 ^ output33/X (sky130_fd_sc_hd__buf_2)
                                                         global_timeout_count[14] (net)
                      0.170442    0.001643    1.098566 ^ global_timeout_count[14] (out)
                                              1.098566   data arrival time

                                 25.000000   25.000000   clock clk (rise edge)
                                  0.000000   25.000000   clock network delay (propagated)
                                 -0.250000   24.750000   clock uncertainty
                                  0.000000   24.750000   clock reconvergence pessimism
                                 -5.000000   19.750000   output external delay
                                             19.750000   data required time
---------------------------------------------------------------------------------------------
                                             19.750000   data required time
                                             -1.098566   data arrival time
---------------------------------------------------------------------------------------------
                                             18.651432   slack (MET)


Startpoint: _458_ (rising edge-triggered flip-flop clocked by clk)
Endpoint: group_timeout_count[0] (output port clocked by clk)
Path Group: clk
Path Type: max

Fanout         Cap        Slew       Delay        Time   Description
---------------------------------------------------------------------------------------------
                                  0.000000    0.000000   clock clk (rise edge)
                                  0.000000    0.000000   clock source latency
     1    0.019539    0.093422    0.064972    0.064972 ^ clk (in)
                                                         clk (net)
                      0.093474    0.000000    0.064972 ^ clkbuf_0_clk/A (sky130_fd_sc_hd__clkbuf_16)
     4    0.042376    0.061980    0.160792    0.225764 ^ clkbuf_0_clk/X (sky130_fd_sc_hd__clkbuf_16)
                                                         clknet_0_clk (net)
                      0.062070    0.001995    0.227759 ^ clkbuf_2_1__f_clk/A (sky130_fd_sc_hd__clkbuf_16)
    14    0.049743    0.068697    0.154316    0.382075 ^ clkbuf_2_1__f_clk/X (sky130_fd_sc_hd__clkbuf_16)
                                                         clknet_2_1__leaf_clk (net)
                      0.068951    0.002886    0.384961 ^ _458_/CLK (sky130_fd_sc_hd__dfxtp_1)
     8    0.024715    0.235433    0.449610    0.834571 ^ _458_/Q (sky130_fd_sc_hd__dfxtp_1)
                                                         net55 (net)
                      0.235435    0.001067    0.835638 ^ output55/A (sky130_fd_sc_hd__buf_2)
     1    0.035205    0.175287    0.259395    1.095034 ^ output55/X (sky130_fd_sc_hd__buf_2)
                                                         group_timeout_count[0] (net)
                      0.175307    0.001943    1.096977 ^ group_timeout_count[0] (out)
                                              1.096977   data arrival time

                                 25.000000   25.000000   clock clk (rise edge)
                                  0.000000   25.000000   clock network delay (propagated)
                                 -0.250000   24.750000   clock uncertainty
                                  0.000000   24.750000   clock reconvergence pessimism
                                 -5.000000   19.750000   output external delay
                                             19.750000   data required time
---------------------------------------------------------------------------------------------
                                             19.750000   data required time
                                             -1.096977   data arrival time
---------------------------------------------------------------------------------------------
                                             18.653023   slack (MET)


Startpoint: _438_ (rising edge-triggered flip-flop clocked by clk)
Endpoint: global_timeout_count[4] (output port clocked by clk)
Path Group: clk
Path Type: max

Fanout         Cap        Slew       Delay        Time   Description
---------------------------------------------------------------------------------------------
                                  0.000000    0.000000   clock clk (rise edge)
                                  0.000000    0.000000   clock source latency
     1    0.019539    0.093422    0.064972    0.064972 ^ clk (in)
                                                         clk (net)
                      0.093474    0.000000    0.064972 ^ clkbuf_0_clk/A (sky130_fd_sc_hd__clkbuf_16)
     4    0.042376    0.061980    0.160792    0.225764 ^ clkbuf_0_clk/X (sky130_fd_sc_hd__clkbuf_16)
                                                         clknet_0_clk (net)
                      0.062068    0.001982    0.227746 ^ clkbuf_2_0__f_clk/A (sky130_fd_sc_hd__clkbuf_16)
    14    0.047716    0.066823    0.152869    0.380615 ^ clkbuf_2_0__f_clk/X (sky130_fd_sc_hd__clkbuf_16)
                                                         clknet_2_0__leaf_clk (net)
                      0.067026    0.002440    0.383056 ^ _438_/CLK (sky130_fd_sc_hd__dfxtp_1)
     6    0.025104    0.238871    0.451777    0.834832 ^ _438_/Q (sky130_fd_sc_hd__dfxtp_1)
                                                         net38 (net)
                      0.238871    0.000873    0.835706 ^ output38/A (sky130_fd_sc_hd__buf_2)
     1    0.034434    0.171684    0.258014    1.093719 ^ output38/X (sky130_fd_sc_hd__buf_2)
                                                         global_timeout_count[4] (net)
                      0.171697    0.001599    1.095319 ^ global_timeout_count[4] (out)
                                              1.095319   data arrival time

                                 25.000000   25.000000   clock clk (rise edge)
                                  0.000000   25.000000   clock network delay (propagated)
                                 -0.250000   24.750000   clock uncertainty
                                  0.000000   24.750000   clock reconvergence pessimism
                                 -5.000000   19.750000   output external delay
                                             19.750000   data required time
---------------------------------------------------------------------------------------------
                                             19.750000   data required time
                                             -1.095319   data arrival time
---------------------------------------------------------------------------------------------
                                             18.654682   slack (MET)


Startpoint: _462_ (rising edge-triggered flip-flop clocked by clk)
Endpoint: group_timeout_count[4] (output port clocked by clk)
Path Group: clk
Path Type: max

Fanout         Cap        Slew       Delay        Time   Description
---------------------------------------------------------------------------------------------
                                  0.000000    0.000000   clock clk (rise edge)
                                  0.000000    0.000000   clock source latency
     1    0.019539    0.093422    0.064972    0.064972 ^ clk (in)
                                                         clk (net)
                      0.093474    0.000000    0.064972 ^ clkbuf_0_clk/A (sky130_fd_sc_hd__clkbuf_16)
     4    0.042376    0.061980    0.160792    0.225764 ^ clkbuf_0_clk/X (sky130_fd_sc_hd__clkbuf_16)
                                                         clknet_0_clk (net)
                      0.062070    0.001995    0.227759 ^ clkbuf_2_1__f_clk/A (sky130_fd_sc_hd__clkbuf_16)
    14    0.049743    0.068697    0.154316    0.382075 ^ clkbuf_2_1__f_clk/X (sky130_fd_sc_hd__clkbuf_16)
                                                         clknet_2_1__leaf_clk (net)
                      0.068849    0.002028    0.384102 ^ _462_/CLK (sky130_fd_sc_hd__dfxtp_1)
     8    0.024205    0.230671    0.446783    0.830885 ^ _462_/Q (sky130_fd_sc_hd__dfxtp_1)
                                                         net65 (net)
                      0.230672    0.001031    0.831916 ^ output65/A (sky130_fd_sc_hd__buf_2)
     1    0.034271    0.170928    0.255218    1.087134 ^ output65/X (sky130_fd_sc_hd__buf_2)
                                                         group_timeout_count[4] (net)
                      0.170942    0.001647    1.088782 ^ group_timeout_count[4] (out)
                                              1.088782   data arrival time

                                 25.000000   25.000000   clock clk (rise edge)
                                  0.000000   25.000000   clock network delay (propagated)
                                 -0.250000   24.750000   clock uncertainty
                                  0.000000   24.750000   clock reconvergence pessimism
                                 -5.000000   19.750000   output external delay
                                             19.750000   data required time
---------------------------------------------------------------------------------------------
                                             19.750000   data required time
                                             -1.088782   data arrival time
---------------------------------------------------------------------------------------------
                                             18.661217   slack (MET)


Startpoint: _459_ (rising edge-triggered flip-flop clocked by clk)
Endpoint: group_timeout_count[1] (output port clocked by clk)
Path Group: clk
Path Type: max

Fanout         Cap        Slew       Delay        Time   Description
---------------------------------------------------------------------------------------------
                                  0.000000    0.000000   clock clk (rise edge)
                                  0.000000    0.000000   clock source latency
     1    0.019539    0.093422    0.064972    0.064972 ^ clk (in)
                                                         clk (net)
                      0.093474    0.000000    0.064972 ^ clkbuf_0_clk/A (sky130_fd_sc_hd__clkbuf_16)
     4    0.042376    0.061980    0.160792    0.225764 ^ clkbuf_0_clk/X (sky130_fd_sc_hd__clkbuf_16)
                                                         clknet_0_clk (net)
                      0.062070    0.001995    0.227759 ^ clkbuf_2_1__f_clk/A (sky130_fd_sc_hd__clkbuf_16)
    14    0.049743    0.068697    0.154316    0.382075 ^ clkbuf_2_1__f_clk/X (sky130_fd_sc_hd__clkbuf_16)
                                                         clknet_2_1__leaf_clk (net)
                      0.069000    0.003227    0.385302 ^ _459_/CLK (sky130_fd_sc_hd__dfxtp_1)
     7    0.022810    0.218397    0.437203    0.822505 ^ _459_/Q (sky130_fd_sc_hd__dfxtp_1)
                                                         net62 (net)
                      0.218419    0.002263    0.824768 ^ output62/A (sky130_fd_sc_hd__buf_2)
     1    0.034753    0.173170    0.253367    1.078135 ^ output62/X (sky130_fd_sc_hd__buf_2)
                                                         group_timeout_count[1] (net)
                      0.173188    0.001842    1.079976 ^ group_timeout_count[1] (out)
                                              1.079976   data arrival time

                                 25.000000   25.000000   clock clk (rise edge)
                                  0.000000   25.000000   clock network delay (propagated)
                                 -0.250000   24.750000   clock uncertainty
                                  0.000000   24.750000   clock reconvergence pessimism
                                 -5.000000   19.750000   output external delay
                                             19.750000   data required time
---------------------------------------------------------------------------------------------
                                             19.750000   data required time
                                             -1.079976   data arrival time
---------------------------------------------------------------------------------------------
                                             18.670023   slack (MET)


Startpoint: _464_ (rising edge-triggered flip-flop clocked by clk)
Endpoint: group_timeout_count[6] (output port clocked by clk)
Path Group: clk
Path Type: max

Fanout         Cap        Slew       Delay        Time   Description
---------------------------------------------------------------------------------------------
                                  0.000000    0.000000   clock clk (rise edge)
                                  0.000000    0.000000   clock source latency
     1    0.019539    0.093422    0.064972    0.064972 ^ clk (in)
                                                         clk (net)
                      0.093474    0.000000    0.064972 ^ clkbuf_0_clk/A (sky130_fd_sc_hd__clkbuf_16)
     4    0.042376    0.061980    0.160792    0.225764 ^ clkbuf_0_clk/X (sky130_fd_sc_hd__clkbuf_16)
                                                         clknet_0_clk (net)
                      0.062068    0.001982    0.227746 ^ clkbuf_2_0__f_clk/A (sky130_fd_sc_hd__clkbuf_16)
    14    0.047716    0.066823    0.152869    0.380615 ^ clkbuf_2_0__f_clk/X (sky130_fd_sc_hd__clkbuf_16)
                                                         clknet_2_0__leaf_clk (net)
                      0.066964    0.001879    0.382494 ^ _464_/CLK (sky130_fd_sc_hd__dfxtp_1)
     6    0.022772    0.218055    0.436198    0.818692 ^ _464_/Q (sky130_fd_sc_hd__dfxtp_1)
                                                         net67 (net)
                      0.218073    0.002104    0.820796 ^ output67/A (sky130_fd_sc_hd__buf_2)
     1    0.034791    0.173334    0.253441    1.074237 ^ output67/X (sky130_fd_sc_hd__buf_2)
                                                         group_timeout_count[6] (net)
                      0.173351    0.001772    1.076009 ^ group_timeout_count[6] (out)
                                              1.076009   data arrival time

                                 25.000000   25.000000   clock clk (rise edge)
                                  0.000000   25.000000   clock network delay (propagated)
                                 -0.250000   24.750000   clock uncertainty
                                  0.000000   24.750000   clock reconvergence pessimism
                                 -5.000000   19.750000   output external delay
                                             19.750000   data required time
---------------------------------------------------------------------------------------------
                                             19.750000   data required time
                                             -1.076009   data arrival time
---------------------------------------------------------------------------------------------
                                             18.673990   slack (MET)


Startpoint: _463_ (rising edge-triggered flip-flop clocked by clk)
Endpoint: group_timeout_count[5] (output port clocked by clk)
Path Group: clk
Path Type: max

Fanout         Cap        Slew       Delay        Time   Description
---------------------------------------------------------------------------------------------
                                  0.000000    0.000000   clock clk (rise edge)
                                  0.000000    0.000000   clock source latency
     1    0.019539    0.093422    0.064972    0.064972 ^ clk (in)
                                                         clk (net)
                      0.093474    0.000000    0.064972 ^ clkbuf_0_clk/A (sky130_fd_sc_hd__clkbuf_16)
     4    0.042376    0.061980    0.160792    0.225764 ^ clkbuf_0_clk/X (sky130_fd_sc_hd__clkbuf_16)
                                                         clknet_0_clk (net)
                      0.062070    0.001995    0.227759 ^ clkbuf_2_1__f_clk/A (sky130_fd_sc_hd__clkbuf_16)
    14    0.049743    0.068697    0.154316    0.382075 ^ clkbuf_2_1__f_clk/X (sky130_fd_sc_hd__clkbuf_16)
                                                         clknet_2_1__leaf_clk (net)
                      0.068855    0.002085    0.384160 ^ _463_/CLK (sky130_fd_sc_hd__dfxtp_1)
     6    0.021602    0.207404    0.429921    0.814081 ^ _463_/Q (sky130_fd_sc_hd__dfxtp_1)
                                                         net66 (net)
                      0.207410    0.001335    0.815416 ^ output66/A (sky130_fd_sc_hd__buf_2)
     1    0.034085    0.170030    0.248323    1.063739 ^ output66/X (sky130_fd_sc_hd__buf_2)
                                                         group_timeout_count[5] (net)
                      0.170043    0.001625    1.065364 ^ group_timeout_count[5] (out)
                                              1.065364   data arrival time

                                 25.000000   25.000000   clock clk (rise edge)
                                  0.000000   25.000000   clock network delay (propagated)
                                 -0.250000   24.750000   clock uncertainty
                                  0.000000   24.750000   clock reconvergence pessimism
                                 -5.000000   19.750000   output external delay
                                             19.750000   data required time
---------------------------------------------------------------------------------------------
                                             19.750000   data required time
                                             -1.065364   data arrival time
---------------------------------------------------------------------------------------------
                                             18.684637   slack (MET)


Startpoint: _461_ (rising edge-triggered flip-flop clocked by clk)
Endpoint: group_timeout_count[3] (output port clocked by clk)
Path Group: clk
Path Type: max

Fanout         Cap        Slew       Delay        Time   Description
---------------------------------------------------------------------------------------------
                                  0.000000    0.000000   clock clk (rise edge)
                                  0.000000    0.000000   clock source latency
     1    0.019539    0.093422    0.064972    0.064972 ^ clk (in)
                                                         clk (net)
                      0.093474    0.000000    0.064972 ^ clkbuf_0_clk/A (sky130_fd_sc_hd__clkbuf_16)
     4    0.042376    0.061980    0.160792    0.225764 ^ clkbuf_0_clk/X (sky130_fd_sc_hd__clkbuf_16)
                                                         clknet_0_clk (net)
                      0.062070    0.001995    0.227759 ^ clkbuf_2_1__f_clk/A (sky130_fd_sc_hd__clkbuf_16)
    14    0.049743    0.068697    0.154316    0.382075 ^ clkbuf_2_1__f_clk/X (sky130_fd_sc_hd__clkbuf_16)
                                                         clknet_2_1__leaf_clk (net)
                      0.068932    0.002743    0.384818 ^ _461_/CLK (sky130_fd_sc_hd__dfxtp_1)
     5    0.021002    0.202012    0.426057    0.810875 ^ _461_/Q (sky130_fd_sc_hd__dfxtp_1)
                                                         net64 (net)
                      0.202016    0.001185    0.812060 ^ output64/A (sky130_fd_sc_hd__buf_2)
     1    0.034550    0.172191    0.248349    1.060410 ^ output64/X (sky130_fd_sc_hd__buf_2)
                                                         group_timeout_count[3] (net)
                      0.172207    0.001708    1.062118 ^ group_timeout_count[3] (out)
                                              1.062118   data arrival time

                                 25.000000   25.000000   clock clk (rise edge)
                                  0.000000   25.000000   clock network delay (propagated)
                                 -0.250000   24.750000   clock uncertainty
                                  0.000000   24.750000   clock reconvergence pessimism
                                 -5.000000   19.750000   output external delay
                                             19.750000   data required time
---------------------------------------------------------------------------------------------
                                             19.750000   data required time
                                             -1.062118   data arrival time
---------------------------------------------------------------------------------------------
                                             18.687881   slack (MET)


Startpoint: _460_ (rising edge-triggered flip-flop clocked by clk)
Endpoint: group_timeout_count[2] (output port clocked by clk)
Path Group: clk
Path Type: max

Fanout         Cap        Slew       Delay        Time   Description
---------------------------------------------------------------------------------------------
                                  0.000000    0.000000   clock clk (rise edge)
                                  0.000000    0.000000   clock source latency
     1    0.019539    0.093422    0.064972    0.064972 ^ clk (in)
                                                         clk (net)
                      0.093474    0.000000    0.064972 ^ clkbuf_0_clk/A (sky130_fd_sc_hd__clkbuf_16)
     4    0.042376    0.061980    0.160792    0.225764 ^ clkbuf_0_clk/X (sky130_fd_sc_hd__clkbuf_16)
                                                         clknet_0_clk (net)
                      0.062070    0.001995    0.227759 ^ clkbuf_2_1__f_clk/A (sky130_fd_sc_hd__clkbuf_16)
    14    0.049743    0.068697    0.154316    0.382075 ^ clkbuf_2_1__f_clk/X (sky130_fd_sc_hd__clkbuf_16)
                                                         clknet_2_1__leaf_clk (net)
                      0.069014    0.003318    0.385393 ^ _460_/CLK (sky130_fd_sc_hd__dfxtp_1)
     6    0.019881    0.191872    0.418981    0.804374 ^ _460_/Q (sky130_fd_sc_hd__dfxtp_1)
                                                         net63 (net)
                      0.191875    0.001065    0.805439 ^ output63/A (sky130_fd_sc_hd__buf_2)
     1    0.034404    0.171506    0.245096    1.050535 ^ output63/X (sky130_fd_sc_hd__buf_2)
                                                         group_timeout_count[2] (net)
                      0.171522    0.001750    1.052286 ^ group_timeout_count[2] (out)
                                              1.052286   data arrival time

                                 25.000000   25.000000   clock clk (rise edge)
                                  0.000000   25.000000   clock network delay (propagated)
                                 -0.250000   24.750000   clock uncertainty
                                  0.000000   24.750000   clock reconvergence pessimism
                                 -5.000000   19.750000   output external delay
                                             19.750000   data required time
---------------------------------------------------------------------------------------------
                                             19.750000   data required time
                                             -1.052286   data arrival time
---------------------------------------------------------------------------------------------
                                             18.697714   slack (MET)


Startpoint: _480_ (rising edge-triggered flip-flop clocked by clk)
Endpoint: global_state_bits[0] (output port clocked by clk)
Path Group: clk
Path Type: max

Fanout         Cap        Slew       Delay        Time   Description
---------------------------------------------------------------------------------------------
                                  0.000000    0.000000   clock clk (rise edge)
                                  0.000000    0.000000   clock source latency
     1    0.019539    0.093422    0.064972    0.064972 ^ clk (in)
                                                         clk (net)
                      0.093474    0.000000    0.064972 ^ clkbuf_0_clk/A (sky130_fd_sc_hd__clkbuf_16)
     4    0.042376    0.061980    0.160792    0.225764 ^ clkbuf_0_clk/X (sky130_fd_sc_hd__clkbuf_16)
                                                         clknet_0_clk (net)
                      0.062041    0.001678    0.227443 ^ clkbuf_2_3__f_clk/A (sky130_fd_sc_hd__clkbuf_16)
    14    0.048485    0.067552    0.153365    0.380808 ^ clkbuf_2_3__f_clk/X (sky130_fd_sc_hd__clkbuf_16)
                                                         clknet_2_3__leaf_clk (net)
                      0.067761    0.002573    0.383381 ^ _480_/CLK (sky130_fd_sc_hd__dfxtp_2)
     9    0.034541    0.178439    0.424645    0.808026 ^ _480_/Q (sky130_fd_sc_hd__dfxtp_2)
                                                         net19 (net)
                      0.178450    0.001551    0.809577 ^ output19/A (sky130_fd_sc_hd__buf_2)
     1    0.034046    0.169805    0.240365    1.049942 ^ output19/X (sky130_fd_sc_hd__buf_2)
                                                         global_state_bits[0] (net)
                      0.169818    0.001617    1.051559 ^ global_state_bits[0] (out)
                                              1.051559   data arrival time

                                 25.000000   25.000000   clock clk (rise edge)
                                  0.000000   25.000000   clock network delay (propagated)
                                 -0.250000   24.750000   clock uncertainty
                                  0.000000   24.750000   clock reconvergence pessimism
                                 -5.000000   19.750000   output external delay
                                             19.750000   data required time
---------------------------------------------------------------------------------------------
                                             19.750000   data required time
                                             -1.051559   data arrival time
---------------------------------------------------------------------------------------------
                                             18.698441   slack (MET)


Startpoint: _477_ (rising edge-triggered flip-flop clocked by clk)
Endpoint: group_state_bits[1] (output port clocked by clk)
Path Group: clk
Path Type: max

Fanout         Cap        Slew       Delay        Time   Description
---------------------------------------------------------------------------------------------
                                  0.000000    0.000000   clock clk (rise edge)
                                  0.000000    0.000000   clock source latency
     1    0.019539    0.093422    0.064972    0.064972 ^ clk (in)
                                                         clk (net)
                      0.093474    0.000000    0.064972 ^ clkbuf_0_clk/A (sky130_fd_sc_hd__clkbuf_16)
     4    0.042376    0.061980    0.160792    0.225764 ^ clkbuf_0_clk/X (sky130_fd_sc_hd__clkbuf_16)
                                                         clknet_0_clk (net)
                      0.062070    0.001995    0.227759 ^ clkbuf_2_1__f_clk/A (sky130_fd_sc_hd__clkbuf_16)
    14    0.049743    0.068697    0.154316    0.382075 ^ clkbuf_2_1__f_clk/X (sky130_fd_sc_hd__clkbuf_16)
                                                         clknet_2_1__leaf_clk (net)
                      0.068927    0.002699    0.384774 ^ _477_/CLK (sky130_fd_sc_hd__dfxtp_1)
     6    0.019648    0.189805    0.417312    0.802086 ^ _477_/Q (sky130_fd_sc_hd__dfxtp_1)
                                                         net47 (net)
                      0.189807    0.001011    0.803097 ^ output47/A (sky130_fd_sc_hd__buf_2)
     1    0.034553    0.172180    0.245089    1.048186 ^ output47/X (sky130_fd_sc_hd__buf_2)
                                                         group_state_bits[1] (net)
                      0.172194    0.001671    1.049857 ^ group_state_bits[1] (out)
                                              1.049857   data arrival time

                                 25.000000   25.000000   clock clk (rise edge)
                                  0.000000   25.000000   clock network delay (propagated)
                                 -0.250000   24.750000   clock uncertainty
                                  0.000000   24.750000   clock reconvergence pessimism
                                 -5.000000   19.750000   output external delay
                                             19.750000   data required time
---------------------------------------------------------------------------------------------
                                             19.750000   data required time
                                             -1.049857   data arrival time
---------------------------------------------------------------------------------------------
                                             18.700142   slack (MET)


Startpoint: _468_ (rising edge-triggered flip-flop clocked by clk)
Endpoint: group_timeout_count[10] (output port clocked by clk)
Path Group: clk
Path Type: max

Fanout         Cap        Slew       Delay        Time   Description
---------------------------------------------------------------------------------------------
                                  0.000000    0.000000   clock clk (rise edge)
                                  0.000000    0.000000   clock source latency
     1    0.019539    0.093422    0.064972    0.064972 ^ clk (in)
                                                         clk (net)
                      0.093474    0.000000    0.064972 ^ clkbuf_0_clk/A (sky130_fd_sc_hd__clkbuf_16)
     4    0.042376    0.061980    0.160792    0.225764 ^ clkbuf_0_clk/X (sky130_fd_sc_hd__clkbuf_16)
                                                         clknet_0_clk (net)
                      0.062068    0.001982    0.227746 ^ clkbuf_2_0__f_clk/A (sky130_fd_sc_hd__clkbuf_16)
    14    0.047716    0.066823    0.152869    0.380615 ^ clkbuf_2_0__f_clk/X (sky130_fd_sc_hd__clkbuf_16)
                                                         clknet_2_0__leaf_clk (net)
                      0.066940    0.001608    0.382223 ^ _468_/CLK (sky130_fd_sc_hd__dfxtp_1)
     6    0.019774    0.190949    0.417335    0.799558 ^ _468_/Q (sky130_fd_sc_hd__dfxtp_1)
                                                         net56 (net)
                      0.190957    0.001462    0.801021 ^ output56/A (sky130_fd_sc_hd__buf_2)
     1    0.034217    0.170620    0.244300    1.045320 ^ output56/X (sky130_fd_sc_hd__buf_2)
                                                         group_timeout_count[10] (net)
                      0.170634    0.001643    1.046964 ^ group_timeout_count[10] (out)
                                              1.046964   data arrival time

                                 25.000000   25.000000   clock clk (rise edge)
                                  0.000000   25.000000   clock network delay (propagated)
                                 -0.250000   24.750000   clock uncertainty
                                  0.000000   24.750000   clock reconvergence pessimism
                                 -5.000000   19.750000   output external delay
                                             19.750000   data required time
---------------------------------------------------------------------------------------------
                                             19.750000   data required time
                                             -1.046964   data arrival time
---------------------------------------------------------------------------------------------
                                             18.703035   slack (MET)


Startpoint: _434_ (rising edge-triggered flip-flop clocked by clk)
Endpoint: global_timeout_count[0] (output port clocked by clk)
Path Group: clk
Path Type: max

Fanout         Cap        Slew       Delay        Time   Description
---------------------------------------------------------------------------------------------
                                  0.000000    0.000000   clock clk (rise edge)
                                  0.000000    0.000000   clock source latency
     1    0.019539    0.093422    0.064972    0.064972 ^ clk (in)
                                                         clk (net)
                      0.093474    0.000000    0.064972 ^ clkbuf_0_clk/A (sky130_fd_sc_hd__clkbuf_16)
     4    0.042376    0.061980    0.160792    0.225764 ^ clkbuf_0_clk/X (sky130_fd_sc_hd__clkbuf_16)
                                                         clknet_0_clk (net)
                      0.062068    0.001982    0.227746 ^ clkbuf_2_0__f_clk/A (sky130_fd_sc_hd__clkbuf_16)
    14    0.047716    0.066823    0.152869    0.380615 ^ clkbuf_2_0__f_clk/X (sky130_fd_sc_hd__clkbuf_16)
                                                         clknet_2_0__leaf_clk (net)
                      0.067129    0.003201    0.383816 ^ _434_/CLK (sky130_fd_sc_hd__dfxtp_1)
     6    0.019308    0.186730    0.414489    0.798306 ^ _434_/Q (sky130_fd_sc_hd__dfxtp_1)
                                                         net28 (net)
                      0.186735    0.001266    0.799572 ^ output28/A (sky130_fd_sc_hd__buf_2)
     1    0.034384    0.171382    0.243739    1.043311 ^ output28/X (sky130_fd_sc_hd__buf_2)
                                                         global_timeout_count[0] (net)
                      0.171395    0.001606    1.044917 ^ global_timeout_count[0] (out)
                                              1.044917   data arrival time

                                 25.000000   25.000000   clock clk (rise edge)
                                  0.000000   25.000000   clock network delay (propagated)
                                 -0.250000   24.750000   clock uncertainty
                                  0.000000   24.750000   clock reconvergence pessimism
                                 -5.000000   19.750000   output external delay
                                             19.750000   data required time
---------------------------------------------------------------------------------------------
                                             19.750000   data required time
                                             -1.044917   data arrival time
---------------------------------------------------------------------------------------------
                                             18.705082   slack (MET)


Startpoint: _442_ (rising edge-triggered flip-flop clocked by clk)
Endpoint: global_timeout_count[8] (output port clocked by clk)
Path Group: clk
Path Type: max

Fanout         Cap        Slew       Delay        Time   Description
---------------------------------------------------------------------------------------------
                                  0.000000    0.000000   clock clk (rise edge)
                                  0.000000    0.000000   clock source latency
     1    0.019539    0.093422    0.064972    0.064972 ^ clk (in)
                                                         clk (net)
                      0.093474    0.000000    0.064972 ^ clkbuf_0_clk/A (sky130_fd_sc_hd__clkbuf_16)
     4    0.042376    0.061980    0.160792    0.225764 ^ clkbuf_0_clk/X (sky130_fd_sc_hd__clkbuf_16)
                                                         clknet_0_clk (net)
                      0.062042    0.001695    0.227460 ^ clkbuf_2_2__f_clk/A (sky130_fd_sc_hd__clkbuf_16)
    13    0.047334    0.066475    0.152612    0.380071 ^ clkbuf_2_2__f_clk/X (sky130_fd_sc_hd__clkbuf_16)
                                                         clknet_2_2__leaf_clk (net)
                      0.066714    0.002741    0.382812 ^ _442_/CLK (sky130_fd_sc_hd__dfxtp_1)
     6    0.019326    0.186837    0.414644    0.797457 ^ _442_/Q (sky130_fd_sc_hd__dfxtp_1)
                                                         net42 (net)
                      0.186839    0.000939    0.798396 ^ output42/A (sky130_fd_sc_hd__buf_2)
     1    0.034399    0.171451    0.243824    1.042219 ^ output42/X (sky130_fd_sc_hd__buf_2)
                                                         global_timeout_count[8] (net)
                      0.171464    0.001597    1.043817 ^ global_timeout_count[8] (out)
                                              1.043817   data arrival time

                                 25.000000   25.000000   clock clk (rise edge)
                                  0.000000   25.000000   clock network delay (propagated)
                                 -0.250000   24.750000   clock uncertainty
                                  0.000000   24.750000   clock reconvergence pessimism
                                 -5.000000   19.750000   output external delay
                                             19.750000   data required time
---------------------------------------------------------------------------------------------
                                             19.750000   data required time
                                             -1.043817   data arrival time
---------------------------------------------------------------------------------------------
                                             18.706182   slack (MET)


Startpoint: _449_ (rising edge-triggered flip-flop clocked by clk)
Endpoint: global_timeout_count[15] (output port clocked by clk)
Path Group: clk
Path Type: max

Fanout         Cap        Slew       Delay        Time   Description
---------------------------------------------------------------------------------------------
                                  0.000000    0.000000   clock clk (rise edge)
                                  0.000000    0.000000   clock source latency
     1    0.019539    0.093422    0.064972    0.064972 ^ clk (in)
                                                         clk (net)
                      0.093474    0.000000    0.064972 ^ clkbuf_0_clk/A (sky130_fd_sc_hd__clkbuf_16)
     4    0.042376    0.061980    0.160792    0.225764 ^ clkbuf_0_clk/X (sky130_fd_sc_hd__clkbuf_16)
                                                         clknet_0_clk (net)
                      0.062042    0.001695    0.227460 ^ clkbuf_2_2__f_clk/A (sky130_fd_sc_hd__clkbuf_16)
    13    0.047334    0.066475    0.152612    0.380071 ^ clkbuf_2_2__f_clk/X (sky130_fd_sc_hd__clkbuf_16)
                                                         clknet_2_2__leaf_clk (net)
                      0.066755    0.003035    0.383106 ^ _449_/CLK (sky130_fd_sc_hd__dfxtp_1)
     6    0.018492    0.179423    0.408911    0.792017 ^ _449_/Q (sky130_fd_sc_hd__dfxtp_1)
                                                         net34 (net)
                      0.179431    0.001417    0.793434 ^ output34/A (sky130_fd_sc_hd__buf_2)
     1    0.034258    0.170797    0.241325    1.034759 ^ output34/X (sky130_fd_sc_hd__buf_2)
                                                         global_timeout_count[15] (net)
                      0.170810    0.001635    1.036394 ^ global_timeout_count[15] (out)
                                              1.036394   data arrival time

                                 25.000000   25.000000   clock clk (rise edge)
                                  0.000000   25.000000   clock network delay (propagated)
                                 -0.250000   24.750000   clock uncertainty
                                  0.000000   24.750000   clock reconvergence pessimism
                                 -5.000000   19.750000   output external delay
                                             19.750000   data required time
---------------------------------------------------------------------------------------------
                                             19.750000   data required time
                                             -1.036394   data arrival time
---------------------------------------------------------------------------------------------
                                             18.713606   slack (MET)


Startpoint: _437_ (rising edge-triggered flip-flop clocked by clk)
Endpoint: global_timeout_count[3] (output port clocked by clk)
Path Group: clk
Path Type: max

Fanout         Cap        Slew       Delay        Time   Description
---------------------------------------------------------------------------------------------
                                  0.000000    0.000000   clock clk (rise edge)
                                  0.000000    0.000000   clock source latency
     1    0.019539    0.093422    0.064972    0.064972 ^ clk (in)
                                                         clk (net)
                      0.093474    0.000000    0.064972 ^ clkbuf_0_clk/A (sky130_fd_sc_hd__clkbuf_16)
     4    0.042376    0.061980    0.160792    0.225764 ^ clkbuf_0_clk/X (sky130_fd_sc_hd__clkbuf_16)
                                                         clknet_0_clk (net)
                      0.062068    0.001982    0.227746 ^ clkbuf_2_0__f_clk/A (sky130_fd_sc_hd__clkbuf_16)
    14    0.047716    0.066823    0.152869    0.380615 ^ clkbuf_2_0__f_clk/X (sky130_fd_sc_hd__clkbuf_16)
                                                         clknet_2_0__leaf_clk (net)
                      0.067104    0.003031    0.383646 ^ _437_/CLK (sky130_fd_sc_hd__dfxtp_1)
     5    0.018171    0.176423    0.407403    0.791050 ^ _437_/Q (sky130_fd_sc_hd__dfxtp_1)
                                                         net37 (net)
                      0.176427    0.001078    0.792128 ^ output37/A (sky130_fd_sc_hd__buf_2)
     1    0.034386    0.171380    0.240967    1.033095 ^ output37/X (sky130_fd_sc_hd__buf_2)
                                                         global_timeout_count[3] (net)
                      0.171392    0.001597    1.034691 ^ global_timeout_count[3] (out)
                                              1.034691   data arrival time

                                 25.000000   25.000000   clock clk (rise edge)
                                  0.000000   25.000000   clock network delay (propagated)
                                 -0.250000   24.750000   clock uncertainty
                                  0.000000   24.750000   clock reconvergence pessimism
                                 -5.000000   19.750000   output external delay
                                             19.750000   data required time
---------------------------------------------------------------------------------------------
                                             19.750000   data required time
                                             -1.034691   data arrival time
---------------------------------------------------------------------------------------------
                                             18.715309   slack (MET)


Startpoint: _466_ (rising edge-triggered flip-flop clocked by clk)
Endpoint: group_timeout_count[8] (output port clocked by clk)
Path Group: clk
Path Type: max

Fanout         Cap        Slew       Delay        Time   Description
---------------------------------------------------------------------------------------------
                                  0.000000    0.000000   clock clk (rise edge)
                                  0.000000    0.000000   clock source latency
     1    0.019539    0.093422    0.064972    0.064972 ^ clk (in)
                                                         clk (net)
                      0.093474    0.000000    0.064972 ^ clkbuf_0_clk/A (sky130_fd_sc_hd__clkbuf_16)
     4    0.042376    0.061980    0.160792    0.225764 ^ clkbuf_0_clk/X (sky130_fd_sc_hd__clkbuf_16)
                                                         clknet_0_clk (net)
                      0.062070    0.001995    0.227759 ^ clkbuf_2_1__f_clk/A (sky130_fd_sc_hd__clkbuf_16)
    14    0.049743    0.068697    0.154316    0.382075 ^ clkbuf_2_1__f_clk/X (sky130_fd_sc_hd__clkbuf_16)
                                                         clknet_2_1__leaf_clk (net)
                      0.069048    0.003533    0.385608 ^ _466_/CLK (sky130_fd_sc_hd__dfxtp_1)
     6    0.017937    0.174297    0.406694    0.792302 ^ _466_/Q (sky130_fd_sc_hd__dfxtp_1)
                                                         net69 (net)
                      0.174298    0.000731    0.793034 ^ output69/A (sky130_fd_sc_hd__buf_2)
     1    0.034193    0.170499    0.239672    1.032706 ^ output69/X (sky130_fd_sc_hd__buf_2)
                                                         group_timeout_count[8] (net)
                      0.170514    0.001704    1.034410 ^ group_timeout_count[8] (out)
                                              1.034410   data arrival time

                                 25.000000   25.000000   clock clk (rise edge)
                                  0.000000   25.000000   clock network delay (propagated)
                                 -0.250000   24.750000   clock uncertainty
                                  0.000000   24.750000   clock reconvergence pessimism
                                 -5.000000   19.750000   output external delay
                                             19.750000   data required time
---------------------------------------------------------------------------------------------
                                             19.750000   data required time
                                             -1.034410   data arrival time
---------------------------------------------------------------------------------------------
                                             18.715590   slack (MET)


Startpoint: _444_ (rising edge-triggered flip-flop clocked by clk)
Endpoint: global_timeout_count[10] (output port clocked by clk)
Path Group: clk
Path Type: max

Fanout         Cap        Slew       Delay        Time   Description
---------------------------------------------------------------------------------------------
                                  0.000000    0.000000   clock clk (rise edge)
                                  0.000000    0.000000   clock source latency
     1    0.019539    0.093422    0.064972    0.064972 ^ clk (in)
                                                         clk (net)
                      0.093474    0.000000    0.064972 ^ clkbuf_0_clk/A (sky130_fd_sc_hd__clkbuf_16)
     4    0.042376    0.061980    0.160792    0.225764 ^ clkbuf_0_clk/X (sky130_fd_sc_hd__clkbuf_16)
                                                         clknet_0_clk (net)
                      0.062042    0.001695    0.227460 ^ clkbuf_2_2__f_clk/A (sky130_fd_sc_hd__clkbuf_16)
    13    0.047334    0.066475    0.152612    0.380071 ^ clkbuf_2_2__f_clk/X (sky130_fd_sc_hd__clkbuf_16)
                                                         clknet_2_2__leaf_clk (net)
                      0.066652    0.002243    0.382315 ^ _444_/CLK (sky130_fd_sc_hd__dfxtp_1)
     6    0.018273    0.177355    0.407828    0.790143 ^ _444_/Q (sky130_fd_sc_hd__dfxtp_1)
                                                         net29 (net)
                      0.177357    0.000946    0.791089 ^ output29/A (sky130_fd_sc_hd__buf_2)
     1    0.034380    0.171354    0.241200    1.032289 ^ output29/X (sky130_fd_sc_hd__buf_2)
                                                         global_timeout_count[10] (net)
                      0.171367    0.001596    1.033885 ^ global_timeout_count[10] (out)
                                              1.033885   data arrival time

                                 25.000000   25.000000   clock clk (rise edge)
                                  0.000000   25.000000   clock network delay (propagated)
                                 -0.250000   24.750000   clock uncertainty
                                  0.000000   24.750000   clock reconvergence pessimism
                                 -5.000000   19.750000   output external delay
                                             19.750000   data required time
---------------------------------------------------------------------------------------------
                                             19.750000   data required time
                                             -1.033885   data arrival time
---------------------------------------------------------------------------------------------
                                             18.716116   slack (MET)


Startpoint: _475_ (rising edge-triggered flip-flop clocked by clk)
Endpoint: sticky_illegal (output port clocked by clk)
Path Group: clk
Path Type: max

Fanout         Cap        Slew       Delay        Time   Description
---------------------------------------------------------------------------------------------
                                  0.000000    0.000000   clock clk (rise edge)
                                  0.000000    0.000000   clock source latency
     1    0.019539    0.093422    0.064972    0.064972 ^ clk (in)
                                                         clk (net)
                      0.093474    0.000000    0.064972 ^ clkbuf_0_clk/A (sky130_fd_sc_hd__clkbuf_16)
     4    0.042376    0.061980    0.160792    0.225764 ^ clkbuf_0_clk/X (sky130_fd_sc_hd__clkbuf_16)
                                                         clknet_0_clk (net)
                      0.062041    0.001678    0.227443 ^ clkbuf_2_3__f_clk/A (sky130_fd_sc_hd__clkbuf_16)
    14    0.048485    0.067552    0.153365    0.380808 ^ clkbuf_2_3__f_clk/X (sky130_fd_sc_hd__clkbuf_16)
                                                         clknet_2_3__leaf_clk (net)
                      0.067814    0.002964    0.383772 ^ _475_/CLK (sky130_fd_sc_hd__dfxtp_1)
     6    0.017852    0.173628    0.405316    0.789088 ^ _475_/Q (sky130_fd_sc_hd__dfxtp_1)
                                                         net74 (net)
                      0.173629    0.000798    0.789886 ^ output74/A (sky130_fd_sc_hd__buf_2)
     1    0.034635    0.172545    0.240972    1.030858 ^ output74/X (sky130_fd_sc_hd__buf_2)
                                                         sticky_illegal (net)
                      0.172559    0.001691    1.032549 ^ sticky_illegal (out)
                                              1.032549   data arrival time

                                 25.000000   25.000000   clock clk (rise edge)
                                  0.000000   25.000000   clock network delay (propagated)
                                 -0.250000   24.750000   clock uncertainty
                                  0.000000   24.750000   clock reconvergence pessimism
                                 -5.000000   19.750000   output external delay
                                             19.750000   data required time
---------------------------------------------------------------------------------------------
                                             19.750000   data required time
                                             -1.032549   data arrival time
---------------------------------------------------------------------------------------------
                                             18.717451   slack (MET)


Startpoint: _467_ (rising edge-triggered flip-flop clocked by clk)
Endpoint: group_timeout_count[9] (output port clocked by clk)
Path Group: clk
Path Type: max

Fanout         Cap        Slew       Delay        Time   Description
---------------------------------------------------------------------------------------------
                                  0.000000    0.000000   clock clk (rise edge)
                                  0.000000    0.000000   clock source latency
     1    0.019539    0.093422    0.064972    0.064972 ^ clk (in)
                                                         clk (net)
                      0.093474    0.000000    0.064972 ^ clkbuf_0_clk/A (sky130_fd_sc_hd__clkbuf_16)
     4    0.042376    0.061980    0.160792    0.225764 ^ clkbuf_0_clk/X (sky130_fd_sc_hd__clkbuf_16)
                                                         clknet_0_clk (net)
                      0.062070    0.001995    0.227759 ^ clkbuf_2_1__f_clk/A (sky130_fd_sc_hd__clkbuf_16)
    14    0.049743    0.068697    0.154316    0.382075 ^ clkbuf_2_1__f_clk/X (sky130_fd_sc_hd__clkbuf_16)
                                                         clknet_2_1__leaf_clk (net)
                      0.068805    0.001518    0.383592 ^ _467_/CLK (sky130_fd_sc_hd__dfxtp_1)
     5    0.017697    0.172231    0.404682    0.788274 ^ _467_/Q (sky130_fd_sc_hd__dfxtp_1)
                                                         net70 (net)
                      0.172241    0.001436    0.789710 ^ output70/A (sky130_fd_sc_hd__buf_2)
     1    0.034136    0.170219    0.238968    1.028677 ^ output70/X (sky130_fd_sc_hd__buf_2)
                                                         group_timeout_count[9] (net)
                      0.170233    0.001643    1.030320 ^ group_timeout_count[9] (out)
                                              1.030320   data arrival time

                                 25.000000   25.000000   clock clk (rise edge)
                                  0.000000   25.000000   clock network delay (propagated)
                                 -0.250000   24.750000   clock uncertainty
                                  0.000000   24.750000   clock reconvergence pessimism
                                 -5.000000   19.750000   output external delay
                                             19.750000   data required time
---------------------------------------------------------------------------------------------
                                             19.750000   data required time
                                             -1.030320   data arrival time
---------------------------------------------------------------------------------------------
                                             18.719679   slack (MET)


Startpoint: reset (input port clocked by clk)
Endpoint: _444_ (rising edge-triggered flip-flop clocked by clk)
Path Group: clk
Path Type: max

Fanout         Cap        Slew       Delay        Time   Description
---------------------------------------------------------------------------------------------
                                  0.000000    0.000000   clock clk (rise edge)
                                  0.000000    0.000000   clock network delay (propagated)
                                  5.000000    5.000000 v input external delay
     1    0.003152    0.009436    0.005072    5.005073 v reset (in)
                                                         reset (net)
                      0.009439    0.000000    5.005073 v input11/A (sky130_fd_sc_hd__buf_1)
     4    0.017408    0.105798    0.135792    5.140865 v input11/X (sky130_fd_sc_hd__buf_1)
                                                         net11 (net)
                      0.105798    0.000468    5.141333 v fanout82/A (sky130_fd_sc_hd__buf_2)
    10    0.040372    0.100331    0.215603    5.356935 v fanout82/X (sky130_fd_sc_hd__buf_2)
                                                         net82 (net)
                      0.100577    0.003647    5.360582 v _283_/C1 (sky130_fd_sc_hd__a221o_1)
     1    0.004278    0.059933    0.284145    5.644727 v _283_/X (sky130_fd_sc_hd__a221o_1)
                                                         _110_ (net)
                      0.059933    0.000155    5.644883 v _287_/B (sky130_fd_sc_hd__or3b_2)
     5    0.026582    0.148697    0.543152    6.188034 v _287_/X (sky130_fd_sc_hd__or3b_2)
                                                         _113_ (net)
                      0.148793    0.003464    6.191499 v _323_/B1 (sky130_fd_sc_hd__a21oi_1)
     1    0.002921    0.110918    0.151094    6.342592 ^ _323_/Y (sky130_fd_sc_hd__a21oi_1)
                                                         _014_ (net)
                      0.110919    0.000186    6.342779 ^ _444_/D (sky130_fd_sc_hd__dfxtp_1)
                                              6.342779   data arrival time

                                 25.000000   25.000000   clock clk (rise edge)
                                  0.000000   25.000000   clock source latency
     1    0.019539    0.093422    0.064972   25.064972 ^ clk (in)
                                                         clk (net)
                      0.093474    0.000000   25.064972 ^ clkbuf_0_clk/A (sky130_fd_sc_hd__clkbuf_16)
     4    0.042376    0.061980    0.160792   25.225763 ^ clkbuf_0_clk/X (sky130_fd_sc_hd__clkbuf_16)
                                                         clknet_0_clk (net)
                      0.062042    0.001695   25.227459 ^ clkbuf_2_2__f_clk/A (sky130_fd_sc_hd__clkbuf_16)
    13    0.047334    0.066475    0.152612   25.380070 ^ clkbuf_2_2__f_clk/X (sky130_fd_sc_hd__clkbuf_16)
                                                         clknet_2_2__leaf_clk (net)
                      0.066652    0.002244   25.382315 ^ _444_/CLK (sky130_fd_sc_hd__dfxtp_1)
                                 -0.250000   25.132315   clock uncertainty
                                  0.000000   25.132315   clock reconvergence pessimism
                                 -0.066070   25.066244   library setup time
                                             25.066244   data required time
---------------------------------------------------------------------------------------------
                                             25.066244   data required time
                                             -6.342779   data arrival time
---------------------------------------------------------------------------------------------
                                             18.723467   slack (MET)


Startpoint: _440_ (rising edge-triggered flip-flop clocked by clk)
Endpoint: global_timeout_count[6] (output port clocked by clk)
Path Group: clk
Path Type: max

Fanout         Cap        Slew       Delay        Time   Description
---------------------------------------------------------------------------------------------
                                  0.000000    0.000000   clock clk (rise edge)
                                  0.000000    0.000000   clock source latency
     1    0.019539    0.093422    0.064972    0.064972 ^ clk (in)
                                                         clk (net)
                      0.093474    0.000000    0.064972 ^ clkbuf_0_clk/A (sky130_fd_sc_hd__clkbuf_16)
     4    0.042376    0.061980    0.160792    0.225764 ^ clkbuf_0_clk/X (sky130_fd_sc_hd__clkbuf_16)
                                                         clknet_0_clk (net)
                      0.062068    0.001982    0.227746 ^ clkbuf_2_0__f_clk/A (sky130_fd_sc_hd__clkbuf_16)
    14    0.047716    0.066823    0.152869    0.380615 ^ clkbuf_2_0__f_clk/X (sky130_fd_sc_hd__clkbuf_16)
                                                         clknet_2_0__leaf_clk (net)
                      0.067140    0.003267    0.383883 ^ _440_/CLK (sky130_fd_sc_hd__dfxtp_1)
     6    0.017156    0.167255    0.400971    0.784854 ^ _440_/Q (sky130_fd_sc_hd__dfxtp_1)
                                                         net40 (net)
                      0.167256    0.000704    0.785557 ^ output40/A (sky130_fd_sc_hd__buf_2)
     1    0.034433    0.171591    0.238626    1.024183 ^ output40/X (sky130_fd_sc_hd__buf_2)
                                                         global_timeout_count[6] (net)
                      0.171604    0.001623    1.025806 ^ global_timeout_count[6] (out)
                                              1.025806   data arrival time

                                 25.000000   25.000000   clock clk (rise edge)
                                  0.000000   25.000000   clock network delay (propagated)
                                 -0.250000   24.750000   clock uncertainty
                                  0.000000   24.750000   clock reconvergence pessimism
                                 -5.000000   19.750000   output external delay
                                             19.750000   data required time
---------------------------------------------------------------------------------------------
                                             19.750000   data required time
                                             -1.025806   data arrival time
---------------------------------------------------------------------------------------------
                                             18.724194   slack (MET)


Startpoint: _469_ (rising edge-triggered flip-flop clocked by clk)
Endpoint: group_timeout_count[11] (output port clocked by clk)
Path Group: clk
Path Type: max

Fanout         Cap        Slew       Delay        Time   Description
---------------------------------------------------------------------------------------------
                                  0.000000    0.000000   clock clk (rise edge)
                                  0.000000    0.000000   clock source latency
     1    0.019539    0.093422    0.064972    0.064972 ^ clk (in)
                                                         clk (net)
                      0.093474    0.000000    0.064972 ^ clkbuf_0_clk/A (sky130_fd_sc_hd__clkbuf_16)
     4    0.042376    0.061980    0.160792    0.225764 ^ clkbuf_0_clk/X (sky130_fd_sc_hd__clkbuf_16)
                                                         clknet_0_clk (net)
                      0.062068    0.001982    0.227746 ^ clkbuf_2_0__f_clk/A (sky130_fd_sc_hd__clkbuf_16)
    14    0.047716    0.066823    0.152869    0.380615 ^ clkbuf_2_0__f_clk/X (sky130_fd_sc_hd__clkbuf_16)
                                                         clknet_2_0__leaf_clk (net)
                      0.066972    0.001961    0.382576 ^ _469_/CLK (sky130_fd_sc_hd__dfxtp_1)
     6    0.017038    0.166240    0.399954    0.782530 ^ _469_/Q (sky130_fd_sc_hd__dfxtp_1)
                                                         net57 (net)
                      0.166245    0.001180    0.783710 ^ output57/A (sky130_fd_sc_hd__buf_2)
     1    0.034505    0.171947    0.238484    1.022195 ^ output57/X (sky130_fd_sc_hd__buf_2)
                                                         group_timeout_count[11] (net)
                      0.171964    0.001776    1.023970 ^ group_timeout_count[11] (out)
                                              1.023970   data arrival time

                                 25.000000   25.000000   clock clk (rise edge)
                                  0.000000   25.000000   clock network delay (propagated)
                                 -0.250000   24.750000   clock uncertainty
                                  0.000000   24.750000   clock reconvergence pessimism
                                 -5.000000   19.750000   output external delay
                                             19.750000   data required time
---------------------------------------------------------------------------------------------
                                             19.750000   data required time
                                             -1.023970   data arrival time
---------------------------------------------------------------------------------------------
                                             18.726028   slack (MET)


Startpoint: reset (input port clocked by clk)
Endpoint: _442_ (rising edge-triggered flip-flop clocked by clk)
Path Group: clk
Path Type: max

Fanout         Cap        Slew       Delay        Time   Description
---------------------------------------------------------------------------------------------
                                  0.000000    0.000000   clock clk (rise edge)
                                  0.000000    0.000000   clock network delay (propagated)
                                  5.000000    5.000000 v input external delay
     1    0.003152    0.009436    0.005072    5.005073 v reset (in)
                                                         reset (net)
                      0.009439    0.000000    5.005073 v input11/A (sky130_fd_sc_hd__buf_1)
     4    0.017408    0.105798    0.135792    5.140865 v input11/X (sky130_fd_sc_hd__buf_1)
                                                         net11 (net)
                      0.105798    0.000468    5.141333 v fanout82/A (sky130_fd_sc_hd__buf_2)
    10    0.040372    0.100331    0.215603    5.356935 v fanout82/X (sky130_fd_sc_hd__buf_2)
                                                         net82 (net)
                      0.100577    0.003647    5.360582 v _283_/C1 (sky130_fd_sc_hd__a221o_1)
     1    0.004278    0.059933    0.284145    5.644727 v _283_/X (sky130_fd_sc_hd__a221o_1)
                                                         _110_ (net)
                      0.059933    0.000155    5.644883 v _287_/B (sky130_fd_sc_hd__or3b_2)
     5    0.026582    0.148697    0.543152    6.188034 v _287_/X (sky130_fd_sc_hd__or3b_2)
                                                         _113_ (net)
                      0.148807    0.003677    6.191711 v _317_/B1 (sky130_fd_sc_hd__a21oi_1)
     1    0.002667    0.106567    0.147502    6.339213 ^ _317_/Y (sky130_fd_sc_hd__a21oi_1)
                                                         _012_ (net)
                      0.106567    0.000168    6.339382 ^ _442_/D (sky130_fd_sc_hd__dfxtp_1)
                                              6.339382   data arrival time

                                 25.000000   25.000000   clock clk (rise edge)
                                  0.000000   25.000000   clock source latency
     1    0.019539    0.093422    0.064972   25.064972 ^ clk (in)
                                                         clk (net)
                      0.093474    0.000000   25.064972 ^ clkbuf_0_clk/A (sky130_fd_sc_hd__clkbuf_16)
     4    0.042376    0.061980    0.160792   25.225763 ^ clkbuf_0_clk/X (sky130_fd_sc_hd__clkbuf_16)
                                                         clknet_0_clk (net)
                      0.062042    0.001695   25.227459 ^ clkbuf_2_2__f_clk/A (sky130_fd_sc_hd__clkbuf_16)
    13    0.047334    0.066475    0.152612   25.380070 ^ clkbuf_2_2__f_clk/X (sky130_fd_sc_hd__clkbuf_16)
                                                         clknet_2_2__leaf_clk (net)
                      0.066714    0.002741   25.382811 ^ _442_/CLK (sky130_fd_sc_hd__dfxtp_1)
                                 -0.250000   25.132812   clock uncertainty
                                  0.000000   25.132812   clock reconvergence pessimism
                                 -0.065060   25.067753   library setup time
                                             25.067753   data required time
---------------------------------------------------------------------------------------------
                                             25.067753   data required time
                                             -6.339382   data arrival time
---------------------------------------------------------------------------------------------
                                             18.728373   slack (MET)


Startpoint: _439_ (rising edge-triggered flip-flop clocked by clk)
Endpoint: global_timeout_count[5] (output port clocked by clk)
Path Group: clk
Path Type: max

Fanout         Cap        Slew       Delay        Time   Description
---------------------------------------------------------------------------------------------
                                  0.000000    0.000000   clock clk (rise edge)
                                  0.000000    0.000000   clock source latency
     1    0.019539    0.093422    0.064972    0.064972 ^ clk (in)
                                                         clk (net)
                      0.093474    0.000000    0.064972 ^ clkbuf_0_clk/A (sky130_fd_sc_hd__clkbuf_16)
     4    0.042376    0.061980    0.160792    0.225764 ^ clkbuf_0_clk/X (sky130_fd_sc_hd__clkbuf_16)
                                                         clknet_0_clk (net)
                      0.062068    0.001982    0.227746 ^ clkbuf_2_0__f_clk/A (sky130_fd_sc_hd__clkbuf_16)
    14    0.047716    0.066823    0.152869    0.380615 ^ clkbuf_2_0__f_clk/X (sky130_fd_sc_hd__clkbuf_16)
                                                         clknet_2_0__leaf_clk (net)
                      0.066979    0.002031    0.382646 ^ _439_/CLK (sky130_fd_sc_hd__dfxtp_1)
     5    0.016642    0.162625    0.397621    0.780267 ^ _439_/Q (sky130_fd_sc_hd__dfxtp_1)
                                                         net39 (net)
                      0.162627    0.000826    0.781093 ^ output39/A (sky130_fd_sc_hd__buf_2)
     1    0.034387    0.171365    0.237237    1.018330 ^ output39/X (sky130_fd_sc_hd__buf_2)
                                                         global_timeout_count[5] (net)
                      0.171378    0.001597    1.019926 ^ global_timeout_count[5] (out)
                                              1.019926   data arrival time

                                 25.000000   25.000000   clock clk (rise edge)
                                  0.000000   25.000000   clock network delay (propagated)
                                 -0.250000   24.750000   clock uncertainty
                                  0.000000   24.750000   clock reconvergence pessimism
                                 -5.000000   19.750000   output external delay
                                             19.750000   data required time
---------------------------------------------------------------------------------------------
                                             19.750000   data required time
                                             -1.019926   data arrival time
---------------------------------------------------------------------------------------------
                                             18.730074   slack (MET)


Startpoint: _435_ (rising edge-triggered flip-flop clocked by clk)
Endpoint: global_timeout_count[1] (output port clocked by clk)
Path Group: clk
Path Type: max

Fanout         Cap        Slew       Delay        Time   Description
---------------------------------------------------------------------------------------------
                                  0.000000    0.000000   clock clk (rise edge)
                                  0.000000    0.000000   clock source latency
     1    0.019539    0.093422    0.064972    0.064972 ^ clk (in)
                                                         clk (net)
                      0.093474    0.000000    0.064972 ^ clkbuf_0_clk/A (sky130_fd_sc_hd__clkbuf_16)
     4    0.042376    0.061980    0.160792    0.225764 ^ clkbuf_0_clk/X (sky130_fd_sc_hd__clkbuf_16)
                                                         clknet_0_clk (net)
                      0.062068    0.001982    0.227746 ^ clkbuf_2_0__f_clk/A (sky130_fd_sc_hd__clkbuf_16)
    14    0.047716    0.066823    0.152869    0.380615 ^ clkbuf_2_0__f_clk/X (sky130_fd_sc_hd__clkbuf_16)
                                                         clknet_2_0__leaf_clk (net)
                      0.067119    0.003130    0.383745 ^ _435_/CLK (sky130_fd_sc_hd__dfxtp_1)
     5    0.016415    0.160557    0.396307    0.780052 ^ _435_/Q (sky130_fd_sc_hd__dfxtp_1)
                                                         net35 (net)
                      0.160557    0.000493    0.780545 ^ output35/A (sky130_fd_sc_hd__buf_2)
     1    0.034379    0.171327    0.236653    1.017198 ^ output35/X (sky130_fd_sc_hd__buf_2)
                                                         global_timeout_count[1] (net)
                      0.171340    0.001596    1.018794 ^ global_timeout_count[1] (out)
                                              1.018794   data arrival time

                                 25.000000   25.000000   clock clk (rise edge)
                                  0.000000   25.000000   clock network delay (propagated)
                                 -0.250000   24.750000   clock uncertainty
                                  0.000000   24.750000   clock reconvergence pessimism
                                 -5.000000   19.750000   output external delay
                                             19.750000   data required time
---------------------------------------------------------------------------------------------
                                             19.750000   data required time
                                             -1.018794   data arrival time
---------------------------------------------------------------------------------------------
                                             18.731205   slack (MET)


Startpoint: _445_ (rising edge-triggered flip-flop clocked by clk)
Endpoint: global_timeout_count[11] (output port clocked by clk)
Path Group: clk
Path Type: max

Fanout         Cap        Slew       Delay        Time   Description
---------------------------------------------------------------------------------------------
                                  0.000000    0.000000   clock clk (rise edge)
                                  0.000000    0.000000   clock source latency
     1    0.019539    0.093422    0.064972    0.064972 ^ clk (in)
                                                         clk (net)
                      0.093474    0.000000    0.064972 ^ clkbuf_0_clk/A (sky130_fd_sc_hd__clkbuf_16)
     4    0.042376    0.061980    0.160792    0.225764 ^ clkbuf_0_clk/X (sky130_fd_sc_hd__clkbuf_16)
                                                         clknet_0_clk (net)
                      0.062042    0.001695    0.227460 ^ clkbuf_2_2__f_clk/A (sky130_fd_sc_hd__clkbuf_16)
    13    0.047334    0.066475    0.152612    0.380071 ^ clkbuf_2_2__f_clk/X (sky130_fd_sc_hd__clkbuf_16)
                                                         clknet_2_2__leaf_clk (net)
                      0.066678    0.002459    0.382531 ^ _445_/CLK (sky130_fd_sc_hd__dfxtp_1)
     5    0.016475    0.161194    0.396105    0.778636 ^ _445_/Q (sky130_fd_sc_hd__dfxtp_1)
                                                         net30 (net)
                      0.161194    0.000730    0.779366 ^ output30/A (sky130_fd_sc_hd__buf_2)
     1    0.034131    0.170181    0.235961    1.015326 ^ output30/X (sky130_fd_sc_hd__buf_2)
                                                         global_timeout_count[11] (net)
                      0.170195    0.001645    1.016971 ^ global_timeout_count[11] (out)
                                              1.016971   data arrival time

                                 25.000000   25.000000   clock clk (rise edge)
                                  0.000000   25.000000   clock network delay (propagated)
                                 -0.250000   24.750000   clock uncertainty
                                  0.000000   24.750000   clock reconvergence pessimism
                                 -5.000000   19.750000   output external delay
                                             19.750000   data required time
---------------------------------------------------------------------------------------------
                                             19.750000   data required time
                                             -1.016971   data arrival time
---------------------------------------------------------------------------------------------
                                             18.733028   slack (MET)


Startpoint: reset (input port clocked by clk)
Endpoint: _445_ (rising edge-triggered flip-flop clocked by clk)
Path Group: clk
Path Type: max

Fanout         Cap        Slew       Delay        Time   Description
---------------------------------------------------------------------------------------------
                                  0.000000    0.000000   clock clk (rise edge)
                                  0.000000    0.000000   clock network delay (propagated)
                                  5.000000    5.000000 v input external delay
     1    0.003152    0.009436    0.005072    5.005073 v reset (in)
                                                         reset (net)
                      0.009439    0.000000    5.005073 v input11/A (sky130_fd_sc_hd__buf_1)
     4    0.017408    0.105798    0.135792    5.140865 v input11/X (sky130_fd_sc_hd__buf_1)
                                                         net11 (net)
                      0.105798    0.000468    5.141333 v fanout82/A (sky130_fd_sc_hd__buf_2)
    10    0.040372    0.100331    0.215603    5.356935 v fanout82/X (sky130_fd_sc_hd__buf_2)
                                                         net82 (net)
                      0.100577    0.003647    5.360582 v _283_/C1 (sky130_fd_sc_hd__a221o_1)
     1    0.004278    0.059933    0.284145    5.644727 v _283_/X (sky130_fd_sc_hd__a221o_1)
                                                         _110_ (net)
                      0.059933    0.000155    5.644883 v _287_/B (sky130_fd_sc_hd__or3b_2)
     5    0.026582    0.148697    0.543152    6.188034 v _287_/X (sky130_fd_sc_hd__or3b_2)
                                                         _113_ (net)
                      0.148753    0.002754    6.190788 v _325_/B1 (sky130_fd_sc_hd__a21oi_1)
     1    0.002368    0.101625    0.143031    6.333819 ^ _325_/Y (sky130_fd_sc_hd__a21oi_1)
                                                         _015_ (net)
                      0.101625    0.000098    6.333918 ^ _445_/D (sky130_fd_sc_hd__dfxtp_1)
                                              6.333918   data arrival time

                                 25.000000   25.000000   clock clk (rise edge)
                                  0.000000   25.000000   clock source latency
     1    0.019539    0.093422    0.064972   25.064972 ^ clk (in)
                                                         clk (net)
                      0.093474    0.000000   25.064972 ^ clkbuf_0_clk/A (sky130_fd_sc_hd__clkbuf_16)
     4    0.042376    0.061980    0.160792   25.225763 ^ clkbuf_0_clk/X (sky130_fd_sc_hd__clkbuf_16)
                                                         clknet_0_clk (net)
                      0.062042    0.001695   25.227459 ^ clkbuf_2_2__f_clk/A (sky130_fd_sc_hd__clkbuf_16)
    13    0.047334    0.066475    0.152612   25.380070 ^ clkbuf_2_2__f_clk/X (sky130_fd_sc_hd__clkbuf_16)
                                                         clknet_2_2__leaf_clk (net)
                      0.066678    0.002460   25.382530 ^ _445_/CLK (sky130_fd_sc_hd__dfxtp_1)
                                 -0.250000   25.132532   clock uncertainty
                                  0.000000   25.132532   clock reconvergence pessimism
                                 -0.063928   25.068604   library setup time
                                             25.068604   data required time
---------------------------------------------------------------------------------------------
                                             25.068604   data required time
                                             -6.333918   data arrival time
---------------------------------------------------------------------------------------------
                                             18.734686   slack (MET)


Startpoint: reset (input port clocked by clk)
Endpoint: _432_ (rising edge-triggered flip-flop clocked by clk)
Path Group: clk
Path Type: max

Fanout         Cap        Slew       Delay        Time   Description
---------------------------------------------------------------------------------------------
                                  0.000000    0.000000   clock clk (rise edge)
                                  0.000000    0.000000   clock network delay (propagated)
                                  5.000000    5.000000 ^ input external delay
     1    0.003328    0.022027    0.012216    5.012216 ^ reset (in)
                                                         reset (net)
                      0.022028    0.000000    5.012216 ^ input11/A (sky130_fd_sc_hd__buf_1)
     4    0.018466    0.220959    0.195583    5.207799 ^ input11/X (sky130_fd_sc_hd__buf_1)
                                                         net11 (net)
                      0.220961    0.000497    5.208296 ^ fanout82/A (sky130_fd_sc_hd__buf_2)
    10    0.043030    0.212058    0.279250    5.487545 ^ fanout82/X (sky130_fd_sc_hd__buf_2)
                                                         net82 (net)
                      0.212245    0.005204    5.492750 ^ _213_/A (sky130_fd_sc_hd__inv_2)
    10    0.039287    0.109268    0.145587    5.638337 v _213_/Y (sky130_fd_sc_hd__inv_2)
                                                         _055_ (net)
                      0.109311    0.001752    5.640089 v _251_/A1 (sky130_fd_sc_hd__a41o_1)
     4    0.015048    0.091213    0.252884    5.892972 v _251_/X (sky130_fd_sc_hd__a41o_1)
                                                         _082_ (net)
                      0.091229    0.001175    5.894147 v _267_/A1 (sky130_fd_sc_hd__o32a_1)
     1    0.003057    0.052945    0.355706    6.249853 v _267_/X (sky130_fd_sc_hd__o32a_1)
                                                         _096_ (net)
                      0.052945    0.000129    6.249982 v _268_/B (sky130_fd_sc_hd__nor2_1)
     1    0.003096    0.082575    0.087584    6.337566 ^ _268_/Y (sky130_fd_sc_hd__nor2_1)
                                                         _002_ (net)
                      0.082575    0.000125    6.337691 ^ _432_/D (sky130_fd_sc_hd__dfxtp_1)
                                              6.337691   data arrival time

                                 25.000000   25.000000   clock clk (rise edge)
                                  0.000000   25.000000   clock source latency
     1    0.019539    0.093422    0.064972   25.064972 ^ clk (in)
                                                         clk (net)
                      0.093474    0.000000   25.064972 ^ clkbuf_0_clk/A (sky130_fd_sc_hd__clkbuf_16)
     4    0.042376    0.061980    0.160792   25.225763 ^ clkbuf_0_clk/X (sky130_fd_sc_hd__clkbuf_16)
                                                         clknet_0_clk (net)
                      0.062041    0.001679   25.227442 ^ clkbuf_2_3__f_clk/A (sky130_fd_sc_hd__clkbuf_16)
    14    0.048485    0.067552    0.153365   25.380808 ^ clkbuf_2_3__f_clk/X (sky130_fd_sc_hd__clkbuf_16)
                                                         clknet_2_3__leaf_clk (net)
                      0.067707    0.002107   25.382914 ^ _432_/CLK (sky130_fd_sc_hd__dfxtp_1)
                                 -0.250000   25.132915   clock uncertainty
                                  0.000000   25.132915   clock reconvergence pessimism
                                 -0.059397   25.073517   library setup time
                                             25.073517   data required time
---------------------------------------------------------------------------------------------
                                             25.073517   data required time
                                             -6.337691   data arrival time
---------------------------------------------------------------------------------------------
                                             18.735826   slack (MET)


Startpoint: _431_ (rising edge-triggered flip-flop clocked by clk)
Endpoint: global_state_bits[1] (output port clocked by clk)
Path Group: clk
Path Type: max

Fanout         Cap        Slew       Delay        Time   Description
---------------------------------------------------------------------------------------------
                                  0.000000    0.000000   clock clk (rise edge)
                                  0.000000    0.000000   clock source latency
     1    0.019539    0.093422    0.064972    0.064972 ^ clk (in)
                                                         clk (net)
                      0.093474    0.000000    0.064972 ^ clkbuf_0_clk/A (sky130_fd_sc_hd__clkbuf_16)
     4    0.042376    0.061980    0.160792    0.225764 ^ clkbuf_0_clk/X (sky130_fd_sc_hd__clkbuf_16)
                                                         clknet_0_clk (net)
                      0.062042    0.001695    0.227460 ^ clkbuf_2_2__f_clk/A (sky130_fd_sc_hd__clkbuf_16)
    13    0.047334    0.066475    0.152612    0.380071 ^ clkbuf_2_2__f_clk/X (sky130_fd_sc_hd__clkbuf_16)
                                                         clknet_2_2__leaf_clk (net)
                      0.066641    0.002141    0.382213 ^ _431_/CLK (sky130_fd_sc_hd__dfxtp_2)
     7    0.026419    0.138857    0.395977    0.778190 ^ _431_/Q (sky130_fd_sc_hd__dfxtp_2)
                                                         net20 (net)
                      0.138909    0.002532    0.780721 ^ output20/A (sky130_fd_sc_hd__buf_2)
     1    0.034110    0.170052    0.229863    1.010585 ^ output20/X (sky130_fd_sc_hd__buf_2)
                                                         global_state_bits[1] (net)
                      0.170066    0.001645    1.012230 ^ global_state_bits[1] (out)
                                              1.012230   data arrival time

                                 25.000000   25.000000   clock clk (rise edge)
                                  0.000000   25.000000   clock network delay (propagated)
                                 -0.250000   24.750000   clock uncertainty
                                  0.000000   24.750000   clock reconvergence pessimism
                                 -5.000000   19.750000   output external delay
                                             19.750000   data required time
---------------------------------------------------------------------------------------------
                                             19.750000   data required time
                                             -1.012230   data arrival time
---------------------------------------------------------------------------------------------
                                             18.737770   slack (MET)


Startpoint: _481_ (rising edge-triggered flip-flop clocked by clk)
Endpoint: global_state_bits[4] (output port clocked by clk)
Path Group: clk
Path Type: max

Fanout         Cap        Slew       Delay        Time   Description
---------------------------------------------------------------------------------------------
                                  0.000000    0.000000   clock clk (rise edge)
                                  0.000000    0.000000   clock source latency
     1    0.019539    0.093422    0.064972    0.064972 ^ clk (in)
                                                         clk (net)
                      0.093474    0.000000    0.064972 ^ clkbuf_0_clk/A (sky130_fd_sc_hd__clkbuf_16)
     4    0.042376    0.061980    0.160792    0.225764 ^ clkbuf_0_clk/X (sky130_fd_sc_hd__clkbuf_16)
                                                         clknet_0_clk (net)
                      0.062041    0.001678    0.227443 ^ clkbuf_2_3__f_clk/A (sky130_fd_sc_hd__clkbuf_16)
    14    0.048485    0.067552    0.153365    0.380808 ^ clkbuf_2_3__f_clk/X (sky130_fd_sc_hd__clkbuf_16)
                                                         clknet_2_3__leaf_clk (net)
                      0.067732    0.002332    0.383140 ^ _481_/CLK (sky130_fd_sc_hd__dfxtp_2)
     8    0.026187    0.138110    0.396286    0.779426 ^ _481_/Q (sky130_fd_sc_hd__dfxtp_2)
                                                         net23 (net)
                      0.138117    0.001155    0.780581 ^ output23/A (sky130_fd_sc_hd__buf_2)
     1    0.034216    0.170540    0.230027    1.010608 ^ output23/X (sky130_fd_sc_hd__buf_2)
                                                         global_state_bits[4] (net)
                      0.170553    0.001610    1.012218 ^ global_state_bits[4] (out)
                                              1.012218   data arrival time

                                 25.000000   25.000000   clock clk (rise edge)
                                  0.000000   25.000000   clock network delay (propagated)
                                 -0.250000   24.750000   clock uncertainty
                                  0.000000   24.750000   clock reconvergence pessimism
                                 -5.000000   19.750000   output external delay
                                             19.750000   data required time
---------------------------------------------------------------------------------------------
                                             19.750000   data required time
                                             -1.012218   data arrival time
---------------------------------------------------------------------------------------------
                                             18.737782   slack (MET)


Startpoint: _479_ (rising edge-triggered flip-flop clocked by clk)
Endpoint: group_state_bits[3] (output port clocked by clk)
Path Group: clk
Path Type: max

Fanout         Cap        Slew       Delay        Time   Description
---------------------------------------------------------------------------------------------
                                  0.000000    0.000000   clock clk (rise edge)
                                  0.000000    0.000000   clock source latency
     1    0.019539    0.093422    0.064972    0.064972 ^ clk (in)
                                                         clk (net)
                      0.093474    0.000000    0.064972 ^ clkbuf_0_clk/A (sky130_fd_sc_hd__clkbuf_16)
     4    0.042376    0.061980    0.160792    0.225764 ^ clkbuf_0_clk/X (sky130_fd_sc_hd__clkbuf_16)
                                                         clknet_0_clk (net)
                      0.062070    0.001995    0.227759 ^ clkbuf_2_1__f_clk/A (sky130_fd_sc_hd__clkbuf_16)
    14    0.049743    0.068697    0.154316    0.382075 ^ clkbuf_2_1__f_clk/X (sky130_fd_sc_hd__clkbuf_16)
                                                         clknet_2_1__leaf_clk (net)
                      0.068960    0.002946    0.385021 ^ _479_/CLK (sky130_fd_sc_hd__dfxtp_1)
     6    0.015309    0.150634    0.389743    0.774764 ^ _479_/Q (sky130_fd_sc_hd__dfxtp_1)
                                                         net49 (net)
                      0.150635    0.000716    0.775480 ^ output49/A (sky130_fd_sc_hd__buf_2)
     1    0.034553    0.172132    0.234494    1.009974 ^ output49/X (sky130_fd_sc_hd__buf_2)
                                                         group_state_bits[3] (net)
                      0.172147    0.001671    1.011645 ^ group_state_bits[3] (out)
                                              1.011645   data arrival time

                                 25.000000   25.000000   clock clk (rise edge)
                                  0.000000   25.000000   clock network delay (propagated)
                                 -0.250000   24.750000   clock uncertainty
                                  0.000000   24.750000   clock reconvergence pessimism
                                 -5.000000   19.750000   output external delay
                                             19.750000   data required time
---------------------------------------------------------------------------------------------
                                             19.750000   data required time
                                             -1.011645   data arrival time
---------------------------------------------------------------------------------------------
                                             18.738356   slack (MET)


Startpoint: _476_ (rising edge-triggered flip-flop clocked by clk)
Endpoint: group_state_bits[0] (output port clocked by clk)
Path Group: clk
Path Type: max

Fanout         Cap        Slew       Delay        Time   Description
---------------------------------------------------------------------------------------------
                                  0.000000    0.000000   clock clk (rise edge)
                                  0.000000    0.000000   clock source latency
     1    0.019539    0.093422    0.064972    0.064972 ^ clk (in)
                                                         clk (net)
                      0.093474    0.000000    0.064972 ^ clkbuf_0_clk/A (sky130_fd_sc_hd__clkbuf_16)
     4    0.042376    0.061980    0.160792    0.225764 ^ clkbuf_0_clk/X (sky130_fd_sc_hd__clkbuf_16)
                                                         clknet_0_clk (net)
                      0.062070    0.001995    0.227759 ^ clkbuf_2_1__f_clk/A (sky130_fd_sc_hd__clkbuf_16)
    14    0.049743    0.068697    0.154316    0.382075 ^ clkbuf_2_1__f_clk/X (sky130_fd_sc_hd__clkbuf_16)
                                                         clknet_2_1__leaf_clk (net)
                      0.068839    0.001922    0.383997 ^ _476_/CLK (sky130_fd_sc_hd__dfxtp_1)
     5    0.015263    0.150246    0.389278    0.773275 ^ _476_/Q (sky130_fd_sc_hd__dfxtp_1)
                                                         net46 (net)
                      0.150251    0.001018    0.774293 ^ output46/A (sky130_fd_sc_hd__buf_2)
     1    0.034563    0.172182    0.234424    1.008717 ^ output46/X (sky130_fd_sc_hd__buf_2)
                                                         group_state_bits[0] (net)
                      0.172196    0.001673    1.010389 ^ group_state_bits[0] (out)
                                              1.010389   data arrival time

                                 25.000000   25.000000   clock clk (rise edge)
                                  0.000000   25.000000   clock network delay (propagated)
                                 -0.250000   24.750000   clock uncertainty
                                  0.000000   24.750000   clock reconvergence pessimism
                                 -5.000000   19.750000   output external delay
                                             19.750000   data required time
---------------------------------------------------------------------------------------------
                                             19.750000   data required time
                                             -1.010389   data arrival time
---------------------------------------------------------------------------------------------
                                             18.739609   slack (MET)


Startpoint: _478_ (rising edge-triggered flip-flop clocked by clk)
Endpoint: group_state_bits[2] (output port clocked by clk)
Path Group: clk
Path Type: max

Fanout         Cap        Slew       Delay        Time   Description
---------------------------------------------------------------------------------------------
                                  0.000000    0.000000   clock clk (rise edge)
                                  0.000000    0.000000   clock source latency
     1    0.019539    0.093422    0.064972    0.064972 ^ clk (in)
                                                         clk (net)
                      0.093474    0.000000    0.064972 ^ clkbuf_0_clk/A (sky130_fd_sc_hd__clkbuf_16)
     4    0.042376    0.061980    0.160792    0.225764 ^ clkbuf_0_clk/X (sky130_fd_sc_hd__clkbuf_16)
                                                         clknet_0_clk (net)
                      0.062070    0.001995    0.227759 ^ clkbuf_2_1__f_clk/A (sky130_fd_sc_hd__clkbuf_16)
    14    0.049743    0.068697    0.154316    0.382075 ^ clkbuf_2_1__f_clk/X (sky130_fd_sc_hd__clkbuf_16)
                                                         clknet_2_1__leaf_clk (net)
                      0.068851    0.002042    0.384117 ^ _478_/CLK (sky130_fd_sc_hd__dfxtp_1)
     5    0.014440    0.142853    0.383923    0.768039 ^ _478_/Q (sky130_fd_sc_hd__dfxtp_1)
                                                         net48 (net)
                      0.142861    0.001208    0.769247 ^ output48/A (sky130_fd_sc_hd__buf_2)
     1    0.034557    0.172141    0.232403    1.001651 ^ output48/X (sky130_fd_sc_hd__buf_2)
                                                         group_state_bits[2] (net)
                      0.172156    0.001672    1.003323 ^ group_state_bits[2] (out)
                                              1.003323   data arrival time

                                 25.000000   25.000000   clock clk (rise edge)
                                  0.000000   25.000000   clock network delay (propagated)
                                 -0.250000   24.750000   clock uncertainty
                                  0.000000   24.750000   clock reconvergence pessimism
                                 -5.000000   19.750000   output external delay
                                             19.750000   data required time
---------------------------------------------------------------------------------------------
                                             19.750000   data required time
                                             -1.003323   data arrival time
---------------------------------------------------------------------------------------------
                                             18.746675   slack (MET)


Startpoint: _474_ (rising edge-triggered flip-flop clocked by clk)
Endpoint: sticky_tamper (output port clocked by clk)
Path Group: clk
Path Type: max

Fanout         Cap        Slew       Delay        Time   Description
---------------------------------------------------------------------------------------------
                                  0.000000    0.000000   clock clk (rise edge)
                                  0.000000    0.000000   clock source latency
     1    0.019539    0.093422    0.064972    0.064972 ^ clk (in)
                                                         clk (net)
                      0.093474    0.000000    0.064972 ^ clkbuf_0_clk/A (sky130_fd_sc_hd__clkbuf_16)
     4    0.042376    0.061980    0.160792    0.225764 ^ clkbuf_0_clk/X (sky130_fd_sc_hd__clkbuf_16)
                                                         clknet_0_clk (net)
                      0.062041    0.001678    0.227443 ^ clkbuf_2_3__f_clk/A (sky130_fd_sc_hd__clkbuf_16)
    14    0.048485    0.067552    0.153365    0.380808 ^ clkbuf_2_3__f_clk/X (sky130_fd_sc_hd__clkbuf_16)
                                                         clknet_2_3__leaf_clk (net)
                      0.067821    0.003018    0.383826 ^ _474_/CLK (sky130_fd_sc_hd__dfxtp_1)
     4    0.013641    0.135678    0.378311    0.762137 ^ _474_/Q (sky130_fd_sc_hd__dfxtp_1)
                                                         net75 (net)
                      0.135682    0.000883    0.763020 ^ output75/A (sky130_fd_sc_hd__buf_2)
     1    0.034626    0.172459    0.230681    0.993701 ^ output75/X (sky130_fd_sc_hd__buf_2)
                                                         sticky_tamper (net)
                      0.172474    0.001690    0.995390 ^ sticky_tamper (out)
                                              0.995390   data arrival time

                                 25.000000   25.000000   clock clk (rise edge)
                                  0.000000   25.000000   clock network delay (propagated)
                                 -0.250000   24.750000   clock uncertainty
                                  0.000000   24.750000   clock reconvergence pessimism
                                 -5.000000   19.750000   output external delay
                                             19.750000   data required time
---------------------------------------------------------------------------------------------
                                             19.750000   data required time
                                             -0.995390   data arrival time
---------------------------------------------------------------------------------------------
                                             18.754608   slack (MET)


Startpoint: _443_ (rising edge-triggered flip-flop clocked by clk)
Endpoint: global_timeout_count[9] (output port clocked by clk)
Path Group: clk
Path Type: max

Fanout         Cap        Slew       Delay        Time   Description
---------------------------------------------------------------------------------------------
                                  0.000000    0.000000   clock clk (rise edge)
                                  0.000000    0.000000   clock source latency
     1    0.019539    0.093422    0.064972    0.064972 ^ clk (in)
                                                         clk (net)
                      0.093474    0.000000    0.064972 ^ clkbuf_0_clk/A (sky130_fd_sc_hd__clkbuf_16)
     4    0.042376    0.061980    0.160792    0.225764 ^ clkbuf_0_clk/X (sky130_fd_sc_hd__clkbuf_16)
                                                         clknet_0_clk (net)
                      0.062042    0.001695    0.227460 ^ clkbuf_2_2__f_clk/A (sky130_fd_sc_hd__clkbuf_16)
    13    0.047334    0.066475    0.152612    0.380071 ^ clkbuf_2_2__f_clk/X (sky130_fd_sc_hd__clkbuf_16)
                                                         clknet_2_2__leaf_clk (net)
                      0.066758    0.003058    0.383130 ^ _443_/CLK (sky130_fd_sc_hd__dfxtp_1)
     5    0.013464    0.133985    0.377227    0.760356 ^ _443_/Q (sky130_fd_sc_hd__dfxtp_1)
                                                         net43 (net)
                      0.133985    0.000450    0.760806 ^ output43/A (sky130_fd_sc_hd__buf_2)
     1    0.034449    0.171618    0.229684    0.990490 ^ output43/X (sky130_fd_sc_hd__buf_2)
                                                         global_timeout_count[9] (net)
                      0.171631    0.001613    0.992104 ^ global_timeout_count[9] (out)
                                              0.992104   data arrival time

                                 25.000000   25.000000   clock clk (rise edge)
                                  0.000000   25.000000   clock network delay (propagated)
                                 -0.250000   24.750000   clock uncertainty
                                  0.000000   24.750000   clock reconvergence pessimism
                                 -5.000000   19.750000   output external delay
                                             19.750000   data required time
---------------------------------------------------------------------------------------------
                                             19.750000   data required time
                                             -0.992104   data arrival time
---------------------------------------------------------------------------------------------
                                             18.757895   slack (MET)


Startpoint: _471_ (rising edge-triggered flip-flop clocked by clk)
Endpoint: group_timeout_count[13] (output port clocked by clk)
Path Group: clk
Path Type: max

Fanout         Cap        Slew       Delay        Time   Description
---------------------------------------------------------------------------------------------
                                  0.000000    0.000000   clock clk (rise edge)
                                  0.000000    0.000000   clock source latency
     1    0.019539    0.093422    0.064972    0.064972 ^ clk (in)
                                                         clk (net)
                      0.093474    0.000000    0.064972 ^ clkbuf_0_clk/A (sky130_fd_sc_hd__clkbuf_16)
     4    0.042376    0.061980    0.160792    0.225764 ^ clkbuf_0_clk/X (sky130_fd_sc_hd__clkbuf_16)
                                                         clknet_0_clk (net)
                      0.062068    0.001982    0.227746 ^ clkbuf_2_0__f_clk/A (sky130_fd_sc_hd__clkbuf_16)
    14    0.047716    0.066823    0.152869    0.380615 ^ clkbuf_2_0__f_clk/X (sky130_fd_sc_hd__clkbuf_16)
                                                         clknet_2_0__leaf_clk (net)
                      0.067112    0.003081    0.383696 ^ _471_/CLK (sky130_fd_sc_hd__dfxtp_1)
     5    0.012709    0.127239    0.372334    0.756030 ^ _471_/Q (sky130_fd_sc_hd__dfxtp_1)
                                                         net59 (net)
                      0.127245    0.000995    0.757026 ^ output59/A (sky130_fd_sc_hd__buf_2)
     1    0.034247    0.170678    0.227151    0.984176 ^ output59/X (sky130_fd_sc_hd__buf_2)
                                                         group_timeout_count[13] (net)
                      0.170692    0.001667    0.985843 ^ group_timeout_count[13] (out)
                                              0.985843   data arrival time

                                 25.000000   25.000000   clock clk (rise edge)
                                  0.000000   25.000000   clock network delay (propagated)
                                 -0.250000   24.750000   clock uncertainty
                                  0.000000   24.750000   clock reconvergence pessimism
                                 -5.000000   19.750000   output external delay
                                             19.750000   data required time
---------------------------------------------------------------------------------------------
                                             19.750000   data required time
                                             -0.985843   data arrival time
---------------------------------------------------------------------------------------------
                                             18.764156   slack (MET)


Startpoint: _441_ (rising edge-triggered flip-flop clocked by clk)
Endpoint: global_timeout_count[7] (output port clocked by clk)
Path Group: clk
Path Type: max

Fanout         Cap        Slew       Delay        Time   Description
---------------------------------------------------------------------------------------------
                                  0.000000    0.000000   clock clk (rise edge)
                                  0.000000    0.000000   clock source latency
     1    0.019539    0.093422    0.064972    0.064972 ^ clk (in)
                                                         clk (net)
                      0.093474    0.000000    0.064972 ^ clkbuf_0_clk/A (sky130_fd_sc_hd__clkbuf_16)
     4    0.042376    0.061980    0.160792    0.225764 ^ clkbuf_0_clk/X (sky130_fd_sc_hd__clkbuf_16)
                                                         clknet_0_clk (net)
                      0.062042    0.001695    0.227460 ^ clkbuf_2_2__f_clk/A (sky130_fd_sc_hd__clkbuf_16)
    13    0.047334    0.066475    0.152612    0.380071 ^ clkbuf_2_2__f_clk/X (sky130_fd_sc_hd__clkbuf_16)
                                                         clknet_2_2__leaf_clk (net)
                      0.066777    0.003185    0.383256 ^ _441_/CLK (sky130_fd_sc_hd__dfxtp_1)
     5    0.012108    0.121811    0.368444    0.751700 ^ _441_/Q (sky130_fd_sc_hd__dfxtp_1)
                                                         net41 (net)
                      0.121812    0.000570    0.752270 ^ output41/A (sky130_fd_sc_hd__buf_2)
     1    0.034377    0.171264    0.226102    0.978373 ^ output41/X (sky130_fd_sc_hd__buf_2)
                                                         global_timeout_count[7] (net)
                      0.171277    0.001596    0.979968 ^ global_timeout_count[7] (out)
                                              0.979968   data arrival time

                                 25.000000   25.000000   clock clk (rise edge)
                                  0.000000   25.000000   clock network delay (propagated)
                                 -0.250000   24.750000   clock uncertainty
                                  0.000000   24.750000   clock reconvergence pessimism
                                 -5.000000   19.750000   output external delay
                                             19.750000   data required time
---------------------------------------------------------------------------------------------
                                             19.750000   data required time
                                             -0.979968   data arrival time
---------------------------------------------------------------------------------------------
                                             18.770031   slack (MET)


Startpoint: _473_ (rising edge-triggered flip-flop clocked by clk)
Endpoint: group_timeout_count[15] (output port clocked by clk)
Path Group: clk
Path Type: max

Fanout         Cap        Slew       Delay        Time   Description
---------------------------------------------------------------------------------------------
                                  0.000000    0.000000   clock clk (rise edge)
                                  0.000000    0.000000   clock source latency
     1    0.019539    0.093422    0.064972    0.064972 ^ clk (in)
                                                         clk (net)
                      0.093474    0.000000    0.064972 ^ clkbuf_0_clk/A (sky130_fd_sc_hd__clkbuf_16)
     4    0.042376    0.061980    0.160792    0.225764 ^ clkbuf_0_clk/X (sky130_fd_sc_hd__clkbuf_16)
                                                         clknet_0_clk (net)
                      0.062068    0.001982    0.227746 ^ clkbuf_2_0__f_clk/A (sky130_fd_sc_hd__clkbuf_16)
    14    0.047716    0.066823    0.152869    0.380615 ^ clkbuf_2_0__f_clk/X (sky130_fd_sc_hd__clkbuf_16)
                                                         clknet_2_0__leaf_clk (net)
                      0.067092    0.002943    0.383558 ^ _473_/CLK (sky130_fd_sc_hd__dfxtp_1)
     3    0.011733    0.118460    0.366054    0.749612 ^ _473_/Q (sky130_fd_sc_hd__dfxtp_1)
                                                         net61 (net)
                      0.118464    0.000898    0.750510 ^ output61/A (sky130_fd_sc_hd__buf_2)
     1    0.034435    0.171518    0.225058    0.975568 ^ output61/X (sky130_fd_sc_hd__buf_2)
                                                         group_timeout_count[15] (net)
                      0.171530    0.001599    0.977167 ^ group_timeout_count[15] (out)
                                              0.977167   data arrival time

                                 25.000000   25.000000   clock clk (rise edge)
                                  0.000000   25.000000   clock network delay (propagated)
                                 -0.250000   24.750000   clock uncertainty
                                  0.000000   24.750000   clock reconvergence pessimism
                                 -5.000000   19.750000   output external delay
                                             19.750000   data required time
---------------------------------------------------------------------------------------------
                                             19.750000   data required time
                                             -0.977167   data arrival time
---------------------------------------------------------------------------------------------
                                             18.772833   slack (MET)


Startpoint: _446_ (rising edge-triggered flip-flop clocked by clk)
Endpoint: global_timeout_count[12] (output port clocked by clk)
Path Group: clk
Path Type: max

Fanout         Cap        Slew       Delay        Time   Description
---------------------------------------------------------------------------------------------
                                  0.000000    0.000000   clock clk (rise edge)
                                  0.000000    0.000000   clock source latency
     1    0.019539    0.093422    0.064972    0.064972 ^ clk (in)
                                                         clk (net)
                      0.093474    0.000000    0.064972 ^ clkbuf_0_clk/A (sky130_fd_sc_hd__clkbuf_16)
     4    0.042376    0.061980    0.160792    0.225764 ^ clkbuf_0_clk/X (sky130_fd_sc_hd__clkbuf_16)
                                                         clknet_0_clk (net)
                      0.062042    0.001695    0.227460 ^ clkbuf_2_2__f_clk/A (sky130_fd_sc_hd__clkbuf_16)
    13    0.047334    0.066475    0.152612    0.380071 ^ clkbuf_2_2__f_clk/X (sky130_fd_sc_hd__clkbuf_16)
                                                         clknet_2_2__leaf_clk (net)
                      0.066697    0.002618    0.382689 ^ _446_/CLK (sky130_fd_sc_hd__dfxtp_1)
     4    0.011793    0.118951    0.366510    0.749199 ^ _446_/Q (sky130_fd_sc_hd__dfxtp_1)
                                                         net31 (net)
                      0.118951    0.000497    0.749696 ^ output31/A (sky130_fd_sc_hd__buf_2)
     1    0.033979    0.169387    0.223720    0.973416 ^ output31/X (sky130_fd_sc_hd__buf_2)
                                                         global_timeout_count[12] (net)
                      0.169400    0.001592    0.975008 ^ global_timeout_count[12] (out)
                                              0.975008   data arrival time

                                 25.000000   25.000000   clock clk (rise edge)
                                  0.000000   25.000000   clock network delay (propagated)
                                 -0.250000   24.750000   clock uncertainty
                                  0.000000   24.750000   clock reconvergence pessimism
                                 -5.000000   19.750000   output external delay
                                             19.750000   data required time
---------------------------------------------------------------------------------------------
                                             19.750000   data required time
                                             -0.975008   data arrival time
---------------------------------------------------------------------------------------------
                                             18.774990   slack (MET)


Startpoint: _465_ (rising edge-triggered flip-flop clocked by clk)
Endpoint: group_timeout_count[7] (output port clocked by clk)
Path Group: clk
Path Type: max

Fanout         Cap        Slew       Delay        Time   Description
---------------------------------------------------------------------------------------------
                                  0.000000    0.000000   clock clk (rise edge)
                                  0.000000    0.000000   clock source latency
     1    0.019539    0.093422    0.064972    0.064972 ^ clk (in)
                                                         clk (net)
                      0.093474    0.000000    0.064972 ^ clkbuf_0_clk/A (sky130_fd_sc_hd__clkbuf_16)
     4    0.042376    0.061980    0.160792    0.225764 ^ clkbuf_0_clk/X (sky130_fd_sc_hd__clkbuf_16)
                                                         clknet_0_clk (net)
                      0.062070    0.001995    0.227759 ^ clkbuf_2_1__f_clk/A (sky130_fd_sc_hd__clkbuf_16)
    14    0.049743    0.068697    0.154316    0.382075 ^ clkbuf_2_1__f_clk/X (sky130_fd_sc_hd__clkbuf_16)
                                                         clknet_2_1__leaf_clk (net)
                      0.069062    0.003617    0.385692 ^ _465_/CLK (sky130_fd_sc_hd__dfxtp_1)
     4    0.011220    0.113850    0.363508    0.749199 ^ _465_/Q (sky130_fd_sc_hd__dfxtp_1)
                                                         net68 (net)
                      0.113855    0.000871    0.750070 ^ output68/A (sky130_fd_sc_hd__buf_2)
     1    0.034236    0.170573    0.222631    0.972701 ^ output68/X (sky130_fd_sc_hd__buf_2)
                                                         group_timeout_count[7] (net)
                      0.170588    0.001690    0.974391 ^ group_timeout_count[7] (out)
                                              0.974391   data arrival time

                                 25.000000   25.000000   clock clk (rise edge)
                                  0.000000   25.000000   clock network delay (propagated)
                                 -0.250000   24.750000   clock uncertainty
                                  0.000000   24.750000   clock reconvergence pessimism
                                 -5.000000   19.750000   output external delay
                                             19.750000   data required time
---------------------------------------------------------------------------------------------
                                             19.750000   data required time
                                             -0.974391   data arrival time
---------------------------------------------------------------------------------------------
                                             18.775610   slack (MET)


Startpoint: _472_ (rising edge-triggered flip-flop clocked by clk)
Endpoint: group_timeout_count[14] (output port clocked by clk)
Path Group: clk
Path Type: max

Fanout         Cap        Slew       Delay        Time   Description
---------------------------------------------------------------------------------------------
                                  0.000000    0.000000   clock clk (rise edge)
                                  0.000000    0.000000   clock source latency
     1    0.019539    0.093422    0.064972    0.064972 ^ clk (in)
                                                         clk (net)
                      0.093474    0.000000    0.064972 ^ clkbuf_0_clk/A (sky130_fd_sc_hd__clkbuf_16)
     4    0.042376    0.061980    0.160792    0.225764 ^ clkbuf_0_clk/X (sky130_fd_sc_hd__clkbuf_16)
                                                         clknet_0_clk (net)
                      0.062068    0.001982    0.227746 ^ clkbuf_2_0__f_clk/A (sky130_fd_sc_hd__clkbuf_16)
    14    0.047716    0.066823    0.152869    0.380615 ^ clkbuf_2_0__f_clk/X (sky130_fd_sc_hd__clkbuf_16)
                                                         clknet_2_0__leaf_clk (net)
                      0.067135    0.003240    0.383855 ^ _472_/CLK (sky130_fd_sc_hd__dfxtp_1)
     4    0.010811    0.110186    0.360129    0.743984 ^ _472_/Q (sky130_fd_sc_hd__dfxtp_1)
                                                         net60 (net)
                      0.110194    0.001047    0.745031 ^ output60/A (sky130_fd_sc_hd__buf_2)
     1    0.034290    0.170813    0.221435    0.966465 ^ output60/X (sky130_fd_sc_hd__buf_2)
                                                         group_timeout_count[14] (net)
                      0.170889    0.001731    0.968196 ^ group_timeout_count[14] (out)
                                              0.968196   data arrival time

                                 25.000000   25.000000   clock clk (rise edge)
                                  0.000000   25.000000   clock network delay (propagated)
                                 -0.250000   24.750000   clock uncertainty
                                  0.000000   24.750000   clock reconvergence pessimism
                                 -5.000000   19.750000   output external delay
                                             19.750000   data required time
---------------------------------------------------------------------------------------------
                                             19.750000   data required time
                                             -0.968196   data arrival time
---------------------------------------------------------------------------------------------
                                             18.781803   slack (MET)


Startpoint: _447_ (rising edge-triggered flip-flop clocked by clk)
Endpoint: global_timeout_count[13] (output port clocked by clk)
Path Group: clk
Path Type: max

Fanout         Cap        Slew       Delay        Time   Description
---------------------------------------------------------------------------------------------
                                  0.000000    0.000000   clock clk (rise edge)
                                  0.000000    0.000000   clock source latency
     1    0.019539    0.093422    0.064972    0.064972 ^ clk (in)
                                                         clk (net)
                      0.093474    0.000000    0.064972 ^ clkbuf_0_clk/A (sky130_fd_sc_hd__clkbuf_16)
     4    0.042376    0.061980    0.160792    0.225764 ^ clkbuf_0_clk/X (sky130_fd_sc_hd__clkbuf_16)
                                                         clknet_0_clk (net)
                      0.062042    0.001695    0.227460 ^ clkbuf_2_2__f_clk/A (sky130_fd_sc_hd__clkbuf_16)
    13    0.047334    0.066475    0.152612    0.380071 ^ clkbuf_2_2__f_clk/X (sky130_fd_sc_hd__clkbuf_16)
                                                         clknet_2_2__leaf_clk (net)
                      0.066719    0.002784    0.382856 ^ _447_/CLK (sky130_fd_sc_hd__dfxtp_1)
     4    0.010337    0.105876    0.357187    0.740043 ^ _447_/Q (sky130_fd_sc_hd__dfxtp_1)
                                                         net32 (net)
                      0.105876    0.000411    0.740454 ^ output32/A (sky130_fd_sc_hd__buf_2)
     1    0.034456    0.171567    0.220372    0.960826 ^ output32/X (sky130_fd_sc_hd__buf_2)
                                                         global_timeout_count[13] (net)
                      0.171645    0.001755    0.962581 ^ global_timeout_count[13] (out)
                                              0.962581   data arrival time

                                 25.000000   25.000000   clock clk (rise edge)
                                  0.000000   25.000000   clock network delay (propagated)
                                 -0.250000   24.750000   clock uncertainty
                                  0.000000   24.750000   clock reconvergence pessimism
                                 -5.000000   19.750000   output external delay
                                             19.750000   data required time
---------------------------------------------------------------------------------------------
                                             19.750000   data required time
                                             -0.962581   data arrival time
---------------------------------------------------------------------------------------------
                                             18.787418   slack (MET)


Startpoint: _470_ (rising edge-triggered flip-flop clocked by clk)
Endpoint: group_timeout_count[12] (output port clocked by clk)
Path Group: clk
Path Type: max

Fanout         Cap        Slew       Delay        Time   Description
---------------------------------------------------------------------------------------------
                                  0.000000    0.000000   clock clk (rise edge)
                                  0.000000    0.000000   clock source latency
     1    0.019539    0.093422    0.064972    0.064972 ^ clk (in)
                                                         clk (net)
                      0.093474    0.000000    0.064972 ^ clkbuf_0_clk/A (sky130_fd_sc_hd__clkbuf_16)
     4    0.042376    0.061980    0.160792    0.225764 ^ clkbuf_0_clk/X (sky130_fd_sc_hd__clkbuf_16)
                                                         clknet_0_clk (net)
                      0.062068    0.001982    0.227746 ^ clkbuf_2_0__f_clk/A (sky130_fd_sc_hd__clkbuf_16)
    14    0.047716    0.066823    0.152869    0.380615 ^ clkbuf_2_0__f_clk/X (sky130_fd_sc_hd__clkbuf_16)
                                                         clknet_2_0__leaf_clk (net)
                      0.066961    0.001845    0.382460 ^ _470_/CLK (sky130_fd_sc_hd__dfxtp_1)
     4    0.010442    0.106858    0.357784    0.740244 ^ _470_/Q (sky130_fd_sc_hd__dfxtp_1)
                                                         net58 (net)
                      0.106859    0.000625    0.740869 ^ output58/A (sky130_fd_sc_hd__buf_2)
     1    0.034209    0.170409    0.219951    0.960821 ^ output58/X (sky130_fd_sc_hd__buf_2)
                                                         group_timeout_count[12] (net)
                      0.170484    0.001705    0.962525 ^ group_timeout_count[12] (out)
                                              0.962525   data arrival time

                                 25.000000   25.000000   clock clk (rise edge)
                                  0.000000   25.000000   clock network delay (propagated)
                                 -0.250000   24.750000   clock uncertainty
                                  0.000000   24.750000   clock reconvergence pessimism
                                 -5.000000   19.750000   output external delay
                                             19.750000   data required time
---------------------------------------------------------------------------------------------
                                             19.750000   data required time
                                             -0.962525   data arrival time
---------------------------------------------------------------------------------------------
                                             18.787476   slack (MET)


Startpoint: _432_ (rising edge-triggered flip-flop clocked by clk)
Endpoint: global_state_bits[2] (output port clocked by clk)
Path Group: clk
Path Type: max

Fanout         Cap        Slew       Delay        Time   Description
---------------------------------------------------------------------------------------------
                                  0.000000    0.000000   clock clk (rise edge)
                                  0.000000    0.000000   clock source latency
     1    0.019539    0.093422    0.064972    0.064972 ^ clk (in)
                                                         clk (net)
                      0.093474    0.000000    0.064972 ^ clkbuf_0_clk/A (sky130_fd_sc_hd__clkbuf_16)
     4    0.042376    0.061980    0.160792    0.225764 ^ clkbuf_0_clk/X (sky130_fd_sc_hd__clkbuf_16)
                                                         clknet_0_clk (net)
                      0.062041    0.001678    0.227443 ^ clkbuf_2_3__f_clk/A (sky130_fd_sc_hd__clkbuf_16)
    14    0.048485    0.067552    0.153365    0.380808 ^ clkbuf_2_3__f_clk/X (sky130_fd_sc_hd__clkbuf_16)
                                                         clknet_2_3__leaf_clk (net)
                      0.067707    0.002107    0.382915 ^ _432_/CLK (sky130_fd_sc_hd__dfxtp_1)
     4    0.009545    0.098785    0.352422    0.735336 ^ _432_/Q (sky130_fd_sc_hd__dfxtp_1)
                                                         net21 (net)
                      0.098786    0.000496    0.735833 ^ output21/A (sky130_fd_sc_hd__buf_2)
     1    0.033951    0.169142    0.216193    0.952026 ^ output21/X (sky130_fd_sc_hd__buf_2)
                                                         global_state_bits[2] (net)
                      0.169213    0.001592    0.953618 ^ global_state_bits[2] (out)
                                              0.953618   data arrival time

                                 25.000000   25.000000   clock clk (rise edge)
                                  0.000000   25.000000   clock network delay (propagated)
                                 -0.250000   24.750000   clock uncertainty
                                  0.000000   24.750000   clock reconvergence pessimism
                                 -5.000000   19.750000   output external delay
                                             19.750000   data required time
---------------------------------------------------------------------------------------------
                                             19.750000   data required time
                                             -0.953618   data arrival time
---------------------------------------------------------------------------------------------
                                             18.796381   slack (MET)


Startpoint: _436_ (rising edge-triggered flip-flop clocked by clk)
Endpoint: global_timeout_count[2] (output port clocked by clk)
Path Group: clk
Path Type: max

Fanout         Cap        Slew       Delay        Time   Description
---------------------------------------------------------------------------------------------
                                  0.000000    0.000000   clock clk (rise edge)
                                  0.000000    0.000000   clock source latency
     1    0.019539    0.093422    0.064972    0.064972 ^ clk (in)
                                                         clk (net)
                      0.093474    0.000000    0.064972 ^ clkbuf_0_clk/A (sky130_fd_sc_hd__clkbuf_16)
     4    0.042376    0.061980    0.160792    0.225764 ^ clkbuf_0_clk/X (sky130_fd_sc_hd__clkbuf_16)
                                                         clknet_0_clk (net)
                      0.062042    0.001695    0.227460 ^ clkbuf_2_2__f_clk/A (sky130_fd_sc_hd__clkbuf_16)
    13    0.047334    0.066475    0.152612    0.380071 ^ clkbuf_2_2__f_clk/X (sky130_fd_sc_hd__clkbuf_16)
                                                         clknet_2_2__leaf_clk (net)
                      0.066778    0.003196    0.383267 ^ _436_/CLK (sky130_fd_sc_hd__dfxtp_1)
     4    0.008942    0.093396    0.348305    0.731572 ^ _436_/Q (sky130_fd_sc_hd__dfxtp_1)
                                                         net36 (net)
                      0.093396    0.000340    0.731912 ^ output36/A (sky130_fd_sc_hd__buf_2)
     1    0.034190    0.170222    0.215034    0.946946 ^ output36/X (sky130_fd_sc_hd__buf_2)
                                                         global_timeout_count[2] (net)
                      0.170293    0.001554    0.948500 ^ global_timeout_count[2] (out)
                                              0.948500   data arrival time

                                 25.000000   25.000000   clock clk (rise edge)
                                  0.000000   25.000000   clock network delay (propagated)
                                 -0.250000   24.750000   clock uncertainty
                                  0.000000   24.750000   clock reconvergence pessimism
                                 -5.000000   19.750000   output external delay
                                             19.750000   data required time
---------------------------------------------------------------------------------------------
                                             19.750000   data required time
                                             -0.948500   data arrival time
---------------------------------------------------------------------------------------------
                                             18.801500   slack (MET)


Startpoint: _457_ (rising edge-triggered flip-flop clocked by clk)
Endpoint: group_error (output port clocked by clk)
Path Group: clk
Path Type: max

Fanout         Cap        Slew       Delay        Time   Description
---------------------------------------------------------------------------------------------
                                  0.000000    0.000000   clock clk (rise edge)
                                  0.000000    0.000000   clock source latency
     1    0.019539    0.093422    0.064972    0.064972 ^ clk (in)
                                                         clk (net)
                      0.093474    0.000000    0.064972 ^ clkbuf_0_clk/A (sky130_fd_sc_hd__clkbuf_16)
     4    0.042376    0.061980    0.160792    0.225764 ^ clkbuf_0_clk/X (sky130_fd_sc_hd__clkbuf_16)
                                                         clknet_0_clk (net)
                      0.062041    0.001678    0.227443 ^ clkbuf_2_3__f_clk/A (sky130_fd_sc_hd__clkbuf_16)
    14    0.048485    0.067552    0.153365    0.380808 ^ clkbuf_2_3__f_clk/X (sky130_fd_sc_hd__clkbuf_16)
                                                         clknet_2_3__leaf_clk (net)
                      0.067836    0.003123    0.383931 ^ _457_/CLK (sky130_fd_sc_hd__dfxtp_1)
     2    0.005858    0.066597    0.328411    0.712342 ^ _457_/Q (sky130_fd_sc_hd__dfxtp_1)
                                                         net44 (net)
                      0.066597    0.000321    0.712663 ^ output44/A (sky130_fd_sc_hd__buf_2)
     1    0.034637    0.172076    0.206551    0.919214 ^ output44/X (sky130_fd_sc_hd__buf_2)
                                                         group_error (net)
                      0.172150    0.001690    0.920904 ^ group_error (out)
                                              0.920904   data arrival time

                                 25.000000   25.000000   clock clk (rise edge)
                                  0.000000   25.000000   clock network delay (propagated)
                                 -0.250000   24.750000   clock uncertainty
                                  0.000000   24.750000   clock reconvergence pessimism
                                 -5.000000   19.750000   output external delay
                                             19.750000   data required time
---------------------------------------------------------------------------------------------
                                             19.750000   data required time
                                             -0.920904   data arrival time
---------------------------------------------------------------------------------------------
                                             18.829096   slack (MET)


Startpoint: _430_ (rising edge-triggered flip-flop clocked by clk)
Endpoint: fsm_error (output port clocked by clk)
Path Group: clk
Path Type: max

Fanout         Cap        Slew       Delay        Time   Description
---------------------------------------------------------------------------------------------
                                  0.000000    0.000000   clock clk (rise edge)
                                  0.000000    0.000000   clock source latency
     1    0.019539    0.093422    0.064972    0.064972 ^ clk (in)
                                                         clk (net)
                      0.093474    0.000000    0.064972 ^ clkbuf_0_clk/A (sky130_fd_sc_hd__clkbuf_16)
     4    0.042376    0.061980    0.160792    0.225764 ^ clkbuf_0_clk/X (sky130_fd_sc_hd__clkbuf_16)
                                                         clknet_0_clk (net)
                      0.062041    0.001678    0.227443 ^ clkbuf_2_3__f_clk/A (sky130_fd_sc_hd__clkbuf_16)
    14    0.048485    0.067552    0.153365    0.380808 ^ clkbuf_2_3__f_clk/X (sky130_fd_sc_hd__clkbuf_16)
                                                         clknet_2_3__leaf_clk (net)
                      0.067803    0.002886    0.383694 ^ _430_/CLK (sky130_fd_sc_hd__dfxtp_1)
     2    0.004613    0.055785    0.320197    0.703891 ^ _430_/Q (sky130_fd_sc_hd__dfxtp_1)
                                                         net17 (net)
                      0.055785    0.000255    0.704146 ^ output17/A (sky130_fd_sc_hd__buf_2)
     1    0.034639    0.172024    0.202575    0.906721 ^ output17/X (sky130_fd_sc_hd__buf_2)
                                                         fsm_error (net)
                      0.172099    0.001690    0.908410 ^ fsm_error (out)
                                              0.908410   data arrival time

                                 25.000000   25.000000   clock clk (rise edge)
                                  0.000000   25.000000   clock network delay (propagated)
                                 -0.250000   24.750000   clock uncertainty
                                  0.000000   24.750000   clock reconvergence pessimism
                                 -5.000000   19.750000   output external delay
                                             19.750000   data required time
---------------------------------------------------------------------------------------------
                                             19.750000   data required time
                                             -0.908410   data arrival time
---------------------------------------------------------------------------------------------
                                             18.841589   slack (MET)


Startpoint: group_autolock (input port clocked by clk)
Endpoint: _478_ (rising edge-triggered flip-flop clocked by clk)
Path Group: clk
Path Type: max

Fanout         Cap        Slew       Delay        Time   Description
---------------------------------------------------------------------------------------------
                                  0.000000    0.000000   clock clk (rise edge)
                                  0.000000    0.000000   clock network delay (propagated)
                                  5.000000    5.000000 v input external delay
     1    0.003108    0.009332    0.004998    5.004998 v group_autolock (in)
                                                         group_autolock (net)
                      0.009339    0.000000    5.004998 v input7/A (sky130_fd_sc_hd__buf_1)
     3    0.013430    0.083676    0.118953    5.123951 v input7/X (sky130_fd_sc_hd__buf_1)
                                                         net7 (net)
                      0.083694    0.001204    5.125155 v _352_/A (sky130_fd_sc_hd__or4_1)
     1    0.005393    0.099142    0.549040    5.674195 v _352_/X (sky130_fd_sc_hd__or4_1)
                                                         _156_ (net)
                      0.099142    0.000418    5.674613 v _420_/A2 (sky130_fd_sc_hd__o221a_1)
     1    0.002563    0.043722    0.253454    5.928067 v _420_/X (sky130_fd_sc_hd__o221a_1)
                                                         _204_ (net)
                      0.043722    0.000188    5.928255 v _421_/C (sky130_fd_sc_hd__nor3_1)
     1    0.002304    0.133664    0.115429    6.043684 ^ _421_/Y (sky130_fd_sc_hd__nor3_1)
                                                         _048_ (net)
                      0.133664    0.000093    6.043777 ^ _478_/D (sky130_fd_sc_hd__dfxtp_1)
                                              6.043777   data arrival time

                                 25.000000   25.000000   clock clk (rise edge)
                                  0.000000   25.000000   clock source latency
     1    0.019539    0.093422    0.064972   25.064972 ^ clk (in)
                                                         clk (net)
                      0.093474    0.000000   25.064972 ^ clkbuf_0_clk/A (sky130_fd_sc_hd__clkbuf_16)
     4    0.042376    0.061980    0.160792   25.225763 ^ clkbuf_0_clk/X (sky130_fd_sc_hd__clkbuf_16)
                                                         clknet_0_clk (net)
                      0.062070    0.001995   25.227758 ^ clkbuf_2_1__f_clk/A (sky130_fd_sc_hd__clkbuf_16)
    14    0.049743    0.068697    0.154316   25.382074 ^ clkbuf_2_1__f_clk/X (sky130_fd_sc_hd__clkbuf_16)
                                                         clknet_2_1__leaf_clk (net)
                      0.068851    0.002041   25.384115 ^ _478_/CLK (sky130_fd_sc_hd__dfxtp_1)
                                 -0.250000   25.134115   clock uncertainty
                                  0.000000   25.134115   clock reconvergence pessimism
                                 -0.070978   25.063139   library setup time
                                             25.063139   data required time
---------------------------------------------------------------------------------------------
                                             25.063139   data required time
                                             -6.043777   data arrival time
---------------------------------------------------------------------------------------------
                                             19.019361   slack (MET)


Startpoint: file_denied (input port clocked by clk)
Endpoint: _477_ (rising edge-triggered flip-flop clocked by clk)
Path Group: clk
Path Type: max

Fanout         Cap        Slew       Delay        Time   Description
---------------------------------------------------------------------------------------------
                                  0.000000    0.000000   clock clk (rise edge)
                                  0.000000    0.000000   clock network delay (propagated)
                                  5.000000    5.000000 v input external delay
     1    0.002564    0.008071    0.004075    5.004075 v file_denied (in)
                                                         file_denied (net)
                      0.008073    0.000000    5.004075 v input3/A (sky130_fd_sc_hd__buf_1)
     4    0.015943    0.097699    0.128980    5.133055 v input3/X (sky130_fd_sc_hd__buf_1)
                                                         net3 (net)
                      0.097716    0.001277    5.134332 v _353_/A2 (sky130_fd_sc_hd__o41ai_1)
     1    0.007037    0.412696    0.470745    5.605077 ^ _353_/Y (sky130_fd_sc_hd__o41ai_1)
                                                         _157_ (net)
                      0.412696    0.000574    5.605651 ^ _362_/A1 (sky130_fd_sc_hd__a31o_1)
     2    0.009868    0.107182    0.248474    5.854125 ^ _362_/X (sky130_fd_sc_hd__a31o_1)
                                                         _166_ (net)
                      0.107183    0.000616    5.854741 ^ _419_/B (sky130_fd_sc_hd__nor2_1)
     1    0.002269    0.050831    0.047100    5.901841 v _419_/Y (sky130_fd_sc_hd__nor2_1)
                                                         _047_ (net)
                      0.050832    0.000160    5.902000 v _477_/D (sky130_fd_sc_hd__dfxtp_1)
                                              5.902000   data arrival time

                                 25.000000   25.000000   clock clk (rise edge)
                                  0.000000   25.000000   clock source latency
     1    0.019539    0.093422    0.064972   25.064972 ^ clk (in)
                                                         clk (net)
                      0.093474    0.000000   25.064972 ^ clkbuf_0_clk/A (sky130_fd_sc_hd__clkbuf_16)
     4    0.042376    0.061980    0.160792   25.225763 ^ clkbuf_0_clk/X (sky130_fd_sc_hd__clkbuf_16)
                                                         clknet_0_clk (net)
                      0.062070    0.001995   25.227758 ^ clkbuf_2_1__f_clk/A (sky130_fd_sc_hd__clkbuf_16)
    14    0.049743    0.068697    0.154316   25.382074 ^ clkbuf_2_1__f_clk/X (sky130_fd_sc_hd__clkbuf_16)
                                                         clknet_2_1__leaf_clk (net)
                      0.068927    0.002700   25.384773 ^ _477_/CLK (sky130_fd_sc_hd__dfxtp_1)
                                 -0.250000   25.134775   clock uncertainty
                                  0.000000   25.134775   clock reconvergence pessimism
                                 -0.107498   25.027277   library setup time
                                             25.027277   data required time
---------------------------------------------------------------------------------------------
                                             25.027277   data required time
                                             -5.902000   data arrival time
---------------------------------------------------------------------------------------------
                                             19.125277   slack (MET)


Startpoint: reset (input port clocked by clk)
Endpoint: _455_ (rising edge-triggered flip-flop clocked by clk)
Path Group: clk
Path Type: max

Fanout         Cap        Slew       Delay        Time   Description
---------------------------------------------------------------------------------------------
                                  0.000000    0.000000   clock clk (rise edge)
                                  0.000000    0.000000   clock network delay (propagated)
                                  5.000000    5.000000 ^ input external delay
     1    0.003328    0.022027    0.012216    5.012216 ^ reset (in)
                                                         reset (net)
                      0.022028    0.000000    5.012216 ^ input11/A (sky130_fd_sc_hd__buf_1)
     4    0.018466    0.220959    0.195583    5.207799 ^ input11/X (sky130_fd_sc_hd__buf_1)
                                                         net11 (net)
                      0.220961    0.000497    5.208296 ^ fanout82/A (sky130_fd_sc_hd__buf_2)
    10    0.043030    0.212058    0.279250    5.487545 ^ fanout82/X (sky130_fd_sc_hd__buf_2)
                                                         net82 (net)
                      0.212245    0.005204    5.492750 ^ _213_/A (sky130_fd_sc_hd__inv_2)
    10    0.039287    0.109268    0.145587    5.638337 v _213_/Y (sky130_fd_sc_hd__inv_2)
                                                         _055_ (net)
                      0.109302    0.001574    5.639911 v _343_/B (sky130_fd_sc_hd__and2_1)
     1    0.002102    0.032083    0.175248    5.815158 v _343_/X (sky130_fd_sc_hd__and2_1)
                                                         _025_ (net)
                      0.032138    0.000146    5.815304 v _455_/D (sky130_fd_sc_hd__dfxtp_1)
                                              5.815304   data arrival time

                                 25.000000   25.000000   clock clk (rise edge)
                                  0.000000   25.000000   clock source latency
     1    0.019539    0.093422    0.064972   25.064972 ^ clk (in)
                                                         clk (net)
                      0.093474    0.000000   25.064972 ^ clkbuf_0_clk/A (sky130_fd_sc_hd__clkbuf_16)
     4    0.042376    0.061980    0.160792   25.225763 ^ clkbuf_0_clk/X (sky130_fd_sc_hd__clkbuf_16)
                                                         clknet_0_clk (net)
                      0.062041    0.001679   25.227442 ^ clkbuf_2_3__f_clk/A (sky130_fd_sc_hd__clkbuf_16)
    14    0.048485    0.067552    0.153365   25.380808 ^ clkbuf_2_3__f_clk/X (sky130_fd_sc_hd__clkbuf_16)
                                                         clknet_2_3__leaf_clk (net)
                      0.067762    0.002581   25.383389 ^ _455_/CLK (sky130_fd_sc_hd__dfxtp_1)
                                 -0.250000   25.133389   clock uncertainty
                                  0.000000   25.133389   clock reconvergence pessimism
                                 -0.099572   25.033817   library setup time
                                             25.033817   data required time
---------------------------------------------------------------------------------------------
                                             25.033817   data required time
                                             -5.815304   data arrival time
---------------------------------------------------------------------------------------------
                                             19.218513   slack (MET)


Startpoint: reset (input port clocked by clk)
Endpoint: _479_ (rising edge-triggered flip-flop clocked by clk)
Path Group: clk
Path Type: max

Fanout         Cap        Slew       Delay        Time   Description
---------------------------------------------------------------------------------------------
                                  0.000000    0.000000   clock clk (rise edge)
                                  0.000000    0.000000   clock network delay (propagated)
                                  5.000000    5.000000 ^ input external delay
     1    0.003328    0.022027    0.012216    5.012216 ^ reset (in)
                                                         reset (net)
                      0.022028    0.000000    5.012216 ^ input11/A (sky130_fd_sc_hd__buf_1)
     4    0.018466    0.220959    0.195583    5.207799 ^ input11/X (sky130_fd_sc_hd__buf_1)
                                                         net11 (net)
                      0.220961    0.000497    5.208296 ^ fanout82/A (sky130_fd_sc_hd__buf_2)
    10    0.043030    0.212058    0.279250    5.487545 ^ fanout82/X (sky130_fd_sc_hd__buf_2)
                                                         net82 (net)
                      0.212245    0.005204    5.492750 ^ _213_/A (sky130_fd_sc_hd__inv_2)
    10    0.039287    0.109268    0.145587    5.638337 v _213_/Y (sky130_fd_sc_hd__inv_2)
                                                         _055_ (net)
                      0.109382    0.002825    5.641162 v _422_/A (sky130_fd_sc_hd__and2_1)
     1    0.002264    0.032846    0.157280    5.798442 v _422_/X (sky130_fd_sc_hd__and2_1)
                                                         _049_ (net)
                      0.032846    0.000157    5.798599 v _479_/D (sky130_fd_sc_hd__dfxtp_1)
                                              5.798599   data arrival time

                                 25.000000   25.000000   clock clk (rise edge)
                                  0.000000   25.000000   clock source latency
     1    0.019539    0.093422    0.064972   25.064972 ^ clk (in)
                                                         clk (net)
                      0.093474    0.000000   25.064972 ^ clkbuf_0_clk/A (sky130_fd_sc_hd__clkbuf_16)
     4    0.042376    0.061980    0.160792   25.225763 ^ clkbuf_0_clk/X (sky130_fd_sc_hd__clkbuf_16)
                                                         clknet_0_clk (net)
                      0.062070    0.001995   25.227758 ^ clkbuf_2_1__f_clk/A (sky130_fd_sc_hd__clkbuf_16)
    14    0.049743    0.068697    0.154316   25.382074 ^ clkbuf_2_1__f_clk/X (sky130_fd_sc_hd__clkbuf_16)
                                                         clknet_2_1__leaf_clk (net)
                      0.068960    0.002947   25.385021 ^ _479_/CLK (sky130_fd_sc_hd__dfxtp_1)
                                 -0.250000   25.135021   clock uncertainty
                                  0.000000   25.135021   clock reconvergence pessimism
                                 -0.099604   25.035418   library setup time
                                             25.035418   data required time
---------------------------------------------------------------------------------------------
                                             25.035418   data required time
                                             -5.798599   data arrival time
---------------------------------------------------------------------------------------------
                                             19.236818   slack (MET)


Startpoint: reset (input port clocked by clk)
Endpoint: _430_ (rising edge-triggered flip-flop clocked by clk)
Path Group: clk
Path Type: max

Fanout         Cap        Slew       Delay        Time   Description
---------------------------------------------------------------------------------------------
                                  0.000000    0.000000   clock clk (rise edge)
                                  0.000000    0.000000   clock network delay (propagated)
                                  5.000000    5.000000 ^ input external delay
     1    0.003328    0.022027    0.012216    5.012216 ^ reset (in)
                                                         reset (net)
                      0.022028    0.000000    5.012216 ^ input11/A (sky130_fd_sc_hd__buf_1)
     4    0.018466    0.220959    0.195583    5.207799 ^ input11/X (sky130_fd_sc_hd__buf_1)
                                                         net11 (net)
                      0.220961    0.000497    5.208296 ^ fanout82/A (sky130_fd_sc_hd__buf_2)
    10    0.043030    0.212058    0.279250    5.487545 ^ fanout82/X (sky130_fd_sc_hd__buf_2)
                                                         net82 (net)
                      0.212245    0.005204    5.492750 ^ _213_/A (sky130_fd_sc_hd__inv_2)
    10    0.039287    0.109268    0.145587    5.638337 v _213_/Y (sky130_fd_sc_hd__inv_2)
                                                         _055_ (net)
                      0.109367    0.002632    5.640969 v _241_/B1 (sky130_fd_sc_hd__o31a_1)
     1    0.002608    0.045910    0.125276    5.766244 v _241_/X (sky130_fd_sc_hd__o31a_1)
                                                         _000_ (net)
                      0.045910    0.000178    5.766422 v _430_/D (sky130_fd_sc_hd__dfxtp_1)
                                              5.766422   data arrival time

                                 25.000000   25.000000   clock clk (rise edge)
                                  0.000000   25.000000   clock source latency
     1    0.019539    0.093422    0.064972   25.064972 ^ clk (in)
                                                         clk (net)
                      0.093474    0.000000   25.064972 ^ clkbuf_0_clk/A (sky130_fd_sc_hd__clkbuf_16)
     4    0.042376    0.061980    0.160792   25.225763 ^ clkbuf_0_clk/X (sky130_fd_sc_hd__clkbuf_16)
                                                         clknet_0_clk (net)
                      0.062041    0.001679   25.227442 ^ clkbuf_2_3__f_clk/A (sky130_fd_sc_hd__clkbuf_16)
    14    0.048485    0.067552    0.153365   25.380808 ^ clkbuf_2_3__f_clk/X (sky130_fd_sc_hd__clkbuf_16)
                                                         clknet_2_3__leaf_clk (net)
                      0.067803    0.002885   25.383692 ^ _430_/CLK (sky130_fd_sc_hd__dfxtp_1)
                                 -0.250000   25.133694   clock uncertainty
                                  0.000000   25.133694   clock reconvergence pessimism
                                 -0.105602   25.028091   library setup time
                                             25.028091   data required time
---------------------------------------------------------------------------------------------
                                             25.028091   data required time
                                             -5.766422   data arrival time
---------------------------------------------------------------------------------------------
                                             19.261669   slack (MET)


Startpoint: reset (input port clocked by clk)
Endpoint: _474_ (rising edge-triggered flip-flop clocked by clk)
Path Group: clk
Path Type: max

Fanout         Cap        Slew       Delay        Time   Description
---------------------------------------------------------------------------------------------
                                  0.000000    0.000000   clock clk (rise edge)
                                  0.000000    0.000000   clock network delay (propagated)
                                  5.000000    5.000000 ^ input external delay
     1    0.003328    0.022027    0.012216    5.012216 ^ reset (in)
                                                         reset (net)
                      0.022028    0.000000    5.012216 ^ input11/A (sky130_fd_sc_hd__buf_1)
     4    0.018466    0.220959    0.195583    5.207799 ^ input11/X (sky130_fd_sc_hd__buf_1)
                                                         net11 (net)
                      0.220961    0.000497    5.208296 ^ fanout82/A (sky130_fd_sc_hd__buf_2)
    10    0.043030    0.212058    0.279250    5.487545 ^ fanout82/X (sky130_fd_sc_hd__buf_2)
                                                         net82 (net)
                      0.212245    0.005204    5.492750 ^ _213_/A (sky130_fd_sc_hd__inv_2)
    10    0.039287    0.109268    0.145587    5.638337 v _213_/Y (sky130_fd_sc_hd__inv_2)
                                                         _055_ (net)
                      0.109378    0.002775    5.641112 v _416_/B1 (sky130_fd_sc_hd__o21a_1)
     1    0.002475    0.033300    0.125399    5.766511 v _416_/X (sky130_fd_sc_hd__o21a_1)
                                                         _044_ (net)
                      0.033300    0.000179    5.766689 v _474_/D (sky130_fd_sc_hd__dfxtp_1)
                                              5.766689   data arrival time

                                 25.000000   25.000000   clock clk (rise edge)
                                  0.000000   25.000000   clock source latency
     1    0.019539    0.093422    0.064972   25.064972 ^ clk (in)
                                                         clk (net)
                      0.093474    0.000000   25.064972 ^ clkbuf_0_clk/A (sky130_fd_sc_hd__clkbuf_16)
     4    0.042376    0.061980    0.160792   25.225763 ^ clkbuf_0_clk/X (sky130_fd_sc_hd__clkbuf_16)
                                                         clknet_0_clk (net)
                      0.062041    0.001679   25.227442 ^ clkbuf_2_3__f_clk/A (sky130_fd_sc_hd__clkbuf_16)
    14    0.048485    0.067552    0.153365   25.380808 ^ clkbuf_2_3__f_clk/X (sky130_fd_sc_hd__clkbuf_16)
                                                         clknet_2_3__leaf_clk (net)
                      0.067821    0.003018   25.383825 ^ _474_/CLK (sky130_fd_sc_hd__dfxtp_1)
                                 -0.250000   25.133827   clock uncertainty
                                  0.000000   25.133827   clock reconvergence pessimism
                                 -0.100068   25.033758   library setup time
                                             25.033758   data required time
---------------------------------------------------------------------------------------------
                                             25.033758   data required time
                                             -5.766689   data arrival time
---------------------------------------------------------------------------------------------
                                             19.267071   slack (MET)


Startpoint: reset (input port clocked by clk)
Endpoint: _475_ (rising edge-triggered flip-flop clocked by clk)
Path Group: clk
Path Type: max

Fanout         Cap        Slew       Delay        Time   Description
---------------------------------------------------------------------------------------------
                                  0.000000    0.000000   clock clk (rise edge)
                                  0.000000    0.000000   clock network delay (propagated)
                                  5.000000    5.000000 ^ input external delay
     1    0.003328    0.022027    0.012216    5.012216 ^ reset (in)
                                                         reset (net)
                      0.022028    0.000000    5.012216 ^ input11/A (sky130_fd_sc_hd__buf_1)
     4    0.018466    0.220959    0.195583    5.207799 ^ input11/X (sky130_fd_sc_hd__buf_1)
                                                         net11 (net)
                      0.220961    0.000497    5.208296 ^ fanout82/A (sky130_fd_sc_hd__buf_2)
    10    0.043030    0.212058    0.279250    5.487545 ^ fanout82/X (sky130_fd_sc_hd__buf_2)
                                                         net82 (net)
                      0.212245    0.005204    5.492750 ^ _213_/A (sky130_fd_sc_hd__inv_2)
    10    0.039287    0.109268    0.145587    5.638337 v _213_/Y (sky130_fd_sc_hd__inv_2)
                                                         _055_ (net)
                      0.109374    0.002731    5.641068 v _417_/B1 (sky130_fd_sc_hd__o21a_1)
     1    0.002294    0.032477    0.124351    5.765419 v _417_/X (sky130_fd_sc_hd__o21a_1)
                                                         _045_ (net)
                      0.032477    0.000154    5.765573 v _475_/D (sky130_fd_sc_hd__dfxtp_1)
                                              5.765573   data arrival time

                                 25.000000   25.000000   clock clk (rise edge)
                                  0.000000   25.000000   clock source latency
     1    0.019539    0.093422    0.064972   25.064972 ^ clk (in)
                                                         clk (net)
                      0.093474    0.000000   25.064972 ^ clkbuf_0_clk/A (sky130_fd_sc_hd__clkbuf_16)
     4    0.042376    0.061980    0.160792   25.225763 ^ clkbuf_0_clk/X (sky130_fd_sc_hd__clkbuf_16)
                                                         clknet_0_clk (net)
                      0.062041    0.001679   25.227442 ^ clkbuf_2_3__f_clk/A (sky130_fd_sc_hd__clkbuf_16)
    14    0.048485    0.067552    0.153365   25.380808 ^ clkbuf_2_3__f_clk/X (sky130_fd_sc_hd__clkbuf_16)
                                                         clknet_2_3__leaf_clk (net)
                      0.067814    0.002963   25.383770 ^ _475_/CLK (sky130_fd_sc_hd__dfxtp_1)
                                 -0.250000   25.133772   clock uncertainty
                                  0.000000   25.133772   clock reconvergence pessimism
                                 -0.099709   25.034063   library setup time
                                             25.034063   data required time
---------------------------------------------------------------------------------------------
                                             25.034063   data required time
                                             -5.765573   data arrival time
---------------------------------------------------------------------------------------------
                                             19.268490   slack (MET)


Startpoint: reset (input port clocked by clk)
Endpoint: _457_ (rising edge-triggered flip-flop clocked by clk)
Path Group: clk
Path Type: max

Fanout         Cap        Slew       Delay        Time   Description
---------------------------------------------------------------------------------------------
                                  0.000000    0.000000   clock clk (rise edge)
                                  0.000000    0.000000   clock network delay (propagated)
                                  5.000000    5.000000 ^ input external delay
     1    0.003328    0.022027    0.012216    5.012216 ^ reset (in)
                                                         reset (net)
                      0.022028    0.000000    5.012216 ^ input11/A (sky130_fd_sc_hd__buf_1)
     4    0.018466    0.220959    0.195583    5.207799 ^ input11/X (sky130_fd_sc_hd__buf_1)
                                                         net11 (net)
                      0.220961    0.000497    5.208296 ^ fanout82/A (sky130_fd_sc_hd__buf_2)
    10    0.043030    0.212058    0.279250    5.487545 ^ fanout82/X (sky130_fd_sc_hd__buf_2)
                                                         net82 (net)
                      0.212245    0.005204    5.492750 ^ _213_/A (sky130_fd_sc_hd__inv_2)
    10    0.039287    0.109268    0.145587    5.638337 v _213_/Y (sky130_fd_sc_hd__inv_2)
                                                         _055_ (net)
                      0.109319    0.001914    5.640250 v _346_/B1 (sky130_fd_sc_hd__o21a_1)
     1    0.002067    0.031442    0.122991    5.763241 v _346_/X (sky130_fd_sc_hd__o21a_1)
                                                         _027_ (net)
                      0.031442    0.000149    5.763390 v _457_/D (sky130_fd_sc_hd__dfxtp_1)
                                              5.763390   data arrival time

                                 25.000000   25.000000   clock clk (rise edge)
                                  0.000000   25.000000   clock source latency
     1    0.019539    0.093422    0.064972   25.064972 ^ clk (in)
                                                         clk (net)
                      0.093474    0.000000   25.064972 ^ clkbuf_0_clk/A (sky130_fd_sc_hd__clkbuf_16)
     4    0.042376    0.061980    0.160792   25.225763 ^ clkbuf_0_clk/X (sky130_fd_sc_hd__clkbuf_16)
                                                         clknet_0_clk (net)
                      0.062041    0.001679   25.227442 ^ clkbuf_2_3__f_clk/A (sky130_fd_sc_hd__clkbuf_16)
    14    0.048485    0.067552    0.153365   25.380808 ^ clkbuf_2_3__f_clk/X (sky130_fd_sc_hd__clkbuf_16)
                                                         clknet_2_3__leaf_clk (net)
                      0.067836    0.003123   25.383930 ^ _457_/CLK (sky130_fd_sc_hd__dfxtp_1)
                                 -0.250000   25.133932   clock uncertainty
                                  0.000000   25.133932   clock reconvergence pessimism
                                 -0.099250   25.034681   library setup time
                                             25.034681   data required time
---------------------------------------------------------------------------------------------
                                             25.034681   data required time
                                             -5.763390   data arrival time
---------------------------------------------------------------------------------------------
                                             19.271292   slack (MET)


Startpoint: reset (input port clocked by clk)
Endpoint: _451_ (rising edge-triggered flip-flop clocked by clk)
Path Group: clk
Path Type: max

Fanout         Cap        Slew       Delay        Time   Description
---------------------------------------------------------------------------------------------
                                  0.000000    0.000000   clock clk (rise edge)
                                  0.000000    0.000000   clock network delay (propagated)
                                  5.000000    5.000000 v input external delay
     1    0.003152    0.009436    0.005072    5.005073 v reset (in)
                                                         reset (net)
                      0.009439    0.000000    5.005073 v input11/A (sky130_fd_sc_hd__buf_1)
     4    0.017408    0.105798    0.135792    5.140865 v input11/X (sky130_fd_sc_hd__buf_1)
                                                         net11 (net)
                      0.105798    0.000468    5.141333 v fanout82/A (sky130_fd_sc_hd__buf_2)
    10    0.040372    0.100331    0.215603    5.356935 v fanout82/X (sky130_fd_sc_hd__buf_2)
                                                         net82 (net)
                      0.100716    0.004728    5.361663 v _335_/B1 (sky130_fd_sc_hd__a21oi_1)
     2    0.009373    0.226110    0.223543    5.585206 ^ _335_/Y (sky130_fd_sc_hd__a21oi_1)
                                                         _145_ (net)
                      0.226115    0.000841    5.586046 ^ _340_/C1 (sky130_fd_sc_hd__o221a_1)
     1    0.002625    0.051064    0.208394    5.794440 ^ _340_/X (sky130_fd_sc_hd__o221a_1)
                                                         _021_ (net)
                      0.051064    0.000177    5.794617 ^ _451_/D (sky130_fd_sc_hd__dfxtp_1)
                                              5.794617   data arrival time

                                 25.000000   25.000000   clock clk (rise edge)
                                  0.000000   25.000000   clock source latency
     1    0.019539    0.093422    0.064972   25.064972 ^ clk (in)
                                                         clk (net)
                      0.093474    0.000000   25.064972 ^ clkbuf_0_clk/A (sky130_fd_sc_hd__clkbuf_16)
     4    0.042376    0.061980    0.160792   25.225763 ^ clkbuf_0_clk/X (sky130_fd_sc_hd__clkbuf_16)
                                                         clknet_0_clk (net)
                      0.062041    0.001679   25.227442 ^ clkbuf_2_3__f_clk/A (sky130_fd_sc_hd__clkbuf_16)
    14    0.048485    0.067552    0.153365   25.380808 ^ clkbuf_2_3__f_clk/X (sky130_fd_sc_hd__clkbuf_16)
                                                         clknet_2_3__leaf_clk (net)
                      0.067769    0.002634   25.383442 ^ _451_/CLK (sky130_fd_sc_hd__dfxtp_1)
                                 -0.250000   25.133442   clock uncertainty
                                  0.000000   25.133442   clock reconvergence pessimism
                                 -0.052142   25.081301   library setup time
                                             25.081301   data required time
---------------------------------------------------------------------------------------------
                                             25.081301   data required time
                                             -5.794617   data arrival time
---------------------------------------------------------------------------------------------
                                             19.286684   slack (MET)


Startpoint: reset (input port clocked by clk)
Endpoint: _450_ (rising edge-triggered flip-flop clocked by clk)
Path Group: clk
Path Type: max

Fanout         Cap        Slew       Delay        Time   Description
---------------------------------------------------------------------------------------------
                                  0.000000    0.000000   clock clk (rise edge)
                                  0.000000    0.000000   clock network delay (propagated)
                                  5.000000    5.000000 ^ input external delay
     1    0.003328    0.022027    0.012216    5.012216 ^ reset (in)
                                                         reset (net)
                      0.022028    0.000000    5.012216 ^ input11/A (sky130_fd_sc_hd__buf_1)
     4    0.018466    0.220959    0.195583    5.207799 ^ input11/X (sky130_fd_sc_hd__buf_1)
                                                         net11 (net)
                      0.220961    0.000497    5.208296 ^ fanout82/A (sky130_fd_sc_hd__buf_2)
    10    0.043030    0.212058    0.279250    5.487545 ^ fanout82/X (sky130_fd_sc_hd__buf_2)
                                                         net82 (net)
                      0.212235    0.005061    5.492607 ^ _335_/B1 (sky130_fd_sc_hd__a21oi_1)
     2    0.009089    0.083238    0.103155    5.595761 v _335_/Y (sky130_fd_sc_hd__a21oi_1)
                                                         _145_ (net)
                      0.083284    0.000838    5.596599 v _339_/B1 (sky130_fd_sc_hd__o211a_1)
     1    0.002256    0.035935    0.133231    5.729830 v _339_/X (sky130_fd_sc_hd__o211a_1)
                                                         _020_ (net)
                      0.035935    0.000151    5.729981 v _450_/D (sky130_fd_sc_hd__dfxtp_1)
                                              5.729981   data arrival time

                                 25.000000   25.000000   clock clk (rise edge)
                                  0.000000   25.000000   clock source latency
     1    0.019539    0.093422    0.064972   25.064972 ^ clk (in)
                                                         clk (net)
                      0.093474    0.000000   25.064972 ^ clkbuf_0_clk/A (sky130_fd_sc_hd__clkbuf_16)
     4    0.042376    0.061980    0.160792   25.225763 ^ clkbuf_0_clk/X (sky130_fd_sc_hd__clkbuf_16)
                                                         clknet_0_clk (net)
                      0.062042    0.001695   25.227459 ^ clkbuf_2_2__f_clk/A (sky130_fd_sc_hd__clkbuf_16)
    13    0.047334    0.066475    0.152612   25.380070 ^ clkbuf_2_2__f_clk/X (sky130_fd_sc_hd__clkbuf_16)
                                                         clknet_2_2__leaf_clk (net)
                      0.066581    0.001508   25.381578 ^ _450_/CLK (sky130_fd_sc_hd__dfxtp_1)
                                 -0.250000   25.131578   clock uncertainty
                                  0.000000   25.131578   clock reconvergence pessimism
                                 -0.101513   25.030066   library setup time
                                             25.030066   data required time
---------------------------------------------------------------------------------------------
                                             25.030066   data required time
                                             -5.729981   data arrival time
---------------------------------------------------------------------------------------------
                                             19.300085   slack (MET)


Startpoint: reset (input port clocked by clk)
Endpoint: _452_ (rising edge-triggered flip-flop clocked by clk)
Path Group: clk
Path Type: max

Fanout         Cap        Slew       Delay        Time   Description
---------------------------------------------------------------------------------------------
                                  0.000000    0.000000   clock clk (rise edge)
                                  0.000000    0.000000   clock network delay (propagated)
                                  5.000000    5.000000 v input external delay
     1    0.003152    0.009436    0.005072    5.005073 v reset (in)
                                                         reset (net)
                      0.009439    0.000000    5.005073 v input11/A (sky130_fd_sc_hd__buf_1)
     4    0.017408    0.105798    0.135792    5.140865 v input11/X (sky130_fd_sc_hd__buf_1)
                                                         net11 (net)
                      0.105798    0.000468    5.141333 v fanout82/A (sky130_fd_sc_hd__buf_2)
    10    0.040372    0.100331    0.215603    5.356935 v fanout82/X (sky130_fd_sc_hd__buf_2)
                                                         net82 (net)
                      0.100361    0.001785    5.358720 v _259_/B (sky130_fd_sc_hd__or2_1)
     1    0.002062    0.043788    0.216621    5.575340 v _259_/X (sky130_fd_sc_hd__or2_1)
                                                         _022_ (net)
                      0.043788    0.000144    5.575485 v _452_/D (sky130_fd_sc_hd__dfxtp_1)
                                              5.575485   data arrival time

                                 25.000000   25.000000   clock clk (rise edge)
                                  0.000000   25.000000   clock source latency
     1    0.019539    0.093422    0.064972   25.064972 ^ clk (in)
                                                         clk (net)
                      0.093474    0.000000   25.064972 ^ clkbuf_0_clk/A (sky130_fd_sc_hd__clkbuf_16)
     4    0.042376    0.061980    0.160792   25.225763 ^ clkbuf_0_clk/X (sky130_fd_sc_hd__clkbuf_16)
                                                         clknet_0_clk (net)
                      0.062041    0.001679   25.227442 ^ clkbuf_2_3__f_clk/A (sky130_fd_sc_hd__clkbuf_16)
    14    0.048485    0.067552    0.153365   25.380808 ^ clkbuf_2_3__f_clk/X (sky130_fd_sc_hd__clkbuf_16)
                                                         clknet_2_3__leaf_clk (net)
                      0.067799    0.002860   25.383667 ^ _452_/CLK (sky130_fd_sc_hd__dfxtp_1)
                                 -0.250000   25.133669   clock uncertainty
                                  0.000000   25.133669   clock reconvergence pessimism
                                 -0.104673   25.028997   library setup time
                                             25.028997   data required time
---------------------------------------------------------------------------------------------
                                             25.028997   data required time
                                             -5.575485   data arrival time
---------------------------------------------------------------------------------------------
                                             19.453512   slack (MET)


Startpoint: reset (input port clocked by clk)
Endpoint: _476_ (rising edge-triggered flip-flop clocked by clk)
Path Group: clk
Path Type: max

Fanout         Cap        Slew       Delay        Time   Description
---------------------------------------------------------------------------------------------
                                  0.000000    0.000000   clock clk (rise edge)
                                  0.000000    0.000000   clock network delay (propagated)
                                  5.000000    5.000000 ^ input external delay
     1    0.003328    0.022027    0.012216    5.012216 ^ reset (in)
                                                         reset (net)
                      0.022028    0.000000    5.012216 ^ input11/A (sky130_fd_sc_hd__buf_1)
     4    0.018466    0.220959    0.195583    5.207799 ^ input11/X (sky130_fd_sc_hd__buf_1)
                                                         net11 (net)
                      0.220961    0.000497    5.208296 ^ fanout82/A (sky130_fd_sc_hd__buf_2)
    10    0.043030    0.212058    0.279250    5.487545 ^ fanout82/X (sky130_fd_sc_hd__buf_2)
                                                         net82 (net)
                      0.212250    0.005276    5.492822 ^ _418_/B1 (sky130_fd_sc_hd__a31o_1)
     1    0.002271    0.041655    0.123344    5.616166 ^ _418_/X (sky130_fd_sc_hd__a31o_1)
                                                         _046_ (net)
                      0.041655    0.000156    5.616322 ^ _476_/D (sky130_fd_sc_hd__dfxtp_1)
                                              5.616322   data arrival time

                                 25.000000   25.000000   clock clk (rise edge)
                                  0.000000   25.000000   clock source latency
     1    0.019539    0.093422    0.064972   25.064972 ^ clk (in)
                                                         clk (net)
                      0.093474    0.000000   25.064972 ^ clkbuf_0_clk/A (sky130_fd_sc_hd__clkbuf_16)
     4    0.042376    0.061980    0.160792   25.225763 ^ clkbuf_0_clk/X (sky130_fd_sc_hd__clkbuf_16)
                                                         clknet_0_clk (net)
                      0.062070    0.001995   25.227758 ^ clkbuf_2_1__f_clk/A (sky130_fd_sc_hd__clkbuf_16)
    14    0.049743    0.068697    0.154316   25.382074 ^ clkbuf_2_1__f_clk/X (sky130_fd_sc_hd__clkbuf_16)
                                                         clknet_2_1__leaf_clk (net)
                      0.068839    0.001922   25.383997 ^ _476_/CLK (sky130_fd_sc_hd__dfxtp_1)
                                 -0.250000   25.133997   clock uncertainty
                                  0.000000   25.133997   clock reconvergence pessimism
                                 -0.049825   25.084171   library setup time
                                             25.084171   data required time
---------------------------------------------------------------------------------------------
                                             25.084171   data required time
                                             -5.616322   data arrival time
---------------------------------------------------------------------------------------------
                                             19.467850   slack (MET)


Startpoint: reset (input port clocked by clk)
Endpoint: _456_ (rising edge-triggered flip-flop clocked by clk)
Path Group: clk
Path Type: max

Fanout         Cap        Slew       Delay        Time   Description
---------------------------------------------------------------------------------------------
                                  0.000000    0.000000   clock clk (rise edge)
                                  0.000000    0.000000   clock network delay (propagated)
                                  5.000000    5.000000 ^ input external delay
     1    0.003328    0.022027    0.012216    5.012216 ^ reset (in)
                                                         reset (net)
                      0.022028    0.000000    5.012216 ^ input11/A (sky130_fd_sc_hd__buf_1)
     4    0.018466    0.220959    0.195583    5.207799 ^ input11/X (sky130_fd_sc_hd__buf_1)
                                                         net11 (net)
                      0.220961    0.000497    5.208296 ^ fanout82/A (sky130_fd_sc_hd__buf_2)
    10    0.043030    0.212058    0.279250    5.487545 ^ fanout82/X (sky130_fd_sc_hd__buf_2)
                                                         net82 (net)
                      0.212115    0.002904    5.490449 ^ _286_/B (sky130_fd_sc_hd__nor2_1)
     1    0.002137    0.046672    0.057295    5.547745 v _286_/Y (sky130_fd_sc_hd__nor2_1)
                                                         _026_ (net)
                      0.046672    0.000145    5.547890 v _456_/D (sky130_fd_sc_hd__dfxtp_1)
                                              5.547890   data arrival time

                                 25.000000   25.000000   clock clk (rise edge)
                                  0.000000   25.000000   clock source latency
     1    0.019539    0.093422    0.064972   25.064972 ^ clk (in)
                                                         clk (net)
                      0.093474    0.000000   25.064972 ^ clkbuf_0_clk/A (sky130_fd_sc_hd__clkbuf_16)
     4    0.042376    0.061980    0.160792   25.225763 ^ clkbuf_0_clk/X (sky130_fd_sc_hd__clkbuf_16)
                                                         clknet_0_clk (net)
                      0.062041    0.001679   25.227442 ^ clkbuf_2_3__f_clk/A (sky130_fd_sc_hd__clkbuf_16)
    14    0.048485    0.067552    0.153365   25.380808 ^ clkbuf_2_3__f_clk/X (sky130_fd_sc_hd__clkbuf_16)
                                                         clknet_2_3__leaf_clk (net)
                      0.067760    0.002563   25.383371 ^ _456_/CLK (sky130_fd_sc_hd__dfxtp_1)
                                 -0.250000   25.133371   clock uncertainty
                                  0.000000   25.133371   clock reconvergence pessimism
                                 -0.105946   25.027426   library setup time
                                             25.027426   data required time
---------------------------------------------------------------------------------------------
                                             25.027426   data required time
                                             -5.547890   data arrival time
---------------------------------------------------------------------------------------------
                                             19.479536   slack (MET)


Startpoint: reset (input port clocked by clk)
Endpoint: _481_ (rising edge-triggered flip-flop clocked by clk)
Path Group: clk
Path Type: max

Fanout         Cap        Slew       Delay        Time   Description
---------------------------------------------------------------------------------------------
                                  0.000000    0.000000   clock clk (rise edge)
                                  0.000000    0.000000   clock network delay (propagated)
                                  5.000000    5.000000 ^ input external delay
     1    0.003328    0.022027    0.012216    5.012216 ^ reset (in)
                                                         reset (net)
                      0.022028    0.000000    5.012216 ^ input11/A (sky130_fd_sc_hd__buf_1)
     4    0.018466    0.220959    0.195583    5.207799 ^ input11/X (sky130_fd_sc_hd__buf_1)
                                                         net11 (net)
                      0.220977    0.001628    5.209427 ^ _429_/B1 (sky130_fd_sc_hd__a21oi_1)
     1    0.002757    0.070925    0.064463    5.273890 v _429_/Y (sky130_fd_sc_hd__a21oi_1)
                                                         _051_ (net)
                      0.070925    0.000182    5.274071 v _481_/D (sky130_fd_sc_hd__dfxtp_2)
                                              5.274071   data arrival time

                                 25.000000   25.000000   clock clk (rise edge)
                                  0.000000   25.000000   clock source latency
     1    0.019539    0.093422    0.064972   25.064972 ^ clk (in)
                                                         clk (net)
                      0.093474    0.000000   25.064972 ^ clkbuf_0_clk/A (sky130_fd_sc_hd__clkbuf_16)
     4    0.042376    0.061980    0.160792   25.225763 ^ clkbuf_0_clk/X (sky130_fd_sc_hd__clkbuf_16)
                                                         clknet_0_clk (net)
                      0.062041    0.001679   25.227442 ^ clkbuf_2_3__f_clk/A (sky130_fd_sc_hd__clkbuf_16)
    14    0.048485    0.067552    0.153365   25.380808 ^ clkbuf_2_3__f_clk/X (sky130_fd_sc_hd__clkbuf_16)
                                                         clknet_2_3__leaf_clk (net)
                      0.067732    0.002332   25.383141 ^ _481_/CLK (sky130_fd_sc_hd__dfxtp_2)
                                 -0.250000   25.133141   clock uncertainty
                                  0.000000   25.133141   clock reconvergence pessimism
                                 -0.118878   25.014263   library setup time
                                             25.014263   data required time
---------------------------------------------------------------------------------------------
                                             25.014263   data required time
                                             -5.274071   data arrival time
---------------------------------------------------------------------------------------------
                                             19.740192   slack (MET)


Startpoint: reset (input port clocked by clk)
Endpoint: _454_ (rising edge-triggered flip-flop clocked by clk)
Path Group: clk
Path Type: max

Fanout         Cap        Slew       Delay        Time   Description
---------------------------------------------------------------------------------------------
                                  0.000000    0.000000   clock clk (rise edge)
                                  0.000000    0.000000   clock network delay (propagated)
                                  5.000000    5.000000 ^ input external delay
     1    0.003328    0.022027    0.012216    5.012216 ^ reset (in)
                                                         reset (net)
                      0.022028    0.000000    5.012216 ^ input11/A (sky130_fd_sc_hd__buf_1)
     4    0.018466    0.220959    0.195583    5.207799 ^ input11/X (sky130_fd_sc_hd__buf_1)
                                                         net11 (net)
                      0.220965    0.000968    5.208767 ^ _342_/B (sky130_fd_sc_hd__nor2_1)
     1    0.002476    0.049874    0.061460    5.270227 v _342_/Y (sky130_fd_sc_hd__nor2_1)
                                                         _024_ (net)
                      0.049874    0.000178    5.270405 v _454_/D (sky130_fd_sc_hd__dfxtp_1)
                                              5.270405   data arrival time

                                 25.000000   25.000000   clock clk (rise edge)
                                  0.000000   25.000000   clock source latency
     1    0.019539    0.093422    0.064972   25.064972 ^ clk (in)
                                                         clk (net)
                      0.093474    0.000000   25.064972 ^ clkbuf_0_clk/A (sky130_fd_sc_hd__clkbuf_16)
     4    0.042376    0.061980    0.160792   25.225763 ^ clkbuf_0_clk/X (sky130_fd_sc_hd__clkbuf_16)
                                                         clknet_0_clk (net)
                      0.062041    0.001679   25.227442 ^ clkbuf_2_3__f_clk/A (sky130_fd_sc_hd__clkbuf_16)
    14    0.048485    0.067552    0.153365   25.380808 ^ clkbuf_2_3__f_clk/X (sky130_fd_sc_hd__clkbuf_16)
                                                         clknet_2_3__leaf_clk (net)
                      0.067761    0.002569   25.383375 ^ _454_/CLK (sky130_fd_sc_hd__dfxtp_1)
                                 -0.250000   25.133377   clock uncertainty
                                  0.000000   25.133377   clock reconvergence pessimism
                                 -0.107350   25.026026   library setup time
                                             25.026026   data required time
---------------------------------------------------------------------------------------------
                                             25.026026   data required time
                                             -5.270405   data arrival time
---------------------------------------------------------------------------------------------
                                             19.755621   slack (MET)


Startpoint: reset (input port clocked by clk)
Endpoint: _453_ (rising edge-triggered flip-flop clocked by clk)
Path Group: clk
Path Type: max

Fanout         Cap        Slew       Delay        Time   Description
---------------------------------------------------------------------------------------------
                                  0.000000    0.000000   clock clk (rise edge)
                                  0.000000    0.000000   clock network delay (propagated)
                                  5.000000    5.000000 ^ input external delay
     1    0.003328    0.022027    0.012216    5.012216 ^ reset (in)
                                                         reset (net)
                      0.022028    0.000000    5.012216 ^ input11/A (sky130_fd_sc_hd__buf_1)
     4    0.018466    0.220959    0.195583    5.207799 ^ input11/X (sky130_fd_sc_hd__buf_1)
                                                         net11 (net)
                      0.220970    0.001287    5.209085 ^ _341_/B (sky130_fd_sc_hd__nor2_1)
     1    0.002296    0.048861    0.059669    5.268754 v _341_/Y (sky130_fd_sc_hd__nor2_1)
                                                         _023_ (net)
                      0.048862    0.000165    5.268919 v _453_/D (sky130_fd_sc_hd__dfxtp_1)
                                              5.268919   data arrival time

                                 25.000000   25.000000   clock clk (rise edge)
                                  0.000000   25.000000   clock source latency
     1    0.019539    0.093422    0.064972   25.064972 ^ clk (in)
                                                         clk (net)
                      0.093474    0.000000   25.064972 ^ clkbuf_0_clk/A (sky130_fd_sc_hd__clkbuf_16)
     4    0.042376    0.061980    0.160792   25.225763 ^ clkbuf_0_clk/X (sky130_fd_sc_hd__clkbuf_16)
                                                         clknet_0_clk (net)
                      0.062041    0.001679   25.227442 ^ clkbuf_2_3__f_clk/A (sky130_fd_sc_hd__clkbuf_16)
    14    0.048485    0.067552    0.153365   25.380808 ^ clkbuf_2_3__f_clk/X (sky130_fd_sc_hd__clkbuf_16)
                                                         clknet_2_3__leaf_clk (net)
                      0.067735    0.002355   25.383163 ^ _453_/CLK (sky130_fd_sc_hd__dfxtp_1)
                                 -0.250000   25.133163   clock uncertainty
                                  0.000000   25.133163   clock reconvergence pessimism
                                 -0.106912   25.026253   library setup time
                                             25.026253   data required time
---------------------------------------------------------------------------------------------
                                             25.026253   data required time
                                             -5.268919   data arrival time
---------------------------------------------------------------------------------------------
                                             19.757334   slack (MET)



