
===========================================================================
report_checks -path_delay min (Hold)
============================================================================
======================= max_ff_n40C_1v95 Corner ===================================

Startpoint: _725_ (rising edge-triggered flip-flop clocked by wb_clk_i)
Endpoint: _725_ (rising edge-triggered flip-flop clocked by wb_clk_i)
Path Group: wb_clk_i
Path Type: min

Fanout         Cap        Slew       Delay        Time   Description
---------------------------------------------------------------------------------------------
                                  0.000000    0.000000   clock wb_clk_i (rise edge)
                                  0.000000    0.000000   clock source latency
     2    0.024579    0.087030    0.060746    0.060746 ^ wb_clk_i (in)
                                                         wb_clk_i (net)
                      0.087170    0.000000    0.060746 ^ clkbuf_0_wb_clk_i/A (sky130_fd_sc_hd__clkbuf_16)
    17    0.111708    0.098028    0.149081    0.209827 ^ clkbuf_0_wb_clk_i/X (sky130_fd_sc_hd__clkbuf_16)
                                                         clknet_0_wb_clk_i (net)
                      0.098361    0.004638    0.214465 ^ clkbuf_3_2__f_wb_clk_i/A (sky130_fd_sc_hd__clkbuf_16)
    14    0.046331    0.050086    0.118056    0.332521 ^ clkbuf_3_2__f_wb_clk_i/X (sky130_fd_sc_hd__clkbuf_16)
                                                         clknet_3_2__leaf_wb_clk_i (net)
                      0.050290    0.002167    0.334688 ^ _725_/CLK (sky130_fd_sc_hd__dfxtp_1)
     6    0.015481    0.055746    0.223542    0.558230 v _725_/Q (sky130_fd_sc_hd__dfxtp_1)
                                                         group_timeout_count[6] (net)
                      0.055760    0.000852    0.559083 v _518_/A (sky130_fd_sc_hd__nand2_1)
     1    0.002415    0.029463    0.044889    0.603972 ^ _518_/Y (sky130_fd_sc_hd__nand2_1)
                                                         _262_ (net)
                      0.029464    0.000155    0.604127 ^ _520_/B (sky130_fd_sc_hd__and3_1)
     1    0.002692    0.033403    0.083432    0.687559 ^ _520_/X (sky130_fd_sc_hd__and3_1)
                                                         _097_ (net)
                      0.033403    0.000167    0.687726 ^ _725_/D (sky130_fd_sc_hd__dfxtp_1)
                                              0.687726   data arrival time

                                  0.000000    0.000000   clock wb_clk_i (rise edge)
                                  0.000000    0.000000   clock source latency
     2    0.024579    0.087030    0.060746    0.060746 ^ wb_clk_i (in)
                                                         wb_clk_i (net)
                      0.087170    0.000000    0.060746 ^ clkbuf_0_wb_clk_i/A (sky130_fd_sc_hd__clkbuf_16)
    17    0.111708    0.098028    0.149081    0.209827 ^ clkbuf_0_wb_clk_i/X (sky130_fd_sc_hd__clkbuf_16)
                                                         clknet_0_wb_clk_i (net)
                      0.098361    0.004638    0.214465 ^ clkbuf_3_2__f_wb_clk_i/A (sky130_fd_sc_hd__clkbuf_16)
    14    0.046331    0.050086    0.118056    0.332521 ^ clkbuf_3_2__f_wb_clk_i/X (sky130_fd_sc_hd__clkbuf_16)
                                                         clknet_3_2__leaf_wb_clk_i (net)
                      0.050290    0.002167    0.334688 ^ _725_/CLK (sky130_fd_sc_hd__dfxtp_1)
                                  0.250000    0.584688   clock uncertainty
                                  0.000000    0.584688   clock reconvergence pessimism
                                 -0.017009    0.567679   library hold time
                                              0.567679   data required time
---------------------------------------------------------------------------------------------
                                              0.567679   data required time
                                             -0.687726   data arrival time
---------------------------------------------------------------------------------------------
                                              0.120047   slack (MET)


Startpoint: _703_ (rising edge-triggered flip-flop clocked by wb_clk_i)
Endpoint: _703_ (rising edge-triggered flip-flop clocked by wb_clk_i)
Path Group: wb_clk_i
Path Type: min

Fanout         Cap        Slew       Delay        Time   Description
---------------------------------------------------------------------------------------------
                                  0.000000    0.000000   clock wb_clk_i (rise edge)
                                  0.000000    0.000000   clock source latency
     2    0.024579    0.087030    0.060746    0.060746 ^ wb_clk_i (in)
                                                         wb_clk_i (net)
                      0.087170    0.000000    0.060746 ^ clkbuf_0_wb_clk_i/A (sky130_fd_sc_hd__clkbuf_16)
    17    0.111708    0.098028    0.149081    0.209827 ^ clkbuf_0_wb_clk_i/X (sky130_fd_sc_hd__clkbuf_16)
                                                         clknet_0_wb_clk_i (net)
                      0.098783    0.006892    0.216719 ^ clkbuf_3_5__f_wb_clk_i/A (sky130_fd_sc_hd__clkbuf_16)
    14    0.046268    0.050010    0.117714    0.334433 ^ clkbuf_3_5__f_wb_clk_i/X (sky130_fd_sc_hd__clkbuf_16)
                                                         clknet_3_5__leaf_wb_clk_i (net)
                      0.050545    0.004019    0.338452 ^ _703_/CLK (sky130_fd_sc_hd__dfrtp_1)
     2    0.005583    0.047753    0.216694    0.555146 ^ _703_/Q (sky130_fd_sc_hd__dfrtp_1)
                                                         net36 (net)
                      0.047754    0.000323    0.555469 ^ _364_/A_N (sky130_fd_sc_hd__and3b_1)
     3    0.008086    0.039848    0.123911    0.679380 v _364_/X (sky130_fd_sc_hd__and3b_1)
                                                         _005_ (net)
                      0.039860    0.000657    0.680037 v _703_/D (sky130_fd_sc_hd__dfrtp_1)
                                              0.680037   data arrival time

                                  0.000000    0.000000   clock wb_clk_i (rise edge)
                                  0.000000    0.000000   clock source latency
     2    0.024579    0.087030    0.060746    0.060746 ^ wb_clk_i (in)
                                                         wb_clk_i (net)
                      0.087170    0.000000    0.060746 ^ clkbuf_0_wb_clk_i/A (sky130_fd_sc_hd__clkbuf_16)
    17    0.111708    0.098028    0.149081    0.209827 ^ clkbuf_0_wb_clk_i/X (sky130_fd_sc_hd__clkbuf_16)
                                                         clknet_0_wb_clk_i (net)
                      0.098783    0.006892    0.216719 ^ clkbuf_3_5__f_wb_clk_i/A (sky130_fd_sc_hd__clkbuf_16)
    14    0.046268    0.050010    0.117714    0.334433 ^ clkbuf_3_5__f_wb_clk_i/X (sky130_fd_sc_hd__clkbuf_16)
                                                         clknet_3_5__leaf_wb_clk_i (net)
                      0.050545    0.004019    0.338452 ^ _703_/CLK (sky130_fd_sc_hd__dfrtp_1)
                                  0.250000    0.588452   clock uncertainty
                                  0.000000    0.588452   clock reconvergence pessimism
                                 -0.033015    0.555437   library hold time
                                              0.555437   data required time
---------------------------------------------------------------------------------------------
                                              0.555437   data required time
                                             -0.680037   data arrival time
---------------------------------------------------------------------------------------------
                                              0.124600   slack (MET)


Startpoint: _761_ (rising edge-triggered flip-flop clocked by wb_clk_i)
Endpoint: _761_ (rising edge-triggered flip-flop clocked by wb_clk_i)
Path Group: wb_clk_i
Path Type: min

Fanout         Cap        Slew       Delay        Time   Description
---------------------------------------------------------------------------------------------
                                  0.000000    0.000000   clock wb_clk_i (rise edge)
                                  0.000000    0.000000   clock source latency
     2    0.024579    0.087030    0.060746    0.060746 ^ wb_clk_i (in)
                                                         wb_clk_i (net)
                      0.087170    0.000000    0.060746 ^ clkbuf_0_wb_clk_i/A (sky130_fd_sc_hd__clkbuf_16)
    17    0.111708    0.098028    0.149081    0.209827 ^ clkbuf_0_wb_clk_i/X (sky130_fd_sc_hd__clkbuf_16)
                                                         clknet_0_wb_clk_i (net)
                      0.098293    0.004156    0.213983 ^ clkbuf_3_3__f_wb_clk_i/A (sky130_fd_sc_hd__clkbuf_16)
    11    0.046056    0.049910    0.118022    0.332006 ^ clkbuf_3_3__f_wb_clk_i/X (sky130_fd_sc_hd__clkbuf_16)
                                                         clknet_3_3__leaf_wb_clk_i (net)
                      0.049951    0.001313    0.333318 ^ _761_/CLK (sky130_fd_sc_hd__dfxtp_1)
     5    0.017149    0.125589    0.258587    0.591905 ^ _761_/Q (sky130_fd_sc_hd__dfxtp_1)
                                                         u_system.u_global.denial_counter[0] (net)
                      0.125592    0.000833    0.592739 ^ _624_/A1 (sky130_fd_sc_hd__o211a_1)
     1    0.002699    0.026620    0.099836    0.692575 ^ _624_/X (sky130_fd_sc_hd__o211a_1)
                                                         _133_ (net)
                      0.026621    0.000176    0.692751 ^ _761_/D (sky130_fd_sc_hd__dfxtp_1)
                                              0.692751   data arrival time

                                  0.000000    0.000000   clock wb_clk_i (rise edge)
                                  0.000000    0.000000   clock source latency
     2    0.024579    0.087030    0.060746    0.060746 ^ wb_clk_i (in)
                                                         wb_clk_i (net)
                      0.087170    0.000000    0.060746 ^ clkbuf_0_wb_clk_i/A (sky130_fd_sc_hd__clkbuf_16)
    17    0.111708    0.098028    0.149081    0.209827 ^ clkbuf_0_wb_clk_i/X (sky130_fd_sc_hd__clkbuf_16)
                                                         clknet_0_wb_clk_i (net)
                      0.098293    0.004156    0.213983 ^ clkbuf_3_3__f_wb_clk_i/A (sky130_fd_sc_hd__clkbuf_16)
    11    0.046056    0.049910    0.118022    0.332006 ^ clkbuf_3_3__f_wb_clk_i/X (sky130_fd_sc_hd__clkbuf_16)
                                                         clknet_3_3__leaf_wb_clk_i (net)
                      0.049951    0.001313    0.333318 ^ _761_/CLK (sky130_fd_sc_hd__dfxtp_1)
                                  0.250000    0.583318   clock uncertainty
                                  0.000000    0.583318   clock reconvergence pessimism
                                 -0.016539    0.566780   library hold time
                                              0.566780   data required time
---------------------------------------------------------------------------------------------
                                              0.566780   data required time
                                             -0.692751   data arrival time
---------------------------------------------------------------------------------------------
                                              0.125972   slack (MET)


Startpoint: _719_ (rising edge-triggered flip-flop clocked by wb_clk_i)
Endpoint: _687_ (rising edge-triggered flip-flop clocked by wb_clk_i)
Path Group: wb_clk_i
Path Type: min

Fanout         Cap        Slew       Delay        Time   Description
---------------------------------------------------------------------------------------------
                                  0.000000    0.000000   clock wb_clk_i (rise edge)
                                  0.000000    0.000000   clock source latency
     2    0.024579    0.087030    0.060746    0.060746 ^ wb_clk_i (in)
                                                         wb_clk_i (net)
                      0.087170    0.000000    0.060746 ^ clkbuf_0_wb_clk_i/A (sky130_fd_sc_hd__clkbuf_16)
    17    0.111708    0.098028    0.149081    0.209827 ^ clkbuf_0_wb_clk_i/X (sky130_fd_sc_hd__clkbuf_16)
                                                         clknet_0_wb_clk_i (net)
                      0.098361    0.004638    0.214465 ^ clkbuf_3_2__f_wb_clk_i/A (sky130_fd_sc_hd__clkbuf_16)
    14    0.046331    0.050086    0.118056    0.332521 ^ clkbuf_3_2__f_wb_clk_i/X (sky130_fd_sc_hd__clkbuf_16)
                                                         clknet_3_2__leaf_wb_clk_i (net)
                      0.050344    0.002526    0.335047 ^ _719_/CLK (sky130_fd_sc_hd__dfxtp_1)
     8    0.023618    0.080230    0.242435    0.577482 v _719_/Q (sky130_fd_sc_hd__dfxtp_1)
                                                         group_timeout_count[0] (net)
                      0.080307    0.002226    0.579708 v _413_/A (sky130_fd_sc_hd__and3_1)
     1    0.002890    0.024002    0.106177    0.685886 v _413_/X (sky130_fd_sc_hd__and3_1)
                                                         _013_ (net)
                      0.024016    0.000214    0.686100 v _687_/D (sky130_fd_sc_hd__dfrtp_1)
                                              0.686100   data arrival time

                                  0.000000    0.000000   clock wb_clk_i (rise edge)
                                  0.000000    0.000000   clock source latency
     2    0.024579    0.087030    0.060746    0.060746 ^ wb_clk_i (in)
                                                         wb_clk_i (net)
                      0.087170    0.000000    0.060746 ^ clkbuf_0_wb_clk_i/A (sky130_fd_sc_hd__clkbuf_16)
    17    0.111708    0.098028    0.149081    0.209827 ^ clkbuf_0_wb_clk_i/X (sky130_fd_sc_hd__clkbuf_16)
                                                         clknet_0_wb_clk_i (net)
                      0.098586    0.005951    0.215778 ^ clkbuf_3_0__f_wb_clk_i/A (sky130_fd_sc_hd__clkbuf_16)
    13    0.043628    0.048139    0.116392    0.332170 ^ clkbuf_3_0__f_wb_clk_i/X (sky130_fd_sc_hd__clkbuf_16)
                                                         clknet_3_0__leaf_wb_clk_i (net)
                      0.048295    0.001991    0.334161 ^ _687_/CLK (sky130_fd_sc_hd__dfrtp_1)
                                  0.250000    0.584161   clock uncertainty
                                  0.000000    0.584161   clock reconvergence pessimism
                                 -0.028085    0.556075   library hold time
                                              0.556075   data required time
---------------------------------------------------------------------------------------------
                                              0.556075   data required time
                                             -0.686100   data arrival time
---------------------------------------------------------------------------------------------
                                              0.130025   slack (MET)


Startpoint: _757_ (rising edge-triggered flip-flop clocked by wb_clk_i)
Endpoint: _757_ (rising edge-triggered flip-flop clocked by wb_clk_i)
Path Group: wb_clk_i
Path Type: min

Fanout         Cap        Slew       Delay        Time   Description
---------------------------------------------------------------------------------------------
                                  0.000000    0.000000   clock wb_clk_i (rise edge)
                                  0.000000    0.000000   clock source latency
     2    0.024579    0.087030    0.060746    0.060746 ^ wb_clk_i (in)
                                                         wb_clk_i (net)
                      0.087170    0.000000    0.060746 ^ clkbuf_0_wb_clk_i/A (sky130_fd_sc_hd__clkbuf_16)
    17    0.111708    0.098028    0.149081    0.209827 ^ clkbuf_0_wb_clk_i/X (sky130_fd_sc_hd__clkbuf_16)
                                                         clknet_0_wb_clk_i (net)
                      0.098443    0.005161    0.214988 ^ clkbuf_3_7__f_wb_clk_i/A (sky130_fd_sc_hd__clkbuf_16)
    13    0.043379    0.047916    0.116045    0.331032 ^ clkbuf_3_7__f_wb_clk_i/X (sky130_fd_sc_hd__clkbuf_16)
                                                         clknet_3_7__leaf_wb_clk_i (net)
                      0.048242    0.002937    0.333970 ^ _757_/CLK (sky130_fd_sc_hd__dfxtp_1)
     4    0.009483    0.038582    0.208518    0.542488 v _757_/Q (sky130_fd_sc_hd__dfxtp_1)
                                                         global_timeout_count[12] (net)
                      0.038585    0.000350    0.542838 v _613_/B1 (sky130_fd_sc_hd__a31oi_1)
     1    0.003258    0.047717    0.054489    0.597327 ^ _613_/Y (sky130_fd_sc_hd__a31oi_1)
                                                         _325_ (net)
                      0.047717    0.000158    0.597485 ^ _614_/A2 (sky130_fd_sc_hd__o21a_1)
     1    0.003551    0.032708    0.069350    0.666834 ^ _614_/X (sky130_fd_sc_hd__o21a_1)
                                                         _326_ (net)
                      0.032708    0.000155    0.666989 ^ _615_/B (sky130_fd_sc_hd__nor2_1)
     1    0.002129    0.014291    0.019290    0.686279 v _615_/Y (sky130_fd_sc_hd__nor2_1)
                                                         _129_ (net)
                      0.014291    0.000153    0.686433 v _757_/D (sky130_fd_sc_hd__dfxtp_1)
                                              0.686433   data arrival time

                                  0.000000    0.000000   clock wb_clk_i (rise edge)
                                  0.000000    0.000000   clock source latency
     2    0.024579    0.087030    0.060746    0.060746 ^ wb_clk_i (in)
                                                         wb_clk_i (net)
                      0.087170    0.000000    0.060746 ^ clkbuf_0_wb_clk_i/A (sky130_fd_sc_hd__clkbuf_16)
    17    0.111708    0.098028    0.149081    0.209827 ^ clkbuf_0_wb_clk_i/X (sky130_fd_sc_hd__clkbuf_16)
                                                         clknet_0_wb_clk_i (net)
                      0.098443    0.005161    0.214988 ^ clkbuf_3_7__f_wb_clk_i/A (sky130_fd_sc_hd__clkbuf_16)
    13    0.043379    0.047916    0.116045    0.331032 ^ clkbuf_3_7__f_wb_clk_i/X (sky130_fd_sc_hd__clkbuf_16)
                                                         clknet_3_7__leaf_wb_clk_i (net)
                      0.048242    0.002937    0.333970 ^ _757_/CLK (sky130_fd_sc_hd__dfxtp_1)
                                  0.250000    0.583970   clock uncertainty
                                  0.000000    0.583970   clock reconvergence pessimism
                                 -0.032317    0.551653   library hold time
                                              0.551653   data required time
---------------------------------------------------------------------------------------------
                                              0.551653   data required time
                                             -0.686433   data arrival time
---------------------------------------------------------------------------------------------
                                              0.134780   slack (MET)


Startpoint: _726_ (rising edge-triggered flip-flop clocked by wb_clk_i)
Endpoint: _726_ (rising edge-triggered flip-flop clocked by wb_clk_i)
Path Group: wb_clk_i
Path Type: min

Fanout         Cap        Slew       Delay        Time   Description
---------------------------------------------------------------------------------------------
                                  0.000000    0.000000   clock wb_clk_i (rise edge)
                                  0.000000    0.000000   clock source latency
     2    0.024579    0.087030    0.060746    0.060746 ^ wb_clk_i (in)
                                                         wb_clk_i (net)
                      0.087170    0.000000    0.060746 ^ clkbuf_0_wb_clk_i/A (sky130_fd_sc_hd__clkbuf_16)
    17    0.111708    0.098028    0.149081    0.209827 ^ clkbuf_0_wb_clk_i/X (sky130_fd_sc_hd__clkbuf_16)
                                                         clknet_0_wb_clk_i (net)
                      0.098361    0.004638    0.214465 ^ clkbuf_3_2__f_wb_clk_i/A (sky130_fd_sc_hd__clkbuf_16)
    14    0.046331    0.050086    0.118056    0.332521 ^ clkbuf_3_2__f_wb_clk_i/X (sky130_fd_sc_hd__clkbuf_16)
                                                         clknet_3_2__leaf_wb_clk_i (net)
                      0.050229    0.001691    0.334212 ^ _726_/CLK (sky130_fd_sc_hd__dfxtp_1)
     4    0.011221    0.085136    0.230436    0.564648 ^ _726_/Q (sky130_fd_sc_hd__dfxtp_1)
                                                         group_timeout_count[7] (net)
                      0.085139    0.000645    0.565293 ^ _521_/B1 (sky130_fd_sc_hd__a21o_1)
     1    0.002338    0.023411    0.049515    0.614808 ^ _521_/X (sky130_fd_sc_hd__a21o_1)
                                                         _264_ (net)
                      0.023411    0.000157    0.614966 ^ _523_/C (sky130_fd_sc_hd__and3b_1)
     1    0.002581    0.032968    0.087352    0.702317 ^ _523_/X (sky130_fd_sc_hd__and3b_1)
                                                         _098_ (net)
                      0.032972    0.000188    0.702505 ^ _726_/D (sky130_fd_sc_hd__dfxtp_1)
                                              0.702505   data arrival time

                                  0.000000    0.000000   clock wb_clk_i (rise edge)
                                  0.000000    0.000000   clock source latency
     2    0.024579    0.087030    0.060746    0.060746 ^ wb_clk_i (in)
                                                         wb_clk_i (net)
                      0.087170    0.000000    0.060746 ^ clkbuf_0_wb_clk_i/A (sky130_fd_sc_hd__clkbuf_16)
    17    0.111708    0.098028    0.149081    0.209827 ^ clkbuf_0_wb_clk_i/X (sky130_fd_sc_hd__clkbuf_16)
                                                         clknet_0_wb_clk_i (net)
                      0.098361    0.004638    0.214465 ^ clkbuf_3_2__f_wb_clk_i/A (sky130_fd_sc_hd__clkbuf_16)
    14    0.046331    0.050086    0.118056    0.332521 ^ clkbuf_3_2__f_wb_clk_i/X (sky130_fd_sc_hd__clkbuf_16)
                                                         clknet_3_2__leaf_wb_clk_i (net)
                      0.050229    0.001691    0.334212 ^ _726_/CLK (sky130_fd_sc_hd__dfxtp_1)
                                  0.250000    0.584212   clock uncertainty
                                  0.000000    0.584212   clock reconvergence pessimism
                                 -0.016980    0.567232   library hold time
                                              0.567232   data required time
---------------------------------------------------------------------------------------------
                                              0.567232   data required time
                                             -0.702505   data arrival time
---------------------------------------------------------------------------------------------
                                              0.135273   slack (MET)


Startpoint: _721_ (rising edge-triggered flip-flop clocked by wb_clk_i)
Endpoint: _721_ (rising edge-triggered flip-flop clocked by wb_clk_i)
Path Group: wb_clk_i
Path Type: min

Fanout         Cap        Slew       Delay        Time   Description
---------------------------------------------------------------------------------------------
                                  0.000000    0.000000   clock wb_clk_i (rise edge)
                                  0.000000    0.000000   clock source latency
     2    0.024579    0.087030    0.060746    0.060746 ^ wb_clk_i (in)
                                                         wb_clk_i (net)
                      0.087170    0.000000    0.060746 ^ clkbuf_0_wb_clk_i/A (sky130_fd_sc_hd__clkbuf_16)
    17    0.111708    0.098028    0.149081    0.209827 ^ clkbuf_0_wb_clk_i/X (sky130_fd_sc_hd__clkbuf_16)
                                                         clknet_0_wb_clk_i (net)
                      0.098361    0.004638    0.214465 ^ clkbuf_3_2__f_wb_clk_i/A (sky130_fd_sc_hd__clkbuf_16)
    14    0.046331    0.050086    0.118056    0.332521 ^ clkbuf_3_2__f_wb_clk_i/X (sky130_fd_sc_hd__clkbuf_16)
                                                         clknet_3_2__leaf_wb_clk_i (net)
                      0.050380    0.002750    0.335271 ^ _721_/CLK (sky130_fd_sc_hd__dfxtp_1)
     6    0.017686    0.062382    0.228934    0.564206 v _721_/Q (sky130_fd_sc_hd__dfxtp_1)
                                                         group_timeout_count[2] (net)
                      0.062394    0.000819    0.565024 v _506_/A (sky130_fd_sc_hd__nand3_1)
     1    0.002925    0.039658    0.056302    0.621326 ^ _506_/Y (sky130_fd_sc_hd__nand3_1)
                                                         _254_ (net)
                      0.039658    0.000187    0.621513 ^ _508_/B (sky130_fd_sc_hd__and3_1)
     1    0.002176    0.030223    0.082793    0.704307 ^ _508_/X (sky130_fd_sc_hd__and3_1)
                                                         _093_ (net)
                      0.030223    0.000150    0.704456 ^ _721_/D (sky130_fd_sc_hd__dfxtp_1)
                                              0.704456   data arrival time

                                  0.000000    0.000000   clock wb_clk_i (rise edge)
                                  0.000000    0.000000   clock source latency
     2    0.024579    0.087030    0.060746    0.060746 ^ wb_clk_i (in)
                                                         wb_clk_i (net)
                      0.087170    0.000000    0.060746 ^ clkbuf_0_wb_clk_i/A (sky130_fd_sc_hd__clkbuf_16)
    17    0.111708    0.098028    0.149081    0.209827 ^ clkbuf_0_wb_clk_i/X (sky130_fd_sc_hd__clkbuf_16)
                                                         clknet_0_wb_clk_i (net)
                      0.098361    0.004638    0.214465 ^ clkbuf_3_2__f_wb_clk_i/A (sky130_fd_sc_hd__clkbuf_16)
    14    0.046331    0.050086    0.118056    0.332521 ^ clkbuf_3_2__f_wb_clk_i/X (sky130_fd_sc_hd__clkbuf_16)
                                                         clknet_3_2__leaf_wb_clk_i (net)
                      0.050380    0.002750    0.335271 ^ _721_/CLK (sky130_fd_sc_hd__dfxtp_1)
                                  0.250000    0.585271   clock uncertainty
                                  0.000000    0.585271   clock reconvergence pessimism
                                 -0.016783    0.568489   library hold time
                                              0.568489   data required time
---------------------------------------------------------------------------------------------
                                              0.568489   data required time
                                             -0.704456   data arrival time
---------------------------------------------------------------------------------------------
                                              0.135968   slack (MET)


Startpoint: _720_ (rising edge-triggered flip-flop clocked by wb_clk_i)
Endpoint: _688_ (rising edge-triggered flip-flop clocked by wb_clk_i)
Path Group: wb_clk_i
Path Type: min

Fanout         Cap        Slew       Delay        Time   Description
---------------------------------------------------------------------------------------------
                                  0.000000    0.000000   clock wb_clk_i (rise edge)
                                  0.000000    0.000000   clock source latency
     2    0.024579    0.087030    0.060746    0.060746 ^ wb_clk_i (in)
                                                         wb_clk_i (net)
                      0.087170    0.000000    0.060746 ^ clkbuf_0_wb_clk_i/A (sky130_fd_sc_hd__clkbuf_16)
    17    0.111708    0.098028    0.149081    0.209827 ^ clkbuf_0_wb_clk_i/X (sky130_fd_sc_hd__clkbuf_16)
                                                         clknet_0_wb_clk_i (net)
                      0.098586    0.005951    0.215778 ^ clkbuf_3_0__f_wb_clk_i/A (sky130_fd_sc_hd__clkbuf_16)
    13    0.043628    0.048139    0.116392    0.332170 ^ clkbuf_3_0__f_wb_clk_i/X (sky130_fd_sc_hd__clkbuf_16)
                                                         clknet_3_0__leaf_wb_clk_i (net)
                      0.048278    0.001874    0.334044 ^ _720_/CLK (sky130_fd_sc_hd__dfxtp_1)
     7    0.023565    0.080247    0.242318    0.576363 v _720_/Q (sky130_fd_sc_hd__dfxtp_1)
                                                         group_timeout_count[1] (net)
                      0.080258    0.000942    0.577305 v _414_/A (sky130_fd_sc_hd__and3_1)
     1    0.005025    0.030366    0.114002    0.691306 v _414_/X (sky130_fd_sc_hd__and3_1)
                                                         _014_ (net)
                      0.030367    0.000235    0.691542 v _688_/D (sky130_fd_sc_hd__dfrtp_1)
                                              0.691542   data arrival time

                                  0.000000    0.000000   clock wb_clk_i (rise edge)
                                  0.000000    0.000000   clock source latency
     2    0.024579    0.087030    0.060746    0.060746 ^ wb_clk_i (in)
                                                         wb_clk_i (net)
                      0.087170    0.000000    0.060746 ^ clkbuf_0_wb_clk_i/A (sky130_fd_sc_hd__clkbuf_16)
    17    0.111708    0.098028    0.149081    0.209827 ^ clkbuf_0_wb_clk_i/X (sky130_fd_sc_hd__clkbuf_16)
                                                         clknet_0_wb_clk_i (net)
                      0.098586    0.005951    0.215778 ^ clkbuf_3_0__f_wb_clk_i/A (sky130_fd_sc_hd__clkbuf_16)
    13    0.043628    0.048139    0.116392    0.332170 ^ clkbuf_3_0__f_wb_clk_i/X (sky130_fd_sc_hd__clkbuf_16)
                                                         clknet_3_0__leaf_wb_clk_i (net)
                      0.048562    0.003485    0.335655 ^ _688_/CLK (sky130_fd_sc_hd__dfrtp_1)
                                  0.250000    0.585655   clock uncertainty
                                  0.000000    0.585655   clock reconvergence pessimism
                                 -0.030124    0.555531   library hold time
                                              0.555531   data required time
---------------------------------------------------------------------------------------------
                                              0.555531   data required time
                                             -0.691542   data arrival time
---------------------------------------------------------------------------------------------
                                              0.136011   slack (MET)


Startpoint: _760_ (rising edge-triggered flip-flop clocked by wb_clk_i)
Endpoint: _754_ (rising edge-triggered flip-flop clocked by wb_clk_i)
Path Group: wb_clk_i
Path Type: min

Fanout         Cap        Slew       Delay        Time   Description
---------------------------------------------------------------------------------------------
                                  0.000000    0.000000   clock wb_clk_i (rise edge)
                                  0.000000    0.000000   clock source latency
     2    0.024579    0.087030    0.060746    0.060746 ^ wb_clk_i (in)
                                                         wb_clk_i (net)
                      0.087170    0.000000    0.060746 ^ clkbuf_0_wb_clk_i/A (sky130_fd_sc_hd__clkbuf_16)
    17    0.111708    0.098028    0.149081    0.209827 ^ clkbuf_0_wb_clk_i/X (sky130_fd_sc_hd__clkbuf_16)
                                                         clknet_0_wb_clk_i (net)
                      0.098443    0.005161    0.214988 ^ clkbuf_3_7__f_wb_clk_i/A (sky130_fd_sc_hd__clkbuf_16)
    13    0.043379    0.047916    0.116045    0.331032 ^ clkbuf_3_7__f_wb_clk_i/X (sky130_fd_sc_hd__clkbuf_16)
                                                         clknet_3_7__leaf_wb_clk_i (net)
                      0.048524    0.004201    0.335233 ^ _760_/CLK (sky130_fd_sc_hd__dfxtp_1)
     4    0.015860    0.056690    0.223906    0.559139 v _760_/Q (sky130_fd_sc_hd__dfxtp_1)
                                                         global_timeout_count[15] (net)
                      0.056710    0.001009    0.560148 v _582_/A (sky130_fd_sc_hd__nand2_2)
     5    0.021798    0.089752    0.092627    0.652775 ^ _582_/Y (sky130_fd_sc_hd__nand2_2)
                                                         _306_ (net)
                      0.089777    0.001216    0.653991 ^ _607_/A1 (sky130_fd_sc_hd__a21oi_1)
     1    0.002431    0.024010    0.038424    0.692415 v _607_/Y (sky130_fd_sc_hd__a21oi_1)
                                                         _126_ (net)
                      0.024010    0.000164    0.692578 v _754_/D (sky130_fd_sc_hd__dfxtp_1)
                                              0.692578   data arrival time

                                  0.000000    0.000000   clock wb_clk_i (rise edge)
                                  0.000000    0.000000   clock source latency
     2    0.024579    0.087030    0.060746    0.060746 ^ wb_clk_i (in)
                                                         wb_clk_i (net)
                      0.087170    0.000000    0.060746 ^ clkbuf_0_wb_clk_i/A (sky130_fd_sc_hd__clkbuf_16)
    17    0.111708    0.098028    0.149081    0.209827 ^ clkbuf_0_wb_clk_i/X (sky130_fd_sc_hd__clkbuf_16)
                                                         clknet_0_wb_clk_i (net)
                      0.098783    0.006892    0.216719 ^ clkbuf_3_5__f_wb_clk_i/A (sky130_fd_sc_hd__clkbuf_16)
    14    0.046268    0.050010    0.117714    0.334433 ^ clkbuf_3_5__f_wb_clk_i/X (sky130_fd_sc_hd__clkbuf_16)
                                                         clknet_3_5__leaf_wb_clk_i (net)
                      0.050362    0.003182    0.337615 ^ _754_/CLK (sky130_fd_sc_hd__dfxtp_1)
                                  0.250000    0.587615   clock uncertainty
                                  0.000000    0.587615   clock reconvergence pessimism
                                 -0.035411    0.552204   library hold time
                                              0.552204   data required time
---------------------------------------------------------------------------------------------
                                              0.552204   data required time
                                             -0.692578   data arrival time
---------------------------------------------------------------------------------------------
                                              0.140375   slack (MET)


Startpoint: _760_ (rising edge-triggered flip-flop clocked by wb_clk_i)
Endpoint: _758_ (rising edge-triggered flip-flop clocked by wb_clk_i)
Path Group: wb_clk_i
Path Type: min

Fanout         Cap        Slew       Delay        Time   Description
---------------------------------------------------------------------------------------------
                                  0.000000    0.000000   clock wb_clk_i (rise edge)
                                  0.000000    0.000000   clock source latency
     2    0.024579    0.087030    0.060746    0.060746 ^ wb_clk_i (in)
                                                         wb_clk_i (net)
                      0.087170    0.000000    0.060746 ^ clkbuf_0_wb_clk_i/A (sky130_fd_sc_hd__clkbuf_16)
    17    0.111708    0.098028    0.149081    0.209827 ^ clkbuf_0_wb_clk_i/X (sky130_fd_sc_hd__clkbuf_16)
                                                         clknet_0_wb_clk_i (net)
                      0.098443    0.005161    0.214988 ^ clkbuf_3_7__f_wb_clk_i/A (sky130_fd_sc_hd__clkbuf_16)
    13    0.043379    0.047916    0.116045    0.331032 ^ clkbuf_3_7__f_wb_clk_i/X (sky130_fd_sc_hd__clkbuf_16)
                                                         clknet_3_7__leaf_wb_clk_i (net)
                      0.048524    0.004201    0.335233 ^ _760_/CLK (sky130_fd_sc_hd__dfxtp_1)
     4    0.015860    0.056690    0.223906    0.559139 v _760_/Q (sky130_fd_sc_hd__dfxtp_1)
                                                         global_timeout_count[15] (net)
                      0.056710    0.001009    0.560148 v _582_/A (sky130_fd_sc_hd__nand2_2)
     5    0.021798    0.089752    0.092627    0.652775 ^ _582_/Y (sky130_fd_sc_hd__nand2_2)
                                                         _306_ (net)
                      0.089761    0.000717    0.653492 ^ _617_/A1 (sky130_fd_sc_hd__a21oi_1)
     1    0.002256    0.023319    0.037532    0.691024 v _617_/Y (sky130_fd_sc_hd__a21oi_1)
                                                         _130_ (net)
                      0.023320    0.000161    0.691186 v _758_/D (sky130_fd_sc_hd__dfxtp_1)
                                              0.691186   data arrival time

                                  0.000000    0.000000   clock wb_clk_i (rise edge)
                                  0.000000    0.000000   clock source latency
     2    0.024579    0.087030    0.060746    0.060746 ^ wb_clk_i (in)
                                                         wb_clk_i (net)
                      0.087170    0.000000    0.060746 ^ clkbuf_0_wb_clk_i/A (sky130_fd_sc_hd__clkbuf_16)
    17    0.111708    0.098028    0.149081    0.209827 ^ clkbuf_0_wb_clk_i/X (sky130_fd_sc_hd__clkbuf_16)
                                                         clknet_0_wb_clk_i (net)
                      0.098443    0.005161    0.214988 ^ clkbuf_3_7__f_wb_clk_i/A (sky130_fd_sc_hd__clkbuf_16)
    13    0.043379    0.047916    0.116045    0.331032 ^ clkbuf_3_7__f_wb_clk_i/X (sky130_fd_sc_hd__clkbuf_16)
                                                         clknet_3_7__leaf_wb_clk_i (net)
                      0.048510    0.004142    0.335175 ^ _758_/CLK (sky130_fd_sc_hd__dfxtp_1)
                                  0.250000    0.585175   clock uncertainty
                                  0.000000    0.585175   clock reconvergence pessimism
                                 -0.035359    0.549816   library hold time
                                              0.549816   data required time
---------------------------------------------------------------------------------------------
                                              0.549816   data required time
                                             -0.691186   data arrival time
---------------------------------------------------------------------------------------------
                                              0.141370   slack (MET)


Startpoint: _719_ (rising edge-triggered flip-flop clocked by wb_clk_i)
Endpoint: _719_ (rising edge-triggered flip-flop clocked by wb_clk_i)
Path Group: wb_clk_i
Path Type: min

Fanout         Cap        Slew       Delay        Time   Description
---------------------------------------------------------------------------------------------
                                  0.000000    0.000000   clock wb_clk_i (rise edge)
                                  0.000000    0.000000   clock source latency
     2    0.024579    0.087030    0.060746    0.060746 ^ wb_clk_i (in)
                                                         wb_clk_i (net)
                      0.087170    0.000000    0.060746 ^ clkbuf_0_wb_clk_i/A (sky130_fd_sc_hd__clkbuf_16)
    17    0.111708    0.098028    0.149081    0.209827 ^ clkbuf_0_wb_clk_i/X (sky130_fd_sc_hd__clkbuf_16)
                                                         clknet_0_wb_clk_i (net)
                      0.098361    0.004638    0.214465 ^ clkbuf_3_2__f_wb_clk_i/A (sky130_fd_sc_hd__clkbuf_16)
    14    0.046331    0.050086    0.118056    0.332521 ^ clkbuf_3_2__f_wb_clk_i/X (sky130_fd_sc_hd__clkbuf_16)
                                                         clknet_3_2__leaf_wb_clk_i (net)
                      0.050344    0.002526    0.335047 ^ _719_/CLK (sky130_fd_sc_hd__dfxtp_1)
     8    0.023618    0.080230    0.242435    0.577482 v _719_/Q (sky130_fd_sc_hd__dfxtp_1)
                                                         group_timeout_count[0] (net)
                      0.080261    0.001483    0.578966 v _502_/A_N (sky130_fd_sc_hd__and2b_1)
     1    0.002118    0.025592    0.131121    0.710087 ^ _502_/X (sky130_fd_sc_hd__and2b_1)
                                                         _091_ (net)
                      0.025592    0.000097    0.710184 ^ _719_/D (sky130_fd_sc_hd__dfxtp_1)
                                              0.710184   data arrival time

                                  0.000000    0.000000   clock wb_clk_i (rise edge)
                                  0.000000    0.000000   clock source latency
     2    0.024579    0.087030    0.060746    0.060746 ^ wb_clk_i (in)
                                                         wb_clk_i (net)
                      0.087170    0.000000    0.060746 ^ clkbuf_0_wb_clk_i/A (sky130_fd_sc_hd__clkbuf_16)
    17    0.111708    0.098028    0.149081    0.209827 ^ clkbuf_0_wb_clk_i/X (sky130_fd_sc_hd__clkbuf_16)
                                                         clknet_0_wb_clk_i (net)
                      0.098361    0.004638    0.214465 ^ clkbuf_3_2__f_wb_clk_i/A (sky130_fd_sc_hd__clkbuf_16)
    14    0.046331    0.050086    0.118056    0.332521 ^ clkbuf_3_2__f_wb_clk_i/X (sky130_fd_sc_hd__clkbuf_16)
                                                         clknet_3_2__leaf_wb_clk_i (net)
                      0.050344    0.002526    0.335047 ^ _719_/CLK (sky130_fd_sc_hd__dfxtp_1)
                                  0.250000    0.585047   clock uncertainty
                                  0.000000    0.585047   clock reconvergence pessimism
                                 -0.016457    0.568590   library hold time
                                              0.568590   data required time
---------------------------------------------------------------------------------------------
                                              0.568590   data required time
                                             -0.710184   data arrival time
---------------------------------------------------------------------------------------------
                                              0.141593   slack (MET)


Startpoint: _742_ (rising edge-triggered flip-flop clocked by wb_clk_i)
Endpoint: _737_ (rising edge-triggered flip-flop clocked by wb_clk_i)
Path Group: wb_clk_i
Path Type: min

Fanout         Cap        Slew       Delay        Time   Description
---------------------------------------------------------------------------------------------
                                  0.000000    0.000000   clock wb_clk_i (rise edge)
                                  0.000000    0.000000   clock source latency
     2    0.024579    0.087030    0.060746    0.060746 ^ wb_clk_i (in)
                                                         wb_clk_i (net)
                      0.087170    0.000000    0.060746 ^ clkbuf_0_wb_clk_i/A (sky130_fd_sc_hd__clkbuf_16)
    17    0.111708    0.098028    0.149081    0.209827 ^ clkbuf_0_wb_clk_i/X (sky130_fd_sc_hd__clkbuf_16)
                                                         clknet_0_wb_clk_i (net)
                      0.098336    0.004468    0.214295 ^ clkbuf_3_6__f_wb_clk_i/A (sky130_fd_sc_hd__clkbuf_16)
    10    0.045967    0.049824    0.117870    0.332165 ^ clkbuf_3_6__f_wb_clk_i/X (sky130_fd_sc_hd__clkbuf_16)
                                                         clknet_3_6__leaf_wb_clk_i (net)
                      0.050057    0.002349    0.334514 ^ _742_/CLK (sky130_fd_sc_hd__dfxtp_1)
     8    0.027866    0.093041    0.251809    0.586323 v _742_/Q (sky130_fd_sc_hd__dfxtp_1)
                                                         u_system.u_global.state[1] (net)
                      0.093170    0.003064    0.589388 v _549_/A (sky130_fd_sc_hd__and2_1)
     1    0.002008    0.021937    0.104087    0.693475 v _549_/X (sky130_fd_sc_hd__and2_1)
                                                         _109_ (net)
                      0.021937    0.000092    0.693567 v _737_/D (sky130_fd_sc_hd__dfxtp_1)
                                              0.693567   data arrival time

                                  0.000000    0.000000   clock wb_clk_i (rise edge)
                                  0.000000    0.000000   clock source latency
     2    0.024579    0.087030    0.060746    0.060746 ^ wb_clk_i (in)
                                                         wb_clk_i (net)
                      0.087170    0.000000    0.060746 ^ clkbuf_0_wb_clk_i/A (sky130_fd_sc_hd__clkbuf_16)
    17    0.111708    0.098028    0.149081    0.209827 ^ clkbuf_0_wb_clk_i/X (sky130_fd_sc_hd__clkbuf_16)
                                                         clknet_0_wb_clk_i (net)
                      0.098336    0.004468    0.214295 ^ clkbuf_3_6__f_wb_clk_i/A (sky130_fd_sc_hd__clkbuf_16)
    10    0.045967    0.049824    0.117870    0.332165 ^ clkbuf_3_6__f_wb_clk_i/X (sky130_fd_sc_hd__clkbuf_16)
                                                         clknet_3_6__leaf_wb_clk_i (net)
                      0.050122    0.002763    0.334928 ^ _737_/CLK (sky130_fd_sc_hd__dfxtp_1)
                                  0.250000    0.584928   clock uncertainty
                                  0.000000    0.584928   clock reconvergence pessimism
                                 -0.034730    0.550198   library hold time
                                              0.550198   data required time
---------------------------------------------------------------------------------------------
                                              0.550198   data required time
                                             -0.693567   data arrival time
---------------------------------------------------------------------------------------------
                                              0.143369   slack (MET)


Startpoint: _764_ (rising edge-triggered flip-flop clocked by wb_clk_i)
Endpoint: _764_ (rising edge-triggered flip-flop clocked by wb_clk_i)
Path Group: wb_clk_i
Path Type: min

Fanout         Cap        Slew       Delay        Time   Description
---------------------------------------------------------------------------------------------
                                  0.000000    0.000000   clock wb_clk_i (rise edge)
                                  0.000000    0.000000   clock source latency
     2    0.024579    0.087030    0.060746    0.060746 ^ wb_clk_i (in)
                                                         wb_clk_i (net)
                      0.087170    0.000000    0.060746 ^ clkbuf_0_wb_clk_i/A (sky130_fd_sc_hd__clkbuf_16)
    17    0.111708    0.098028    0.149081    0.209827 ^ clkbuf_0_wb_clk_i/X (sky130_fd_sc_hd__clkbuf_16)
                                                         clknet_0_wb_clk_i (net)
                      0.098487    0.005415    0.215242 ^ clkbuf_3_1__f_wb_clk_i/A (sky130_fd_sc_hd__clkbuf_16)
    15    0.046245    0.050051    0.118227    0.333469 ^ clkbuf_3_1__f_wb_clk_i/X (sky130_fd_sc_hd__clkbuf_16)
                                                         clknet_3_1__leaf_wb_clk_i (net)
                      0.050191    0.001709    0.335179 ^ _764_/CLK (sky130_fd_sc_hd__dfxtp_1)
     5    0.024039    0.172782    0.290928    0.626107 ^ _764_/Q (sky130_fd_sc_hd__dfxtp_1)
                                                         sticky_tamper_core (net)
                      0.172786    0.001118    0.627225 ^ _628_/A1 (sky130_fd_sc_hd__o21a_1)
     1    0.002193    0.024546    0.085008    0.712233 ^ _628_/X (sky130_fd_sc_hd__o21a_1)
                                                         _136_ (net)
                      0.024546    0.000152    0.712384 ^ _764_/D (sky130_fd_sc_hd__dfxtp_1)
                                              0.712384   data arrival time

                                  0.000000    0.000000   clock wb_clk_i (rise edge)
                                  0.000000    0.000000   clock source latency
     2    0.024579    0.087030    0.060746    0.060746 ^ wb_clk_i (in)
                                                         wb_clk_i (net)
                      0.087170    0.000000    0.060746 ^ clkbuf_0_wb_clk_i/A (sky130_fd_sc_hd__clkbuf_16)
    17    0.111708    0.098028    0.149081    0.209827 ^ clkbuf_0_wb_clk_i/X (sky130_fd_sc_hd__clkbuf_16)
                                                         clknet_0_wb_clk_i (net)
                      0.098487    0.005415    0.215242 ^ clkbuf_3_1__f_wb_clk_i/A (sky130_fd_sc_hd__clkbuf_16)
    15    0.046245    0.050051    0.118227    0.333469 ^ clkbuf_3_1__f_wb_clk_i/X (sky130_fd_sc_hd__clkbuf_16)
                                                         clknet_3_1__leaf_wb_clk_i (net)
                      0.050191    0.001709    0.335179 ^ _764_/CLK (sky130_fd_sc_hd__dfxtp_1)
                                  0.250000    0.585179   clock uncertainty
                                  0.000000    0.585179   clock reconvergence pessimism
                                 -0.016387    0.568792   library hold time
                                              0.568792   data required time
---------------------------------------------------------------------------------------------
                                              0.568792   data required time
                                             -0.712384   data arrival time
---------------------------------------------------------------------------------------------
                                              0.143592   slack (MET)


Startpoint: _729_ (rising edge-triggered flip-flop clocked by wb_clk_i)
Endpoint: _697_ (rising edge-triggered flip-flop clocked by wb_clk_i)
Path Group: wb_clk_i
Path Type: min

Fanout         Cap        Slew       Delay        Time   Description
---------------------------------------------------------------------------------------------
                                  0.000000    0.000000   clock wb_clk_i (rise edge)
                                  0.000000    0.000000   clock source latency
     2    0.024579    0.087030    0.060746    0.060746 ^ wb_clk_i (in)
                                                         wb_clk_i (net)
                      0.087170    0.000000    0.060746 ^ clkbuf_0_wb_clk_i/A (sky130_fd_sc_hd__clkbuf_16)
    17    0.111708    0.098028    0.149081    0.209827 ^ clkbuf_0_wb_clk_i/X (sky130_fd_sc_hd__clkbuf_16)
                                                         clknet_0_wb_clk_i (net)
                      0.098361    0.004638    0.214465 ^ clkbuf_3_2__f_wb_clk_i/A (sky130_fd_sc_hd__clkbuf_16)
    14    0.046331    0.050086    0.118056    0.332521 ^ clkbuf_3_2__f_wb_clk_i/X (sky130_fd_sc_hd__clkbuf_16)
                                                         clknet_3_2__leaf_wb_clk_i (net)
                      0.050389    0.002804    0.335325 ^ _729_/CLK (sky130_fd_sc_hd__dfxtp_1)
     7    0.025542    0.086170    0.246387    0.581712 v _729_/Q (sky130_fd_sc_hd__dfxtp_1)
                                                         group_timeout_count[10] (net)
                      0.086238    0.002193    0.583905 v _423_/A (sky130_fd_sc_hd__and3_1)
     1    0.004749    0.029648    0.115467    0.699372 v _423_/X (sky130_fd_sc_hd__and3_1)
                                                         _024_ (net)
                      0.029653    0.000348    0.699720 v _697_/D (sky130_fd_sc_hd__dfrtp_1)
                                              0.699720   data arrival time

                                  0.000000    0.000000   clock wb_clk_i (rise edge)
                                  0.000000    0.000000   clock source latency
     2    0.024579    0.087030    0.060746    0.060746 ^ wb_clk_i (in)
                                                         wb_clk_i (net)
                      0.087170    0.000000    0.060746 ^ clkbuf_0_wb_clk_i/A (sky130_fd_sc_hd__clkbuf_16)
    17    0.111708    0.098028    0.149081    0.209827 ^ clkbuf_0_wb_clk_i/X (sky130_fd_sc_hd__clkbuf_16)
                                                         clknet_0_wb_clk_i (net)
                      0.098487    0.005415    0.215242 ^ clkbuf_3_1__f_wb_clk_i/A (sky130_fd_sc_hd__clkbuf_16)
    15    0.046245    0.050051    0.118227    0.333469 ^ clkbuf_3_1__f_wb_clk_i/X (sky130_fd_sc_hd__clkbuf_16)
                                                         clknet_3_1__leaf_wb_clk_i (net)
                      0.050231    0.002042    0.335511 ^ _697_/CLK (sky130_fd_sc_hd__dfrtp_1)
                                  0.250000    0.585511   clock uncertainty
                                  0.000000    0.585511   clock reconvergence pessimism
                                 -0.029727    0.555783   library hold time
                                              0.555783   data required time
---------------------------------------------------------------------------------------------
                                              0.555783   data required time
                                             -0.699720   data arrival time
---------------------------------------------------------------------------------------------
                                              0.143937   slack (MET)


Startpoint: _744_ (rising edge-triggered flip-flop clocked by wb_clk_i)
Endpoint: _739_ (rising edge-triggered flip-flop clocked by wb_clk_i)
Path Group: wb_clk_i
Path Type: min

Fanout         Cap        Slew       Delay        Time   Description
---------------------------------------------------------------------------------------------
                                  0.000000    0.000000   clock wb_clk_i (rise edge)
                                  0.000000    0.000000   clock source latency
     2    0.024579    0.087030    0.060746    0.060746 ^ wb_clk_i (in)
                                                         wb_clk_i (net)
                      0.087170    0.000000    0.060746 ^ clkbuf_0_wb_clk_i/A (sky130_fd_sc_hd__clkbuf_16)
    17    0.111708    0.098028    0.149081    0.209827 ^ clkbuf_0_wb_clk_i/X (sky130_fd_sc_hd__clkbuf_16)
                                                         clknet_0_wb_clk_i (net)
                      0.098293    0.004156    0.213983 ^ clkbuf_3_3__f_wb_clk_i/A (sky130_fd_sc_hd__clkbuf_16)
    11    0.046056    0.049910    0.118022    0.332006 ^ clkbuf_3_3__f_wb_clk_i/X (sky130_fd_sc_hd__clkbuf_16)
                                                         clknet_3_3__leaf_wb_clk_i (net)
                      0.050098    0.002088    0.334094 ^ _744_/CLK (sky130_fd_sc_hd__dfxtp_1)
     7    0.028437    0.094358    0.253454    0.587548 v _744_/Q (sky130_fd_sc_hd__dfxtp_1)
                                                         u_system.u_global.state[3] (net)
                      0.094380    0.001392    0.588941 v _551_/A (sky130_fd_sc_hd__and2_1)
     1    0.002105    0.022212    0.104965    0.693905 v _551_/X (sky130_fd_sc_hd__and2_1)
                                                         _111_ (net)
                      0.022212    0.000098    0.694003 v _739_/D (sky130_fd_sc_hd__dfxtp_1)
                                              0.694003   data arrival time

                                  0.000000    0.000000   clock wb_clk_i (rise edge)
                                  0.000000    0.000000   clock source latency
     2    0.024579    0.087030    0.060746    0.060746 ^ wb_clk_i (in)
                                                         wb_clk_i (net)
                      0.087170    0.000000    0.060746 ^ clkbuf_0_wb_clk_i/A (sky130_fd_sc_hd__clkbuf_16)
    17    0.111708    0.098028    0.149081    0.209827 ^ clkbuf_0_wb_clk_i/X (sky130_fd_sc_hd__clkbuf_16)
                                                         clknet_0_wb_clk_i (net)
                      0.098293    0.004156    0.213983 ^ clkbuf_3_3__f_wb_clk_i/A (sky130_fd_sc_hd__clkbuf_16)
    11    0.046056    0.049910    0.118022    0.332006 ^ clkbuf_3_3__f_wb_clk_i/X (sky130_fd_sc_hd__clkbuf_16)
                                                         clknet_3_3__leaf_wb_clk_i (net)
                      0.050122    0.002270    0.334275 ^ _739_/CLK (sky130_fd_sc_hd__dfxtp_1)
                                  0.250000    0.584275   clock uncertainty
                                  0.000000    0.584275   clock reconvergence pessimism
                                 -0.034824    0.549451   library hold time
                                              0.549451   data required time
---------------------------------------------------------------------------------------------
                                              0.549451   data required time
                                             -0.694003   data arrival time
---------------------------------------------------------------------------------------------
                                              0.144552   slack (MET)


Startpoint: _760_ (rising edge-triggered flip-flop clocked by wb_clk_i)
Endpoint: _756_ (rising edge-triggered flip-flop clocked by wb_clk_i)
Path Group: wb_clk_i
Path Type: min

Fanout         Cap        Slew       Delay        Time   Description
---------------------------------------------------------------------------------------------
                                  0.000000    0.000000   clock wb_clk_i (rise edge)
                                  0.000000    0.000000   clock source latency
     2    0.024579    0.087030    0.060746    0.060746 ^ wb_clk_i (in)
                                                         wb_clk_i (net)
                      0.087170    0.000000    0.060746 ^ clkbuf_0_wb_clk_i/A (sky130_fd_sc_hd__clkbuf_16)
    17    0.111708    0.098028    0.149081    0.209827 ^ clkbuf_0_wb_clk_i/X (sky130_fd_sc_hd__clkbuf_16)
                                                         clknet_0_wb_clk_i (net)
                      0.098443    0.005161    0.214988 ^ clkbuf_3_7__f_wb_clk_i/A (sky130_fd_sc_hd__clkbuf_16)
    13    0.043379    0.047916    0.116045    0.331032 ^ clkbuf_3_7__f_wb_clk_i/X (sky130_fd_sc_hd__clkbuf_16)
                                                         clknet_3_7__leaf_wb_clk_i (net)
                      0.048524    0.004201    0.335233 ^ _760_/CLK (sky130_fd_sc_hd__dfxtp_1)
     4    0.015860    0.056690    0.223906    0.559139 v _760_/Q (sky130_fd_sc_hd__dfxtp_1)
                                                         global_timeout_count[15] (net)
                      0.056710    0.001009    0.560148 v _582_/A (sky130_fd_sc_hd__nand2_2)
     5    0.021798    0.089752    0.092627    0.652775 ^ _582_/Y (sky130_fd_sc_hd__nand2_2)
                                                         _306_ (net)
                      0.089770    0.001035    0.653810 ^ _612_/A1 (sky130_fd_sc_hd__a21oi_1)
     1    0.002263    0.027767    0.037583    0.691393 v _612_/Y (sky130_fd_sc_hd__a21oi_1)
                                                         _128_ (net)
                      0.027767    0.000103    0.691496 v _756_/D (sky130_fd_sc_hd__dfxtp_1)
                                              0.691496   data arrival time

                                  0.000000    0.000000   clock wb_clk_i (rise edge)
                                  0.000000    0.000000   clock source latency
     2    0.024579    0.087030    0.060746    0.060746 ^ wb_clk_i (in)
                                                         wb_clk_i (net)
                      0.087170    0.000000    0.060746 ^ clkbuf_0_wb_clk_i/A (sky130_fd_sc_hd__clkbuf_16)
    17    0.111708    0.098028    0.149081    0.209827 ^ clkbuf_0_wb_clk_i/X (sky130_fd_sc_hd__clkbuf_16)
                                                         clknet_0_wb_clk_i (net)
                      0.098443    0.005161    0.214988 ^ clkbuf_3_7__f_wb_clk_i/A (sky130_fd_sc_hd__clkbuf_16)
    13    0.043379    0.047916    0.116045    0.331032 ^ clkbuf_3_7__f_wb_clk_i/X (sky130_fd_sc_hd__clkbuf_16)
                                                         clknet_3_7__leaf_wb_clk_i (net)
                      0.048177    0.002591    0.333623 ^ _756_/CLK (sky130_fd_sc_hd__dfxtp_1)
                                  0.250000    0.583623   clock uncertainty
                                  0.000000    0.583623   clock reconvergence pessimism
                                 -0.036903    0.546720   library hold time
                                              0.546720   data required time
---------------------------------------------------------------------------------------------
                                              0.546720   data required time
                                             -0.691496   data arrival time
---------------------------------------------------------------------------------------------
                                              0.144776   slack (MET)


Startpoint: _732_ (rising edge-triggered flip-flop clocked by wb_clk_i)
Endpoint: _732_ (rising edge-triggered flip-flop clocked by wb_clk_i)
Path Group: wb_clk_i
Path Type: min

Fanout         Cap        Slew       Delay        Time   Description
---------------------------------------------------------------------------------------------
                                  0.000000    0.000000   clock wb_clk_i (rise edge)
                                  0.000000    0.000000   clock source latency
     2    0.024579    0.087030    0.060746    0.060746 ^ wb_clk_i (in)
                                                         wb_clk_i (net)
                      0.087170    0.000000    0.060746 ^ clkbuf_0_wb_clk_i/A (sky130_fd_sc_hd__clkbuf_16)
    17    0.111708    0.098028    0.149081    0.209827 ^ clkbuf_0_wb_clk_i/X (sky130_fd_sc_hd__clkbuf_16)
                                                         clknet_0_wb_clk_i (net)
                      0.098586    0.005951    0.215778 ^ clkbuf_3_0__f_wb_clk_i/A (sky130_fd_sc_hd__clkbuf_16)
    13    0.043628    0.048139    0.116392    0.332170 ^ clkbuf_3_0__f_wb_clk_i/X (sky130_fd_sc_hd__clkbuf_16)
                                                         clknet_3_0__leaf_wb_clk_i (net)
                      0.048489    0.003127    0.335297 ^ _732_/CLK (sky130_fd_sc_hd__dfxtp_1)
     4    0.009055    0.070586    0.219578    0.554875 ^ _732_/Q (sky130_fd_sc_hd__dfxtp_1)
                                                         group_timeout_count[13] (net)
                      0.070589    0.000518    0.555394 ^ _540_/A (sky130_fd_sc_hd__or2_1)
     1    0.003344    0.032714    0.071164    0.626558 ^ _540_/X (sky130_fd_sc_hd__or2_1)
                                                         _277_ (net)
                      0.032715    0.000218    0.626776 ^ _541_/B (sky130_fd_sc_hd__and3b_1)
     1    0.002929    0.035164    0.087072    0.713848 ^ _541_/X (sky130_fd_sc_hd__and3b_1)
                                                         _104_ (net)
                      0.035165    0.000198    0.714046 ^ _732_/D (sky130_fd_sc_hd__dfxtp_1)
                                              0.714046   data arrival time

                                  0.000000    0.000000   clock wb_clk_i (rise edge)
                                  0.000000    0.000000   clock source latency
     2    0.024579    0.087030    0.060746    0.060746 ^ wb_clk_i (in)
                                                         wb_clk_i (net)
                      0.087170    0.000000    0.060746 ^ clkbuf_0_wb_clk_i/A (sky130_fd_sc_hd__clkbuf_16)
    17    0.111708    0.098028    0.149081    0.209827 ^ clkbuf_0_wb_clk_i/X (sky130_fd_sc_hd__clkbuf_16)
                                                         clknet_0_wb_clk_i (net)
                      0.098586    0.005951    0.215778 ^ clkbuf_3_0__f_wb_clk_i/A (sky130_fd_sc_hd__clkbuf_16)
    13    0.043628    0.048139    0.116392    0.332170 ^ clkbuf_3_0__f_wb_clk_i/X (sky130_fd_sc_hd__clkbuf_16)
                                                         clknet_3_0__leaf_wb_clk_i (net)
                      0.048489    0.003127    0.335297 ^ _732_/CLK (sky130_fd_sc_hd__dfxtp_1)
                                  0.250000    0.585297   clock uncertainty
                                  0.000000    0.585297   clock reconvergence pessimism
                                 -0.017177    0.568120   library hold time
                                              0.568120   data required time
---------------------------------------------------------------------------------------------
                                              0.568120   data required time
                                             -0.714046   data arrival time
---------------------------------------------------------------------------------------------
                                              0.145926   slack (MET)


Startpoint: _747_ (rising edge-triggered flip-flop clocked by wb_clk_i)
Endpoint: _747_ (rising edge-triggered flip-flop clocked by wb_clk_i)
Path Group: wb_clk_i
Path Type: min

Fanout         Cap        Slew       Delay        Time   Description
---------------------------------------------------------------------------------------------
                                  0.000000    0.000000   clock wb_clk_i (rise edge)
                                  0.000000    0.000000   clock source latency
     2    0.024579    0.087030    0.060746    0.060746 ^ wb_clk_i (in)
                                                         wb_clk_i (net)
                      0.087170    0.000000    0.060746 ^ clkbuf_0_wb_clk_i/A (sky130_fd_sc_hd__clkbuf_16)
    17    0.111708    0.098028    0.149081    0.209827 ^ clkbuf_0_wb_clk_i/X (sky130_fd_sc_hd__clkbuf_16)
                                                         clknet_0_wb_clk_i (net)
                      0.098617    0.006108    0.215935 ^ clkbuf_3_4__f_wb_clk_i/A (sky130_fd_sc_hd__clkbuf_16)
    12    0.046104    0.049929    0.117812    0.333747 ^ clkbuf_3_4__f_wb_clk_i/X (sky130_fd_sc_hd__clkbuf_16)
                                                         clknet_3_4__leaf_wb_clk_i (net)
                      0.050136    0.002415    0.336162 ^ _747_/CLK (sky130_fd_sc_hd__dfxtp_1)
     4    0.010777    0.041518    0.212567    0.548729 v _747_/Q (sky130_fd_sc_hd__dfxtp_1)
                                                         global_timeout_count[2] (net)
                      0.041521    0.000404    0.549133 v _586_/B1 (sky130_fd_sc_hd__a21oi_1)
     1    0.002799    0.046920    0.053554    0.602686 ^ _586_/Y (sky130_fd_sc_hd__a21oi_1)
                                                         _308_ (net)
                      0.046920    0.000169    0.602855 ^ _587_/B (sky130_fd_sc_hd__or2_1)
     1    0.002516    0.027116    0.060573    0.663427 ^ _587_/X (sky130_fd_sc_hd__or2_1)
                                                         _309_ (net)
                      0.027116    0.000116    0.663544 ^ _588_/A2 (sky130_fd_sc_hd__a21oi_1)
     1    0.002626    0.023587    0.033079    0.696622 v _588_/Y (sky130_fd_sc_hd__a21oi_1)
                                                         _119_ (net)
                      0.023587    0.000192    0.696814 v _747_/D (sky130_fd_sc_hd__dfxtp_1)
                                              0.696814   data arrival time

                                  0.000000    0.000000   clock wb_clk_i (rise edge)
                                  0.000000    0.000000   clock source latency
     2    0.024579    0.087030    0.060746    0.060746 ^ wb_clk_i (in)
                                                         wb_clk_i (net)
                      0.087170    0.000000    0.060746 ^ clkbuf_0_wb_clk_i/A (sky130_fd_sc_hd__clkbuf_16)
    17    0.111708    0.098028    0.149081    0.209827 ^ clkbuf_0_wb_clk_i/X (sky130_fd_sc_hd__clkbuf_16)
                                                         clknet_0_wb_clk_i (net)
                      0.098617    0.006108    0.215935 ^ clkbuf_3_4__f_wb_clk_i/A (sky130_fd_sc_hd__clkbuf_16)
    12    0.046104    0.049929    0.117812    0.333747 ^ clkbuf_3_4__f_wb_clk_i/X (sky130_fd_sc_hd__clkbuf_16)
                                                         clknet_3_4__leaf_wb_clk_i (net)
                      0.050136    0.002415    0.336162 ^ _747_/CLK (sky130_fd_sc_hd__dfxtp_1)
                                  0.250000    0.586162   clock uncertainty
                                  0.000000    0.586162   clock reconvergence pessimism
                                 -0.035289    0.550872   library hold time
                                              0.550872   data required time
---------------------------------------------------------------------------------------------
                                              0.550872   data required time
                                             -0.696814   data arrival time
---------------------------------------------------------------------------------------------
                                              0.145941   slack (MET)


Startpoint: _720_ (rising edge-triggered flip-flop clocked by wb_clk_i)
Endpoint: _720_ (rising edge-triggered flip-flop clocked by wb_clk_i)
Path Group: wb_clk_i
Path Type: min

Fanout         Cap        Slew       Delay        Time   Description
---------------------------------------------------------------------------------------------
                                  0.000000    0.000000   clock wb_clk_i (rise edge)
                                  0.000000    0.000000   clock source latency
     2    0.024579    0.087030    0.060746    0.060746 ^ wb_clk_i (in)
                                                         wb_clk_i (net)
                      0.087170    0.000000    0.060746 ^ clkbuf_0_wb_clk_i/A (sky130_fd_sc_hd__clkbuf_16)
    17    0.111708    0.098028    0.149081    0.209827 ^ clkbuf_0_wb_clk_i/X (sky130_fd_sc_hd__clkbuf_16)
                                                         clknet_0_wb_clk_i (net)
                      0.098586    0.005951    0.215778 ^ clkbuf_3_0__f_wb_clk_i/A (sky130_fd_sc_hd__clkbuf_16)
    13    0.043628    0.048139    0.116392    0.332170 ^ clkbuf_3_0__f_wb_clk_i/X (sky130_fd_sc_hd__clkbuf_16)
                                                         clknet_3_0__leaf_wb_clk_i (net)
                      0.048278    0.001874    0.334044 ^ _720_/CLK (sky130_fd_sc_hd__dfxtp_1)
     7    0.023565    0.080247    0.242318    0.576363 v _720_/Q (sky130_fd_sc_hd__dfxtp_1)
                                                         group_timeout_count[1] (net)
                      0.080252    0.000710    0.577073 v _503_/A (sky130_fd_sc_hd__nand2_1)
     1    0.002392    0.034339    0.052457    0.629529 ^ _503_/Y (sky130_fd_sc_hd__nand2_1)
                                                         _252_ (net)
                      0.034339    0.000168    0.629698 ^ _505_/B (sky130_fd_sc_hd__and3_1)
     1    0.002545    0.032478    0.083720    0.713417 ^ _505_/X (sky130_fd_sc_hd__and3_1)
                                                         _092_ (net)
                      0.032482    0.000173    0.713590 ^ _720_/D (sky130_fd_sc_hd__dfxtp_1)
                                              0.713590   data arrival time

                                  0.000000    0.000000   clock wb_clk_i (rise edge)
                                  0.000000    0.000000   clock source latency
     2    0.024579    0.087030    0.060746    0.060746 ^ wb_clk_i (in)
                                                         wb_clk_i (net)
                      0.087170    0.000000    0.060746 ^ clkbuf_0_wb_clk_i/A (sky130_fd_sc_hd__clkbuf_16)
    17    0.111708    0.098028    0.149081    0.209827 ^ clkbuf_0_wb_clk_i/X (sky130_fd_sc_hd__clkbuf_16)
                                                         clknet_0_wb_clk_i (net)
                      0.098586    0.005951    0.215778 ^ clkbuf_3_0__f_wb_clk_i/A (sky130_fd_sc_hd__clkbuf_16)
    13    0.043628    0.048139    0.116392    0.332170 ^ clkbuf_3_0__f_wb_clk_i/X (sky130_fd_sc_hd__clkbuf_16)
                                                         clknet_3_0__leaf_wb_clk_i (net)
                      0.048278    0.001874    0.334044 ^ _720_/CLK (sky130_fd_sc_hd__dfxtp_1)
                                  0.250000    0.584044   clock uncertainty
                                  0.000000    0.584044   clock reconvergence pessimism
                                 -0.016992    0.567052   library hold time
                                              0.567052   data required time
---------------------------------------------------------------------------------------------
                                              0.567052   data required time
                                             -0.713590   data arrival time
---------------------------------------------------------------------------------------------
                                              0.146538   slack (MET)


Startpoint: _735_ (rising edge-triggered flip-flop clocked by wb_clk_i)
Endpoint: _735_ (rising edge-triggered flip-flop clocked by wb_clk_i)
Path Group: wb_clk_i
Path Type: min

Fanout         Cap        Slew       Delay        Time   Description
---------------------------------------------------------------------------------------------
                                  0.000000    0.000000   clock wb_clk_i (rise edge)
                                  0.000000    0.000000   clock source latency
     2    0.024579    0.087030    0.060746    0.060746 ^ wb_clk_i (in)
                                                         wb_clk_i (net)
                      0.087170    0.000000    0.060746 ^ clkbuf_0_wb_clk_i/A (sky130_fd_sc_hd__clkbuf_16)
    17    0.111708    0.098028    0.149081    0.209827 ^ clkbuf_0_wb_clk_i/X (sky130_fd_sc_hd__clkbuf_16)
                                                         clknet_0_wb_clk_i (net)
                      0.098336    0.004468    0.214295 ^ clkbuf_3_6__f_wb_clk_i/A (sky130_fd_sc_hd__clkbuf_16)
    10    0.045967    0.049824    0.117870    0.332165 ^ clkbuf_3_6__f_wb_clk_i/X (sky130_fd_sc_hd__clkbuf_16)
                                                         clknet_3_6__leaf_wb_clk_i (net)
                      0.050121    0.002753    0.334918 ^ _735_/CLK (sky130_fd_sc_hd__dfxtp_1)
     4    0.024600    0.176605    0.293676    0.628593 ^ _735_/Q (sky130_fd_sc_hd__dfxtp_1)
                                                         net29 (net)
                      0.176612    0.001288    0.629881 ^ _547_/A1 (sky130_fd_sc_hd__o21a_1)
     1    0.002201    0.025323    0.085235    0.715116 ^ _547_/X (sky130_fd_sc_hd__o21a_1)
                                                         _107_ (net)
                      0.025324    0.000151    0.715267 ^ _735_/D (sky130_fd_sc_hd__dfxtp_1)
                                              0.715267   data arrival time

                                  0.000000    0.000000   clock wb_clk_i (rise edge)
                                  0.000000    0.000000   clock source latency
     2    0.024579    0.087030    0.060746    0.060746 ^ wb_clk_i (in)
                                                         wb_clk_i (net)
                      0.087170    0.000000    0.060746 ^ clkbuf_0_wb_clk_i/A (sky130_fd_sc_hd__clkbuf_16)
    17    0.111708    0.098028    0.149081    0.209827 ^ clkbuf_0_wb_clk_i/X (sky130_fd_sc_hd__clkbuf_16)
                                                         clknet_0_wb_clk_i (net)
                      0.098336    0.004468    0.214295 ^ clkbuf_3_6__f_wb_clk_i/A (sky130_fd_sc_hd__clkbuf_16)
    10    0.045967    0.049824    0.117870    0.332165 ^ clkbuf_3_6__f_wb_clk_i/X (sky130_fd_sc_hd__clkbuf_16)
                                                         clknet_3_6__leaf_wb_clk_i (net)
                      0.050121    0.002753    0.334918 ^ _735_/CLK (sky130_fd_sc_hd__dfxtp_1)
                                  0.250000    0.584918   clock uncertainty
                                  0.000000    0.584918   clock reconvergence pessimism
                                 -0.016443    0.568474   library hold time
                                              0.568474   data required time
---------------------------------------------------------------------------------------------
                                              0.568474   data required time
                                             -0.715267   data arrival time
---------------------------------------------------------------------------------------------
                                              0.146793   slack (MET)


Startpoint: _762_ (rising edge-triggered flip-flop clocked by wb_clk_i)
Endpoint: _762_ (rising edge-triggered flip-flop clocked by wb_clk_i)
Path Group: wb_clk_i
Path Type: min

Fanout         Cap        Slew       Delay        Time   Description
---------------------------------------------------------------------------------------------
                                  0.000000    0.000000   clock wb_clk_i (rise edge)
                                  0.000000    0.000000   clock source latency
     2    0.024579    0.087030    0.060746    0.060746 ^ wb_clk_i (in)
                                                         wb_clk_i (net)
                      0.087170    0.000000    0.060746 ^ clkbuf_0_wb_clk_i/A (sky130_fd_sc_hd__clkbuf_16)
    17    0.111708    0.098028    0.149081    0.209827 ^ clkbuf_0_wb_clk_i/X (sky130_fd_sc_hd__clkbuf_16)
                                                         clknet_0_wb_clk_i (net)
                      0.098293    0.004156    0.213983 ^ clkbuf_3_3__f_wb_clk_i/A (sky130_fd_sc_hd__clkbuf_16)
    11    0.046056    0.049910    0.118022    0.332006 ^ clkbuf_3_3__f_wb_clk_i/X (sky130_fd_sc_hd__clkbuf_16)
                                                         clknet_3_3__leaf_wb_clk_i (net)
                      0.049945    0.001243    0.333249 ^ _762_/CLK (sky130_fd_sc_hd__dfxtp_1)
     4    0.012325    0.092666    0.235578    0.568826 ^ _762_/Q (sky130_fd_sc_hd__dfxtp_1)
                                                         u_system.u_global.denial_counter[1] (net)
                      0.092669    0.000668    0.569495 ^ _625_/A_N (sky130_fd_sc_hd__nand2b_1)
     1    0.002872    0.034594    0.072216    0.641711 ^ _625_/Y (sky130_fd_sc_hd__nand2b_1)
                                                         _332_ (net)
                      0.034594    0.000136    0.641847 ^ _626_/B1 (sky130_fd_sc_hd__o211a_1)
     1    0.003843    0.032743    0.071708    0.713556 ^ _626_/X (sky130_fd_sc_hd__o211a_1)
                                                         _134_ (net)
                      0.032746    0.000291    0.713847 ^ _762_/D (sky130_fd_sc_hd__dfxtp_1)
                                              0.713847   data arrival time

                                  0.000000    0.000000   clock wb_clk_i (rise edge)
                                  0.000000    0.000000   clock source latency
     2    0.024579    0.087030    0.060746    0.060746 ^ wb_clk_i (in)
                                                         wb_clk_i (net)
                      0.087170    0.000000    0.060746 ^ clkbuf_0_wb_clk_i/A (sky130_fd_sc_hd__clkbuf_16)
    17    0.111708    0.098028    0.149081    0.209827 ^ clkbuf_0_wb_clk_i/X (sky130_fd_sc_hd__clkbuf_16)
                                                         clknet_0_wb_clk_i (net)
                      0.098293    0.004156    0.213983 ^ clkbuf_3_3__f_wb_clk_i/A (sky130_fd_sc_hd__clkbuf_16)
    11    0.046056    0.049910    0.118022    0.332006 ^ clkbuf_3_3__f_wb_clk_i/X (sky130_fd_sc_hd__clkbuf_16)
                                                         clknet_3_3__leaf_wb_clk_i (net)
                      0.049945    0.001243    0.333249 ^ _762_/CLK (sky130_fd_sc_hd__dfxtp_1)
                                  0.250000    0.583249   clock uncertainty
                                  0.000000    0.583249   clock reconvergence pessimism
                                 -0.016971    0.566278   library hold time
                                              0.566278   data required time
---------------------------------------------------------------------------------------------
                                              0.566278   data required time
                                             -0.713847   data arrival time
---------------------------------------------------------------------------------------------
                                              0.147569   slack (MET)


Startpoint: _758_ (rising edge-triggered flip-flop clocked by wb_clk_i)
Endpoint: _759_ (rising edge-triggered flip-flop clocked by wb_clk_i)
Path Group: wb_clk_i
Path Type: min

Fanout         Cap        Slew       Delay        Time   Description
---------------------------------------------------------------------------------------------
                                  0.000000    0.000000   clock wb_clk_i (rise edge)
                                  0.000000    0.000000   clock source latency
     2    0.024579    0.087030    0.060746    0.060746 ^ wb_clk_i (in)
                                                         wb_clk_i (net)
                      0.087170    0.000000    0.060746 ^ clkbuf_0_wb_clk_i/A (sky130_fd_sc_hd__clkbuf_16)
    17    0.111708    0.098028    0.149081    0.209827 ^ clkbuf_0_wb_clk_i/X (sky130_fd_sc_hd__clkbuf_16)
                                                         clknet_0_wb_clk_i (net)
                      0.098443    0.005161    0.214988 ^ clkbuf_3_7__f_wb_clk_i/A (sky130_fd_sc_hd__clkbuf_16)
    13    0.043379    0.047916    0.116045    0.331032 ^ clkbuf_3_7__f_wb_clk_i/X (sky130_fd_sc_hd__clkbuf_16)
                                                         clknet_3_7__leaf_wb_clk_i (net)
                      0.048510    0.004142    0.335175 ^ _758_/CLK (sky130_fd_sc_hd__dfxtp_1)
     5    0.019416    0.067648    0.232453    0.567627 v _758_/Q (sky130_fd_sc_hd__dfxtp_1)
                                                         global_timeout_count[13] (net)
                      0.067659    0.000846    0.568473 v _618_/A1 (sky130_fd_sc_hd__a21oi_1)
     1    0.003182    0.051459    0.097055    0.665528 ^ _618_/Y (sky130_fd_sc_hd__a21oi_1)
                                                         _328_ (net)
                      0.051459    0.000152    0.665680 ^ _619_/B1 (sky130_fd_sc_hd__a211oi_1)
     1    0.003004    0.024961    0.031346    0.697026 v _619_/Y (sky130_fd_sc_hd__a211oi_1)
                                                         _131_ (net)
                      0.024961    0.000126    0.697152 v _759_/D (sky130_fd_sc_hd__dfxtp_1)
                                              0.697152   data arrival time

                                  0.000000    0.000000   clock wb_clk_i (rise edge)
                                  0.000000    0.000000   clock source latency
     2    0.024579    0.087030    0.060746    0.060746 ^ wb_clk_i (in)
                                                         wb_clk_i (net)
                      0.087170    0.000000    0.060746 ^ clkbuf_0_wb_clk_i/A (sky130_fd_sc_hd__clkbuf_16)
    17    0.111708    0.098028    0.149081    0.209827 ^ clkbuf_0_wb_clk_i/X (sky130_fd_sc_hd__clkbuf_16)
                                                         clknet_0_wb_clk_i (net)
                      0.098443    0.005161    0.214988 ^ clkbuf_3_7__f_wb_clk_i/A (sky130_fd_sc_hd__clkbuf_16)
    13    0.043379    0.047916    0.116045    0.331032 ^ clkbuf_3_7__f_wb_clk_i/X (sky130_fd_sc_hd__clkbuf_16)
                                                         clknet_3_7__leaf_wb_clk_i (net)
                      0.048547    0.004291    0.335324 ^ _759_/CLK (sky130_fd_sc_hd__dfxtp_1)
                                  0.250000    0.585324   clock uncertainty
                                  0.000000    0.585324   clock reconvergence pessimism
                                 -0.035913    0.549411   library hold time
                                              0.549411   data required time
---------------------------------------------------------------------------------------------
                                              0.549411   data required time
                                             -0.697152   data arrival time
---------------------------------------------------------------------------------------------
                                              0.147741   slack (MET)


Startpoint: _733_ (rising edge-triggered flip-flop clocked by wb_clk_i)
Endpoint: _733_ (rising edge-triggered flip-flop clocked by wb_clk_i)
Path Group: wb_clk_i
Path Type: min

Fanout         Cap        Slew       Delay        Time   Description
---------------------------------------------------------------------------------------------
                                  0.000000    0.000000   clock wb_clk_i (rise edge)
                                  0.000000    0.000000   clock source latency
     2    0.024579    0.087030    0.060746    0.060746 ^ wb_clk_i (in)
                                                         wb_clk_i (net)
                      0.087170    0.000000    0.060746 ^ clkbuf_0_wb_clk_i/A (sky130_fd_sc_hd__clkbuf_16)
    17    0.111708    0.098028    0.149081    0.209827 ^ clkbuf_0_wb_clk_i/X (sky130_fd_sc_hd__clkbuf_16)
                                                         clknet_0_wb_clk_i (net)
                      0.098586    0.005951    0.215778 ^ clkbuf_3_0__f_wb_clk_i/A (sky130_fd_sc_hd__clkbuf_16)
    13    0.043628    0.048139    0.116392    0.332170 ^ clkbuf_3_0__f_wb_clk_i/X (sky130_fd_sc_hd__clkbuf_16)
                                                         clknet_3_0__leaf_wb_clk_i (net)
                      0.048495    0.003155    0.335324 ^ _733_/CLK (sky130_fd_sc_hd__dfxtp_1)
     4    0.010985    0.042069    0.212460    0.547784 v _733_/Q (sky130_fd_sc_hd__dfxtp_1)
                                                         group_timeout_count[14] (net)
                      0.042077    0.000590    0.548374 v _542_/A (sky130_fd_sc_hd__nand2_1)
     2    0.009974    0.073815    0.075071    0.623445 ^ _542_/Y (sky130_fd_sc_hd__nand2_1)
                                                         _278_ (net)
                      0.073823    0.000614    0.624059 ^ _544_/B (sky130_fd_sc_hd__and3_1)
     1    0.002647    0.033142    0.092978    0.717037 ^ _544_/X (sky130_fd_sc_hd__and3_1)
                                                         _105_ (net)
                      0.033143    0.000178    0.717215 ^ _733_/D (sky130_fd_sc_hd__dfxtp_1)
                                              0.717215   data arrival time

                                  0.000000    0.000000   clock wb_clk_i (rise edge)
                                  0.000000    0.000000   clock source latency
     2    0.024579    0.087030    0.060746    0.060746 ^ wb_clk_i (in)
                                                         wb_clk_i (net)
                      0.087170    0.000000    0.060746 ^ clkbuf_0_wb_clk_i/A (sky130_fd_sc_hd__clkbuf_16)
    17    0.111708    0.098028    0.149081    0.209827 ^ clkbuf_0_wb_clk_i/X (sky130_fd_sc_hd__clkbuf_16)
                                                         clknet_0_wb_clk_i (net)
                      0.098586    0.005951    0.215778 ^ clkbuf_3_0__f_wb_clk_i/A (sky130_fd_sc_hd__clkbuf_16)
    13    0.043628    0.048139    0.116392    0.332170 ^ clkbuf_3_0__f_wb_clk_i/X (sky130_fd_sc_hd__clkbuf_16)
                                                         clknet_3_0__leaf_wb_clk_i (net)
                      0.048495    0.003155    0.335324 ^ _733_/CLK (sky130_fd_sc_hd__dfxtp_1)
                                  0.250000    0.585324   clock uncertainty
                                  0.000000    0.585324   clock reconvergence pessimism
                                 -0.017034    0.568291   library hold time
                                              0.568291   data required time
---------------------------------------------------------------------------------------------
                                              0.568291   data required time
                                             -0.717215   data arrival time
---------------------------------------------------------------------------------------------
                                              0.148925   slack (MET)


Startpoint: _731_ (rising edge-triggered flip-flop clocked by wb_clk_i)
Endpoint: _731_ (rising edge-triggered flip-flop clocked by wb_clk_i)
Path Group: wb_clk_i
Path Type: min

Fanout         Cap        Slew       Delay        Time   Description
---------------------------------------------------------------------------------------------
                                  0.000000    0.000000   clock wb_clk_i (rise edge)
                                  0.000000    0.000000   clock source latency
     2    0.024579    0.087030    0.060746    0.060746 ^ wb_clk_i (in)
                                                         wb_clk_i (net)
                      0.087170    0.000000    0.060746 ^ clkbuf_0_wb_clk_i/A (sky130_fd_sc_hd__clkbuf_16)
    17    0.111708    0.098028    0.149081    0.209827 ^ clkbuf_0_wb_clk_i/X (sky130_fd_sc_hd__clkbuf_16)
                                                         clknet_0_wb_clk_i (net)
                      0.098586    0.005951    0.215778 ^ clkbuf_3_0__f_wb_clk_i/A (sky130_fd_sc_hd__clkbuf_16)
    13    0.043628    0.048139    0.116392    0.332170 ^ clkbuf_3_0__f_wb_clk_i/X (sky130_fd_sc_hd__clkbuf_16)
                                                         clknet_3_0__leaf_wb_clk_i (net)
                      0.048288    0.001941    0.334111 ^ _731_/CLK (sky130_fd_sc_hd__dfxtp_1)
     4    0.010978    0.083474    0.228727    0.562838 ^ _731_/Q (sky130_fd_sc_hd__dfxtp_1)
                                                         group_timeout_count[12] (net)
                      0.083476    0.000497    0.563336 ^ _537_/A (sky130_fd_sc_hd__or2_1)
     1    0.003106    0.031053    0.072167    0.635503 ^ _537_/X (sky130_fd_sc_hd__or2_1)
                                                         _275_ (net)
                      0.031054    0.000218    0.635721 ^ _538_/B (sky130_fd_sc_hd__and3b_1)
     1    0.002314    0.031286    0.082958    0.718679 ^ _538_/X (sky130_fd_sc_hd__and3b_1)
                                                         _103_ (net)
                      0.031286    0.000167    0.718846 ^ _731_/D (sky130_fd_sc_hd__dfxtp_1)
                                              0.718846   data arrival time

                                  0.000000    0.000000   clock wb_clk_i (rise edge)
                                  0.000000    0.000000   clock source latency
     2    0.024579    0.087030    0.060746    0.060746 ^ wb_clk_i (in)
                                                         wb_clk_i (net)
                      0.087170    0.000000    0.060746 ^ clkbuf_0_wb_clk_i/A (sky130_fd_sc_hd__clkbuf_16)
    17    0.111708    0.098028    0.149081    0.209827 ^ clkbuf_0_wb_clk_i/X (sky130_fd_sc_hd__clkbuf_16)
                                                         clknet_0_wb_clk_i (net)
                      0.098586    0.005951    0.215778 ^ clkbuf_3_0__f_wb_clk_i/A (sky130_fd_sc_hd__clkbuf_16)
    13    0.043628    0.048139    0.116392    0.332170 ^ clkbuf_3_0__f_wb_clk_i/X (sky130_fd_sc_hd__clkbuf_16)
                                                         clknet_3_0__leaf_wb_clk_i (net)
                      0.048288    0.001941    0.334111 ^ _731_/CLK (sky130_fd_sc_hd__dfxtp_1)
                                  0.250000    0.584111   clock uncertainty
                                  0.000000    0.584111   clock reconvergence pessimism
                                 -0.016908    0.567204   library hold time
                                              0.567204   data required time
---------------------------------------------------------------------------------------------
                                              0.567204   data required time
                                             -0.718846   data arrival time
---------------------------------------------------------------------------------------------
                                              0.151642   slack (MET)


Startpoint: _734_ (rising edge-triggered flip-flop clocked by wb_clk_i)
Endpoint: _734_ (rising edge-triggered flip-flop clocked by wb_clk_i)
Path Group: wb_clk_i
Path Type: min

Fanout         Cap        Slew       Delay        Time   Description
---------------------------------------------------------------------------------------------
                                  0.000000    0.000000   clock wb_clk_i (rise edge)
                                  0.000000    0.000000   clock source latency
     2    0.024579    0.087030    0.060746    0.060746 ^ wb_clk_i (in)
                                                         wb_clk_i (net)
                      0.087170    0.000000    0.060746 ^ clkbuf_0_wb_clk_i/A (sky130_fd_sc_hd__clkbuf_16)
    17    0.111708    0.098028    0.149081    0.209827 ^ clkbuf_0_wb_clk_i/X (sky130_fd_sc_hd__clkbuf_16)
                                                         clknet_0_wb_clk_i (net)
                      0.098586    0.005951    0.215778 ^ clkbuf_3_0__f_wb_clk_i/A (sky130_fd_sc_hd__clkbuf_16)
    13    0.043628    0.048139    0.116392    0.332170 ^ clkbuf_3_0__f_wb_clk_i/X (sky130_fd_sc_hd__clkbuf_16)
                                                         clknet_3_0__leaf_wb_clk_i (net)
                      0.048533    0.003344    0.335514 ^ _734_/CLK (sky130_fd_sc_hd__dfxtp_1)
     3    0.013353    0.099675    0.240048    0.575562 ^ _734_/Q (sky130_fd_sc_hd__dfxtp_1)
                                                         group_timeout_count[15] (net)
                      0.099680    0.000810    0.576372 ^ _545_/A (sky130_fd_sc_hd__xnor2_1)
     1    0.002990    0.037532    0.077605    0.653977 ^ _545_/Y (sky130_fd_sc_hd__xnor2_1)
                                                         _280_ (net)
                      0.037532    0.000190    0.654167 ^ _546_/B (sky130_fd_sc_hd__and2_1)
     1    0.002198    0.028822    0.070026    0.724193 ^ _546_/X (sky130_fd_sc_hd__and2_1)
                                                         _106_ (net)
                      0.028822    0.000151    0.724345 ^ _734_/D (sky130_fd_sc_hd__dfxtp_1)
                                              0.724345   data arrival time

                                  0.000000    0.000000   clock wb_clk_i (rise edge)
                                  0.000000    0.000000   clock source latency
     2    0.024579    0.087030    0.060746    0.060746 ^ wb_clk_i (in)
                                                         wb_clk_i (net)
                      0.087170    0.000000    0.060746 ^ clkbuf_0_wb_clk_i/A (sky130_fd_sc_hd__clkbuf_16)
    17    0.111708    0.098028    0.149081    0.209827 ^ clkbuf_0_wb_clk_i/X (sky130_fd_sc_hd__clkbuf_16)
                                                         clknet_0_wb_clk_i (net)
                      0.098586    0.005951    0.215778 ^ clkbuf_3_0__f_wb_clk_i/A (sky130_fd_sc_hd__clkbuf_16)
    13    0.043628    0.048139    0.116392    0.332170 ^ clkbuf_3_0__f_wb_clk_i/X (sky130_fd_sc_hd__clkbuf_16)
                                                         clknet_3_0__leaf_wb_clk_i (net)
                      0.048533    0.003344    0.335514 ^ _734_/CLK (sky130_fd_sc_hd__dfxtp_1)
                                  0.250000    0.585514   clock uncertainty
                                  0.000000    0.585514   clock reconvergence pessimism
                                 -0.016728    0.568786   library hold time
                                              0.568786   data required time
---------------------------------------------------------------------------------------------
                                              0.568786   data required time
                                             -0.724345   data arrival time
---------------------------------------------------------------------------------------------
                                              0.155559   slack (MET)


Startpoint: _723_ (rising edge-triggered flip-flop clocked by wb_clk_i)
Endpoint: _691_ (rising edge-triggered flip-flop clocked by wb_clk_i)
Path Group: wb_clk_i
Path Type: min

Fanout         Cap        Slew       Delay        Time   Description
---------------------------------------------------------------------------------------------
                                  0.000000    0.000000   clock wb_clk_i (rise edge)
                                  0.000000    0.000000   clock source latency
     2    0.024579    0.087030    0.060746    0.060746 ^ wb_clk_i (in)
                                                         wb_clk_i (net)
                      0.087170    0.000000    0.060746 ^ clkbuf_0_wb_clk_i/A (sky130_fd_sc_hd__clkbuf_16)
    17    0.111708    0.098028    0.149081    0.209827 ^ clkbuf_0_wb_clk_i/X (sky130_fd_sc_hd__clkbuf_16)
                                                         clknet_0_wb_clk_i (net)
                      0.098361    0.004638    0.214465 ^ clkbuf_3_2__f_wb_clk_i/A (sky130_fd_sc_hd__clkbuf_16)
    14    0.046331    0.050086    0.118056    0.332521 ^ clkbuf_3_2__f_wb_clk_i/X (sky130_fd_sc_hd__clkbuf_16)
                                                         clknet_3_2__leaf_wb_clk_i (net)
                      0.050329    0.002429    0.334950 ^ _723_/CLK (sky130_fd_sc_hd__dfxtp_1)
     8    0.023310    0.079347    0.241321    0.576271 v _723_/Q (sky130_fd_sc_hd__dfxtp_1)
                                                         group_timeout_count[4] (net)
                      0.079488    0.002942    0.579213 v _417_/A (sky130_fd_sc_hd__and3_1)
     1    0.009241    0.043462    0.126898    0.706111 v _417_/X (sky130_fd_sc_hd__and3_1)
                                                         _018_ (net)
                      0.043481    0.000839    0.706949 v _691_/D (sky130_fd_sc_hd__dfrtp_1)
                                              0.706949   data arrival time

                                  0.000000    0.000000   clock wb_clk_i (rise edge)
                                  0.000000    0.000000   clock source latency
     2    0.024579    0.087030    0.060746    0.060746 ^ wb_clk_i (in)
                                                         wb_clk_i (net)
                      0.087170    0.000000    0.060746 ^ clkbuf_0_wb_clk_i/A (sky130_fd_sc_hd__clkbuf_16)
    17    0.111708    0.098028    0.149081    0.209827 ^ clkbuf_0_wb_clk_i/X (sky130_fd_sc_hd__clkbuf_16)
                                                         clknet_0_wb_clk_i (net)
                      0.098487    0.005415    0.215242 ^ clkbuf_3_1__f_wb_clk_i/A (sky130_fd_sc_hd__clkbuf_16)
    15    0.046245    0.050051    0.118227    0.333469 ^ clkbuf_3_1__f_wb_clk_i/X (sky130_fd_sc_hd__clkbuf_16)
                                                         clknet_3_1__leaf_wb_clk_i (net)
                      0.050234    0.002065    0.335534 ^ _691_/CLK (sky130_fd_sc_hd__dfrtp_1)
                                  0.250000    0.585534   clock uncertainty
                                  0.000000    0.585534   clock reconvergence pessimism
                                 -0.034223    0.551312   library hold time
                                              0.551312   data required time
---------------------------------------------------------------------------------------------
                                              0.551312   data required time
                                             -0.706949   data arrival time
---------------------------------------------------------------------------------------------
                                              0.155638   slack (MET)


Startpoint: _722_ (rising edge-triggered flip-flop clocked by wb_clk_i)
Endpoint: _722_ (rising edge-triggered flip-flop clocked by wb_clk_i)
Path Group: wb_clk_i
Path Type: min

Fanout         Cap        Slew       Delay        Time   Description
---------------------------------------------------------------------------------------------
                                  0.000000    0.000000   clock wb_clk_i (rise edge)
                                  0.000000    0.000000   clock source latency
     2    0.024579    0.087030    0.060746    0.060746 ^ wb_clk_i (in)
                                                         wb_clk_i (net)
                      0.087170    0.000000    0.060746 ^ clkbuf_0_wb_clk_i/A (sky130_fd_sc_hd__clkbuf_16)
    17    0.111708    0.098028    0.149081    0.209827 ^ clkbuf_0_wb_clk_i/X (sky130_fd_sc_hd__clkbuf_16)
                                                         clknet_0_wb_clk_i (net)
                      0.098361    0.004638    0.214465 ^ clkbuf_3_2__f_wb_clk_i/A (sky130_fd_sc_hd__clkbuf_16)
    14    0.046331    0.050086    0.118056    0.332521 ^ clkbuf_3_2__f_wb_clk_i/X (sky130_fd_sc_hd__clkbuf_16)
                                                         clknet_3_2__leaf_wb_clk_i (net)
                      0.050327    0.002415    0.334936 ^ _722_/CLK (sky130_fd_sc_hd__dfxtp_1)
     5    0.016610    0.121911    0.256113    0.591050 ^ _722_/Q (sky130_fd_sc_hd__dfxtp_1)
                                                         group_timeout_count[3] (net)
                      0.121915    0.000810    0.591859 ^ _510_/B1 (sky130_fd_sc_hd__a31o_1)
     1    0.001885    0.022935    0.055760    0.647620 ^ _510_/X (sky130_fd_sc_hd__a31o_1)
                                                         _257_ (net)
                      0.022935    0.000086    0.647705 ^ _511_/B (sky130_fd_sc_hd__and3b_1)
     1    0.002134    0.030183    0.080024    0.727729 ^ _511_/X (sky130_fd_sc_hd__and3b_1)
                                                         _094_ (net)
                      0.030183    0.000149    0.727878 ^ _722_/D (sky130_fd_sc_hd__dfxtp_1)
                                              0.727878   data arrival time

                                  0.000000    0.000000   clock wb_clk_i (rise edge)
                                  0.000000    0.000000   clock source latency
     2    0.024579    0.087030    0.060746    0.060746 ^ wb_clk_i (in)
                                                         wb_clk_i (net)
                      0.087170    0.000000    0.060746 ^ clkbuf_0_wb_clk_i/A (sky130_fd_sc_hd__clkbuf_16)
    17    0.111708    0.098028    0.149081    0.209827 ^ clkbuf_0_wb_clk_i/X (sky130_fd_sc_hd__clkbuf_16)
                                                         clknet_0_wb_clk_i (net)
                      0.098361    0.004638    0.214465 ^ clkbuf_3_2__f_wb_clk_i/A (sky130_fd_sc_hd__clkbuf_16)
    14    0.046331    0.050086    0.118056    0.332521 ^ clkbuf_3_2__f_wb_clk_i/X (sky130_fd_sc_hd__clkbuf_16)
                                                         clknet_3_2__leaf_wb_clk_i (net)
                      0.050327    0.002415    0.334936 ^ _722_/CLK (sky130_fd_sc_hd__dfxtp_1)
                                  0.250000    0.584936   clock uncertainty
                                  0.000000    0.584936   clock reconvergence pessimism
                                 -0.016781    0.568155   library hold time
                                              0.568155   data required time
---------------------------------------------------------------------------------------------
                                              0.568155   data required time
                                             -0.727878   data arrival time
---------------------------------------------------------------------------------------------
                                              0.159723   slack (MET)


Startpoint: _727_ (rising edge-triggered flip-flop clocked by wb_clk_i)
Endpoint: _727_ (rising edge-triggered flip-flop clocked by wb_clk_i)
Path Group: wb_clk_i
Path Type: min

Fanout         Cap        Slew       Delay        Time   Description
---------------------------------------------------------------------------------------------
                                  0.000000    0.000000   clock wb_clk_i (rise edge)
                                  0.000000    0.000000   clock source latency
     2    0.024579    0.087030    0.060746    0.060746 ^ wb_clk_i (in)
                                                         wb_clk_i (net)
                      0.087170    0.000000    0.060746 ^ clkbuf_0_wb_clk_i/A (sky130_fd_sc_hd__clkbuf_16)
    17    0.111708    0.098028    0.149081    0.209827 ^ clkbuf_0_wb_clk_i/X (sky130_fd_sc_hd__clkbuf_16)
                                                         clknet_0_wb_clk_i (net)
                      0.098293    0.004156    0.213983 ^ clkbuf_3_3__f_wb_clk_i/A (sky130_fd_sc_hd__clkbuf_16)
    11    0.046056    0.049910    0.118022    0.332006 ^ clkbuf_3_3__f_wb_clk_i/X (sky130_fd_sc_hd__clkbuf_16)
                                                         clknet_3_3__leaf_wb_clk_i (net)
                      0.050097    0.002082    0.334087 ^ _727_/CLK (sky130_fd_sc_hd__dfxtp_1)
     5    0.019181    0.066927    0.232387    0.566474 v _727_/Q (sky130_fd_sc_hd__dfxtp_1)
                                                         group_timeout_count[8] (net)
                      0.066934    0.000712    0.567185 v _524_/A (sky130_fd_sc_hd__nand2_1)
     2    0.006982    0.057137    0.071085    0.638270 ^ _524_/Y (sky130_fd_sc_hd__nand2_1)
                                                         _266_ (net)
                      0.057162    0.000370    0.638641 ^ _526_/B (sky130_fd_sc_hd__and3_1)
     1    0.002388    0.031545    0.088129    0.726769 ^ _526_/X (sky130_fd_sc_hd__and3_1)
                                                         _099_ (net)
                      0.031546    0.000174    0.726944 ^ _727_/D (sky130_fd_sc_hd__dfxtp_1)
                                              0.726944   data arrival time

                                  0.000000    0.000000   clock wb_clk_i (rise edge)
                                  0.000000    0.000000   clock source latency
     2    0.024579    0.087030    0.060746    0.060746 ^ wb_clk_i (in)
                                                         wb_clk_i (net)
                      0.087170    0.000000    0.060746 ^ clkbuf_0_wb_clk_i/A (sky130_fd_sc_hd__clkbuf_16)
    17    0.111708    0.098028    0.149081    0.209827 ^ clkbuf_0_wb_clk_i/X (sky130_fd_sc_hd__clkbuf_16)
                                                         clknet_0_wb_clk_i (net)
                      0.098293    0.004156    0.213983 ^ clkbuf_3_3__f_wb_clk_i/A (sky130_fd_sc_hd__clkbuf_16)
    11    0.046056    0.049910    0.118022    0.332006 ^ clkbuf_3_3__f_wb_clk_i/X (sky130_fd_sc_hd__clkbuf_16)
                                                         clknet_3_3__leaf_wb_clk_i (net)
                      0.050097    0.002082    0.334087 ^ _727_/CLK (sky130_fd_sc_hd__dfxtp_1)
                                  0.250000    0.584087   clock uncertainty
                                  0.000000    0.584087   clock reconvergence pessimism
                                 -0.016883    0.567204   library hold time
                                              0.567204   data required time
---------------------------------------------------------------------------------------------
                                              0.567204   data required time
                                             -0.726944   data arrival time
---------------------------------------------------------------------------------------------
                                              0.159739   slack (MET)


Startpoint: _724_ (rising edge-triggered flip-flop clocked by wb_clk_i)
Endpoint: _692_ (rising edge-triggered flip-flop clocked by wb_clk_i)
Path Group: wb_clk_i
Path Type: min

Fanout         Cap        Slew       Delay        Time   Description
---------------------------------------------------------------------------------------------
                                  0.000000    0.000000   clock wb_clk_i (rise edge)
                                  0.000000    0.000000   clock source latency
     2    0.024579    0.087030    0.060746    0.060746 ^ wb_clk_i (in)
                                                         wb_clk_i (net)
                      0.087170    0.000000    0.060746 ^ clkbuf_0_wb_clk_i/A (sky130_fd_sc_hd__clkbuf_16)
    17    0.111708    0.098028    0.149081    0.209827 ^ clkbuf_0_wb_clk_i/X (sky130_fd_sc_hd__clkbuf_16)
                                                         clknet_0_wb_clk_i (net)
                      0.098361    0.004638    0.214465 ^ clkbuf_3_2__f_wb_clk_i/A (sky130_fd_sc_hd__clkbuf_16)
    14    0.046331    0.050086    0.118056    0.332521 ^ clkbuf_3_2__f_wb_clk_i/X (sky130_fd_sc_hd__clkbuf_16)
                                                         clknet_3_2__leaf_wb_clk_i (net)
                      0.050329    0.002431    0.334952 ^ _724_/CLK (sky130_fd_sc_hd__dfxtp_1)
     7    0.024357    0.082457    0.244308    0.579260 v _724_/Q (sky130_fd_sc_hd__dfxtp_1)
                                                         group_timeout_count[5] (net)
                      0.082520    0.002050    0.581310 v _418_/A (sky130_fd_sc_hd__and3_1)
     1    0.010591    0.046110    0.132308    0.713618 v _418_/X (sky130_fd_sc_hd__and3_1)
                                                         _019_ (net)
                      0.046122    0.000724    0.714342 v _692_/D (sky130_fd_sc_hd__dfrtp_1)
                                              0.714342   data arrival time

                                  0.000000    0.000000   clock wb_clk_i (rise edge)
                                  0.000000    0.000000   clock source latency
     2    0.024579    0.087030    0.060746    0.060746 ^ wb_clk_i (in)
                                                         wb_clk_i (net)
                      0.087170    0.000000    0.060746 ^ clkbuf_0_wb_clk_i/A (sky130_fd_sc_hd__clkbuf_16)
    17    0.111708    0.098028    0.149081    0.209827 ^ clkbuf_0_wb_clk_i/X (sky130_fd_sc_hd__clkbuf_16)
                                                         clknet_0_wb_clk_i (net)
                      0.098586    0.005951    0.215778 ^ clkbuf_3_0__f_wb_clk_i/A (sky130_fd_sc_hd__clkbuf_16)
    13    0.043628    0.048139    0.116392    0.332170 ^ clkbuf_3_0__f_wb_clk_i/X (sky130_fd_sc_hd__clkbuf_16)
                                                         clknet_3_0__leaf_wb_clk_i (net)
                      0.048417    0.002739    0.334909 ^ _692_/CLK (sky130_fd_sc_hd__dfrtp_1)
                                  0.250000    0.584909   clock uncertainty
                                  0.000000    0.584909   clock reconvergence pessimism
                                 -0.035260    0.549649   library hold time
                                              0.549649   data required time
---------------------------------------------------------------------------------------------
                                              0.549649   data required time
                                             -0.714342   data arrival time
---------------------------------------------------------------------------------------------
                                              0.164693   slack (MET)


Startpoint: _728_ (rising edge-triggered flip-flop clocked by wb_clk_i)
Endpoint: _728_ (rising edge-triggered flip-flop clocked by wb_clk_i)
Path Group: wb_clk_i
Path Type: min

Fanout         Cap        Slew       Delay        Time   Description
---------------------------------------------------------------------------------------------
                                  0.000000    0.000000   clock wb_clk_i (rise edge)
                                  0.000000    0.000000   clock source latency
     2    0.024579    0.087030    0.060746    0.060746 ^ wb_clk_i (in)
                                                         wb_clk_i (net)
                      0.087170    0.000000    0.060746 ^ clkbuf_0_wb_clk_i/A (sky130_fd_sc_hd__clkbuf_16)
    17    0.111708    0.098028    0.149081    0.209827 ^ clkbuf_0_wb_clk_i/X (sky130_fd_sc_hd__clkbuf_16)
                                                         clknet_0_wb_clk_i (net)
                      0.098293    0.004156    0.213983 ^ clkbuf_3_3__f_wb_clk_i/A (sky130_fd_sc_hd__clkbuf_16)
    11    0.046056    0.049910    0.118022    0.332006 ^ clkbuf_3_3__f_wb_clk_i/X (sky130_fd_sc_hd__clkbuf_16)
                                                         clknet_3_3__leaf_wb_clk_i (net)
                      0.050076    0.001926    0.333931 ^ _728_/CLK (sky130_fd_sc_hd__dfxtp_1)
     4    0.015992    0.117705    0.253017    0.586948 ^ _728_/Q (sky130_fd_sc_hd__dfxtp_1)
                                                         group_timeout_count[9] (net)
                      0.117710    0.000937    0.587886 ^ _338_/A (sky130_fd_sc_hd__inv_2)
     2    0.008722    0.035147    0.029393    0.617278 v _338_/Y (sky130_fd_sc_hd__inv_2)
                                                         _143_ (net)
                      0.035152    0.000357    0.617635 v _528_/A (sky130_fd_sc_hd__nand2_1)
     1    0.001848    0.023194    0.034046    0.651681 ^ _528_/Y (sky130_fd_sc_hd__nand2_1)
                                                         _269_ (net)
                      0.023194    0.000132    0.651813 ^ _529_/B (sky130_fd_sc_hd__and3b_1)
     1    0.002229    0.030766    0.080673    0.732486 ^ _529_/X (sky130_fd_sc_hd__and3b_1)
                                                         _100_ (net)
                      0.030766    0.000105    0.732591 ^ _728_/D (sky130_fd_sc_hd__dfxtp_1)
                                              0.732591   data arrival time

                                  0.000000    0.000000   clock wb_clk_i (rise edge)
                                  0.000000    0.000000   clock source latency
     2    0.024579    0.087030    0.060746    0.060746 ^ wb_clk_i (in)
                                                         wb_clk_i (net)
                      0.087170    0.000000    0.060746 ^ clkbuf_0_wb_clk_i/A (sky130_fd_sc_hd__clkbuf_16)
    17    0.111708    0.098028    0.149081    0.209827 ^ clkbuf_0_wb_clk_i/X (sky130_fd_sc_hd__clkbuf_16)
                                                         clknet_0_wb_clk_i (net)
                      0.098293    0.004156    0.213983 ^ clkbuf_3_3__f_wb_clk_i/A (sky130_fd_sc_hd__clkbuf_16)
    11    0.046056    0.049910    0.118022    0.332006 ^ clkbuf_3_3__f_wb_clk_i/X (sky130_fd_sc_hd__clkbuf_16)
                                                         clknet_3_3__leaf_wb_clk_i (net)
                      0.050076    0.001926    0.333931 ^ _728_/CLK (sky130_fd_sc_hd__dfxtp_1)
                                  0.250000    0.583931   clock uncertainty
                                  0.000000    0.583931   clock reconvergence pessimism
                                 -0.016828    0.567103   library hold time
                                              0.567103   data required time
---------------------------------------------------------------------------------------------
                                              0.567103   data required time
                                             -0.732591   data arrival time
---------------------------------------------------------------------------------------------
                                              0.165488   slack (MET)


Startpoint: _743_ (rising edge-triggered flip-flop clocked by wb_clk_i)
Endpoint: _738_ (rising edge-triggered flip-flop clocked by wb_clk_i)
Path Group: wb_clk_i
Path Type: min

Fanout         Cap        Slew       Delay        Time   Description
---------------------------------------------------------------------------------------------
                                  0.000000    0.000000   clock wb_clk_i (rise edge)
                                  0.000000    0.000000   clock source latency
     2    0.024579    0.087030    0.060746    0.060746 ^ wb_clk_i (in)
                                                         wb_clk_i (net)
                      0.087170    0.000000    0.060746 ^ clkbuf_0_wb_clk_i/A (sky130_fd_sc_hd__clkbuf_16)
    17    0.111708    0.098028    0.149081    0.209827 ^ clkbuf_0_wb_clk_i/X (sky130_fd_sc_hd__clkbuf_16)
                                                         clknet_0_wb_clk_i (net)
                      0.098336    0.004468    0.214295 ^ clkbuf_3_6__f_wb_clk_i/A (sky130_fd_sc_hd__clkbuf_16)
    10    0.045967    0.049824    0.117870    0.332165 ^ clkbuf_3_6__f_wb_clk_i/X (sky130_fd_sc_hd__clkbuf_16)
                                                         clknet_3_6__leaf_wb_clk_i (net)
                      0.050036    0.002208    0.334373 ^ _743_/CLK (sky130_fd_sc_hd__dfxtp_1)
     4    0.021488    0.074067    0.237507    0.571879 v _743_/Q (sky130_fd_sc_hd__dfxtp_1)
                                                         u_system.u_global.state[2] (net)
                      0.074086    0.001148    0.573028 v _334_/A (sky130_fd_sc_hd__inv_2)
     6    0.028286    0.101470    0.104919    0.677947 ^ _334_/Y (sky130_fd_sc_hd__inv_2)
                                                         _139_ (net)
                      0.101489    0.001169    0.679116 ^ _550_/A (sky130_fd_sc_hd__nor2_1)
     1    0.003232    0.033095    0.034278    0.713394 v _550_/Y (sky130_fd_sc_hd__nor2_1)
                                                         _110_ (net)
                      0.033095    0.000197    0.713591 v _738_/D (sky130_fd_sc_hd__dfxtp_1)
                                              0.713591   data arrival time

                                  0.000000    0.000000   clock wb_clk_i (rise edge)
                                  0.000000    0.000000   clock source latency
     2    0.024579    0.087030    0.060746    0.060746 ^ wb_clk_i (in)
                                                         wb_clk_i (net)
                      0.087170    0.000000    0.060746 ^ clkbuf_0_wb_clk_i/A (sky130_fd_sc_hd__clkbuf_16)
    17    0.111708    0.098028    0.149081    0.209827 ^ clkbuf_0_wb_clk_i/X (sky130_fd_sc_hd__clkbuf_16)
                                                         clknet_0_wb_clk_i (net)
                      0.098336    0.004468    0.214295 ^ clkbuf_3_6__f_wb_clk_i/A (sky130_fd_sc_hd__clkbuf_16)
    10    0.045967    0.049824    0.117870    0.332165 ^ clkbuf_3_6__f_wb_clk_i/X (sky130_fd_sc_hd__clkbuf_16)
                                                         clknet_3_6__leaf_wb_clk_i (net)
                      0.050056    0.002342    0.334507 ^ _738_/CLK (sky130_fd_sc_hd__dfxtp_1)
                                  0.250000    0.584507   clock uncertainty
                                  0.000000    0.584507   clock reconvergence pessimism
                                 -0.038529    0.545979   library hold time
                                              0.545979   data required time
---------------------------------------------------------------------------------------------
                                              0.545979   data required time
                                             -0.713591   data arrival time
---------------------------------------------------------------------------------------------
                                              0.167612   slack (MET)


Startpoint: _749_ (rising edge-triggered flip-flop clocked by wb_clk_i)
Endpoint: _749_ (rising edge-triggered flip-flop clocked by wb_clk_i)
Path Group: wb_clk_i
Path Type: min

Fanout         Cap        Slew       Delay        Time   Description
---------------------------------------------------------------------------------------------
                                  0.000000    0.000000   clock wb_clk_i (rise edge)
                                  0.000000    0.000000   clock source latency
     2    0.024579    0.087030    0.060746    0.060746 ^ wb_clk_i (in)
                                                         wb_clk_i (net)
                      0.087170    0.000000    0.060746 ^ clkbuf_0_wb_clk_i/A (sky130_fd_sc_hd__clkbuf_16)
    17    0.111708    0.098028    0.149081    0.209827 ^ clkbuf_0_wb_clk_i/X (sky130_fd_sc_hd__clkbuf_16)
                                                         clknet_0_wb_clk_i (net)
                      0.098443    0.005161    0.214988 ^ clkbuf_3_7__f_wb_clk_i/A (sky130_fd_sc_hd__clkbuf_16)
    13    0.043379    0.047916    0.116045    0.331032 ^ clkbuf_3_7__f_wb_clk_i/X (sky130_fd_sc_hd__clkbuf_16)
                                                         clknet_3_7__leaf_wb_clk_i (net)
                      0.048388    0.003629    0.334661 ^ _749_/CLK (sky130_fd_sc_hd__dfxtp_2)
     8    0.035423    0.064822    0.243707    0.578368 v _749_/Q (sky130_fd_sc_hd__dfxtp_2)
                                                         global_timeout_count[4] (net)
                      0.064845    0.001161    0.579530 v _592_/A (sky130_fd_sc_hd__xnor2_1)
     1    0.002923    0.037736    0.111272    0.690802 ^ _592_/Y (sky130_fd_sc_hd__xnor2_1)
                                                         _312_ (net)
                      0.037736    0.000205    0.691007 ^ _593_/A2 (sky130_fd_sc_hd__a21oi_1)
     1    0.002309    0.023598    0.034451    0.725459 v _593_/Y (sky130_fd_sc_hd__a21oi_1)
                                                         _121_ (net)
                      0.023599    0.000158    0.725617 v _749_/D (sky130_fd_sc_hd__dfxtp_2)
                                              0.725617   data arrival time

                                  0.000000    0.000000   clock wb_clk_i (rise edge)
                                  0.000000    0.000000   clock source latency
     2    0.024579    0.087030    0.060746    0.060746 ^ wb_clk_i (in)
                                                         wb_clk_i (net)
                      0.087170    0.000000    0.060746 ^ clkbuf_0_wb_clk_i/A (sky130_fd_sc_hd__clkbuf_16)
    17    0.111708    0.098028    0.149081    0.209827 ^ clkbuf_0_wb_clk_i/X (sky130_fd_sc_hd__clkbuf_16)
                                                         clknet_0_wb_clk_i (net)
                      0.098443    0.005161    0.214988 ^ clkbuf_3_7__f_wb_clk_i/A (sky130_fd_sc_hd__clkbuf_16)
    13    0.043379    0.047916    0.116045    0.331032 ^ clkbuf_3_7__f_wb_clk_i/X (sky130_fd_sc_hd__clkbuf_16)
                                                         clknet_3_7__leaf_wb_clk_i (net)
                      0.048388    0.003629    0.334661 ^ _749_/CLK (sky130_fd_sc_hd__dfxtp_2)
                                  0.250000    0.584661   clock uncertainty
                                  0.000000    0.584661   clock reconvergence pessimism
                                 -0.030486    0.554175   library hold time
                                              0.554175   data required time
---------------------------------------------------------------------------------------------
                                              0.554175   data required time
                                             -0.725617   data arrival time
---------------------------------------------------------------------------------------------
                                              0.171442   slack (MET)


Startpoint: _753_ (rising edge-triggered flip-flop clocked by wb_clk_i)
Endpoint: _753_ (rising edge-triggered flip-flop clocked by wb_clk_i)
Path Group: wb_clk_i
Path Type: min

Fanout         Cap        Slew       Delay        Time   Description
---------------------------------------------------------------------------------------------
                                  0.000000    0.000000   clock wb_clk_i (rise edge)
                                  0.000000    0.000000   clock source latency
     2    0.024579    0.087030    0.060746    0.060746 ^ wb_clk_i (in)
                                                         wb_clk_i (net)
                      0.087170    0.000000    0.060746 ^ clkbuf_0_wb_clk_i/A (sky130_fd_sc_hd__clkbuf_16)
    17    0.111708    0.098028    0.149081    0.209827 ^ clkbuf_0_wb_clk_i/X (sky130_fd_sc_hd__clkbuf_16)
                                                         clknet_0_wb_clk_i (net)
                      0.098783    0.006892    0.216719 ^ clkbuf_3_5__f_wb_clk_i/A (sky130_fd_sc_hd__clkbuf_16)
    14    0.046268    0.050010    0.117714    0.334433 ^ clkbuf_3_5__f_wb_clk_i/X (sky130_fd_sc_hd__clkbuf_16)
                                                         clknet_3_5__leaf_wb_clk_i (net)
                      0.050327    0.003004    0.337437 ^ _753_/CLK (sky130_fd_sc_hd__dfxtp_1)
     5    0.019881    0.068894    0.233602    0.571038 v _753_/Q (sky130_fd_sc_hd__dfxtp_1)
                                                         global_timeout_count[8] (net)
                      0.068923    0.001305    0.572344 v _603_/A (sky130_fd_sc_hd__xnor2_1)
     1    0.003268    0.040061    0.116441    0.688785 ^ _603_/Y (sky130_fd_sc_hd__xnor2_1)
                                                         _319_ (net)
                      0.040064    0.000227    0.689012 ^ _604_/A2 (sky130_fd_sc_hd__a21oi_1)
     1    0.002310    0.023864    0.035001    0.724013 v _604_/Y (sky130_fd_sc_hd__a21oi_1)
                                                         _125_ (net)
                      0.023864    0.000163    0.724176 v _753_/D (sky130_fd_sc_hd__dfxtp_1)
                                              0.724176   data arrival time

                                  0.000000    0.000000   clock wb_clk_i (rise edge)
                                  0.000000    0.000000   clock source latency
     2    0.024579    0.087030    0.060746    0.060746 ^ wb_clk_i (in)
                                                         wb_clk_i (net)
                      0.087170    0.000000    0.060746 ^ clkbuf_0_wb_clk_i/A (sky130_fd_sc_hd__clkbuf_16)
    17    0.111708    0.098028    0.149081    0.209827 ^ clkbuf_0_wb_clk_i/X (sky130_fd_sc_hd__clkbuf_16)
                                                         clknet_0_wb_clk_i (net)
                      0.098783    0.006892    0.216719 ^ clkbuf_3_5__f_wb_clk_i/A (sky130_fd_sc_hd__clkbuf_16)
    14    0.046268    0.050010    0.117714    0.334433 ^ clkbuf_3_5__f_wb_clk_i/X (sky130_fd_sc_hd__clkbuf_16)
                                                         clknet_3_5__leaf_wb_clk_i (net)
                      0.050327    0.003004    0.337437 ^ _753_/CLK (sky130_fd_sc_hd__dfxtp_1)
                                  0.250000    0.587437   clock uncertainty
                                  0.000000    0.587437   clock reconvergence pessimism
                                 -0.035365    0.552072   library hold time
                                              0.552072   data required time
---------------------------------------------------------------------------------------------
                                              0.552072   data required time
                                             -0.724176   data arrival time
---------------------------------------------------------------------------------------------
                                              0.172104   slack (MET)


Startpoint: _752_ (rising edge-triggered flip-flop clocked by wb_clk_i)
Endpoint: _752_ (rising edge-triggered flip-flop clocked by wb_clk_i)
Path Group: wb_clk_i
Path Type: min

Fanout         Cap        Slew       Delay        Time   Description
---------------------------------------------------------------------------------------------
                                  0.000000    0.000000   clock wb_clk_i (rise edge)
                                  0.000000    0.000000   clock source latency
     2    0.024579    0.087030    0.060746    0.060746 ^ wb_clk_i (in)
                                                         wb_clk_i (net)
                      0.087170    0.000000    0.060746 ^ clkbuf_0_wb_clk_i/A (sky130_fd_sc_hd__clkbuf_16)
    17    0.111708    0.098028    0.149081    0.209827 ^ clkbuf_0_wb_clk_i/X (sky130_fd_sc_hd__clkbuf_16)
                                                         clknet_0_wb_clk_i (net)
                      0.098783    0.006892    0.216719 ^ clkbuf_3_5__f_wb_clk_i/A (sky130_fd_sc_hd__clkbuf_16)
    14    0.046268    0.050010    0.117714    0.334433 ^ clkbuf_3_5__f_wb_clk_i/X (sky130_fd_sc_hd__clkbuf_16)
                                                         clknet_3_5__leaf_wb_clk_i (net)
                      0.050349    0.003117    0.337550 ^ _752_/CLK (sky130_fd_sc_hd__dfxtp_1)
     5    0.018809    0.065832    0.231488    0.569038 v _752_/Q (sky130_fd_sc_hd__dfxtp_1)
                                                         global_timeout_count[7] (net)
                      0.065843    0.000836    0.569874 v _600_/B1 (sky130_fd_sc_hd__a21oi_1)
     1    0.002245    0.044724    0.058709    0.628583 ^ _600_/Y (sky130_fd_sc_hd__a21oi_1)
                                                         _317_ (net)
                      0.044724    0.000148    0.628730 ^ _601_/B (sky130_fd_sc_hd__or2_1)
     1    0.003031    0.030291    0.062563    0.691293 ^ _601_/X (sky130_fd_sc_hd__or2_1)
                                                         _318_ (net)
                      0.030291    0.000144    0.691437 ^ _602_/A2 (sky130_fd_sc_hd__a21oi_1)
     1    0.002789    0.024536    0.034452    0.725889 v _602_/Y (sky130_fd_sc_hd__a21oi_1)
                                                         _124_ (net)
                      0.024536    0.000179    0.726068 v _752_/D (sky130_fd_sc_hd__dfxtp_1)
                                              0.726068   data arrival time

                                  0.000000    0.000000   clock wb_clk_i (rise edge)
                                  0.000000    0.000000   clock source latency
     2    0.024579    0.087030    0.060746    0.060746 ^ wb_clk_i (in)
                                                         wb_clk_i (net)
                      0.087170    0.000000    0.060746 ^ clkbuf_0_wb_clk_i/A (sky130_fd_sc_hd__clkbuf_16)
    17    0.111708    0.098028    0.149081    0.209827 ^ clkbuf_0_wb_clk_i/X (sky130_fd_sc_hd__clkbuf_16)
                                                         clknet_0_wb_clk_i (net)
                      0.098783    0.006892    0.216719 ^ clkbuf_3_5__f_wb_clk_i/A (sky130_fd_sc_hd__clkbuf_16)
    14    0.046268    0.050010    0.117714    0.334433 ^ clkbuf_3_5__f_wb_clk_i/X (sky130_fd_sc_hd__clkbuf_16)
                                                         clknet_3_5__leaf_wb_clk_i (net)
                      0.050349    0.003117    0.337550 ^ _752_/CLK (sky130_fd_sc_hd__dfxtp_1)
                                  0.250000    0.587550   clock uncertainty
                                  0.000000    0.587550   clock reconvergence pessimism
                                 -0.035591    0.551958   library hold time
                                              0.551958   data required time
---------------------------------------------------------------------------------------------
                                              0.551958   data required time
                                             -0.726068   data arrival time
---------------------------------------------------------------------------------------------
                                              0.174109   slack (MET)


Startpoint: _763_ (rising edge-triggered flip-flop clocked by wb_clk_i)
Endpoint: _763_ (rising edge-triggered flip-flop clocked by wb_clk_i)
Path Group: wb_clk_i
Path Type: min

Fanout         Cap        Slew       Delay        Time   Description
---------------------------------------------------------------------------------------------
                                  0.000000    0.000000   clock wb_clk_i (rise edge)
                                  0.000000    0.000000   clock source latency
     2    0.024579    0.087030    0.060746    0.060746 ^ wb_clk_i (in)
                                                         wb_clk_i (net)
                      0.087170    0.000000    0.060746 ^ clkbuf_0_wb_clk_i/A (sky130_fd_sc_hd__clkbuf_16)
    17    0.111708    0.098028    0.149081    0.209827 ^ clkbuf_0_wb_clk_i/X (sky130_fd_sc_hd__clkbuf_16)
                                                         clknet_0_wb_clk_i (net)
                      0.098487    0.005415    0.215242 ^ clkbuf_3_1__f_wb_clk_i/A (sky130_fd_sc_hd__clkbuf_16)
    15    0.046245    0.050051    0.118227    0.333469 ^ clkbuf_3_1__f_wb_clk_i/X (sky130_fd_sc_hd__clkbuf_16)
                                                         clknet_3_1__leaf_wb_clk_i (net)
                      0.050260    0.002255    0.335724 ^ _763_/CLK (sky130_fd_sc_hd__dfxtp_1)
     6    0.030060    0.099194    0.257499    0.593223 v _763_/Q (sky130_fd_sc_hd__dfxtp_1)
                                                         sticky_illegal_core (net)
                      0.099199    0.000807    0.594030 v _627_/A1 (sky130_fd_sc_hd__o21a_1)
     1    0.002231    0.016990    0.133829    0.727859 v _627_/X (sky130_fd_sc_hd__o21a_1)
                                                         _135_ (net)
                      0.016990    0.000106    0.727964 v _763_/D (sky130_fd_sc_hd__dfxtp_1)
                                              0.727964   data arrival time

                                  0.000000    0.000000   clock wb_clk_i (rise edge)
                                  0.000000    0.000000   clock source latency
     2    0.024579    0.087030    0.060746    0.060746 ^ wb_clk_i (in)
                                                         wb_clk_i (net)
                      0.087170    0.000000    0.060746 ^ clkbuf_0_wb_clk_i/A (sky130_fd_sc_hd__clkbuf_16)
    17    0.111708    0.098028    0.149081    0.209827 ^ clkbuf_0_wb_clk_i/X (sky130_fd_sc_hd__clkbuf_16)
                                                         clknet_0_wb_clk_i (net)
                      0.098487    0.005415    0.215242 ^ clkbuf_3_1__f_wb_clk_i/A (sky130_fd_sc_hd__clkbuf_16)
    15    0.046245    0.050051    0.118227    0.333469 ^ clkbuf_3_1__f_wb_clk_i/X (sky130_fd_sc_hd__clkbuf_16)
                                                         clknet_3_1__leaf_wb_clk_i (net)
                      0.050260    0.002255    0.335724 ^ _763_/CLK (sky130_fd_sc_hd__dfxtp_1)
                                  0.250000    0.585724   clock uncertainty
                                  0.000000    0.585724   clock reconvergence pessimism
                                 -0.033035    0.552689   library hold time
                                              0.552689   data required time
---------------------------------------------------------------------------------------------
                                              0.552689   data required time
                                             -0.727964   data arrival time
---------------------------------------------------------------------------------------------
                                              0.175276   slack (MET)


Startpoint: _711_ (rising edge-triggered flip-flop clocked by wb_clk_i)
Endpoint: _678_ (rising edge-triggered flip-flop clocked by wb_clk_i)
Path Group: wb_clk_i
Path Type: min

Fanout         Cap        Slew       Delay        Time   Description
---------------------------------------------------------------------------------------------
                                  0.000000    0.000000   clock wb_clk_i (rise edge)
                                  0.000000    0.000000   clock source latency
     2    0.024579    0.087030    0.060746    0.060746 ^ wb_clk_i (in)
                                                         wb_clk_i (net)
                      0.087170    0.000000    0.060746 ^ clkbuf_0_wb_clk_i/A (sky130_fd_sc_hd__clkbuf_16)
    17    0.111708    0.098028    0.149081    0.209827 ^ clkbuf_0_wb_clk_i/X (sky130_fd_sc_hd__clkbuf_16)
                                                         clknet_0_wb_clk_i (net)
                      0.098487    0.005415    0.215242 ^ clkbuf_3_1__f_wb_clk_i/A (sky130_fd_sc_hd__clkbuf_16)
    15    0.046245    0.050051    0.118227    0.333469 ^ clkbuf_3_1__f_wb_clk_i/X (sky130_fd_sc_hd__clkbuf_16)
                                                         clknet_3_1__leaf_wb_clk_i (net)
                      0.050094    0.001342    0.334811 ^ _711_/CLK (sky130_fd_sc_hd__dfxtp_1)
     5    0.011511    0.087108    0.231816    0.566628 ^ _711_/Q (sky130_fd_sc_hd__dfxtp_1)
                                                         group_state_bits[2] (net)
                      0.087110    0.000586    0.567214 ^ _391_/A (sky130_fd_sc_hd__and2_1)
     1    0.003459    0.037340    0.083908    0.651122 ^ _391_/X (sky130_fd_sc_hd__and2_1)
                                                         _178_ (net)
                      0.037349    0.000236    0.651358 ^ _393_/A1 (sky130_fd_sc_hd__o21a_1)
     1    0.006372    0.051384    0.089560    0.740918 ^ _393_/X (sky130_fd_sc_hd__o21a_1)
                                                         _035_ (net)
                      0.051385    0.000336    0.741253 ^ _678_/D (sky130_fd_sc_hd__dfrtp_1)
                                              0.741253   data arrival time

                                  0.000000    0.000000   clock wb_clk_i (rise edge)
                                  0.000000    0.000000   clock source latency
     2    0.024579    0.087030    0.060746    0.060746 ^ wb_clk_i (in)
                                                         wb_clk_i (net)
                      0.087170    0.000000    0.060746 ^ clkbuf_0_wb_clk_i/A (sky130_fd_sc_hd__clkbuf_16)
    17    0.111708    0.098028    0.149081    0.209827 ^ clkbuf_0_wb_clk_i/X (sky130_fd_sc_hd__clkbuf_16)
                                                         clknet_0_wb_clk_i (net)
                      0.098487    0.005415    0.215242 ^ clkbuf_3_1__f_wb_clk_i/A (sky130_fd_sc_hd__clkbuf_16)
    15    0.046245    0.050051    0.118227    0.333469 ^ clkbuf_3_1__f_wb_clk_i/X (sky130_fd_sc_hd__clkbuf_16)
                                                         clknet_3_1__leaf_wb_clk_i (net)
                      0.050307    0.002573    0.336042 ^ _678_/CLK (sky130_fd_sc_hd__dfrtp_1)
                                  0.250000    0.586042   clock uncertainty
                                  0.000000    0.586042   clock reconvergence pessimism
                                 -0.020817    0.565226   library hold time
                                              0.565226   data required time
---------------------------------------------------------------------------------------------
                                              0.565226   data required time
                                             -0.741253   data arrival time
---------------------------------------------------------------------------------------------
                                              0.176028   slack (MET)


Startpoint: _746_ (rising edge-triggered flip-flop clocked by wb_clk_i)
Endpoint: _746_ (rising edge-triggered flip-flop clocked by wb_clk_i)
Path Group: wb_clk_i
Path Type: min

Fanout         Cap        Slew       Delay        Time   Description
---------------------------------------------------------------------------------------------
                                  0.000000    0.000000   clock wb_clk_i (rise edge)
                                  0.000000    0.000000   clock source latency
     2    0.024579    0.087030    0.060746    0.060746 ^ wb_clk_i (in)
                                                         wb_clk_i (net)
                      0.087170    0.000000    0.060746 ^ clkbuf_0_wb_clk_i/A (sky130_fd_sc_hd__clkbuf_16)
    17    0.111708    0.098028    0.149081    0.209827 ^ clkbuf_0_wb_clk_i/X (sky130_fd_sc_hd__clkbuf_16)
                                                         clknet_0_wb_clk_i (net)
                      0.098783    0.006892    0.216719 ^ clkbuf_3_5__f_wb_clk_i/A (sky130_fd_sc_hd__clkbuf_16)
    14    0.046268    0.050010    0.117714    0.334433 ^ clkbuf_3_5__f_wb_clk_i/X (sky130_fd_sc_hd__clkbuf_16)
                                                         clknet_3_5__leaf_wb_clk_i (net)
                      0.050448    0.003591    0.338024 ^ _746_/CLK (sky130_fd_sc_hd__dfxtp_1)
     5    0.018003    0.063170    0.229484    0.567508 v _746_/Q (sky130_fd_sc_hd__dfxtp_1)
                                                         global_timeout_count[1] (net)
                      0.063184    0.000915    0.568423 v _584_/A (sky130_fd_sc_hd__xnor2_1)
     1    0.003746    0.043780    0.119297    0.687720 ^ _584_/Y (sky130_fd_sc_hd__xnor2_1)
                                                         _307_ (net)
                      0.043782    0.000289    0.688009 ^ _585_/A2 (sky130_fd_sc_hd__a21oi_1)
     1    0.003231    0.027505    0.039329    0.727338 v _585_/Y (sky130_fd_sc_hd__a21oi_1)
                                                         _118_ (net)
                      0.027505    0.000128    0.727466 v _746_/D (sky130_fd_sc_hd__dfxtp_1)
                                              0.727466   data arrival time

                                  0.000000    0.000000   clock wb_clk_i (rise edge)
                                  0.000000    0.000000   clock source latency
     2    0.024579    0.087030    0.060746    0.060746 ^ wb_clk_i (in)
                                                         wb_clk_i (net)
                      0.087170    0.000000    0.060746 ^ clkbuf_0_wb_clk_i/A (sky130_fd_sc_hd__clkbuf_16)
    17    0.111708    0.098028    0.149081    0.209827 ^ clkbuf_0_wb_clk_i/X (sky130_fd_sc_hd__clkbuf_16)
                                                         clknet_0_wb_clk_i (net)
                      0.098783    0.006892    0.216719 ^ clkbuf_3_5__f_wb_clk_i/A (sky130_fd_sc_hd__clkbuf_16)
    14    0.046268    0.050010    0.117714    0.334433 ^ clkbuf_3_5__f_wb_clk_i/X (sky130_fd_sc_hd__clkbuf_16)
                                                         clknet_3_5__leaf_wb_clk_i (net)
                      0.050448    0.003591    0.338024 ^ _746_/CLK (sky130_fd_sc_hd__dfxtp_1)
                                  0.250000    0.588024   clock uncertainty
                                  0.000000    0.588024   clock reconvergence pessimism
                                 -0.036590    0.551434   library hold time
                                              0.551434   data required time
---------------------------------------------------------------------------------------------
                                              0.551434   data required time
                                             -0.727466   data arrival time
---------------------------------------------------------------------------------------------
                                              0.176032   slack (MET)


Startpoint: _751_ (rising edge-triggered flip-flop clocked by wb_clk_i)
Endpoint: _751_ (rising edge-triggered flip-flop clocked by wb_clk_i)
Path Group: wb_clk_i
Path Type: min

Fanout         Cap        Slew       Delay        Time   Description
---------------------------------------------------------------------------------------------
                                  0.000000    0.000000   clock wb_clk_i (rise edge)
                                  0.000000    0.000000   clock source latency
     2    0.024579    0.087030    0.060746    0.060746 ^ wb_clk_i (in)
                                                         wb_clk_i (net)
                      0.087170    0.000000    0.060746 ^ clkbuf_0_wb_clk_i/A (sky130_fd_sc_hd__clkbuf_16)
    17    0.111708    0.098028    0.149081    0.209827 ^ clkbuf_0_wb_clk_i/X (sky130_fd_sc_hd__clkbuf_16)
                                                         clknet_0_wb_clk_i (net)
                      0.098783    0.006892    0.216719 ^ clkbuf_3_5__f_wb_clk_i/A (sky130_fd_sc_hd__clkbuf_16)
    14    0.046268    0.050010    0.117714    0.334433 ^ clkbuf_3_5__f_wb_clk_i/X (sky130_fd_sc_hd__clkbuf_16)
                                                         clknet_3_5__leaf_wb_clk_i (net)
                      0.050371    0.003227    0.337660 ^ _751_/CLK (sky130_fd_sc_hd__dfxtp_1)
     5    0.023148    0.079045    0.241777    0.579437 v _751_/Q (sky130_fd_sc_hd__dfxtp_1)
                                                         global_timeout_count[6] (net)
                      0.079054    0.000853    0.580290 v _597_/A (sky130_fd_sc_hd__xnor2_1)
     1    0.002622    0.035472    0.113399    0.693689 ^ _597_/Y (sky130_fd_sc_hd__xnor2_1)
                                                         _315_ (net)
                      0.035473    0.000123    0.693811 ^ _598_/A2 (sky130_fd_sc_hd__a21oi_1)
     1    0.002488    0.023985    0.034584    0.728395 v _598_/Y (sky130_fd_sc_hd__a21oi_1)
                                                         _123_ (net)
                      0.023986    0.000170    0.728565 v _751_/D (sky130_fd_sc_hd__dfxtp_1)
                                              0.728565   data arrival time

                                  0.000000    0.000000   clock wb_clk_i (rise edge)
                                  0.000000    0.000000   clock source latency
     2    0.024579    0.087030    0.060746    0.060746 ^ wb_clk_i (in)
                                                         wb_clk_i (net)
                      0.087170    0.000000    0.060746 ^ clkbuf_0_wb_clk_i/A (sky130_fd_sc_hd__clkbuf_16)
    17    0.111708    0.098028    0.149081    0.209827 ^ clkbuf_0_wb_clk_i/X (sky130_fd_sc_hd__clkbuf_16)
                                                         clknet_0_wb_clk_i (net)
                      0.098783    0.006892    0.216719 ^ clkbuf_3_5__f_wb_clk_i/A (sky130_fd_sc_hd__clkbuf_16)
    14    0.046268    0.050010    0.117714    0.334433 ^ clkbuf_3_5__f_wb_clk_i/X (sky130_fd_sc_hd__clkbuf_16)
                                                         clknet_3_5__leaf_wb_clk_i (net)
                      0.050371    0.003227    0.337660 ^ _751_/CLK (sky130_fd_sc_hd__dfxtp_1)
                                  0.250000    0.587660   clock uncertainty
                                  0.000000    0.587660   clock reconvergence pessimism
                                 -0.035402    0.552258   library hold time
                                              0.552258   data required time
---------------------------------------------------------------------------------------------
                                              0.552258   data required time
                                             -0.728565   data arrival time
---------------------------------------------------------------------------------------------
                                              0.176307   slack (MET)


Startpoint: _713_ (rising edge-triggered flip-flop clocked by wb_clk_i)
Endpoint: _671_ (rising edge-triggered flip-flop clocked by wb_clk_i)
Path Group: wb_clk_i
Path Type: min

Fanout         Cap        Slew       Delay        Time   Description
---------------------------------------------------------------------------------------------
                                  0.000000    0.000000   clock wb_clk_i (rise edge)
                                  0.000000    0.000000   clock source latency
     2    0.024579    0.087030    0.060746    0.060746 ^ wb_clk_i (in)
                                                         wb_clk_i (net)
                      0.087170    0.000000    0.060746 ^ clkbuf_0_wb_clk_i/A (sky130_fd_sc_hd__clkbuf_16)
    17    0.111708    0.098028    0.149081    0.209827 ^ clkbuf_0_wb_clk_i/X (sky130_fd_sc_hd__clkbuf_16)
                                                         clknet_0_wb_clk_i (net)
                      0.098487    0.005415    0.215242 ^ clkbuf_3_1__f_wb_clk_i/A (sky130_fd_sc_hd__clkbuf_16)
    15    0.046245    0.050051    0.118227    0.333469 ^ clkbuf_3_1__f_wb_clk_i/X (sky130_fd_sc_hd__clkbuf_16)
                                                         clknet_3_1__leaf_wb_clk_i (net)
                      0.050234    0.002059    0.335528 ^ _713_/CLK (sky130_fd_sc_hd__dfrtp_1)
     3    0.012333    0.088584    0.248474    0.584002 ^ _713_/Q (sky130_fd_sc_hd__dfrtp_1)
                                                         sw_sticky_tamper (net)
                      0.088587    0.000639    0.584641 ^ _371_/A1 (sky130_fd_sc_hd__a22o_1)
     1    0.003317    0.033767    0.085048    0.669689 ^ _371_/X (sky130_fd_sc_hd__a22o_1)
                                                         _165_ (net)
                      0.033768    0.000233    0.669921 ^ _372_/A2 (sky130_fd_sc_hd__o21a_1)
     1    0.005800    0.047544    0.077438    0.747359 ^ _372_/X (sky130_fd_sc_hd__o21a_1)
                                                         _006_ (net)
                      0.047545    0.000322    0.747681 ^ _671_/D (sky130_fd_sc_hd__dfrtp_1)
                                              0.747681   data arrival time

                                  0.000000    0.000000   clock wb_clk_i (rise edge)
                                  0.000000    0.000000   clock source latency
     2    0.024579    0.087030    0.060746    0.060746 ^ wb_clk_i (in)
                                                         wb_clk_i (net)
                      0.087170    0.000000    0.060746 ^ clkbuf_0_wb_clk_i/A (sky130_fd_sc_hd__clkbuf_16)
    17    0.111708    0.098028    0.149081    0.209827 ^ clkbuf_0_wb_clk_i/X (sky130_fd_sc_hd__clkbuf_16)
                                                         clknet_0_wb_clk_i (net)
                      0.098617    0.006108    0.215935 ^ clkbuf_3_4__f_wb_clk_i/A (sky130_fd_sc_hd__clkbuf_16)
    12    0.046104    0.049929    0.117812    0.333747 ^ clkbuf_3_4__f_wb_clk_i/X (sky130_fd_sc_hd__clkbuf_16)
                                                         clknet_3_4__leaf_wb_clk_i (net)
                      0.050215    0.002881    0.336628 ^ _671_/CLK (sky130_fd_sc_hd__dfrtp_1)
                                  0.250000    0.586628   clock uncertainty
                                  0.000000    0.586628   clock reconvergence pessimism
                                 -0.020530    0.566098   library hold time
                                              0.566098   data required time
---------------------------------------------------------------------------------------------
                                              0.566098   data required time
                                             -0.747681   data arrival time
---------------------------------------------------------------------------------------------
                                              0.181583   slack (MET)


Startpoint: _714_ (rising edge-triggered flip-flop clocked by wb_clk_i)
Endpoint: _672_ (rising edge-triggered flip-flop clocked by wb_clk_i)
Path Group: wb_clk_i
Path Type: min

Fanout         Cap        Slew       Delay        Time   Description
---------------------------------------------------------------------------------------------
                                  0.000000    0.000000   clock wb_clk_i (rise edge)
                                  0.000000    0.000000   clock source latency
     2    0.024579    0.087030    0.060746    0.060746 ^ wb_clk_i (in)
                                                         wb_clk_i (net)
                      0.087170    0.000000    0.060746 ^ clkbuf_0_wb_clk_i/A (sky130_fd_sc_hd__clkbuf_16)
    17    0.111708    0.098028    0.149081    0.209827 ^ clkbuf_0_wb_clk_i/X (sky130_fd_sc_hd__clkbuf_16)
                                                         clknet_0_wb_clk_i (net)
                      0.098617    0.006108    0.215935 ^ clkbuf_3_4__f_wb_clk_i/A (sky130_fd_sc_hd__clkbuf_16)
    12    0.046104    0.049929    0.117812    0.333747 ^ clkbuf_3_4__f_wb_clk_i/X (sky130_fd_sc_hd__clkbuf_16)
                                                         clknet_3_4__leaf_wb_clk_i (net)
                      0.050286    0.003257    0.337004 ^ _714_/CLK (sky130_fd_sc_hd__dfrtp_1)
     3    0.008090    0.062935    0.228654    0.565658 ^ _714_/Q (sky130_fd_sc_hd__dfrtp_1)
                                                         sw_sticky_illegal (net)
                      0.062935    0.000271    0.565929 ^ _374_/A1 (sky130_fd_sc_hd__a22o_1)
     1    0.006994    0.058241    0.098345    0.664274 ^ _374_/X (sky130_fd_sc_hd__a22o_1)
                                                         _167_ (net)
                      0.058246    0.000569    0.664843 ^ _375_/A2 (sky130_fd_sc_hd__o21a_1)
     1    0.005958    0.048632    0.082811    0.747654 ^ _375_/X (sky130_fd_sc_hd__o21a_1)
                                                         _017_ (net)
                      0.048634    0.000415    0.748070 ^ _672_/D (sky130_fd_sc_hd__dfrtp_1)
                                              0.748070   data arrival time

                                  0.000000    0.000000   clock wb_clk_i (rise edge)
                                  0.000000    0.000000   clock source latency
     2    0.024579    0.087030    0.060746    0.060746 ^ wb_clk_i (in)
                                                         wb_clk_i (net)
                      0.087170    0.000000    0.060746 ^ clkbuf_0_wb_clk_i/A (sky130_fd_sc_hd__clkbuf_16)
    17    0.111708    0.098028    0.149081    0.209827 ^ clkbuf_0_wb_clk_i/X (sky130_fd_sc_hd__clkbuf_16)
                                                         clknet_0_wb_clk_i (net)
                      0.098617    0.006108    0.215935 ^ clkbuf_3_4__f_wb_clk_i/A (sky130_fd_sc_hd__clkbuf_16)
    12    0.046104    0.049929    0.117812    0.333747 ^ clkbuf_3_4__f_wb_clk_i/X (sky130_fd_sc_hd__clkbuf_16)
                                                         clknet_3_4__leaf_wb_clk_i (net)
                      0.050140    0.002438    0.336185 ^ _672_/CLK (sky130_fd_sc_hd__dfrtp_1)
                                  0.250000    0.586185   clock uncertainty
                                  0.000000    0.586185   clock reconvergence pessimism
                                 -0.020614    0.565571   library hold time
                                              0.565571   data required time
---------------------------------------------------------------------------------------------
                                              0.565571   data required time
                                             -0.748070   data arrival time
---------------------------------------------------------------------------------------------
                                              0.182499   slack (MET)


Startpoint: _716_ (rising edge-triggered flip-flop clocked by wb_clk_i)
Endpoint: _674_ (rising edge-triggered flip-flop clocked by wb_clk_i)
Path Group: wb_clk_i
Path Type: min

Fanout         Cap        Slew       Delay        Time   Description
---------------------------------------------------------------------------------------------
                                  0.000000    0.000000   clock wb_clk_i (rise edge)
                                  0.000000    0.000000   clock source latency
     2    0.024579    0.087030    0.060746    0.060746 ^ wb_clk_i (in)
                                                         wb_clk_i (net)
                      0.087170    0.000000    0.060746 ^ clkbuf_0_wb_clk_i/A (sky130_fd_sc_hd__clkbuf_16)
    17    0.111708    0.098028    0.149081    0.209827 ^ clkbuf_0_wb_clk_i/X (sky130_fd_sc_hd__clkbuf_16)
                                                         clknet_0_wb_clk_i (net)
                      0.098617    0.006108    0.215935 ^ clkbuf_3_4__f_wb_clk_i/A (sky130_fd_sc_hd__clkbuf_16)
    12    0.046104    0.049929    0.117812    0.333747 ^ clkbuf_3_4__f_wb_clk_i/X (sky130_fd_sc_hd__clkbuf_16)
                                                         clknet_3_4__leaf_wb_clk_i (net)
                      0.050145    0.002467    0.336213 ^ _716_/CLK (sky130_fd_sc_hd__dfrtp_1)
     3    0.010209    0.075634    0.238657    0.574871 ^ _716_/Q (sky130_fd_sc_hd__dfrtp_1)
                                                         sw_sticky_breach (net)
                      0.075637    0.000611    0.575482 ^ _380_/A1 (sky130_fd_sc_hd__a22o_1)
     1    0.003809    0.037240    0.085227    0.660709 ^ _380_/X (sky130_fd_sc_hd__a22o_1)
                                                         _171_ (net)
                      0.037241    0.000254    0.660963 ^ _381_/A2 (sky130_fd_sc_hd__o21a_1)
     1    0.007739    0.060599    0.087454    0.748417 ^ _381_/X (sky130_fd_sc_hd__o21a_1)
                                                         _031_ (net)
                      0.060605    0.000645    0.749063 ^ _674_/D (sky130_fd_sc_hd__dfrtp_1)
                                              0.749063   data arrival time

                                  0.000000    0.000000   clock wb_clk_i (rise edge)
                                  0.000000    0.000000   clock source latency
     2    0.024579    0.087030    0.060746    0.060746 ^ wb_clk_i (in)
                                                         wb_clk_i (net)
                      0.087170    0.000000    0.060746 ^ clkbuf_0_wb_clk_i/A (sky130_fd_sc_hd__clkbuf_16)
    17    0.111708    0.098028    0.149081    0.209827 ^ clkbuf_0_wb_clk_i/X (sky130_fd_sc_hd__clkbuf_16)
                                                         clknet_0_wb_clk_i (net)
                      0.098783    0.006892    0.216719 ^ clkbuf_3_5__f_wb_clk_i/A (sky130_fd_sc_hd__clkbuf_16)
    14    0.046268    0.050010    0.117714    0.334433 ^ clkbuf_3_5__f_wb_clk_i/X (sky130_fd_sc_hd__clkbuf_16)
                                                         clknet_3_5__leaf_wb_clk_i (net)
                      0.050364    0.003194    0.337626 ^ _674_/CLK (sky130_fd_sc_hd__dfrtp_1)
                                  0.250000    0.587626   clock uncertainty
                                  0.000000    0.587626   clock reconvergence pessimism
                                 -0.021510    0.566117   library hold time
                                              0.566117   data required time
---------------------------------------------------------------------------------------------
                                              0.566117   data required time
                                             -0.749063   data arrival time
---------------------------------------------------------------------------------------------
                                              0.182946   slack (MET)


Startpoint: _758_ (rising edge-triggered flip-flop clocked by wb_clk_i)
Endpoint: _684_ (rising edge-triggered flip-flop clocked by wb_clk_i)
Path Group: wb_clk_i
Path Type: min

Fanout         Cap        Slew       Delay        Time   Description
---------------------------------------------------------------------------------------------
                                  0.000000    0.000000   clock wb_clk_i (rise edge)
                                  0.000000    0.000000   clock source latency
     2    0.024579    0.087030    0.060746    0.060746 ^ wb_clk_i (in)
                                                         wb_clk_i (net)
                      0.087170    0.000000    0.060746 ^ clkbuf_0_wb_clk_i/A (sky130_fd_sc_hd__clkbuf_16)
    17    0.111708    0.098028    0.149081    0.209827 ^ clkbuf_0_wb_clk_i/X (sky130_fd_sc_hd__clkbuf_16)
                                                         clknet_0_wb_clk_i (net)
                      0.098443    0.005161    0.214988 ^ clkbuf_3_7__f_wb_clk_i/A (sky130_fd_sc_hd__clkbuf_16)
    13    0.043379    0.047916    0.116045    0.331032 ^ clkbuf_3_7__f_wb_clk_i/X (sky130_fd_sc_hd__clkbuf_16)
                                                         clknet_3_7__leaf_wb_clk_i (net)
                      0.048510    0.004142    0.335175 ^ _758_/CLK (sky130_fd_sc_hd__dfxtp_1)
     5    0.020459    0.148204    0.273904    0.609078 ^ _758_/Q (sky130_fd_sc_hd__dfxtp_1)
                                                         global_timeout_count[13] (net)
                      0.148209    0.001093    0.610172 ^ _410_/A1 (sky130_fd_sc_hd__o221a_1)
     1    0.007257    0.063616    0.134407    0.744578 ^ _410_/X (sky130_fd_sc_hd__o221a_1)
                                                         _010_ (net)
                      0.063617    0.000402    0.744981 ^ _684_/D (sky130_fd_sc_hd__dfrtp_1)
                                              0.744981   data arrival time

                                  0.000000    0.000000   clock wb_clk_i (rise edge)
                                  0.000000    0.000000   clock source latency
     2    0.024579    0.087030    0.060746    0.060746 ^ wb_clk_i (in)
                                                         wb_clk_i (net)
                      0.087170    0.000000    0.060746 ^ clkbuf_0_wb_clk_i/A (sky130_fd_sc_hd__clkbuf_16)
    17    0.111708    0.098028    0.149081    0.209827 ^ clkbuf_0_wb_clk_i/X (sky130_fd_sc_hd__clkbuf_16)
                                                         clknet_0_wb_clk_i (net)
                      0.098443    0.005161    0.214988 ^ clkbuf_3_7__f_wb_clk_i/A (sky130_fd_sc_hd__clkbuf_16)
    13    0.043379    0.047916    0.116045    0.331032 ^ clkbuf_3_7__f_wb_clk_i/X (sky130_fd_sc_hd__clkbuf_16)
                                                         clknet_3_7__leaf_wb_clk_i (net)
                      0.048202    0.002726    0.333758 ^ _684_/CLK (sky130_fd_sc_hd__dfrtp_1)
                                  0.250000    0.583758   clock uncertainty
                                  0.000000    0.583758   clock reconvergence pessimism
                                 -0.021795    0.561963   library hold time
                                              0.561963   data required time
---------------------------------------------------------------------------------------------
                                              0.561963   data required time
                                             -0.744981   data arrival time
---------------------------------------------------------------------------------------------
                                              0.183017   slack (MET)


Startpoint: _755_ (rising edge-triggered flip-flop clocked by wb_clk_i)
Endpoint: _681_ (rising edge-triggered flip-flop clocked by wb_clk_i)
Path Group: wb_clk_i
Path Type: min

Fanout         Cap        Slew       Delay        Time   Description
---------------------------------------------------------------------------------------------
                                  0.000000    0.000000   clock wb_clk_i (rise edge)
                                  0.000000    0.000000   clock source latency
     2    0.024579    0.087030    0.060746    0.060746 ^ wb_clk_i (in)
                                                         wb_clk_i (net)
                      0.087170    0.000000    0.060746 ^ clkbuf_0_wb_clk_i/A (sky130_fd_sc_hd__clkbuf_16)
    17    0.111708    0.098028    0.149081    0.209827 ^ clkbuf_0_wb_clk_i/X (sky130_fd_sc_hd__clkbuf_16)
                                                         clknet_0_wb_clk_i (net)
                      0.098443    0.005161    0.214988 ^ clkbuf_3_7__f_wb_clk_i/A (sky130_fd_sc_hd__clkbuf_16)
    13    0.043379    0.047916    0.116045    0.331032 ^ clkbuf_3_7__f_wb_clk_i/X (sky130_fd_sc_hd__clkbuf_16)
                                                         clknet_3_7__leaf_wb_clk_i (net)
                      0.048147    0.002421    0.333454 ^ _755_/CLK (sky130_fd_sc_hd__dfxtp_2)
     8    0.029692    0.115921    0.261843    0.595296 ^ _755_/Q (sky130_fd_sc_hd__dfxtp_2)
                                                         global_timeout_count[10] (net)
                      0.115997    0.002719    0.598016 ^ _405_/A1 (sky130_fd_sc_hd__a22o_1)
     1    0.002113    0.026288    0.083720    0.681735 ^ _405_/X (sky130_fd_sc_hd__a22o_1)
                                                         _189_ (net)
                      0.026288    0.000097    0.681832 ^ _406_/B (sky130_fd_sc_hd__and2_1)
     1    0.002523    0.030770    0.069102    0.750934 ^ _406_/X (sky130_fd_sc_hd__and2_1)
                                                         _007_ (net)
                      0.030770    0.000115    0.751049 ^ _681_/D (sky130_fd_sc_hd__dfrtp_1)
                                              0.751049   data arrival time

                                  0.000000    0.000000   clock wb_clk_i (rise edge)
                                  0.000000    0.000000   clock source latency
     2    0.024579    0.087030    0.060746    0.060746 ^ wb_clk_i (in)
                                                         wb_clk_i (net)
                      0.087170    0.000000    0.060746 ^ clkbuf_0_wb_clk_i/A (sky130_fd_sc_hd__clkbuf_16)
    17    0.111708    0.098028    0.149081    0.209827 ^ clkbuf_0_wb_clk_i/X (sky130_fd_sc_hd__clkbuf_16)
                                                         clknet_0_wb_clk_i (net)
                      0.098336    0.004468    0.214295 ^ clkbuf_3_6__f_wb_clk_i/A (sky130_fd_sc_hd__clkbuf_16)
    10    0.045967    0.049824    0.117870    0.332165 ^ clkbuf_3_6__f_wb_clk_i/X (sky130_fd_sc_hd__clkbuf_16)
                                                         clknet_3_6__leaf_wb_clk_i (net)
                      0.049939    0.001417    0.333582 ^ _681_/CLK (sky130_fd_sc_hd__dfrtp_1)
                                  0.250000    0.583582   clock uncertainty
                                  0.000000    0.583582   clock reconvergence pessimism
                                 -0.019273    0.564309   library hold time
                                              0.564309   data required time
---------------------------------------------------------------------------------------------
                                              0.564309   data required time
                                             -0.751049   data arrival time
---------------------------------------------------------------------------------------------
                                              0.186740   slack (MET)


Startpoint: _747_ (rising edge-triggered flip-flop clocked by wb_clk_i)
Endpoint: _673_ (rising edge-triggered flip-flop clocked by wb_clk_i)
Path Group: wb_clk_i
Path Type: min

Fanout         Cap        Slew       Delay        Time   Description
---------------------------------------------------------------------------------------------
                                  0.000000    0.000000   clock wb_clk_i (rise edge)
                                  0.000000    0.000000   clock source latency
     2    0.024579    0.087030    0.060746    0.060746 ^ wb_clk_i (in)
                                                         wb_clk_i (net)
                      0.087170    0.000000    0.060746 ^ clkbuf_0_wb_clk_i/A (sky130_fd_sc_hd__clkbuf_16)
    17    0.111708    0.098028    0.149081    0.209827 ^ clkbuf_0_wb_clk_i/X (sky130_fd_sc_hd__clkbuf_16)
                                                         clknet_0_wb_clk_i (net)
                      0.098617    0.006108    0.215935 ^ clkbuf_3_4__f_wb_clk_i/A (sky130_fd_sc_hd__clkbuf_16)
    12    0.046104    0.049929    0.117812    0.333747 ^ clkbuf_3_4__f_wb_clk_i/X (sky130_fd_sc_hd__clkbuf_16)
                                                         clknet_3_4__leaf_wb_clk_i (net)
                      0.050136    0.002415    0.336162 ^ _747_/CLK (sky130_fd_sc_hd__dfxtp_1)
     4    0.011243    0.085261    0.230656    0.566818 ^ _747_/Q (sky130_fd_sc_hd__dfxtp_1)
                                                         global_timeout_count[2] (net)
                      0.085262    0.000464    0.567282 ^ _376_/A (sky130_fd_sc_hd__and3_1)
     1    0.002594    0.033469    0.091201    0.658483 ^ _376_/X (sky130_fd_sc_hd__and3_1)
                                                         _168_ (net)
                      0.033470    0.000120    0.658603 ^ _378_/A1 (sky130_fd_sc_hd__o21a_1)
     1    0.007376    0.058053    0.093670    0.752273 ^ _378_/X (sky130_fd_sc_hd__o21a_1)
                                                         _028_ (net)
                      0.058054    0.000396    0.752669 ^ _673_/D (sky130_fd_sc_hd__dfrtp_1)
                                              0.752669   data arrival time

                                  0.000000    0.000000   clock wb_clk_i (rise edge)
                                  0.000000    0.000000   clock source latency
     2    0.024579    0.087030    0.060746    0.060746 ^ wb_clk_i (in)
                                                         wb_clk_i (net)
                      0.087170    0.000000    0.060746 ^ clkbuf_0_wb_clk_i/A (sky130_fd_sc_hd__clkbuf_16)
    17    0.111708    0.098028    0.149081    0.209827 ^ clkbuf_0_wb_clk_i/X (sky130_fd_sc_hd__clkbuf_16)
                                                         clknet_0_wb_clk_i (net)
                      0.098617    0.006108    0.215935 ^ clkbuf_3_4__f_wb_clk_i/A (sky130_fd_sc_hd__clkbuf_16)
    12    0.046104    0.049929    0.117812    0.333747 ^ clkbuf_3_4__f_wb_clk_i/X (sky130_fd_sc_hd__clkbuf_16)
                                                         clknet_3_4__leaf_wb_clk_i (net)
                      0.050154    0.002525    0.336272 ^ _673_/CLK (sky130_fd_sc_hd__dfrtp_1)
                                  0.250000    0.586272   clock uncertainty
                                  0.000000    0.586272   clock reconvergence pessimism
                                 -0.021323    0.564949   library hold time
                                              0.564949   data required time
---------------------------------------------------------------------------------------------
                                              0.564949   data required time
                                             -0.752669   data arrival time
---------------------------------------------------------------------------------------------
                                              0.187720   slack (MET)


Startpoint: _763_ (rising edge-triggered flip-flop clocked by wb_clk_i)
Endpoint: _741_ (rising edge-triggered flip-flop clocked by wb_clk_i)
Path Group: wb_clk_i
Path Type: min

Fanout         Cap        Slew       Delay        Time   Description
---------------------------------------------------------------------------------------------
                                  0.000000    0.000000   clock wb_clk_i (rise edge)
                                  0.000000    0.000000   clock source latency
     2    0.024579    0.087030    0.060746    0.060746 ^ wb_clk_i (in)
                                                         wb_clk_i (net)
                      0.087170    0.000000    0.060746 ^ clkbuf_0_wb_clk_i/A (sky130_fd_sc_hd__clkbuf_16)
    17    0.111708    0.098028    0.149081    0.209827 ^ clkbuf_0_wb_clk_i/X (sky130_fd_sc_hd__clkbuf_16)
                                                         clknet_0_wb_clk_i (net)
                      0.098487    0.005415    0.215242 ^ clkbuf_3_1__f_wb_clk_i/A (sky130_fd_sc_hd__clkbuf_16)
    15    0.046245    0.050051    0.118227    0.333469 ^ clkbuf_3_1__f_wb_clk_i/X (sky130_fd_sc_hd__clkbuf_16)
                                                         clknet_3_1__leaf_wb_clk_i (net)
                      0.050260    0.002255    0.335724 ^ _763_/CLK (sky130_fd_sc_hd__dfxtp_1)
     6    0.031753    0.225780    0.327459    0.663183 ^ _763_/Q (sky130_fd_sc_hd__dfxtp_1)
                                                         sticky_illegal_core (net)
                      0.225817    0.002898    0.666081 ^ _554_/A1 (sky130_fd_sc_hd__o31a_1)
     1    0.002207    0.028583    0.095122    0.761203 ^ _554_/X (sky130_fd_sc_hd__o31a_1)
                                                         _113_ (net)
                      0.028583    0.000161    0.761364 ^ _741_/D (sky130_fd_sc_hd__dfxtp_1)
                                              0.761364   data arrival time

                                  0.000000    0.000000   clock wb_clk_i (rise edge)
                                  0.000000    0.000000   clock source latency
     2    0.024579    0.087030    0.060746    0.060746 ^ wb_clk_i (in)
                                                         wb_clk_i (net)
                      0.087170    0.000000    0.060746 ^ clkbuf_0_wb_clk_i/A (sky130_fd_sc_hd__clkbuf_16)
    17    0.111708    0.098028    0.149081    0.209827 ^ clkbuf_0_wb_clk_i/X (sky130_fd_sc_hd__clkbuf_16)
                                                         clknet_0_wb_clk_i (net)
                      0.098617    0.006108    0.215935 ^ clkbuf_3_4__f_wb_clk_i/A (sky130_fd_sc_hd__clkbuf_16)
    12    0.046104    0.049929    0.117812    0.333747 ^ clkbuf_3_4__f_wb_clk_i/X (sky130_fd_sc_hd__clkbuf_16)
                                                         clknet_3_4__leaf_wb_clk_i (net)
                      0.050319    0.003420    0.337167 ^ _741_/CLK (sky130_fd_sc_hd__dfxtp_1)
                                  0.250000    0.587167   clock uncertainty
                                  0.000000    0.587167   clock reconvergence pessimism
                                 -0.016668    0.570498   library hold time
                                              0.570498   data required time
---------------------------------------------------------------------------------------------
                                              0.570498   data required time
                                             -0.761364   data arrival time
---------------------------------------------------------------------------------------------
                                              0.190866   slack (MET)


Startpoint: _709_ (rising edge-triggered flip-flop clocked by wb_clk_i)
Endpoint: _676_ (rising edge-triggered flip-flop clocked by wb_clk_i)
Path Group: wb_clk_i
Path Type: min

Fanout         Cap        Slew       Delay        Time   Description
---------------------------------------------------------------------------------------------
                                  0.000000    0.000000   clock wb_clk_i (rise edge)
                                  0.000000    0.000000   clock source latency
     2    0.024579    0.087030    0.060746    0.060746 ^ wb_clk_i (in)
                                                         wb_clk_i (net)
                      0.087170    0.000000    0.060746 ^ clkbuf_0_wb_clk_i/A (sky130_fd_sc_hd__clkbuf_16)
    17    0.111708    0.098028    0.149081    0.209827 ^ clkbuf_0_wb_clk_i/X (sky130_fd_sc_hd__clkbuf_16)
                                                         clknet_0_wb_clk_i (net)
                      0.098487    0.005415    0.215242 ^ clkbuf_3_1__f_wb_clk_i/A (sky130_fd_sc_hd__clkbuf_16)
    15    0.046245    0.050051    0.118227    0.333469 ^ clkbuf_3_1__f_wb_clk_i/X (sky130_fd_sc_hd__clkbuf_16)
                                                         clknet_3_1__leaf_wb_clk_i (net)
                      0.050084    0.001218    0.334687 ^ _709_/CLK (sky130_fd_sc_hd__dfxtp_1)
     5    0.013590    0.101319    0.241524    0.576211 ^ _709_/Q (sky130_fd_sc_hd__dfxtp_1)
                                                         group_state_bits[0] (net)
                      0.101329    0.001029    0.577240 ^ _386_/B2 (sky130_fd_sc_hd__a22o_1)
     1    0.006314    0.053203    0.096002    0.673242 ^ _386_/X (sky130_fd_sc_hd__a22o_1)
                                                         _175_ (net)
                      0.053207    0.000497    0.673739 ^ _387_/A2 (sky130_fd_sc_hd__o21a_1)
     1    0.006380    0.051410    0.084209    0.757948 ^ _387_/X (sky130_fd_sc_hd__o21a_1)
                                                         _033_ (net)
                      0.051415    0.000513    0.758461 ^ _676_/D (sky130_fd_sc_hd__dfrtp_1)
                                              0.758461   data arrival time

                                  0.000000    0.000000   clock wb_clk_i (rise edge)
                                  0.000000    0.000000   clock source latency
     2    0.024579    0.087030    0.060746    0.060746 ^ wb_clk_i (in)
                                                         wb_clk_i (net)
                      0.087170    0.000000    0.060746 ^ clkbuf_0_wb_clk_i/A (sky130_fd_sc_hd__clkbuf_16)
    17    0.111708    0.098028    0.149081    0.209827 ^ clkbuf_0_wb_clk_i/X (sky130_fd_sc_hd__clkbuf_16)
                                                         clknet_0_wb_clk_i (net)
                      0.098783    0.006892    0.216719 ^ clkbuf_3_5__f_wb_clk_i/A (sky130_fd_sc_hd__clkbuf_16)
    14    0.046268    0.050010    0.117714    0.334433 ^ clkbuf_3_5__f_wb_clk_i/X (sky130_fd_sc_hd__clkbuf_16)
                                                         clknet_3_5__leaf_wb_clk_i (net)
                      0.050213    0.002361    0.336793 ^ _676_/CLK (sky130_fd_sc_hd__dfrtp_1)
                                  0.250000    0.586794   clock uncertainty
                                  0.000000    0.586794   clock reconvergence pessimism
                                 -0.020821    0.565972   library hold time
                                              0.565972   data required time
---------------------------------------------------------------------------------------------
                                              0.565972   data required time
                                             -0.758461   data arrival time
---------------------------------------------------------------------------------------------
                                              0.192489   slack (MET)


Startpoint: _729_ (rising edge-triggered flip-flop clocked by wb_clk_i)
Endpoint: _729_ (rising edge-triggered flip-flop clocked by wb_clk_i)
Path Group: wb_clk_i
Path Type: min

Fanout         Cap        Slew       Delay        Time   Description
---------------------------------------------------------------------------------------------
                                  0.000000    0.000000   clock wb_clk_i (rise edge)
                                  0.000000    0.000000   clock source latency
     2    0.024579    0.087030    0.060746    0.060746 ^ wb_clk_i (in)
                                                         wb_clk_i (net)
                      0.087170    0.000000    0.060746 ^ clkbuf_0_wb_clk_i/A (sky130_fd_sc_hd__clkbuf_16)
    17    0.111708    0.098028    0.149081    0.209827 ^ clkbuf_0_wb_clk_i/X (sky130_fd_sc_hd__clkbuf_16)
                                                         clknet_0_wb_clk_i (net)
                      0.098361    0.004638    0.214465 ^ clkbuf_3_2__f_wb_clk_i/A (sky130_fd_sc_hd__clkbuf_16)
    14    0.046331    0.050086    0.118056    0.332521 ^ clkbuf_3_2__f_wb_clk_i/X (sky130_fd_sc_hd__clkbuf_16)
                                                         clknet_3_2__leaf_wb_clk_i (net)
                      0.050389    0.002804    0.335325 ^ _729_/CLK (sky130_fd_sc_hd__dfxtp_1)
     7    0.025542    0.086170    0.246387    0.581712 v _729_/Q (sky130_fd_sc_hd__dfxtp_1)
                                                         group_timeout_count[10] (net)
                      0.086260    0.002495    0.584207 v _530_/A (sky130_fd_sc_hd__nand2_1)
     3    0.008458    0.068416    0.085996    0.670203 ^ _530_/Y (sky130_fd_sc_hd__nand2_1)
                                                         _270_ (net)
                      0.068416    0.000315    0.670517 ^ _532_/B (sky130_fd_sc_hd__and3_1)
     1    0.002927    0.034951    0.093640    0.764157 ^ _532_/X (sky130_fd_sc_hd__and3_1)
                                                         _101_ (net)
                      0.034951    0.000120    0.764278 ^ _729_/D (sky130_fd_sc_hd__dfxtp_1)
                                              0.764278   data arrival time

                                  0.000000    0.000000   clock wb_clk_i (rise edge)
                                  0.000000    0.000000   clock source latency
     2    0.024579    0.087030    0.060746    0.060746 ^ wb_clk_i (in)
                                                         wb_clk_i (net)
                      0.087170    0.000000    0.060746 ^ clkbuf_0_wb_clk_i/A (sky130_fd_sc_hd__clkbuf_16)
    17    0.111708    0.098028    0.149081    0.209827 ^ clkbuf_0_wb_clk_i/X (sky130_fd_sc_hd__clkbuf_16)
                                                         clknet_0_wb_clk_i (net)
                      0.098361    0.004638    0.214465 ^ clkbuf_3_2__f_wb_clk_i/A (sky130_fd_sc_hd__clkbuf_16)
    14    0.046331    0.050086    0.118056    0.332521 ^ clkbuf_3_2__f_wb_clk_i/X (sky130_fd_sc_hd__clkbuf_16)
                                                         clknet_3_2__leaf_wb_clk_i (net)
                      0.050389    0.002804    0.335325 ^ _729_/CLK (sky130_fd_sc_hd__dfxtp_1)
                                  0.250000    0.585325   clock uncertainty
                                  0.000000    0.585325   clock reconvergence pessimism
                                 -0.017116    0.568209   library hold time
                                              0.568209   data required time
---------------------------------------------------------------------------------------------
                                              0.568209   data required time
                                             -0.764278   data arrival time
---------------------------------------------------------------------------------------------
                                              0.196069   slack (MET)


Startpoint: _755_ (rising edge-triggered flip-flop clocked by wb_clk_i)
Endpoint: _755_ (rising edge-triggered flip-flop clocked by wb_clk_i)
Path Group: wb_clk_i
Path Type: min

Fanout         Cap        Slew       Delay        Time   Description
---------------------------------------------------------------------------------------------
                                  0.000000    0.000000   clock wb_clk_i (rise edge)
                                  0.000000    0.000000   clock source latency
     2    0.024579    0.087030    0.060746    0.060746 ^ wb_clk_i (in)
                                                         wb_clk_i (net)
                      0.087170    0.000000    0.060746 ^ clkbuf_0_wb_clk_i/A (sky130_fd_sc_hd__clkbuf_16)
    17    0.111708    0.098028    0.149081    0.209827 ^ clkbuf_0_wb_clk_i/X (sky130_fd_sc_hd__clkbuf_16)
                                                         clknet_0_wb_clk_i (net)
                      0.098443    0.005161    0.214988 ^ clkbuf_3_7__f_wb_clk_i/A (sky130_fd_sc_hd__clkbuf_16)
    13    0.043379    0.047916    0.116045    0.331032 ^ clkbuf_3_7__f_wb_clk_i/X (sky130_fd_sc_hd__clkbuf_16)
                                                         clknet_3_7__leaf_wb_clk_i (net)
                      0.048147    0.002421    0.333454 ^ _755_/CLK (sky130_fd_sc_hd__dfxtp_2)
     8    0.029692    0.115921    0.261843    0.595296 ^ _755_/Q (sky130_fd_sc_hd__dfxtp_2)
                                                         global_timeout_count[10] (net)
                      0.115943    0.001618    0.596915 ^ _579_/A (sky130_fd_sc_hd__nand2_1)
     2    0.008625    0.054004    0.060161    0.657076 v _579_/Y (sky130_fd_sc_hd__nand2_1)
                                                         _303_ (net)
                      0.054007    0.000415    0.657490 v _609_/A (sky130_fd_sc_hd__nand2_1)
     1    0.004371    0.039117    0.053913    0.711403 ^ _609_/Y (sky130_fd_sc_hd__nand2_1)
                                                         _323_ (net)
                      0.039118    0.000279    0.711682 ^ _610_/A2 (sky130_fd_sc_hd__a21oi_1)
     1    0.003238    0.027075    0.038190    0.749872 v _610_/Y (sky130_fd_sc_hd__a21oi_1)
                                                         _127_ (net)
                      0.027076    0.000194    0.750065 v _755_/D (sky130_fd_sc_hd__dfxtp_2)
                                              0.750065   data arrival time

                                  0.000000    0.000000   clock wb_clk_i (rise edge)
                                  0.000000    0.000000   clock source latency
     2    0.024579    0.087030    0.060746    0.060746 ^ wb_clk_i (in)
                                                         wb_clk_i (net)
                      0.087170    0.000000    0.060746 ^ clkbuf_0_wb_clk_i/A (sky130_fd_sc_hd__clkbuf_16)
    17    0.111708    0.098028    0.149081    0.209827 ^ clkbuf_0_wb_clk_i/X (sky130_fd_sc_hd__clkbuf_16)
                                                         clknet_0_wb_clk_i (net)
                      0.098443    0.005161    0.214988 ^ clkbuf_3_7__f_wb_clk_i/A (sky130_fd_sc_hd__clkbuf_16)
    13    0.043379    0.047916    0.116045    0.331032 ^ clkbuf_3_7__f_wb_clk_i/X (sky130_fd_sc_hd__clkbuf_16)
                                                         clknet_3_7__leaf_wb_clk_i (net)
                      0.048147    0.002421    0.333454 ^ _755_/CLK (sky130_fd_sc_hd__dfxtp_2)
                                  0.250000    0.583454   clock uncertainty
                                  0.000000    0.583454   clock reconvergence pessimism
                                 -0.031667    0.551786   library hold time
                                              0.551786   data required time
---------------------------------------------------------------------------------------------
                                              0.551786   data required time
                                             -0.750065   data arrival time
---------------------------------------------------------------------------------------------
                                              0.198279   slack (MET)


Startpoint: _765_ (rising edge-triggered flip-flop clocked by wb_clk_i)
Endpoint: _675_ (rising edge-triggered flip-flop clocked by wb_clk_i)
Path Group: wb_clk_i
Path Type: min

Fanout         Cap        Slew       Delay        Time   Description
---------------------------------------------------------------------------------------------
                                  0.000000    0.000000   clock wb_clk_i (rise edge)
                                  0.000000    0.000000   clock source latency
     2    0.024579    0.087030    0.060746    0.060746 ^ wb_clk_i (in)
                                                         wb_clk_i (net)
                      0.087170    0.000000    0.060746 ^ clkbuf_0_wb_clk_i/A (sky130_fd_sc_hd__clkbuf_16)
    17    0.111708    0.098028    0.149081    0.209827 ^ clkbuf_0_wb_clk_i/X (sky130_fd_sc_hd__clkbuf_16)
                                                         clknet_0_wb_clk_i (net)
                      0.098617    0.006108    0.215935 ^ clkbuf_3_4__f_wb_clk_i/A (sky130_fd_sc_hd__clkbuf_16)
    12    0.046104    0.049929    0.117812    0.333747 ^ clkbuf_3_4__f_wb_clk_i/X (sky130_fd_sc_hd__clkbuf_16)
                                                         clknet_3_4__leaf_wb_clk_i (net)
                      0.050165    0.002590    0.336337 ^ _765_/CLK (sky130_fd_sc_hd__dfrtp_1)
     3    0.012422    0.089147    0.248878    0.585215 ^ _765_/Q (sky130_fd_sc_hd__dfrtp_1)
                                                         sw_sticky_group_error (net)
                      0.089150    0.000602    0.585817 ^ _383_/A1 (sky130_fd_sc_hd__a22o_1)
     1    0.004636    0.041265    0.091830    0.677647 ^ _383_/X (sky130_fd_sc_hd__a22o_1)
                                                         _173_ (net)
                      0.041267    0.000342    0.677989 ^ _384_/B1 (sky130_fd_sc_hd__o211a_1)
     1    0.006820    0.050130    0.086294    0.764283 ^ _384_/X (sky130_fd_sc_hd__o211a_1)
                                                         _032_ (net)
                      0.050135    0.000512    0.764795 ^ _675_/D (sky130_fd_sc_hd__dfrtp_1)
                                              0.764795   data arrival time

                                  0.000000    0.000000   clock wb_clk_i (rise edge)
                                  0.000000    0.000000   clock source latency
     2    0.024579    0.087030    0.060746    0.060746 ^ wb_clk_i (in)
                                                         wb_clk_i (net)
                      0.087170    0.000000    0.060746 ^ clkbuf_0_wb_clk_i/A (sky130_fd_sc_hd__clkbuf_16)
    17    0.111708    0.098028    0.149081    0.209827 ^ clkbuf_0_wb_clk_i/X (sky130_fd_sc_hd__clkbuf_16)
                                                         clknet_0_wb_clk_i (net)
                      0.098783    0.006892    0.216719 ^ clkbuf_3_5__f_wb_clk_i/A (sky130_fd_sc_hd__clkbuf_16)
    14    0.046268    0.050010    0.117714    0.334433 ^ clkbuf_3_5__f_wb_clk_i/X (sky130_fd_sc_hd__clkbuf_16)
                                                         clknet_3_5__leaf_wb_clk_i (net)
                      0.050265    0.002666    0.337098 ^ _675_/CLK (sky130_fd_sc_hd__dfrtp_1)
                                  0.250000    0.587098   clock uncertainty
                                  0.000000    0.587098   clock reconvergence pessimism
                                 -0.020724    0.566375   library hold time
                                              0.566375   data required time
---------------------------------------------------------------------------------------------
                                              0.566375   data required time
                                             -0.764795   data arrival time
---------------------------------------------------------------------------------------------
                                              0.198421   slack (MET)


Startpoint: _748_ (rising edge-triggered flip-flop clocked by wb_clk_i)
Endpoint: _748_ (rising edge-triggered flip-flop clocked by wb_clk_i)
Path Group: wb_clk_i
Path Type: min

Fanout         Cap        Slew       Delay        Time   Description
---------------------------------------------------------------------------------------------
                                  0.000000    0.000000   clock wb_clk_i (rise edge)
                                  0.000000    0.000000   clock source latency
     2    0.024579    0.087030    0.060746    0.060746 ^ wb_clk_i (in)
                                                         wb_clk_i (net)
                      0.087170    0.000000    0.060746 ^ clkbuf_0_wb_clk_i/A (sky130_fd_sc_hd__clkbuf_16)
    17    0.111708    0.098028    0.149081    0.209827 ^ clkbuf_0_wb_clk_i/X (sky130_fd_sc_hd__clkbuf_16)
                                                         clknet_0_wb_clk_i (net)
                      0.098783    0.006892    0.216719 ^ clkbuf_3_5__f_wb_clk_i/A (sky130_fd_sc_hd__clkbuf_16)
    14    0.046268    0.050010    0.117714    0.334433 ^ clkbuf_3_5__f_wb_clk_i/X (sky130_fd_sc_hd__clkbuf_16)
                                                         clknet_3_5__leaf_wb_clk_i (net)
                      0.050474    0.003710    0.338143 ^ _748_/CLK (sky130_fd_sc_hd__dfxtp_1)
     5    0.024726    0.083592    0.245127    0.583270 v _748_/Q (sky130_fd_sc_hd__dfxtp_1)
                                                         global_timeout_count[3] (net)
                      0.083611    0.001194    0.584463 v _589_/A (sky130_fd_sc_hd__nor2_1)
     1    0.001894    0.043206    0.074001    0.658465 ^ _589_/Y (sky130_fd_sc_hd__nor2_1)
                                                         _310_ (net)
                      0.043206    0.000135    0.658600 ^ _590_/B (sky130_fd_sc_hd__or2_1)
     1    0.002964    0.029853    0.061790    0.720389 ^ _590_/X (sky130_fd_sc_hd__or2_1)
                                                         _311_ (net)
                      0.029854    0.000207    0.720596 ^ _591_/A2 (sky130_fd_sc_hd__a21oi_1)
     1    0.002300    0.022672    0.032559    0.753156 v _591_/Y (sky130_fd_sc_hd__a21oi_1)
                                                         _120_ (net)
                      0.022673    0.000157    0.753313 v _748_/D (sky130_fd_sc_hd__dfxtp_1)
                                              0.753313   data arrival time

                                  0.000000    0.000000   clock wb_clk_i (rise edge)
                                  0.000000    0.000000   clock source latency
     2    0.024579    0.087030    0.060746    0.060746 ^ wb_clk_i (in)
                                                         wb_clk_i (net)
                      0.087170    0.000000    0.060746 ^ clkbuf_0_wb_clk_i/A (sky130_fd_sc_hd__clkbuf_16)
    17    0.111708    0.098028    0.149081    0.209827 ^ clkbuf_0_wb_clk_i/X (sky130_fd_sc_hd__clkbuf_16)
                                                         clknet_0_wb_clk_i (net)
                      0.098783    0.006892    0.216719 ^ clkbuf_3_5__f_wb_clk_i/A (sky130_fd_sc_hd__clkbuf_16)
    14    0.046268    0.050010    0.117714    0.334433 ^ clkbuf_3_5__f_wb_clk_i/X (sky130_fd_sc_hd__clkbuf_16)
                                                         clknet_3_5__leaf_wb_clk_i (net)
                      0.050474    0.003710    0.338143 ^ _748_/CLK (sky130_fd_sc_hd__dfxtp_1)
                                  0.250000    0.588143   clock uncertainty
                                  0.000000    0.588143   clock reconvergence pessimism
                                 -0.034946    0.553197   library hold time
                                              0.553197   data required time
---------------------------------------------------------------------------------------------
                                              0.553197   data required time
                                             -0.753313   data arrival time
---------------------------------------------------------------------------------------------
                                              0.200115   slack (MET)


Startpoint: _750_ (rising edge-triggered flip-flop clocked by wb_clk_i)
Endpoint: _750_ (rising edge-triggered flip-flop clocked by wb_clk_i)
Path Group: wb_clk_i
Path Type: min

Fanout         Cap        Slew       Delay        Time   Description
---------------------------------------------------------------------------------------------
                                  0.000000    0.000000   clock wb_clk_i (rise edge)
                                  0.000000    0.000000   clock source latency
     2    0.024579    0.087030    0.060746    0.060746 ^ wb_clk_i (in)
                                                         wb_clk_i (net)
                      0.087170    0.000000    0.060746 ^ clkbuf_0_wb_clk_i/A (sky130_fd_sc_hd__clkbuf_16)
    17    0.111708    0.098028    0.149081    0.209827 ^ clkbuf_0_wb_clk_i/X (sky130_fd_sc_hd__clkbuf_16)
                                                         clknet_0_wb_clk_i (net)
                      0.098783    0.006892    0.216719 ^ clkbuf_3_5__f_wb_clk_i/A (sky130_fd_sc_hd__clkbuf_16)
    14    0.046268    0.050010    0.117714    0.334433 ^ clkbuf_3_5__f_wb_clk_i/X (sky130_fd_sc_hd__clkbuf_16)
                                                         clknet_3_5__leaf_wb_clk_i (net)
                      0.050155    0.001982    0.336415 ^ _750_/CLK (sky130_fd_sc_hd__dfxtp_1)
     7    0.028175    0.093721    0.252951    0.589366 v _750_/Q (sky130_fd_sc_hd__dfxtp_1)
                                                         global_timeout_count[5] (net)
                      0.093747    0.001491    0.590858 v _594_/B1 (sky130_fd_sc_hd__a21oi_1)
     1    0.002159    0.049030    0.068289    0.659146 ^ _594_/Y (sky130_fd_sc_hd__a21oi_1)
                                                         _313_ (net)
                      0.049031    0.000146    0.659292 ^ _595_/B (sky130_fd_sc_hd__or2_1)
     1    0.002976    0.029978    0.063443    0.722735 ^ _595_/X (sky130_fd_sc_hd__or2_1)
                                                         _314_ (net)
                      0.029979    0.000206    0.722941 ^ _596_/A2 (sky130_fd_sc_hd__a21oi_1)
     1    0.002246    0.022487    0.032403    0.755344 v _596_/Y (sky130_fd_sc_hd__a21oi_1)
                                                         _122_ (net)
                      0.022487    0.000102    0.755447 v _750_/D (sky130_fd_sc_hd__dfxtp_1)
                                              0.755447   data arrival time

                                  0.000000    0.000000   clock wb_clk_i (rise edge)
                                  0.000000    0.000000   clock source latency
     2    0.024579    0.087030    0.060746    0.060746 ^ wb_clk_i (in)
                                                         wb_clk_i (net)
                      0.087170    0.000000    0.060746 ^ clkbuf_0_wb_clk_i/A (sky130_fd_sc_hd__clkbuf_16)
    17    0.111708    0.098028    0.149081    0.209827 ^ clkbuf_0_wb_clk_i/X (sky130_fd_sc_hd__clkbuf_16)
                                                         clknet_0_wb_clk_i (net)
                      0.098783    0.006892    0.216719 ^ clkbuf_3_5__f_wb_clk_i/A (sky130_fd_sc_hd__clkbuf_16)
    14    0.046268    0.050010    0.117714    0.334433 ^ clkbuf_3_5__f_wb_clk_i/X (sky130_fd_sc_hd__clkbuf_16)
                                                         clknet_3_5__leaf_wb_clk_i (net)
                      0.050155    0.001982    0.336415 ^ _750_/CLK (sky130_fd_sc_hd__dfxtp_1)
                                  0.250000    0.586415   clock uncertainty
                                  0.000000    0.586415   clock reconvergence pessimism
                                 -0.034914    0.551501   library hold time
                                              0.551501   data required time
---------------------------------------------------------------------------------------------
                                              0.551501   data required time
                                             -0.755447   data arrival time
---------------------------------------------------------------------------------------------
                                              0.203946   slack (MET)


Startpoint: _756_ (rising edge-triggered flip-flop clocked by wb_clk_i)
Endpoint: _682_ (rising edge-triggered flip-flop clocked by wb_clk_i)
Path Group: wb_clk_i
Path Type: min

Fanout         Cap        Slew       Delay        Time   Description
---------------------------------------------------------------------------------------------
                                  0.000000    0.000000   clock wb_clk_i (rise edge)
                                  0.000000    0.000000   clock source latency
     2    0.024579    0.087030    0.060746    0.060746 ^ wb_clk_i (in)
                                                         wb_clk_i (net)
                      0.087170    0.000000    0.060746 ^ clkbuf_0_wb_clk_i/A (sky130_fd_sc_hd__clkbuf_16)
    17    0.111708    0.098028    0.149081    0.209827 ^ clkbuf_0_wb_clk_i/X (sky130_fd_sc_hd__clkbuf_16)
                                                         clknet_0_wb_clk_i (net)
                      0.098443    0.005161    0.214988 ^ clkbuf_3_7__f_wb_clk_i/A (sky130_fd_sc_hd__clkbuf_16)
    13    0.043379    0.047916    0.116045    0.331032 ^ clkbuf_3_7__f_wb_clk_i/X (sky130_fd_sc_hd__clkbuf_16)
                                                         clknet_3_7__leaf_wb_clk_i (net)
                      0.048177    0.002591    0.333623 ^ _756_/CLK (sky130_fd_sc_hd__dfxtp_1)
     5    0.021030    0.152157    0.276285    0.609908 ^ _756_/Q (sky130_fd_sc_hd__dfxtp_1)
                                                         global_timeout_count[11] (net)
                      0.152163    0.001105    0.611013 ^ _407_/A1 (sky130_fd_sc_hd__a22o_1)
     1    0.002307    0.029083    0.087856    0.698868 ^ _407_/X (sky130_fd_sc_hd__a22o_1)
                                                         _190_ (net)
                      0.029083    0.000148    0.699017 ^ _408_/B (sky130_fd_sc_hd__and2_1)
     1    0.002484    0.030542    0.069557    0.768574 ^ _408_/X (sky130_fd_sc_hd__and2_1)
                                                         _008_ (net)
                      0.030542    0.000116    0.768690 ^ _682_/D (sky130_fd_sc_hd__dfrtp_1)
                                              0.768690   data arrival time

                                  0.000000    0.000000   clock wb_clk_i (rise edge)
                                  0.000000    0.000000   clock source latency
     2    0.024579    0.087030    0.060746    0.060746 ^ wb_clk_i (in)
                                                         wb_clk_i (net)
                      0.087170    0.000000    0.060746 ^ clkbuf_0_wb_clk_i/A (sky130_fd_sc_hd__clkbuf_16)
    17    0.111708    0.098028    0.149081    0.209827 ^ clkbuf_0_wb_clk_i/X (sky130_fd_sc_hd__clkbuf_16)
                                                         clknet_0_wb_clk_i (net)
                      0.098336    0.004468    0.214295 ^ clkbuf_3_6__f_wb_clk_i/A (sky130_fd_sc_hd__clkbuf_16)
    10    0.045967    0.049824    0.117870    0.332165 ^ clkbuf_3_6__f_wb_clk_i/X (sky130_fd_sc_hd__clkbuf_16)
                                                         clknet_3_6__leaf_wb_clk_i (net)
                      0.049947    0.001496    0.333661 ^ _682_/CLK (sky130_fd_sc_hd__dfrtp_1)
                                  0.250000    0.583661   clock uncertainty
                                  0.000000    0.583661   clock reconvergence pessimism
                                 -0.019256    0.564405   library hold time
                                              0.564405   data required time
---------------------------------------------------------------------------------------------
                                              0.564405   data required time
                                             -0.768690   data arrival time
---------------------------------------------------------------------------------------------
                                              0.204284   slack (MET)


Startpoint: _730_ (rising edge-triggered flip-flop clocked by wb_clk_i)
Endpoint: _730_ (rising edge-triggered flip-flop clocked by wb_clk_i)
Path Group: wb_clk_i
Path Type: min

Fanout         Cap        Slew       Delay        Time   Description
---------------------------------------------------------------------------------------------
                                  0.000000    0.000000   clock wb_clk_i (rise edge)
                                  0.000000    0.000000   clock source latency
     2    0.024579    0.087030    0.060746    0.060746 ^ wb_clk_i (in)
                                                         wb_clk_i (net)
                      0.087170    0.000000    0.060746 ^ clkbuf_0_wb_clk_i/A (sky130_fd_sc_hd__clkbuf_16)
    17    0.111708    0.098028    0.149081    0.209827 ^ clkbuf_0_wb_clk_i/X (sky130_fd_sc_hd__clkbuf_16)
                                                         clknet_0_wb_clk_i (net)
                      0.098293    0.004156    0.213983 ^ clkbuf_3_3__f_wb_clk_i/A (sky130_fd_sc_hd__clkbuf_16)
    11    0.046056    0.049910    0.118022    0.332006 ^ clkbuf_3_3__f_wb_clk_i/X (sky130_fd_sc_hd__clkbuf_16)
                                                         clknet_3_3__leaf_wb_clk_i (net)
                      0.050118    0.002240    0.334246 ^ _730_/CLK (sky130_fd_sc_hd__dfxtp_1)
     5    0.021498    0.074043    0.237716    0.571962 v _730_/Q (sky130_fd_sc_hd__dfxtp_1)
                                                         group_timeout_count[11] (net)
                      0.074063    0.001134    0.573096 v _337_/A (sky130_fd_sc_hd__inv_2)
     3    0.010523    0.045973    0.062781    0.635877 ^ _337_/Y (sky130_fd_sc_hd__inv_2)
                                                         _142_ (net)
                      0.045974    0.000344    0.636221 ^ _534_/A (sky130_fd_sc_hd__nand2_1)
     1    0.002536    0.021722    0.026127    0.662348 v _534_/Y (sky130_fd_sc_hd__nand2_1)
                                                         _273_ (net)
                      0.021723    0.000180    0.662528 v _535_/B (sky130_fd_sc_hd__and3b_1)
     1    0.002726    0.023272    0.094551    0.757078 v _535_/X (sky130_fd_sc_hd__and3b_1)
                                                         _102_ (net)
                      0.023272    0.000112    0.757190 v _730_/D (sky130_fd_sc_hd__dfxtp_1)
                                              0.757190   data arrival time

                                  0.000000    0.000000   clock wb_clk_i (rise edge)
                                  0.000000    0.000000   clock source latency
     2    0.024579    0.087030    0.060746    0.060746 ^ wb_clk_i (in)
                                                         wb_clk_i (net)
                      0.087170    0.000000    0.060746 ^ clkbuf_0_wb_clk_i/A (sky130_fd_sc_hd__clkbuf_16)
    17    0.111708    0.098028    0.149081    0.209827 ^ clkbuf_0_wb_clk_i/X (sky130_fd_sc_hd__clkbuf_16)
                                                         clknet_0_wb_clk_i (net)
                      0.098293    0.004156    0.213983 ^ clkbuf_3_3__f_wb_clk_i/A (sky130_fd_sc_hd__clkbuf_16)
    11    0.046056    0.049910    0.118022    0.332006 ^ clkbuf_3_3__f_wb_clk_i/X (sky130_fd_sc_hd__clkbuf_16)
                                                         clknet_3_3__leaf_wb_clk_i (net)
                      0.050118    0.002240    0.334246 ^ _730_/CLK (sky130_fd_sc_hd__dfxtp_1)
                                  0.250000    0.584246   clock uncertainty
                                  0.000000    0.584246   clock reconvergence pessimism
                                 -0.035184    0.549062   library hold time
                                              0.549062   data required time
---------------------------------------------------------------------------------------------
                                              0.549062   data required time
                                             -0.757190   data arrival time
---------------------------------------------------------------------------------------------
                                              0.208128   slack (MET)


Startpoint: _759_ (rising edge-triggered flip-flop clocked by wb_clk_i)
Endpoint: _760_ (rising edge-triggered flip-flop clocked by wb_clk_i)
Path Group: wb_clk_i
Path Type: min

Fanout         Cap        Slew       Delay        Time   Description
---------------------------------------------------------------------------------------------
                                  0.000000    0.000000   clock wb_clk_i (rise edge)
                                  0.000000    0.000000   clock source latency
     2    0.024579    0.087030    0.060746    0.060746 ^ wb_clk_i (in)
                                                         wb_clk_i (net)
                      0.087170    0.000000    0.060746 ^ clkbuf_0_wb_clk_i/A (sky130_fd_sc_hd__clkbuf_16)
    17    0.111708    0.098028    0.149081    0.209827 ^ clkbuf_0_wb_clk_i/X (sky130_fd_sc_hd__clkbuf_16)
                                                         clknet_0_wb_clk_i (net)
                      0.098443    0.005161    0.214988 ^ clkbuf_3_7__f_wb_clk_i/A (sky130_fd_sc_hd__clkbuf_16)
    13    0.043379    0.047916    0.116045    0.331032 ^ clkbuf_3_7__f_wb_clk_i/X (sky130_fd_sc_hd__clkbuf_16)
                                                         clknet_3_7__leaf_wb_clk_i (net)
                      0.048547    0.004291    0.335324 ^ _759_/CLK (sky130_fd_sc_hd__dfxtp_1)
     3    0.009968    0.076699    0.223844    0.559168 ^ _759_/Q (sky130_fd_sc_hd__dfxtp_1)
                                                         global_timeout_count[14] (net)
                      0.076707    0.000822    0.559990 ^ _581_/A (sky130_fd_sc_hd__and3_1)
     3    0.012777    0.101885    0.142963    0.702954 ^ _581_/X (sky130_fd_sc_hd__and3_1)
                                                         _305_ (net)
                      0.101892    0.000918    0.703872 ^ _620_/A2 (sky130_fd_sc_hd__o21ba_1)
     1    0.002191    0.026730    0.073313    0.777184 ^ _620_/X (sky130_fd_sc_hd__o21ba_1)
                                                         _132_ (net)
                      0.026730    0.000158    0.777342 ^ _760_/D (sky130_fd_sc_hd__dfxtp_1)
                                              0.777342   data arrival time

                                  0.000000    0.000000   clock wb_clk_i (rise edge)
                                  0.000000    0.000000   clock source latency
     2    0.024579    0.087030    0.060746    0.060746 ^ wb_clk_i (in)
                                                         wb_clk_i (net)
                      0.087170    0.000000    0.060746 ^ clkbuf_0_wb_clk_i/A (sky130_fd_sc_hd__clkbuf_16)
    17    0.111708    0.098028    0.149081    0.209827 ^ clkbuf_0_wb_clk_i/X (sky130_fd_sc_hd__clkbuf_16)
                                                         clknet_0_wb_clk_i (net)
                      0.098443    0.005161    0.214988 ^ clkbuf_3_7__f_wb_clk_i/A (sky130_fd_sc_hd__clkbuf_16)
    13    0.043379    0.047916    0.116045    0.331032 ^ clkbuf_3_7__f_wb_clk_i/X (sky130_fd_sc_hd__clkbuf_16)
                                                         clknet_3_7__leaf_wb_clk_i (net)
                      0.048524    0.004201    0.335233 ^ _760_/CLK (sky130_fd_sc_hd__dfxtp_1)
                                  0.250000    0.585233   clock uncertainty
                                  0.000000    0.585233   clock reconvergence pessimism
                                 -0.016580    0.568653   library hold time
                                              0.568653   data required time
---------------------------------------------------------------------------------------------
                                              0.568653   data required time
                                             -0.777342   data arrival time
---------------------------------------------------------------------------------------------
                                              0.208690   slack (MET)


Startpoint: _710_ (rising edge-triggered flip-flop clocked by wb_clk_i)
Endpoint: _677_ (rising edge-triggered flip-flop clocked by wb_clk_i)
Path Group: wb_clk_i
Path Type: min

Fanout         Cap        Slew       Delay        Time   Description
---------------------------------------------------------------------------------------------
                                  0.000000    0.000000   clock wb_clk_i (rise edge)
                                  0.000000    0.000000   clock source latency
     2    0.024579    0.087030    0.060746    0.060746 ^ wb_clk_i (in)
                                                         wb_clk_i (net)
                      0.087170    0.000000    0.060746 ^ clkbuf_0_wb_clk_i/A (sky130_fd_sc_hd__clkbuf_16)
    17    0.111708    0.098028    0.149081    0.209827 ^ clkbuf_0_wb_clk_i/X (sky130_fd_sc_hd__clkbuf_16)
                                                         clknet_0_wb_clk_i (net)
                      0.098487    0.005415    0.215242 ^ clkbuf_3_1__f_wb_clk_i/A (sky130_fd_sc_hd__clkbuf_16)
    15    0.046245    0.050051    0.118227    0.333469 ^ clkbuf_3_1__f_wb_clk_i/X (sky130_fd_sc_hd__clkbuf_16)
                                                         clknet_3_1__leaf_wb_clk_i (net)
                      0.050099    0.001397    0.334866 ^ _710_/CLK (sky130_fd_sc_hd__dfxtp_1)
     6    0.017215    0.126026    0.258977    0.593844 ^ _710_/Q (sky130_fd_sc_hd__dfxtp_1)
                                                         group_state_bits[1] (net)
                      0.126029    0.000800    0.594643 ^ _388_/A (sky130_fd_sc_hd__and2_1)
     1    0.003788    0.040170    0.092438    0.687081 ^ _388_/X (sky130_fd_sc_hd__and2_1)
                                                         _176_ (net)
                      0.040178    0.000277    0.687358 ^ _390_/A1 (sky130_fd_sc_hd__o21a_1)
     1    0.006941    0.055188    0.093013    0.780371 ^ _390_/X (sky130_fd_sc_hd__o21a_1)
                                                         _034_ (net)
                      0.055189    0.000375    0.780747 ^ _677_/D (sky130_fd_sc_hd__dfrtp_1)
                                              0.780747   data arrival time

                                  0.000000    0.000000   clock wb_clk_i (rise edge)
                                  0.000000    0.000000   clock source latency
     2    0.024579    0.087030    0.060746    0.060746 ^ wb_clk_i (in)
                                                         wb_clk_i (net)
                      0.087170    0.000000    0.060746 ^ clkbuf_0_wb_clk_i/A (sky130_fd_sc_hd__clkbuf_16)
    17    0.111708    0.098028    0.149081    0.209827 ^ clkbuf_0_wb_clk_i/X (sky130_fd_sc_hd__clkbuf_16)
                                                         clknet_0_wb_clk_i (net)
                      0.098487    0.005415    0.215242 ^ clkbuf_3_1__f_wb_clk_i/A (sky130_fd_sc_hd__clkbuf_16)
    15    0.046245    0.050051    0.118227    0.333469 ^ clkbuf_3_1__f_wb_clk_i/X (sky130_fd_sc_hd__clkbuf_16)
                                                         clknet_3_1__leaf_wb_clk_i (net)
                      0.050280    0.002395    0.335864 ^ _677_/CLK (sky130_fd_sc_hd__dfrtp_1)
                                  0.250000    0.585864   clock uncertainty
                                  0.000000    0.585864   clock reconvergence pessimism
                                 -0.021104    0.564760   library hold time
                                              0.564760   data required time
---------------------------------------------------------------------------------------------
                                              0.564760   data required time
                                             -0.780747   data arrival time
---------------------------------------------------------------------------------------------
                                              0.215987   slack (MET)


Startpoint: _723_ (rising edge-triggered flip-flop clocked by wb_clk_i)
Endpoint: _723_ (rising edge-triggered flip-flop clocked by wb_clk_i)
Path Group: wb_clk_i
Path Type: min

Fanout         Cap        Slew       Delay        Time   Description
---------------------------------------------------------------------------------------------
                                  0.000000    0.000000   clock wb_clk_i (rise edge)
                                  0.000000    0.000000   clock source latency
     2    0.024579    0.087030    0.060746    0.060746 ^ wb_clk_i (in)
                                                         wb_clk_i (net)
                      0.087170    0.000000    0.060746 ^ clkbuf_0_wb_clk_i/A (sky130_fd_sc_hd__clkbuf_16)
    17    0.111708    0.098028    0.149081    0.209827 ^ clkbuf_0_wb_clk_i/X (sky130_fd_sc_hd__clkbuf_16)
                                                         clknet_0_wb_clk_i (net)
                      0.098361    0.004638    0.214465 ^ clkbuf_3_2__f_wb_clk_i/A (sky130_fd_sc_hd__clkbuf_16)
    14    0.046331    0.050086    0.118056    0.332521 ^ clkbuf_3_2__f_wb_clk_i/X (sky130_fd_sc_hd__clkbuf_16)
                                                         clknet_3_2__leaf_wb_clk_i (net)
                      0.050329    0.002429    0.334950 ^ _723_/CLK (sky130_fd_sc_hd__dfxtp_1)
     8    0.024348    0.174958    0.292044    0.626994 ^ _723_/Q (sky130_fd_sc_hd__dfxtp_1)
                                                         group_timeout_count[4] (net)
                      0.174960    0.001052    0.628046 ^ _513_/A (sky130_fd_sc_hd__or2_1)
     1    0.002512    0.029021    0.078397    0.706442 ^ _513_/X (sky130_fd_sc_hd__or2_1)
                                                         _259_ (net)
                      0.029021    0.000159    0.706601 ^ _514_/B (sky130_fd_sc_hd__and3b_1)
     1    0.002906    0.035014    0.086123    0.792724 ^ _514_/X (sky130_fd_sc_hd__and3b_1)
                                                         _095_ (net)
                      0.035014    0.000119    0.792843 ^ _723_/D (sky130_fd_sc_hd__dfxtp_1)
                                              0.792843   data arrival time

                                  0.000000    0.000000   clock wb_clk_i (rise edge)
                                  0.000000    0.000000   clock source latency
     2    0.024579    0.087030    0.060746    0.060746 ^ wb_clk_i (in)
                                                         wb_clk_i (net)
                      0.087170    0.000000    0.060746 ^ clkbuf_0_wb_clk_i/A (sky130_fd_sc_hd__clkbuf_16)
    17    0.111708    0.098028    0.149081    0.209827 ^ clkbuf_0_wb_clk_i/X (sky130_fd_sc_hd__clkbuf_16)
                                                         clknet_0_wb_clk_i (net)
                      0.098361    0.004638    0.214465 ^ clkbuf_3_2__f_wb_clk_i/A (sky130_fd_sc_hd__clkbuf_16)
    14    0.046331    0.050086    0.118056    0.332521 ^ clkbuf_3_2__f_wb_clk_i/X (sky130_fd_sc_hd__clkbuf_16)
                                                         clknet_3_2__leaf_wb_clk_i (net)
                      0.050329    0.002429    0.334950 ^ _723_/CLK (sky130_fd_sc_hd__dfxtp_1)
                                  0.250000    0.584950   clock uncertainty
                                  0.000000    0.584950   clock reconvergence pessimism
                                 -0.017122    0.567828   library hold time
                                              0.567828   data required time
---------------------------------------------------------------------------------------------
                                              0.567828   data required time
                                             -0.792843   data arrival time
---------------------------------------------------------------------------------------------
                                              0.225015   slack (MET)


Startpoint: _724_ (rising edge-triggered flip-flop clocked by wb_clk_i)
Endpoint: _724_ (rising edge-triggered flip-flop clocked by wb_clk_i)
Path Group: wb_clk_i
Path Type: min

Fanout         Cap        Slew       Delay        Time   Description
---------------------------------------------------------------------------------------------
                                  0.000000    0.000000   clock wb_clk_i (rise edge)
                                  0.000000    0.000000   clock source latency
     2    0.024579    0.087030    0.060746    0.060746 ^ wb_clk_i (in)
                                                         wb_clk_i (net)
                      0.087170    0.000000    0.060746 ^ clkbuf_0_wb_clk_i/A (sky130_fd_sc_hd__clkbuf_16)
    17    0.111708    0.098028    0.149081    0.209827 ^ clkbuf_0_wb_clk_i/X (sky130_fd_sc_hd__clkbuf_16)
                                                         clknet_0_wb_clk_i (net)
                      0.098361    0.004638    0.214465 ^ clkbuf_3_2__f_wb_clk_i/A (sky130_fd_sc_hd__clkbuf_16)
    14    0.046331    0.050086    0.118056    0.332521 ^ clkbuf_3_2__f_wb_clk_i/X (sky130_fd_sc_hd__clkbuf_16)
                                                         clknet_3_2__leaf_wb_clk_i (net)
                      0.050329    0.002431    0.334952 ^ _724_/CLK (sky130_fd_sc_hd__dfxtp_1)
     7    0.025059    0.179753    0.295881    0.630833 ^ _724_/Q (sky130_fd_sc_hd__dfxtp_1)
                                                         group_timeout_count[5] (net)
                      0.179763    0.001513    0.632346 ^ _516_/A (sky130_fd_sc_hd__or2_1)
     1    0.002388    0.026375    0.077996    0.710342 ^ _516_/X (sky130_fd_sc_hd__or2_1)
                                                         _261_ (net)
                      0.026375    0.000159    0.710501 ^ _517_/B (sky130_fd_sc_hd__and3b_1)
     1    0.003057    0.035986    0.086421    0.796923 ^ _517_/X (sky130_fd_sc_hd__and3b_1)
                                                         _096_ (net)
                      0.035986    0.000188    0.797110 ^ _724_/D (sky130_fd_sc_hd__dfxtp_1)
                                              0.797110   data arrival time

                                  0.000000    0.000000   clock wb_clk_i (rise edge)
                                  0.000000    0.000000   clock source latency
     2    0.024579    0.087030    0.060746    0.060746 ^ wb_clk_i (in)
                                                         wb_clk_i (net)
                      0.087170    0.000000    0.060746 ^ clkbuf_0_wb_clk_i/A (sky130_fd_sc_hd__clkbuf_16)
    17    0.111708    0.098028    0.149081    0.209827 ^ clkbuf_0_wb_clk_i/X (sky130_fd_sc_hd__clkbuf_16)
                                                         clknet_0_wb_clk_i (net)
                      0.098361    0.004638    0.214465 ^ clkbuf_3_2__f_wb_clk_i/A (sky130_fd_sc_hd__clkbuf_16)
    14    0.046331    0.050086    0.118056    0.332521 ^ clkbuf_3_2__f_wb_clk_i/X (sky130_fd_sc_hd__clkbuf_16)
                                                         clknet_3_2__leaf_wb_clk_i (net)
                      0.050329    0.002431    0.334952 ^ _724_/CLK (sky130_fd_sc_hd__dfxtp_1)
                                  0.250000    0.584952   clock uncertainty
                                  0.000000    0.584952   clock reconvergence pessimism
                                 -0.017191    0.567762   library hold time
                                              0.567762   data required time
---------------------------------------------------------------------------------------------
                                              0.567762   data required time
                                             -0.797110   data arrival time
---------------------------------------------------------------------------------------------
                                              0.229349   slack (MET)


Startpoint: _764_ (rising edge-triggered flip-flop clocked by wb_clk_i)
Endpoint: _718_ (rising edge-triggered flip-flop clocked by wb_clk_i)
Path Group: wb_clk_i
Path Type: min

Fanout         Cap        Slew       Delay        Time   Description
---------------------------------------------------------------------------------------------
                                  0.000000    0.000000   clock wb_clk_i (rise edge)
                                  0.000000    0.000000   clock source latency
     2    0.024579    0.087030    0.060746    0.060746 ^ wb_clk_i (in)
                                                         wb_clk_i (net)
                      0.087170    0.000000    0.060746 ^ clkbuf_0_wb_clk_i/A (sky130_fd_sc_hd__clkbuf_16)
    17    0.111708    0.098028    0.149081    0.209827 ^ clkbuf_0_wb_clk_i/X (sky130_fd_sc_hd__clkbuf_16)
                                                         clknet_0_wb_clk_i (net)
                      0.098487    0.005415    0.215242 ^ clkbuf_3_1__f_wb_clk_i/A (sky130_fd_sc_hd__clkbuf_16)
    15    0.046245    0.050051    0.118227    0.333469 ^ clkbuf_3_1__f_wb_clk_i/X (sky130_fd_sc_hd__clkbuf_16)
                                                         clknet_3_1__leaf_wb_clk_i (net)
                      0.050191    0.001709    0.335179 ^ _764_/CLK (sky130_fd_sc_hd__dfxtp_1)
     5    0.024039    0.172782    0.290928    0.626107 ^ _764_/Q (sky130_fd_sc_hd__dfxtp_1)
                                                         sticky_tamper_core (net)
                      0.172810    0.002211    0.628317 ^ _446_/A (sky130_fd_sc_hd__nor2_2)
     6    0.028151    0.076379    0.077541    0.705859 v _446_/Y (sky130_fd_sc_hd__nor2_2)
                                                         _202_ (net)
                      0.076434    0.001565    0.707424 v _497_/A1 (sky130_fd_sc_hd__a21oi_1)
     1    0.002213    0.045137    0.090414    0.797838 ^ _497_/Y (sky130_fd_sc_hd__a21oi_1)
                                                         _090_ (net)
                      0.045137    0.000154    0.797991 ^ _718_/D (sky130_fd_sc_hd__dfxtp_1)
                                              0.797991   data arrival time

                                  0.000000    0.000000   clock wb_clk_i (rise edge)
                                  0.000000    0.000000   clock source latency
     2    0.024579    0.087030    0.060746    0.060746 ^ wb_clk_i (in)
                                                         wb_clk_i (net)
                      0.087170    0.000000    0.060746 ^ clkbuf_0_wb_clk_i/A (sky130_fd_sc_hd__clkbuf_16)
    17    0.111708    0.098028    0.149081    0.209827 ^ clkbuf_0_wb_clk_i/X (sky130_fd_sc_hd__clkbuf_16)
                                                         clknet_0_wb_clk_i (net)
                      0.098336    0.004468    0.214295 ^ clkbuf_3_6__f_wb_clk_i/A (sky130_fd_sc_hd__clkbuf_16)
    10    0.045967    0.049824    0.117870    0.332165 ^ clkbuf_3_6__f_wb_clk_i/X (sky130_fd_sc_hd__clkbuf_16)
                                                         clknet_3_6__leaf_wb_clk_i (net)
                      0.050119    0.002743    0.334908 ^ _718_/CLK (sky130_fd_sc_hd__dfxtp_1)
                                  0.250000    0.584908   clock uncertainty
                                  0.000000    0.584908   clock reconvergence pessimism
                                 -0.017841    0.567067   library hold time
                                              0.567067   data required time
---------------------------------------------------------------------------------------------
                                              0.567067   data required time
                                             -0.797991   data arrival time
---------------------------------------------------------------------------------------------
                                              0.230925   slack (MET)


Startpoint: _754_ (rising edge-triggered flip-flop clocked by wb_clk_i)
Endpoint: _680_ (rising edge-triggered flip-flop clocked by wb_clk_i)
Path Group: wb_clk_i
Path Type: min

Fanout         Cap        Slew       Delay        Time   Description
---------------------------------------------------------------------------------------------
                                  0.000000    0.000000   clock wb_clk_i (rise edge)
                                  0.000000    0.000000   clock source latency
     2    0.024579    0.087030    0.060746    0.060746 ^ wb_clk_i (in)
                                                         wb_clk_i (net)
                      0.087170    0.000000    0.060746 ^ clkbuf_0_wb_clk_i/A (sky130_fd_sc_hd__clkbuf_16)
    17    0.111708    0.098028    0.149081    0.209827 ^ clkbuf_0_wb_clk_i/X (sky130_fd_sc_hd__clkbuf_16)
                                                         clknet_0_wb_clk_i (net)
                      0.098783    0.006892    0.216719 ^ clkbuf_3_5__f_wb_clk_i/A (sky130_fd_sc_hd__clkbuf_16)
    14    0.046268    0.050010    0.117714    0.334433 ^ clkbuf_3_5__f_wb_clk_i/X (sky130_fd_sc_hd__clkbuf_16)
                                                         clknet_3_5__leaf_wb_clk_i (net)
                      0.050362    0.003182    0.337615 ^ _754_/CLK (sky130_fd_sc_hd__dfxtp_1)
     4    0.011221    0.085140    0.230437    0.568052 ^ _754_/Q (sky130_fd_sc_hd__dfxtp_1)
                                                         global_timeout_count[9] (net)
                      0.085146    0.000779    0.568830 ^ _400_/A (sky130_fd_sc_hd__or2_1)
     1    0.002652    0.028784    0.070237    0.639067 ^ _400_/X (sky130_fd_sc_hd__or2_1)
                                                         _185_ (net)
                      0.028784    0.000123    0.639190 ^ _401_/B2 (sky130_fd_sc_hd__a22o_1)
     1    0.003516    0.033874    0.069567    0.708757 ^ _401_/X (sky130_fd_sc_hd__a22o_1)
                                                         _186_ (net)
                      0.033874    0.000151    0.708907 ^ _402_/B1 (sky130_fd_sc_hd__o211a_1)
     1    0.007482    0.054057    0.087592    0.796500 ^ _402_/X (sky130_fd_sc_hd__o211a_1)
                                                         _037_ (net)
                      0.054063    0.000609    0.797108 ^ _680_/D (sky130_fd_sc_hd__dfrtp_1)
                                              0.797108   data arrival time

                                  0.000000    0.000000   clock wb_clk_i (rise edge)
                                  0.000000    0.000000   clock source latency
     2    0.024579    0.087030    0.060746    0.060746 ^ wb_clk_i (in)
                                                         wb_clk_i (net)
                      0.087170    0.000000    0.060746 ^ clkbuf_0_wb_clk_i/A (sky130_fd_sc_hd__clkbuf_16)
    17    0.111708    0.098028    0.149081    0.209827 ^ clkbuf_0_wb_clk_i/X (sky130_fd_sc_hd__clkbuf_16)
                                                         clknet_0_wb_clk_i (net)
                      0.098443    0.005161    0.214988 ^ clkbuf_3_7__f_wb_clk_i/A (sky130_fd_sc_hd__clkbuf_16)
    13    0.043379    0.047916    0.116045    0.331032 ^ clkbuf_3_7__f_wb_clk_i/X (sky130_fd_sc_hd__clkbuf_16)
                                                         clknet_3_7__leaf_wb_clk_i (net)
                      0.048461    0.003944    0.334976 ^ _680_/CLK (sky130_fd_sc_hd__dfrtp_1)
                                  0.250000    0.584976   clock uncertainty
                                  0.000000    0.584976   clock reconvergence pessimism
                                 -0.021068    0.563908   library hold time
                                              0.563908   data required time
---------------------------------------------------------------------------------------------
                                              0.563908   data required time
                                             -0.797108   data arrival time
---------------------------------------------------------------------------------------------
                                              0.233200   slack (MET)


Startpoint: _764_ (rising edge-triggered flip-flop clocked by wb_clk_i)
Endpoint: _712_ (rising edge-triggered flip-flop clocked by wb_clk_i)
Path Group: wb_clk_i
Path Type: min

Fanout         Cap        Slew       Delay        Time   Description
---------------------------------------------------------------------------------------------
                                  0.000000    0.000000   clock wb_clk_i (rise edge)
                                  0.000000    0.000000   clock source latency
     2    0.024579    0.087030    0.060746    0.060746 ^ wb_clk_i (in)
                                                         wb_clk_i (net)
                      0.087170    0.000000    0.060746 ^ clkbuf_0_wb_clk_i/A (sky130_fd_sc_hd__clkbuf_16)
    17    0.111708    0.098028    0.149081    0.209827 ^ clkbuf_0_wb_clk_i/X (sky130_fd_sc_hd__clkbuf_16)
                                                         clknet_0_wb_clk_i (net)
                      0.098487    0.005415    0.215242 ^ clkbuf_3_1__f_wb_clk_i/A (sky130_fd_sc_hd__clkbuf_16)
    15    0.046245    0.050051    0.118227    0.333469 ^ clkbuf_3_1__f_wb_clk_i/X (sky130_fd_sc_hd__clkbuf_16)
                                                         clknet_3_1__leaf_wb_clk_i (net)
                      0.050191    0.001709    0.335179 ^ _764_/CLK (sky130_fd_sc_hd__dfxtp_1)
     5    0.024039    0.172782    0.290928    0.626107 ^ _764_/Q (sky130_fd_sc_hd__dfxtp_1)
                                                         sticky_tamper_core (net)
                      0.172810    0.002211    0.628317 ^ _446_/A (sky130_fd_sc_hd__nor2_2)
     6    0.028151    0.076379    0.077541    0.705859 v _446_/Y (sky130_fd_sc_hd__nor2_2)
                                                         _202_ (net)
                      0.076416    0.001278    0.707137 v _468_/A1 (sky130_fd_sc_hd__a31oi_1)
     1    0.002180    0.044173    0.093665    0.800802 ^ _468_/Y (sky130_fd_sc_hd__a31oi_1)
                                                         _084_ (net)
                      0.044173    0.000156    0.800957 ^ _712_/D (sky130_fd_sc_hd__dfxtp_1)
                                              0.800957   data arrival time

                                  0.000000    0.000000   clock wb_clk_i (rise edge)
                                  0.000000    0.000000   clock source latency
     2    0.024579    0.087030    0.060746    0.060746 ^ wb_clk_i (in)
                                                         wb_clk_i (net)
                      0.087170    0.000000    0.060746 ^ clkbuf_0_wb_clk_i/A (sky130_fd_sc_hd__clkbuf_16)
    17    0.111708    0.098028    0.149081    0.209827 ^ clkbuf_0_wb_clk_i/X (sky130_fd_sc_hd__clkbuf_16)
                                                         clknet_0_wb_clk_i (net)
                      0.098293    0.004156    0.213983 ^ clkbuf_3_3__f_wb_clk_i/A (sky130_fd_sc_hd__clkbuf_16)
    11    0.046056    0.049910    0.118022    0.332006 ^ clkbuf_3_3__f_wb_clk_i/X (sky130_fd_sc_hd__clkbuf_16)
                                                         clknet_3_3__leaf_wb_clk_i (net)
                      0.050144    0.002416    0.334422 ^ _712_/CLK (sky130_fd_sc_hd__dfxtp_1)
                                  0.250000    0.584422   clock uncertainty
                                  0.000000    0.584422   clock reconvergence pessimism
                                 -0.017773    0.566649   library hold time
                                              0.566649   data required time
---------------------------------------------------------------------------------------------
                                              0.566649   data required time
                                             -0.800957   data arrival time
---------------------------------------------------------------------------------------------
                                              0.234308   slack (MET)


Startpoint: _712_ (rising edge-triggered flip-flop clocked by wb_clk_i)
Endpoint: _679_ (rising edge-triggered flip-flop clocked by wb_clk_i)
Path Group: wb_clk_i
Path Type: min

Fanout         Cap        Slew       Delay        Time   Description
---------------------------------------------------------------------------------------------
                                  0.000000    0.000000   clock wb_clk_i (rise edge)
                                  0.000000    0.000000   clock source latency
     2    0.024579    0.087030    0.060746    0.060746 ^ wb_clk_i (in)
                                                         wb_clk_i (net)
                      0.087170    0.000000    0.060746 ^ clkbuf_0_wb_clk_i/A (sky130_fd_sc_hd__clkbuf_16)
    17    0.111708    0.098028    0.149081    0.209827 ^ clkbuf_0_wb_clk_i/X (sky130_fd_sc_hd__clkbuf_16)
                                                         clknet_0_wb_clk_i (net)
                      0.098293    0.004156    0.213983 ^ clkbuf_3_3__f_wb_clk_i/A (sky130_fd_sc_hd__clkbuf_16)
    11    0.046056    0.049910    0.118022    0.332006 ^ clkbuf_3_3__f_wb_clk_i/X (sky130_fd_sc_hd__clkbuf_16)
                                                         clknet_3_3__leaf_wb_clk_i (net)
                      0.050144    0.002416    0.334422 ^ _712_/CLK (sky130_fd_sc_hd__dfxtp_1)
     6    0.022475    0.076951    0.240228    0.574650 v _712_/Q (sky130_fd_sc_hd__dfxtp_1)
                                                         group_state_bits[3] (net)
                      0.076959    0.000808    0.575458 v _395_/A1 (sky130_fd_sc_hd__o211a_1)
     1    0.003222    0.019577    0.153919    0.729377 v _395_/X (sky130_fd_sc_hd__o211a_1)
                                                         _181_ (net)
                      0.019579    0.000215    0.729592 v _396_/B1 (sky130_fd_sc_hd__o21a_1)
     1    0.005888    0.026326    0.063577    0.793169 v _396_/X (sky130_fd_sc_hd__o21a_1)
                                                         _036_ (net)
                      0.026336    0.000471    0.793640 v _679_/D (sky130_fd_sc_hd__dfrtp_1)
                                              0.793640   data arrival time

                                  0.000000    0.000000   clock wb_clk_i (rise edge)
                                  0.000000    0.000000   clock source latency
     2    0.024579    0.087030    0.060746    0.060746 ^ wb_clk_i (in)
                                                         wb_clk_i (net)
                      0.087170    0.000000    0.060746 ^ clkbuf_0_wb_clk_i/A (sky130_fd_sc_hd__clkbuf_16)
    17    0.111708    0.098028    0.149081    0.209827 ^ clkbuf_0_wb_clk_i/X (sky130_fd_sc_hd__clkbuf_16)
                                                         clknet_0_wb_clk_i (net)
                      0.098783    0.006892    0.216719 ^ clkbuf_3_5__f_wb_clk_i/A (sky130_fd_sc_hd__clkbuf_16)
    14    0.046268    0.050010    0.117714    0.334433 ^ clkbuf_3_5__f_wb_clk_i/X (sky130_fd_sc_hd__clkbuf_16)
                                                         clknet_3_5__leaf_wb_clk_i (net)
                      0.050239    0.002517    0.336950 ^ _679_/CLK (sky130_fd_sc_hd__dfrtp_1)
                                  0.250000    0.586950   clock uncertainty
                                  0.000000    0.586950   clock reconvergence pessimism
                                 -0.028648    0.558302   library hold time
                                              0.558302   data required time
---------------------------------------------------------------------------------------------
                                              0.558302   data required time
                                             -0.793640   data arrival time
---------------------------------------------------------------------------------------------
                                              0.235338   slack (MET)


Startpoint: _762_ (rising edge-triggered flip-flop clocked by wb_clk_i)
Endpoint: _742_ (rising edge-triggered flip-flop clocked by wb_clk_i)
Path Group: wb_clk_i
Path Type: min

Fanout         Cap        Slew       Delay        Time   Description
---------------------------------------------------------------------------------------------
                                  0.000000    0.000000   clock wb_clk_i (rise edge)
                                  0.000000    0.000000   clock source latency
     2    0.024579    0.087030    0.060746    0.060746 ^ wb_clk_i (in)
                                                         wb_clk_i (net)
                      0.087170    0.000000    0.060746 ^ clkbuf_0_wb_clk_i/A (sky130_fd_sc_hd__clkbuf_16)
    17    0.111708    0.098028    0.149081    0.209827 ^ clkbuf_0_wb_clk_i/X (sky130_fd_sc_hd__clkbuf_16)
                                                         clknet_0_wb_clk_i (net)
                      0.098293    0.004156    0.213983 ^ clkbuf_3_3__f_wb_clk_i/A (sky130_fd_sc_hd__clkbuf_16)
    11    0.046056    0.049910    0.118022    0.332006 ^ clkbuf_3_3__f_wb_clk_i/X (sky130_fd_sc_hd__clkbuf_16)
                                                         clknet_3_3__leaf_wb_clk_i (net)
                      0.049945    0.001243    0.333249 ^ _762_/CLK (sky130_fd_sc_hd__dfxtp_1)
     4    0.011728    0.044282    0.214623    0.547872 v _762_/Q (sky130_fd_sc_hd__dfxtp_1)
                                                         u_system.u_global.denial_counter[1] (net)
                      0.044290    0.000615    0.548486 v _470_/A (sky130_fd_sc_hd__nor2_1)
     1    0.003278    0.058531    0.073566    0.622052 ^ _470_/Y (sky130_fd_sc_hd__nor2_1)
                                                         _222_ (net)
                      0.058531    0.000228    0.622279 ^ _557_/B1 (sky130_fd_sc_hd__o31a_1)
     1    0.002872    0.031659    0.062278    0.684557 ^ _557_/X (sky130_fd_sc_hd__o31a_1)
                                                         _284_ (net)
                      0.031660    0.000213    0.684770 ^ _558_/A2 (sky130_fd_sc_hd__o21a_1)
     1    0.003397    0.031700    0.065082    0.749852 ^ _558_/X (sky130_fd_sc_hd__o21a_1)
                                                         _285_ (net)
                      0.031701    0.000239    0.750091 ^ _561_/A1 (sky130_fd_sc_hd__o21a_1)
     1    0.002493    0.026063    0.068692    0.818783 ^ _561_/X (sky130_fd_sc_hd__o21a_1)
                                                         _114_ (net)
                      0.026064    0.000162    0.818945 ^ _742_/D (sky130_fd_sc_hd__dfxtp_1)
                                              0.818945   data arrival time

                                  0.000000    0.000000   clock wb_clk_i (rise edge)
                                  0.000000    0.000000   clock source latency
     2    0.024579    0.087030    0.060746    0.060746 ^ wb_clk_i (in)
                                                         wb_clk_i (net)
                      0.087170    0.000000    0.060746 ^ clkbuf_0_wb_clk_i/A (sky130_fd_sc_hd__clkbuf_16)
    17    0.111708    0.098028    0.149081    0.209827 ^ clkbuf_0_wb_clk_i/X (sky130_fd_sc_hd__clkbuf_16)
                                                         clknet_0_wb_clk_i (net)
                      0.098336    0.004468    0.214295 ^ clkbuf_3_6__f_wb_clk_i/A (sky130_fd_sc_hd__clkbuf_16)
    10    0.045967    0.049824    0.117870    0.332165 ^ clkbuf_3_6__f_wb_clk_i/X (sky130_fd_sc_hd__clkbuf_16)
                                                         clknet_3_6__leaf_wb_clk_i (net)
                      0.050057    0.002349    0.334514 ^ _742_/CLK (sky130_fd_sc_hd__dfxtp_1)
                                  0.250000    0.584514   clock uncertainty
                                  0.000000    0.584514   clock reconvergence pessimism
                                 -0.016497    0.568017   library hold time
                                              0.568017   data required time
---------------------------------------------------------------------------------------------
                                              0.568017   data required time
                                             -0.818945   data arrival time
---------------------------------------------------------------------------------------------
                                              0.250928   slack (MET)


Startpoint: _764_ (rising edge-triggered flip-flop clocked by wb_clk_i)
Endpoint: _711_ (rising edge-triggered flip-flop clocked by wb_clk_i)
Path Group: wb_clk_i
Path Type: min

Fanout         Cap        Slew       Delay        Time   Description
---------------------------------------------------------------------------------------------
                                  0.000000    0.000000   clock wb_clk_i (rise edge)
                                  0.000000    0.000000   clock source latency
     2    0.024579    0.087030    0.060746    0.060746 ^ wb_clk_i (in)
                                                         wb_clk_i (net)
                      0.087170    0.000000    0.060746 ^ clkbuf_0_wb_clk_i/A (sky130_fd_sc_hd__clkbuf_16)
    17    0.111708    0.098028    0.149081    0.209827 ^ clkbuf_0_wb_clk_i/X (sky130_fd_sc_hd__clkbuf_16)
                                                         clknet_0_wb_clk_i (net)
                      0.098487    0.005415    0.215242 ^ clkbuf_3_1__f_wb_clk_i/A (sky130_fd_sc_hd__clkbuf_16)
    15    0.046245    0.050051    0.118227    0.333469 ^ clkbuf_3_1__f_wb_clk_i/X (sky130_fd_sc_hd__clkbuf_16)
                                                         clknet_3_1__leaf_wb_clk_i (net)
                      0.050191    0.001709    0.335179 ^ _764_/CLK (sky130_fd_sc_hd__dfxtp_1)
     5    0.024039    0.172782    0.290928    0.626107 ^ _764_/Q (sky130_fd_sc_hd__dfxtp_1)
                                                         sticky_tamper_core (net)
                      0.172813    0.002276    0.628383 ^ _460_/A (sky130_fd_sc_hd__or3_1)
     3    0.013044    0.094760    0.135058    0.763440 ^ _460_/X (sky130_fd_sc_hd__or3_1)
                                                         _215_ (net)
                      0.094796    0.000667    0.764108 ^ _466_/C1 (sky130_fd_sc_hd__a211oi_1)
     1    0.005414    0.037399    0.040029    0.804137 v _466_/Y (sky130_fd_sc_hd__a211oi_1)
                                                         _083_ (net)
                      0.037406    0.000402    0.804539 v _711_/D (sky130_fd_sc_hd__dfxtp_1)
                                              0.804539   data arrival time

                                  0.000000    0.000000   clock wb_clk_i (rise edge)
                                  0.000000    0.000000   clock source latency
     2    0.024579    0.087030    0.060746    0.060746 ^ wb_clk_i (in)
                                                         wb_clk_i (net)
                      0.087170    0.000000    0.060746 ^ clkbuf_0_wb_clk_i/A (sky130_fd_sc_hd__clkbuf_16)
    17    0.111708    0.098028    0.149081    0.209827 ^ clkbuf_0_wb_clk_i/X (sky130_fd_sc_hd__clkbuf_16)
                                                         clknet_0_wb_clk_i (net)
                      0.098487    0.005415    0.215242 ^ clkbuf_3_1__f_wb_clk_i/A (sky130_fd_sc_hd__clkbuf_16)
    15    0.046245    0.050051    0.118227    0.333469 ^ clkbuf_3_1__f_wb_clk_i/X (sky130_fd_sc_hd__clkbuf_16)
                                                         clknet_3_1__leaf_wb_clk_i (net)
                      0.050094    0.001342    0.334811 ^ _711_/CLK (sky130_fd_sc_hd__dfxtp_1)
                                  0.250000    0.584811   clock uncertainty
                                  0.000000    0.584811   clock reconvergence pessimism
                                 -0.039990    0.544822   library hold time
                                              0.544822   data required time
---------------------------------------------------------------------------------------------
                                              0.544822   data required time
                                             -0.804539   data arrival time
---------------------------------------------------------------------------------------------
                                              0.259718   slack (MET)


Startpoint: _764_ (rising edge-triggered flip-flop clocked by wb_clk_i)
Endpoint: _717_ (rising edge-triggered flip-flop clocked by wb_clk_i)
Path Group: wb_clk_i
Path Type: min

Fanout         Cap        Slew       Delay        Time   Description
---------------------------------------------------------------------------------------------
                                  0.000000    0.000000   clock wb_clk_i (rise edge)
                                  0.000000    0.000000   clock source latency
     2    0.024579    0.087030    0.060746    0.060746 ^ wb_clk_i (in)
                                                         wb_clk_i (net)
                      0.087170    0.000000    0.060746 ^ clkbuf_0_wb_clk_i/A (sky130_fd_sc_hd__clkbuf_16)
    17    0.111708    0.098028    0.149081    0.209827 ^ clkbuf_0_wb_clk_i/X (sky130_fd_sc_hd__clkbuf_16)
                                                         clknet_0_wb_clk_i (net)
                      0.098487    0.005415    0.215242 ^ clkbuf_3_1__f_wb_clk_i/A (sky130_fd_sc_hd__clkbuf_16)
    15    0.046245    0.050051    0.118227    0.333469 ^ clkbuf_3_1__f_wb_clk_i/X (sky130_fd_sc_hd__clkbuf_16)
                                                         clknet_3_1__leaf_wb_clk_i (net)
                      0.050191    0.001709    0.335179 ^ _764_/CLK (sky130_fd_sc_hd__dfxtp_1)
     5    0.024039    0.172782    0.290928    0.626107 ^ _764_/Q (sky130_fd_sc_hd__dfxtp_1)
                                                         sticky_tamper_core (net)
                      0.172810    0.002211    0.628317 ^ _446_/A (sky130_fd_sc_hd__nor2_2)
     6    0.028151    0.076379    0.077541    0.705859 v _446_/Y (sky130_fd_sc_hd__nor2_2)
                                                         _202_ (net)
                      0.076453    0.001819    0.707677 v _495_/A1 (sky130_fd_sc_hd__a21o_1)
     1    0.002322    0.018994    0.109440    0.817117 v _495_/X (sky130_fd_sc_hd__a21o_1)
                                                         _089_ (net)
                      0.018994    0.000166    0.817284 v _717_/D (sky130_fd_sc_hd__dfxtp_2)
                                              0.817284   data arrival time

                                  0.000000    0.000000   clock wb_clk_i (rise edge)
                                  0.000000    0.000000   clock source latency
     2    0.024579    0.087030    0.060746    0.060746 ^ wb_clk_i (in)
                                                         wb_clk_i (net)
                      0.087170    0.000000    0.060746 ^ clkbuf_0_wb_clk_i/A (sky130_fd_sc_hd__clkbuf_16)
    17    0.111708    0.098028    0.149081    0.209827 ^ clkbuf_0_wb_clk_i/X (sky130_fd_sc_hd__clkbuf_16)
                                                         clknet_0_wb_clk_i (net)
                      0.098293    0.004156    0.213983 ^ clkbuf_3_3__f_wb_clk_i/A (sky130_fd_sc_hd__clkbuf_16)
    11    0.046056    0.049910    0.118022    0.332006 ^ clkbuf_3_3__f_wb_clk_i/X (sky130_fd_sc_hd__clkbuf_16)
                                                         clknet_3_3__leaf_wb_clk_i (net)
                      0.050093    0.002052    0.334057 ^ _717_/CLK (sky130_fd_sc_hd__dfxtp_2)
                                  0.250000    0.584057   clock uncertainty
                                  0.000000    0.584057   clock reconvergence pessimism
                                 -0.028787    0.555271   library hold time
                                              0.555271   data required time
---------------------------------------------------------------------------------------------
                                              0.555271   data required time
                                             -0.817284   data arrival time
---------------------------------------------------------------------------------------------
                                              0.262013   slack (MET)


Startpoint: _728_ (rising edge-triggered flip-flop clocked by wb_clk_i)
Endpoint: _710_ (rising edge-triggered flip-flop clocked by wb_clk_i)
Path Group: wb_clk_i
Path Type: min

Fanout         Cap        Slew       Delay        Time   Description
---------------------------------------------------------------------------------------------
                                  0.000000    0.000000   clock wb_clk_i (rise edge)
                                  0.000000    0.000000   clock source latency
     2    0.024579    0.087030    0.060746    0.060746 ^ wb_clk_i (in)
                                                         wb_clk_i (net)
                      0.087170    0.000000    0.060746 ^ clkbuf_0_wb_clk_i/A (sky130_fd_sc_hd__clkbuf_16)
    17    0.111708    0.098028    0.149081    0.209827 ^ clkbuf_0_wb_clk_i/X (sky130_fd_sc_hd__clkbuf_16)
                                                         clknet_0_wb_clk_i (net)
                      0.098293    0.004156    0.213983 ^ clkbuf_3_3__f_wb_clk_i/A (sky130_fd_sc_hd__clkbuf_16)
    11    0.046056    0.049910    0.118022    0.332006 ^ clkbuf_3_3__f_wb_clk_i/X (sky130_fd_sc_hd__clkbuf_16)
                                                         clknet_3_3__leaf_wb_clk_i (net)
                      0.050076    0.001926    0.333931 ^ _728_/CLK (sky130_fd_sc_hd__dfxtp_1)
     4    0.015174    0.054811    0.222772    0.556703 v _728_/Q (sky130_fd_sc_hd__dfxtp_1)
                                                         group_timeout_count[9] (net)
                      0.054826    0.000882    0.557585 v _338_/A (sky130_fd_sc_hd__inv_2)
     2    0.009023    0.038107    0.052039    0.609624 ^ _338_/Y (sky130_fd_sc_hd__inv_2)
                                                         _143_ (net)
                      0.038133    0.000513    0.610137 ^ _453_/A2 (sky130_fd_sc_hd__a41o_1)
     1    0.003373    0.031881    0.090459    0.700596 ^ _453_/X (sky130_fd_sc_hd__a41o_1)
                                                         _208_ (net)
                      0.031882    0.000230    0.700827 ^ _461_/A2 (sky130_fd_sc_hd__a31o_1)
     2    0.009682    0.074093    0.110434    0.811260 ^ _461_/X (sky130_fd_sc_hd__a31o_1)
                                                         _216_ (net)
                      0.074120    0.000374    0.811634 ^ _462_/B (sky130_fd_sc_hd__nor2_1)
     1    0.002518    0.023403    0.023772    0.835406 v _462_/Y (sky130_fd_sc_hd__nor2_1)
                                                         _082_ (net)
                      0.023403    0.000185    0.835591 v _710_/D (sky130_fd_sc_hd__dfxtp_1)
                                              0.835591   data arrival time

                                  0.000000    0.000000   clock wb_clk_i (rise edge)
                                  0.000000    0.000000   clock source latency
     2    0.024579    0.087030    0.060746    0.060746 ^ wb_clk_i (in)
                                                         wb_clk_i (net)
                      0.087170    0.000000    0.060746 ^ clkbuf_0_wb_clk_i/A (sky130_fd_sc_hd__clkbuf_16)
    17    0.111708    0.098028    0.149081    0.209827 ^ clkbuf_0_wb_clk_i/X (sky130_fd_sc_hd__clkbuf_16)
                                                         clknet_0_wb_clk_i (net)
                      0.098487    0.005415    0.215242 ^ clkbuf_3_1__f_wb_clk_i/A (sky130_fd_sc_hd__clkbuf_16)
    15    0.046245    0.050051    0.118227    0.333469 ^ clkbuf_3_1__f_wb_clk_i/X (sky130_fd_sc_hd__clkbuf_16)
                                                         clknet_3_1__leaf_wb_clk_i (net)
                      0.050099    0.001397    0.334866 ^ _710_/CLK (sky130_fd_sc_hd__dfxtp_1)
                                  0.250000    0.584866   clock uncertainty
                                  0.000000    0.584866   clock reconvergence pessimism
                                 -0.035231    0.549636   library hold time
                                              0.549636   data required time
---------------------------------------------------------------------------------------------
                                              0.549636   data required time
                                             -0.835591   data arrival time
---------------------------------------------------------------------------------------------
                                              0.285956   slack (MET)


Startpoint: _728_ (rising edge-triggered flip-flop clocked by wb_clk_i)
Endpoint: _709_ (rising edge-triggered flip-flop clocked by wb_clk_i)
Path Group: wb_clk_i
Path Type: min

Fanout         Cap        Slew       Delay        Time   Description
---------------------------------------------------------------------------------------------
                                  0.000000    0.000000   clock wb_clk_i (rise edge)
                                  0.000000    0.000000   clock source latency
     2    0.024579    0.087030    0.060746    0.060746 ^ wb_clk_i (in)
                                                         wb_clk_i (net)
                      0.087170    0.000000    0.060746 ^ clkbuf_0_wb_clk_i/A (sky130_fd_sc_hd__clkbuf_16)
    17    0.111708    0.098028    0.149081    0.209827 ^ clkbuf_0_wb_clk_i/X (sky130_fd_sc_hd__clkbuf_16)
                                                         clknet_0_wb_clk_i (net)
                      0.098293    0.004156    0.213983 ^ clkbuf_3_3__f_wb_clk_i/A (sky130_fd_sc_hd__clkbuf_16)
    11    0.046056    0.049910    0.118022    0.332006 ^ clkbuf_3_3__f_wb_clk_i/X (sky130_fd_sc_hd__clkbuf_16)
                                                         clknet_3_3__leaf_wb_clk_i (net)
                      0.050076    0.001926    0.333931 ^ _728_/CLK (sky130_fd_sc_hd__dfxtp_1)
     4    0.015992    0.117705    0.253017    0.586948 ^ _728_/Q (sky130_fd_sc_hd__dfxtp_1)
                                                         group_timeout_count[9] (net)
                      0.117709    0.000877    0.587825 ^ _444_/A (sky130_fd_sc_hd__or3b_1)
     2    0.009017    0.067987    0.112012    0.699837 ^ _444_/X (sky130_fd_sc_hd__or3b_1)
                                                         _200_ (net)
                      0.067991    0.000591    0.700428 ^ _445_/B (sky130_fd_sc_hd__nor2_1)
     1    0.002680    0.022871    0.024350    0.724778 v _445_/Y (sky130_fd_sc_hd__nor2_1)
                                                         _201_ (net)
                      0.022871    0.000191    0.724969 v _448_/A1 (sky130_fd_sc_hd__a31o_1)
     1    0.005179    0.026769    0.111947    0.836916 v _448_/X (sky130_fd_sc_hd__a31o_1)
                                                         _081_ (net)
                      0.026775    0.000401    0.837318 v _709_/D (sky130_fd_sc_hd__dfxtp_1)
                                              0.837318   data arrival time

                                  0.000000    0.000000   clock wb_clk_i (rise edge)
                                  0.000000    0.000000   clock source latency
     2    0.024579    0.087030    0.060746    0.060746 ^ wb_clk_i (in)
                                                         wb_clk_i (net)
                      0.087170    0.000000    0.060746 ^ clkbuf_0_wb_clk_i/A (sky130_fd_sc_hd__clkbuf_16)
    17    0.111708    0.098028    0.149081    0.209827 ^ clkbuf_0_wb_clk_i/X (sky130_fd_sc_hd__clkbuf_16)
                                                         clknet_0_wb_clk_i (net)
                      0.098487    0.005415    0.215242 ^ clkbuf_3_1__f_wb_clk_i/A (sky130_fd_sc_hd__clkbuf_16)
    15    0.046245    0.050051    0.118227    0.333469 ^ clkbuf_3_1__f_wb_clk_i/X (sky130_fd_sc_hd__clkbuf_16)
                                                         clknet_3_1__leaf_wb_clk_i (net)
                      0.050084    0.001218    0.334687 ^ _709_/CLK (sky130_fd_sc_hd__dfxtp_1)
                                  0.250000    0.584687   clock uncertainty
                                  0.000000    0.584687   clock reconvergence pessimism
                                 -0.036378    0.548309   library hold time
                                              0.548309   data required time
---------------------------------------------------------------------------------------------
                                              0.548309   data required time
                                             -0.837318   data arrival time
---------------------------------------------------------------------------------------------
                                              0.289009   slack (MET)


Startpoint: _740_ (rising edge-triggered flip-flop clocked by wb_clk_i)
Endpoint: _745_ (rising edge-triggered flip-flop clocked by wb_clk_i)
Path Group: wb_clk_i
Path Type: min

Fanout         Cap        Slew       Delay        Time   Description
---------------------------------------------------------------------------------------------
                                  0.000000    0.000000   clock wb_clk_i (rise edge)
                                  0.000000    0.000000   clock source latency
     2    0.024579    0.087030    0.060746    0.060746 ^ wb_clk_i (in)
                                                         wb_clk_i (net)
                      0.087170    0.000000    0.060746 ^ clkbuf_0_wb_clk_i/A (sky130_fd_sc_hd__clkbuf_16)
    17    0.111708    0.098028    0.149081    0.209827 ^ clkbuf_0_wb_clk_i/X (sky130_fd_sc_hd__clkbuf_16)
                                                         clknet_0_wb_clk_i (net)
                      0.098336    0.004468    0.214295 ^ clkbuf_3_6__f_wb_clk_i/A (sky130_fd_sc_hd__clkbuf_16)
    10    0.045967    0.049824    0.117870    0.332165 ^ clkbuf_3_6__f_wb_clk_i/X (sky130_fd_sc_hd__clkbuf_16)
                                                         clknet_3_6__leaf_wb_clk_i (net)
                      0.050083    0.002523    0.334688 ^ _740_/CLK (sky130_fd_sc_hd__dfxtp_1)
     2    0.006175    0.051322    0.206347    0.541035 ^ _740_/Q (sky130_fd_sc_hd__dfxtp_1)
                                                         u_system.u_global.prev_state[4] (net)
                      0.051322    0.000214    0.541249 ^ _574_/A2 (sky130_fd_sc_hd__a211o_1)
     2    0.008997    0.064593    0.101926    0.643175 ^ _574_/X (sky130_fd_sc_hd__a211o_1)
                                                         _298_ (net)
                      0.064627    0.000676    0.643851 ^ fanout72/A (sky130_fd_sc_hd__buf_2)
    10    0.046516    0.172037    0.174773    0.818624 ^ fanout72/X (sky130_fd_sc_hd__buf_2)
                                                         net72 (net)
                      0.172224    0.004661    0.823285 ^ _583_/B1 (sky130_fd_sc_hd__a21oi_1)
     1    0.002947    0.026842    0.025455    0.848740 v _583_/Y (sky130_fd_sc_hd__a21oi_1)
                                                         _117_ (net)
                      0.026842    0.000193    0.848933 v _745_/D (sky130_fd_sc_hd__dfxtp_1)
                                              0.848933   data arrival time

                                  0.000000    0.000000   clock wb_clk_i (rise edge)
                                  0.000000    0.000000   clock source latency
     2    0.024579    0.087030    0.060746    0.060746 ^ wb_clk_i (in)
                                                         wb_clk_i (net)
                      0.087170    0.000000    0.060746 ^ clkbuf_0_wb_clk_i/A (sky130_fd_sc_hd__clkbuf_16)
    17    0.111708    0.098028    0.149081    0.209827 ^ clkbuf_0_wb_clk_i/X (sky130_fd_sc_hd__clkbuf_16)
                                                         clknet_0_wb_clk_i (net)
                      0.098783    0.006892    0.216719 ^ clkbuf_3_5__f_wb_clk_i/A (sky130_fd_sc_hd__clkbuf_16)
    14    0.046268    0.050010    0.117714    0.334433 ^ clkbuf_3_5__f_wb_clk_i/X (sky130_fd_sc_hd__clkbuf_16)
                                                         clknet_3_5__leaf_wb_clk_i (net)
                      0.050457    0.003635    0.338068 ^ _745_/CLK (sky130_fd_sc_hd__dfxtp_1)
                                  0.250000    0.588068   clock uncertainty
                                  0.000000    0.588068   clock reconvergence pessimism
                                 -0.036364    0.551704   library hold time
                                              0.551704   data required time
---------------------------------------------------------------------------------------------
                                              0.551704   data required time
                                             -0.848933   data arrival time
---------------------------------------------------------------------------------------------
                                              0.297229   slack (MET)


Startpoint: _762_ (rising edge-triggered flip-flop clocked by wb_clk_i)
Endpoint: _744_ (rising edge-triggered flip-flop clocked by wb_clk_i)
Path Group: wb_clk_i
Path Type: min

Fanout         Cap        Slew       Delay        Time   Description
---------------------------------------------------------------------------------------------
                                  0.000000    0.000000   clock wb_clk_i (rise edge)
                                  0.000000    0.000000   clock source latency
     2    0.024579    0.087030    0.060746    0.060746 ^ wb_clk_i (in)
                                                         wb_clk_i (net)
                      0.087170    0.000000    0.060746 ^ clkbuf_0_wb_clk_i/A (sky130_fd_sc_hd__clkbuf_16)
    17    0.111708    0.098028    0.149081    0.209827 ^ clkbuf_0_wb_clk_i/X (sky130_fd_sc_hd__clkbuf_16)
                                                         clknet_0_wb_clk_i (net)
                      0.098293    0.004156    0.213983 ^ clkbuf_3_3__f_wb_clk_i/A (sky130_fd_sc_hd__clkbuf_16)
    11    0.046056    0.049910    0.118022    0.332006 ^ clkbuf_3_3__f_wb_clk_i/X (sky130_fd_sc_hd__clkbuf_16)
                                                         clknet_3_3__leaf_wb_clk_i (net)
                      0.049945    0.001243    0.333249 ^ _762_/CLK (sky130_fd_sc_hd__dfxtp_1)
     4    0.012325    0.092666    0.235578    0.568826 ^ _762_/Q (sky130_fd_sc_hd__dfxtp_1)
                                                         u_system.u_global.denial_counter[1] (net)
                      0.092668    0.000623    0.569449 ^ _471_/A (sky130_fd_sc_hd__or2_1)
     3    0.008986    0.069867    0.101585    0.671034 ^ _471_/X (sky130_fd_sc_hd__or2_1)
                                                         _223_ (net)
                      0.069898    0.000560    0.671595 ^ _567_/A2 (sky130_fd_sc_hd__a31o_1)
     1    0.005416    0.044874    0.097514    0.769109 ^ _567_/X (sky130_fd_sc_hd__a31o_1)
                                                         _292_ (net)
                      0.044877    0.000398    0.769507 ^ _568_/C (sky130_fd_sc_hd__and3_1)
     1    0.003767    0.040334    0.095946    0.865453 ^ _568_/X (sky130_fd_sc_hd__and3_1)
                                                         _116_ (net)
                      0.040336    0.000290    0.865743 ^ _744_/D (sky130_fd_sc_hd__dfxtp_1)
                                              0.865743   data arrival time

                                  0.000000    0.000000   clock wb_clk_i (rise edge)
                                  0.000000    0.000000   clock source latency
     2    0.024579    0.087030    0.060746    0.060746 ^ wb_clk_i (in)
                                                         wb_clk_i (net)
                      0.087170    0.000000    0.060746 ^ clkbuf_0_wb_clk_i/A (sky130_fd_sc_hd__clkbuf_16)
    17    0.111708    0.098028    0.149081    0.209827 ^ clkbuf_0_wb_clk_i/X (sky130_fd_sc_hd__clkbuf_16)
                                                         clknet_0_wb_clk_i (net)
                      0.098293    0.004156    0.213983 ^ clkbuf_3_3__f_wb_clk_i/A (sky130_fd_sc_hd__clkbuf_16)
    11    0.046056    0.049910    0.118022    0.332006 ^ clkbuf_3_3__f_wb_clk_i/X (sky130_fd_sc_hd__clkbuf_16)
                                                         clknet_3_3__leaf_wb_clk_i (net)
                      0.050098    0.002088    0.334094 ^ _744_/CLK (sky130_fd_sc_hd__dfxtp_1)
                                  0.250000    0.584094   clock uncertainty
                                  0.000000    0.584094   clock reconvergence pessimism
                                 -0.017503    0.566591   library hold time
                                              0.566591   data required time
---------------------------------------------------------------------------------------------
                                              0.566591   data required time
                                             -0.865743   data arrival time
---------------------------------------------------------------------------------------------
                                              0.299152   slack (MET)


Startpoint: _761_ (rising edge-triggered flip-flop clocked by wb_clk_i)
Endpoint: _743_ (rising edge-triggered flip-flop clocked by wb_clk_i)
Path Group: wb_clk_i
Path Type: min

Fanout         Cap        Slew       Delay        Time   Description
---------------------------------------------------------------------------------------------
                                  0.000000    0.000000   clock wb_clk_i (rise edge)
                                  0.000000    0.000000   clock source latency
     2    0.024579    0.087030    0.060746    0.060746 ^ wb_clk_i (in)
                                                         wb_clk_i (net)
                      0.087170    0.000000    0.060746 ^ clkbuf_0_wb_clk_i/A (sky130_fd_sc_hd__clkbuf_16)
    17    0.111708    0.098028    0.149081    0.209827 ^ clkbuf_0_wb_clk_i/X (sky130_fd_sc_hd__clkbuf_16)
                                                         clknet_0_wb_clk_i (net)
                      0.098293    0.004156    0.213983 ^ clkbuf_3_3__f_wb_clk_i/A (sky130_fd_sc_hd__clkbuf_16)
    11    0.046056    0.049910    0.118022    0.332006 ^ clkbuf_3_3__f_wb_clk_i/X (sky130_fd_sc_hd__clkbuf_16)
                                                         clknet_3_3__leaf_wb_clk_i (net)
                      0.049951    0.001313    0.333318 ^ _761_/CLK (sky130_fd_sc_hd__dfxtp_1)
     5    0.017149    0.125589    0.258587    0.591905 ^ _761_/Q (sky130_fd_sc_hd__dfxtp_1)
                                                         u_system.u_global.denial_counter[0] (net)
                      0.125591    0.000716    0.592621 ^ _485_/A (sky130_fd_sc_hd__or2_1)
     2    0.006823    0.055432    0.096620    0.689241 ^ _485_/X (sky130_fd_sc_hd__or2_1)
                                                         _237_ (net)
                      0.055435    0.000454    0.689694 ^ _563_/A2 (sky130_fd_sc_hd__o32a_1)
     1    0.004538    0.042914    0.090957    0.780652 ^ _563_/X (sky130_fd_sc_hd__o32a_1)
                                                         _289_ (net)
                      0.042916    0.000334    0.780986 ^ _564_/A_N (sky130_fd_sc_hd__and2b_1)
     1    0.002636    0.022828    0.105400    0.886386 v _564_/X (sky130_fd_sc_hd__and2b_1)
                                                         _115_ (net)
                      0.022841    0.000179    0.886565 v _743_/D (sky130_fd_sc_hd__dfxtp_1)
                                              0.886565   data arrival time

                                  0.000000    0.000000   clock wb_clk_i (rise edge)
                                  0.000000    0.000000   clock source latency
     2    0.024579    0.087030    0.060746    0.060746 ^ wb_clk_i (in)
                                                         wb_clk_i (net)
                      0.087170    0.000000    0.060746 ^ clkbuf_0_wb_clk_i/A (sky130_fd_sc_hd__clkbuf_16)
    17    0.111708    0.098028    0.149081    0.209827 ^ clkbuf_0_wb_clk_i/X (sky130_fd_sc_hd__clkbuf_16)
                                                         clknet_0_wb_clk_i (net)
                      0.098336    0.004468    0.214295 ^ clkbuf_3_6__f_wb_clk_i/A (sky130_fd_sc_hd__clkbuf_16)
    10    0.045967    0.049824    0.117870    0.332165 ^ clkbuf_3_6__f_wb_clk_i/X (sky130_fd_sc_hd__clkbuf_16)
                                                         clknet_3_6__leaf_wb_clk_i (net)
                      0.050036    0.002208    0.334373 ^ _743_/CLK (sky130_fd_sc_hd__dfxtp_1)
                                  0.250000    0.584373   clock uncertainty
                                  0.000000    0.584373   clock reconvergence pessimism
                                 -0.035046    0.549327   library hold time
                                              0.549327   data required time
---------------------------------------------------------------------------------------------
                                              0.549327   data required time
                                             -0.886565   data arrival time
---------------------------------------------------------------------------------------------
                                              0.337238   slack (MET)


Startpoint: _703_ (rising edge-triggered flip-flop clocked by wb_clk_i)
Endpoint: _706_ (rising edge-triggered flip-flop clocked by wb_clk_i)
Path Group: wb_clk_i
Path Type: min

Fanout         Cap        Slew       Delay        Time   Description
---------------------------------------------------------------------------------------------
                                  0.000000    0.000000   clock wb_clk_i (rise edge)
                                  0.000000    0.000000   clock source latency
     2    0.024579    0.087030    0.060746    0.060746 ^ wb_clk_i (in)
                                                         wb_clk_i (net)
                      0.087170    0.000000    0.060746 ^ clkbuf_0_wb_clk_i/A (sky130_fd_sc_hd__clkbuf_16)
    17    0.111708    0.098028    0.149081    0.209827 ^ clkbuf_0_wb_clk_i/X (sky130_fd_sc_hd__clkbuf_16)
                                                         clknet_0_wb_clk_i (net)
                      0.098783    0.006892    0.216719 ^ clkbuf_3_5__f_wb_clk_i/A (sky130_fd_sc_hd__clkbuf_16)
    14    0.046268    0.050010    0.117714    0.334433 ^ clkbuf_3_5__f_wb_clk_i/X (sky130_fd_sc_hd__clkbuf_16)
                                                         clknet_3_5__leaf_wb_clk_i (net)
                      0.050545    0.004019    0.338452 ^ _703_/CLK (sky130_fd_sc_hd__dfrtp_1)
     2    0.005583    0.047753    0.216694    0.555146 ^ _703_/Q (sky130_fd_sc_hd__dfrtp_1)
                                                         net36 (net)
                      0.047754    0.000323    0.555469 ^ _364_/A_N (sky130_fd_sc_hd__and3b_1)
     3    0.008086    0.039848    0.123911    0.679380 v _364_/X (sky130_fd_sc_hd__and3b_1)
                                                         _005_ (net)
                      0.039853    0.000483    0.679862 v _430_/B (sky130_fd_sc_hd__and3_1)
     5    0.015275    0.059967    0.141678    0.821540 v _430_/X (sky130_fd_sc_hd__and3_1)
                                                         _192_ (net)
                      0.059988    0.001054    0.822594 v _433_/B (sky130_fd_sc_hd__and2_1)
     1    0.002542    0.022834    0.105235    0.927829 v _433_/X (sky130_fd_sc_hd__and2_1)
                                                         _002_ (net)
                      0.022834    0.000175    0.928004 v _706_/D (sky130_fd_sc_hd__dfrtp_1)
                                              0.928004   data arrival time

                                  0.000000    0.000000   clock wb_clk_i (rise edge)
                                  0.000000    0.000000   clock source latency
     2    0.024579    0.087030    0.060746    0.060746 ^ wb_clk_i (in)
                                                         wb_clk_i (net)
                      0.087170    0.000000    0.060746 ^ clkbuf_0_wb_clk_i/A (sky130_fd_sc_hd__clkbuf_16)
    17    0.111708    0.098028    0.149081    0.209827 ^ clkbuf_0_wb_clk_i/X (sky130_fd_sc_hd__clkbuf_16)
                                                         clknet_0_wb_clk_i (net)
                      0.098617    0.006108    0.215935 ^ clkbuf_3_4__f_wb_clk_i/A (sky130_fd_sc_hd__clkbuf_16)
    12    0.046104    0.049929    0.117812    0.333747 ^ clkbuf_3_4__f_wb_clk_i/X (sky130_fd_sc_hd__clkbuf_16)
                                                         clknet_3_4__leaf_wb_clk_i (net)
                      0.050298    0.003319    0.337066 ^ _706_/CLK (sky130_fd_sc_hd__dfrtp_1)
                                  0.250000    0.587066   clock uncertainty
                                  0.000000    0.587066   clock reconvergence pessimism
                                 -0.027504    0.559562   library hold time
                                              0.559562   data required time
---------------------------------------------------------------------------------------------
                                              0.559562   data required time
                                             -0.928004   data arrival time
---------------------------------------------------------------------------------------------
                                              0.368442   slack (MET)


Startpoint: _703_ (rising edge-triggered flip-flop clocked by wb_clk_i)
Endpoint: _705_ (rising edge-triggered flip-flop clocked by wb_clk_i)
Path Group: wb_clk_i
Path Type: min

Fanout         Cap        Slew       Delay        Time   Description
---------------------------------------------------------------------------------------------
                                  0.000000    0.000000   clock wb_clk_i (rise edge)
                                  0.000000    0.000000   clock source latency
     2    0.024579    0.087030    0.060746    0.060746 ^ wb_clk_i (in)
                                                         wb_clk_i (net)
                      0.087170    0.000000    0.060746 ^ clkbuf_0_wb_clk_i/A (sky130_fd_sc_hd__clkbuf_16)
    17    0.111708    0.098028    0.149081    0.209827 ^ clkbuf_0_wb_clk_i/X (sky130_fd_sc_hd__clkbuf_16)
                                                         clknet_0_wb_clk_i (net)
                      0.098783    0.006892    0.216719 ^ clkbuf_3_5__f_wb_clk_i/A (sky130_fd_sc_hd__clkbuf_16)
    14    0.046268    0.050010    0.117714    0.334433 ^ clkbuf_3_5__f_wb_clk_i/X (sky130_fd_sc_hd__clkbuf_16)
                                                         clknet_3_5__leaf_wb_clk_i (net)
                      0.050545    0.004019    0.338452 ^ _703_/CLK (sky130_fd_sc_hd__dfrtp_1)
     2    0.005583    0.047753    0.216694    0.555146 ^ _703_/Q (sky130_fd_sc_hd__dfrtp_1)
                                                         net36 (net)
                      0.047754    0.000323    0.555469 ^ _364_/A_N (sky130_fd_sc_hd__and3b_1)
     3    0.008086    0.039848    0.123911    0.679380 v _364_/X (sky130_fd_sc_hd__and3b_1)
                                                         _005_ (net)
                      0.039853    0.000483    0.679862 v _430_/B (sky130_fd_sc_hd__and3_1)
     5    0.015275    0.059967    0.141678    0.821540 v _430_/X (sky130_fd_sc_hd__and3_1)
                                                         _192_ (net)
                      0.059975    0.000686    0.822227 v _432_/B (sky130_fd_sc_hd__and2_1)
     1    0.002898    0.023842    0.106683    0.928909 v _432_/X (sky130_fd_sc_hd__and2_1)
                                                         _001_ (net)
                      0.023848    0.000217    0.929126 v _705_/D (sky130_fd_sc_hd__dfrtp_1)
                                              0.929126   data arrival time

                                  0.000000    0.000000   clock wb_clk_i (rise edge)
                                  0.000000    0.000000   clock source latency
     2    0.024579    0.087030    0.060746    0.060746 ^ wb_clk_i (in)
                                                         wb_clk_i (net)
                      0.087170    0.000000    0.060746 ^ clkbuf_0_wb_clk_i/A (sky130_fd_sc_hd__clkbuf_16)
    17    0.111708    0.098028    0.149081    0.209827 ^ clkbuf_0_wb_clk_i/X (sky130_fd_sc_hd__clkbuf_16)
                                                         clknet_0_wb_clk_i (net)
                      0.098783    0.006892    0.216719 ^ clkbuf_3_5__f_wb_clk_i/A (sky130_fd_sc_hd__clkbuf_16)
    14    0.046268    0.050010    0.117714    0.334433 ^ clkbuf_3_5__f_wb_clk_i/X (sky130_fd_sc_hd__clkbuf_16)
                                                         clknet_3_5__leaf_wb_clk_i (net)
                      0.050512    0.003880    0.338312 ^ _705_/CLK (sky130_fd_sc_hd__dfrtp_1)
                                  0.250000    0.588312   clock uncertainty
                                  0.000000    0.588312   clock reconvergence pessimism
                                 -0.027813    0.560499   library hold time
                                              0.560499   data required time
---------------------------------------------------------------------------------------------
                                              0.560499   data required time
                                             -0.929126   data arrival time
---------------------------------------------------------------------------------------------
                                              0.368627   slack (MET)


Startpoint: _703_ (rising edge-triggered flip-flop clocked by wb_clk_i)
Endpoint: _707_ (rising edge-triggered flip-flop clocked by wb_clk_i)
Path Group: wb_clk_i
Path Type: min

Fanout         Cap        Slew       Delay        Time   Description
---------------------------------------------------------------------------------------------
                                  0.000000    0.000000   clock wb_clk_i (rise edge)
                                  0.000000    0.000000   clock source latency
     2    0.024579    0.087030    0.060746    0.060746 ^ wb_clk_i (in)
                                                         wb_clk_i (net)
                      0.087170    0.000000    0.060746 ^ clkbuf_0_wb_clk_i/A (sky130_fd_sc_hd__clkbuf_16)
    17    0.111708    0.098028    0.149081    0.209827 ^ clkbuf_0_wb_clk_i/X (sky130_fd_sc_hd__clkbuf_16)
                                                         clknet_0_wb_clk_i (net)
                      0.098783    0.006892    0.216719 ^ clkbuf_3_5__f_wb_clk_i/A (sky130_fd_sc_hd__clkbuf_16)
    14    0.046268    0.050010    0.117714    0.334433 ^ clkbuf_3_5__f_wb_clk_i/X (sky130_fd_sc_hd__clkbuf_16)
                                                         clknet_3_5__leaf_wb_clk_i (net)
                      0.050545    0.004019    0.338452 ^ _703_/CLK (sky130_fd_sc_hd__dfrtp_1)
     2    0.005583    0.047753    0.216694    0.555146 ^ _703_/Q (sky130_fd_sc_hd__dfrtp_1)
                                                         net36 (net)
                      0.047754    0.000323    0.555469 ^ _364_/A_N (sky130_fd_sc_hd__and3b_1)
     3    0.008086    0.039848    0.123911    0.679380 v _364_/X (sky130_fd_sc_hd__and3b_1)
                                                         _005_ (net)
                      0.039853    0.000483    0.679862 v _430_/B (sky130_fd_sc_hd__and3_1)
     5    0.015275    0.059967    0.141678    0.821540 v _430_/X (sky130_fd_sc_hd__and3_1)
                                                         _192_ (net)
                      0.059983    0.000941    0.822481 v _434_/B (sky130_fd_sc_hd__and2_1)
     1    0.002532    0.022805    0.105210    0.927691 v _434_/X (sky130_fd_sc_hd__and2_1)
                                                         _003_ (net)
                      0.022805    0.000116    0.927807 v _707_/D (sky130_fd_sc_hd__dfrtp_1)
                                              0.927807   data arrival time

                                  0.000000    0.000000   clock wb_clk_i (rise edge)
                                  0.000000    0.000000   clock source latency
     2    0.024579    0.087030    0.060746    0.060746 ^ wb_clk_i (in)
                                                         wb_clk_i (net)
                      0.087170    0.000000    0.060746 ^ clkbuf_0_wb_clk_i/A (sky130_fd_sc_hd__clkbuf_16)
    17    0.111708    0.098028    0.149081    0.209827 ^ clkbuf_0_wb_clk_i/X (sky130_fd_sc_hd__clkbuf_16)
                                                         clknet_0_wb_clk_i (net)
                      0.098617    0.006108    0.215935 ^ clkbuf_3_4__f_wb_clk_i/A (sky130_fd_sc_hd__clkbuf_16)
    12    0.046104    0.049929    0.117812    0.333747 ^ clkbuf_3_4__f_wb_clk_i/X (sky130_fd_sc_hd__clkbuf_16)
                                                         clknet_3_4__leaf_wb_clk_i (net)
                      0.050195    0.002764    0.336511 ^ _707_/CLK (sky130_fd_sc_hd__dfrtp_1)
                                  0.250000    0.586511   clock uncertainty
                                  0.000000    0.586511   clock reconvergence pessimism
                                 -0.027505    0.559006   library hold time
                                              0.559006   data required time
---------------------------------------------------------------------------------------------
                                              0.559006   data required time
                                             -0.927807   data arrival time
---------------------------------------------------------------------------------------------
                                              0.368801   slack (MET)


Startpoint: _703_ (rising edge-triggered flip-flop clocked by wb_clk_i)
Endpoint: _708_ (rising edge-triggered flip-flop clocked by wb_clk_i)
Path Group: wb_clk_i
Path Type: min

Fanout         Cap        Slew       Delay        Time   Description
---------------------------------------------------------------------------------------------
                                  0.000000    0.000000   clock wb_clk_i (rise edge)
                                  0.000000    0.000000   clock source latency
     2    0.024579    0.087030    0.060746    0.060746 ^ wb_clk_i (in)
                                                         wb_clk_i (net)
                      0.087170    0.000000    0.060746 ^ clkbuf_0_wb_clk_i/A (sky130_fd_sc_hd__clkbuf_16)
    17    0.111708    0.098028    0.149081    0.209827 ^ clkbuf_0_wb_clk_i/X (sky130_fd_sc_hd__clkbuf_16)
                                                         clknet_0_wb_clk_i (net)
                      0.098783    0.006892    0.216719 ^ clkbuf_3_5__f_wb_clk_i/A (sky130_fd_sc_hd__clkbuf_16)
    14    0.046268    0.050010    0.117714    0.334433 ^ clkbuf_3_5__f_wb_clk_i/X (sky130_fd_sc_hd__clkbuf_16)
                                                         clknet_3_5__leaf_wb_clk_i (net)
                      0.050545    0.004019    0.338452 ^ _703_/CLK (sky130_fd_sc_hd__dfrtp_1)
     2    0.005583    0.047753    0.216694    0.555146 ^ _703_/Q (sky130_fd_sc_hd__dfrtp_1)
                                                         net36 (net)
                      0.047754    0.000323    0.555469 ^ _364_/A_N (sky130_fd_sc_hd__and3b_1)
     3    0.008086    0.039848    0.123911    0.679380 v _364_/X (sky130_fd_sc_hd__and3b_1)
                                                         _005_ (net)
                      0.039853    0.000483    0.679862 v _430_/B (sky130_fd_sc_hd__and3_1)
     5    0.015275    0.059967    0.141678    0.821540 v _430_/X (sky130_fd_sc_hd__and3_1)
                                                         _192_ (net)
                      0.059987    0.001021    0.822561 v _435_/B (sky130_fd_sc_hd__and2_1)
     1    0.002582    0.022942    0.105401    0.927962 v _435_/X (sky130_fd_sc_hd__and2_1)
                                                         _004_ (net)
                      0.022943    0.000177    0.928140 v _708_/D (sky130_fd_sc_hd__dfrtp_1)
                                              0.928140   data arrival time

                                  0.000000    0.000000   clock wb_clk_i (rise edge)
                                  0.000000    0.000000   clock source latency
     2    0.024579    0.087030    0.060746    0.060746 ^ wb_clk_i (in)
                                                         wb_clk_i (net)
                      0.087170    0.000000    0.060746 ^ clkbuf_0_wb_clk_i/A (sky130_fd_sc_hd__clkbuf_16)
    17    0.111708    0.098028    0.149081    0.209827 ^ clkbuf_0_wb_clk_i/X (sky130_fd_sc_hd__clkbuf_16)
                                                         clknet_0_wb_clk_i (net)
                      0.098617    0.006108    0.215935 ^ clkbuf_3_4__f_wb_clk_i/A (sky130_fd_sc_hd__clkbuf_16)
    12    0.046104    0.049929    0.117812    0.333747 ^ clkbuf_3_4__f_wb_clk_i/X (sky130_fd_sc_hd__clkbuf_16)
                                                         clknet_3_4__leaf_wb_clk_i (net)
                      0.050215    0.002880    0.336627 ^ _708_/CLK (sky130_fd_sc_hd__dfrtp_1)
                                  0.250000    0.586627   clock uncertainty
                                  0.000000    0.586627   clock reconvergence pessimism
                                 -0.027548    0.559079   library hold time
                                              0.559079   data required time
---------------------------------------------------------------------------------------------
                                              0.559079   data required time
                                             -0.928140   data arrival time
---------------------------------------------------------------------------------------------
                                              0.369060   slack (MET)


Startpoint: _703_ (rising edge-triggered flip-flop clocked by wb_clk_i)
Endpoint: _704_ (rising edge-triggered flip-flop clocked by wb_clk_i)
Path Group: wb_clk_i
Path Type: min

Fanout         Cap        Slew       Delay        Time   Description
---------------------------------------------------------------------------------------------
                                  0.000000    0.000000   clock wb_clk_i (rise edge)
                                  0.000000    0.000000   clock source latency
     2    0.024579    0.087030    0.060746    0.060746 ^ wb_clk_i (in)
                                                         wb_clk_i (net)
                      0.087170    0.000000    0.060746 ^ clkbuf_0_wb_clk_i/A (sky130_fd_sc_hd__clkbuf_16)
    17    0.111708    0.098028    0.149081    0.209827 ^ clkbuf_0_wb_clk_i/X (sky130_fd_sc_hd__clkbuf_16)
                                                         clknet_0_wb_clk_i (net)
                      0.098783    0.006892    0.216719 ^ clkbuf_3_5__f_wb_clk_i/A (sky130_fd_sc_hd__clkbuf_16)
    14    0.046268    0.050010    0.117714    0.334433 ^ clkbuf_3_5__f_wb_clk_i/X (sky130_fd_sc_hd__clkbuf_16)
                                                         clknet_3_5__leaf_wb_clk_i (net)
                      0.050545    0.004019    0.338452 ^ _703_/CLK (sky130_fd_sc_hd__dfrtp_1)
     2    0.005583    0.047753    0.216694    0.555146 ^ _703_/Q (sky130_fd_sc_hd__dfrtp_1)
                                                         net36 (net)
                      0.047754    0.000323    0.555469 ^ _364_/A_N (sky130_fd_sc_hd__and3b_1)
     3    0.008086    0.039848    0.123911    0.679380 v _364_/X (sky130_fd_sc_hd__and3b_1)
                                                         _005_ (net)
                      0.039853    0.000483    0.679862 v _430_/B (sky130_fd_sc_hd__and3_1)
     5    0.015275    0.059967    0.141678    0.821540 v _430_/X (sky130_fd_sc_hd__and3_1)
                                                         _192_ (net)
                      0.059991    0.001124    0.822665 v _431_/B (sky130_fd_sc_hd__and2_1)
     1    0.002545    0.022842    0.105268    0.927933 v _431_/X (sky130_fd_sc_hd__and2_1)
                                                         _000_ (net)
                      0.022842    0.000118    0.928051 v _704_/D (sky130_fd_sc_hd__dfrtp_1)
                                              0.928051   data arrival time

                                  0.000000    0.000000   clock wb_clk_i (rise edge)
                                  0.000000    0.000000   clock source latency
     2    0.024579    0.087030    0.060746    0.060746 ^ wb_clk_i (in)
                                                         wb_clk_i (net)
                      0.087170    0.000000    0.060746 ^ clkbuf_0_wb_clk_i/A (sky130_fd_sc_hd__clkbuf_16)
    17    0.111708    0.098028    0.149081    0.209827 ^ clkbuf_0_wb_clk_i/X (sky130_fd_sc_hd__clkbuf_16)
                                                         clknet_0_wb_clk_i (net)
                      0.098487    0.005415    0.215242 ^ clkbuf_3_1__f_wb_clk_i/A (sky130_fd_sc_hd__clkbuf_16)
    15    0.046245    0.050051    0.118227    0.333469 ^ clkbuf_3_1__f_wb_clk_i/X (sky130_fd_sc_hd__clkbuf_16)
                                                         clknet_3_1__leaf_wb_clk_i (net)
                      0.050234    0.002062    0.335531 ^ _704_/CLK (sky130_fd_sc_hd__dfrtp_1)
                                  0.250000    0.585531   clock uncertainty
                                  0.000000    0.585531   clock reconvergence pessimism
                                 -0.027513    0.558018   library hold time
                                              0.558018   data required time
---------------------------------------------------------------------------------------------
                                              0.558018   data required time
                                             -0.928051   data arrival time
---------------------------------------------------------------------------------------------
                                              0.370033   slack (MET)


Startpoint: _744_ (rising edge-triggered flip-flop clocked by wb_clk_i)
Endpoint: _683_ (rising edge-triggered flip-flop clocked by wb_clk_i)
Path Group: wb_clk_i
Path Type: min

Fanout         Cap        Slew       Delay        Time   Description
---------------------------------------------------------------------------------------------
                                  0.000000    0.000000   clock wb_clk_i (rise edge)
                                  0.000000    0.000000   clock source latency
     2    0.024579    0.087030    0.060746    0.060746 ^ wb_clk_i (in)
                                                         wb_clk_i (net)
                      0.087170    0.000000    0.060746 ^ clkbuf_0_wb_clk_i/A (sky130_fd_sc_hd__clkbuf_16)
    17    0.111708    0.098028    0.149081    0.209827 ^ clkbuf_0_wb_clk_i/X (sky130_fd_sc_hd__clkbuf_16)
                                                         clknet_0_wb_clk_i (net)
                      0.098293    0.004156    0.213983 ^ clkbuf_3_3__f_wb_clk_i/A (sky130_fd_sc_hd__clkbuf_16)
    11    0.046056    0.049910    0.118022    0.332006 ^ clkbuf_3_3__f_wb_clk_i/X (sky130_fd_sc_hd__clkbuf_16)
                                                         clknet_3_3__leaf_wb_clk_i (net)
                      0.050098    0.002088    0.334094 ^ _744_/CLK (sky130_fd_sc_hd__dfxtp_1)
     7    0.028437    0.094358    0.253454    0.587548 v _744_/Q (sky130_fd_sc_hd__dfxtp_1)
                                                         u_system.u_global.state[3] (net)
                      0.094436    0.002447    0.589995 v _351_/A (sky130_fd_sc_hd__and3_1)
     6    0.026614    0.094636    0.177019    0.767014 v _351_/X (sky130_fd_sc_hd__and3_1)
                                                         _154_ (net)
                      0.094657    0.001341    0.768355 v _409_/B1 (sky130_fd_sc_hd__o221a_1)
     1    0.004287    0.023038    0.161621    0.929976 v _409_/X (sky130_fd_sc_hd__o221a_1)
                                                         _009_ (net)
                      0.023040    0.000186    0.930162 v _683_/D (sky130_fd_sc_hd__dfrtp_1)
                                              0.930162   data arrival time

                                  0.000000    0.000000   clock wb_clk_i (rise edge)
                                  0.000000    0.000000   clock source latency
     2    0.024579    0.087030    0.060746    0.060746 ^ wb_clk_i (in)
                                                         wb_clk_i (net)
                      0.087170    0.000000    0.060746 ^ clkbuf_0_wb_clk_i/A (sky130_fd_sc_hd__clkbuf_16)
    17    0.111708    0.098028    0.149081    0.209827 ^ clkbuf_0_wb_clk_i/X (sky130_fd_sc_hd__clkbuf_16)
                                                         clknet_0_wb_clk_i (net)
                      0.098443    0.005161    0.214988 ^ clkbuf_3_7__f_wb_clk_i/A (sky130_fd_sc_hd__clkbuf_16)
    13    0.043379    0.047916    0.116045    0.331032 ^ clkbuf_3_7__f_wb_clk_i/X (sky130_fd_sc_hd__clkbuf_16)
                                                         clknet_3_7__leaf_wb_clk_i (net)
                      0.048214    0.002789    0.333822 ^ _683_/CLK (sky130_fd_sc_hd__dfrtp_1)
                                  0.250000    0.583822   clock uncertainty
                                  0.000000    0.583822   clock reconvergence pessimism
                                 -0.027776    0.556045   library hold time
                                              0.556045   data required time
---------------------------------------------------------------------------------------------
                                              0.556045   data required time
                                             -0.930162   data arrival time
---------------------------------------------------------------------------------------------
                                              0.374116   slack (MET)


Startpoint: _732_ (rising edge-triggered flip-flop clocked by wb_clk_i)
Endpoint: _700_ (rising edge-triggered flip-flop clocked by wb_clk_i)
Path Group: wb_clk_i
Path Type: min

Fanout         Cap        Slew       Delay        Time   Description
---------------------------------------------------------------------------------------------
                                  0.000000    0.000000   clock wb_clk_i (rise edge)
                                  0.000000    0.000000   clock source latency
     2    0.024579    0.087030    0.060746    0.060746 ^ wb_clk_i (in)
                                                         wb_clk_i (net)
                      0.087170    0.000000    0.060746 ^ clkbuf_0_wb_clk_i/A (sky130_fd_sc_hd__clkbuf_16)
    17    0.111708    0.098028    0.149081    0.209827 ^ clkbuf_0_wb_clk_i/X (sky130_fd_sc_hd__clkbuf_16)
                                                         clknet_0_wb_clk_i (net)
                      0.098586    0.005951    0.215778 ^ clkbuf_3_0__f_wb_clk_i/A (sky130_fd_sc_hd__clkbuf_16)
    13    0.043628    0.048139    0.116392    0.332170 ^ clkbuf_3_0__f_wb_clk_i/X (sky130_fd_sc_hd__clkbuf_16)
                                                         clknet_3_0__leaf_wb_clk_i (net)
                      0.048489    0.003127    0.335297 ^ _732_/CLK (sky130_fd_sc_hd__dfxtp_1)
     4    0.008426    0.035538    0.205542    0.540839 v _732_/Q (sky130_fd_sc_hd__dfxtp_1)
                                                         group_timeout_count[13] (net)
                      0.035545    0.000470    0.541309 v hold9/A (sky130_fd_sc_hd__dlygate4sd3_1)
     1    0.002265    0.036321    0.358383    0.899692 v hold9/X (sky130_fd_sc_hd__dlygate4sd3_1)
                                                         net98 (net)
                      0.036321    0.000165    0.899857 v _426_/A (sky130_fd_sc_hd__and3_1)
     1    0.002866    0.023668    0.088905    0.988762 v _426_/X (sky130_fd_sc_hd__and3_1)
                                                         _027_ (net)
                      0.023669    0.000185    0.988948 v _700_/D (sky130_fd_sc_hd__dfrtp_1)
                                              0.988948   data arrival time

                                  0.000000    0.000000   clock wb_clk_i (rise edge)
                                  0.000000    0.000000   clock source latency
     2    0.024579    0.087030    0.060746    0.060746 ^ wb_clk_i (in)
                                                         wb_clk_i (net)
                      0.087170    0.000000    0.060746 ^ clkbuf_0_wb_clk_i/A (sky130_fd_sc_hd__clkbuf_16)
    17    0.111708    0.098028    0.149081    0.209827 ^ clkbuf_0_wb_clk_i/X (sky130_fd_sc_hd__clkbuf_16)
                                                         clknet_0_wb_clk_i (net)
                      0.098586    0.005951    0.215778 ^ clkbuf_3_0__f_wb_clk_i/A (sky130_fd_sc_hd__clkbuf_16)
    13    0.043628    0.048139    0.116392    0.332170 ^ clkbuf_3_0__f_wb_clk_i/X (sky130_fd_sc_hd__clkbuf_16)
                                                         clknet_3_0__leaf_wb_clk_i (net)
                      0.048488    0.003118    0.335288 ^ _700_/CLK (sky130_fd_sc_hd__dfrtp_1)
                                  0.250000    0.585288   clock uncertainty
                                  0.000000    0.585288   clock reconvergence pessimism
                                 -0.027954    0.557334   library hold time
                                              0.557334   data required time
---------------------------------------------------------------------------------------------
                                              0.557334   data required time
                                             -0.988948   data arrival time
---------------------------------------------------------------------------------------------
                                              0.431613   slack (MET)


Startpoint: _726_ (rising edge-triggered flip-flop clocked by wb_clk_i)
Endpoint: _694_ (rising edge-triggered flip-flop clocked by wb_clk_i)
Path Group: wb_clk_i
Path Type: min

Fanout         Cap        Slew       Delay        Time   Description
---------------------------------------------------------------------------------------------
                                  0.000000    0.000000   clock wb_clk_i (rise edge)
                                  0.000000    0.000000   clock source latency
     2    0.024579    0.087030    0.060746    0.060746 ^ wb_clk_i (in)
                                                         wb_clk_i (net)
                      0.087170    0.000000    0.060746 ^ clkbuf_0_wb_clk_i/A (sky130_fd_sc_hd__clkbuf_16)
    17    0.111708    0.098028    0.149081    0.209827 ^ clkbuf_0_wb_clk_i/X (sky130_fd_sc_hd__clkbuf_16)
                                                         clknet_0_wb_clk_i (net)
                      0.098361    0.004638    0.214465 ^ clkbuf_3_2__f_wb_clk_i/A (sky130_fd_sc_hd__clkbuf_16)
    14    0.046331    0.050086    0.118056    0.332521 ^ clkbuf_3_2__f_wb_clk_i/X (sky130_fd_sc_hd__clkbuf_16)
                                                         clknet_3_2__leaf_wb_clk_i (net)
                      0.050229    0.001691    0.334212 ^ _726_/CLK (sky130_fd_sc_hd__dfxtp_1)
     4    0.010655    0.041084    0.212188    0.546400 v _726_/Q (sky130_fd_sc_hd__dfxtp_1)
                                                         group_timeout_count[7] (net)
                      0.041095    0.000641    0.547041 v hold14/A (sky130_fd_sc_hd__dlygate4sd3_1)
     1    0.001841    0.034792    0.357963    0.905005 v hold14/X (sky130_fd_sc_hd__dlygate4sd3_1)
                                                         net103 (net)
                      0.034792    0.000127    0.905132 v _420_/A (sky130_fd_sc_hd__and3_1)
     1    0.002369    0.022080    0.086161    0.991293 v _420_/X (sky130_fd_sc_hd__and3_1)
                                                         _021_ (net)
                      0.022081    0.000167    0.991460 v _694_/D (sky130_fd_sc_hd__dfrtp_1)
                                              0.991460   data arrival time

                                  0.000000    0.000000   clock wb_clk_i (rise edge)
                                  0.000000    0.000000   clock source latency
     2    0.024579    0.087030    0.060746    0.060746 ^ wb_clk_i (in)
                                                         wb_clk_i (net)
                      0.087170    0.000000    0.060746 ^ clkbuf_0_wb_clk_i/A (sky130_fd_sc_hd__clkbuf_16)
    17    0.111708    0.098028    0.149081    0.209827 ^ clkbuf_0_wb_clk_i/X (sky130_fd_sc_hd__clkbuf_16)
                                                         clknet_0_wb_clk_i (net)
                      0.098361    0.004638    0.214465 ^ clkbuf_3_2__f_wb_clk_i/A (sky130_fd_sc_hd__clkbuf_16)
    14    0.046331    0.050086    0.118056    0.332521 ^ clkbuf_3_2__f_wb_clk_i/X (sky130_fd_sc_hd__clkbuf_16)
                                                         clknet_3_2__leaf_wb_clk_i (net)
                      0.050293    0.002188    0.334709 ^ _694_/CLK (sky130_fd_sc_hd__dfrtp_1)
                                  0.250000    0.584709   clock uncertainty
                                  0.000000    0.584709   clock reconvergence pessimism
                                 -0.027260    0.557449   library hold time
                                              0.557449   data required time
---------------------------------------------------------------------------------------------
                                              0.557449   data required time
                                             -0.991460   data arrival time
---------------------------------------------------------------------------------------------
                                              0.434011   slack (MET)


Startpoint: _731_ (rising edge-triggered flip-flop clocked by wb_clk_i)
Endpoint: _699_ (rising edge-triggered flip-flop clocked by wb_clk_i)
Path Group: wb_clk_i
Path Type: min

Fanout         Cap        Slew       Delay        Time   Description
---------------------------------------------------------------------------------------------
                                  0.000000    0.000000   clock wb_clk_i (rise edge)
                                  0.000000    0.000000   clock source latency
     2    0.024579    0.087030    0.060746    0.060746 ^ wb_clk_i (in)
                                                         wb_clk_i (net)
                      0.087170    0.000000    0.060746 ^ clkbuf_0_wb_clk_i/A (sky130_fd_sc_hd__clkbuf_16)
    17    0.111708    0.098028    0.149081    0.209827 ^ clkbuf_0_wb_clk_i/X (sky130_fd_sc_hd__clkbuf_16)
                                                         clknet_0_wb_clk_i (net)
                      0.098586    0.005951    0.215778 ^ clkbuf_3_0__f_wb_clk_i/A (sky130_fd_sc_hd__clkbuf_16)
    13    0.043628    0.048139    0.116392    0.332170 ^ clkbuf_3_0__f_wb_clk_i/X (sky130_fd_sc_hd__clkbuf_16)
                                                         clknet_3_0__leaf_wb_clk_i (net)
                      0.048288    0.001941    0.334111 ^ _731_/CLK (sky130_fd_sc_hd__dfxtp_1)
     4    0.010399    0.040345    0.210966    0.545078 v _731_/Q (sky130_fd_sc_hd__dfxtp_1)
                                                         group_timeout_count[12] (net)
                      0.040353    0.000540    0.545618 v hold12/A (sky130_fd_sc_hd__dlygate4sd3_1)
     1    0.003164    0.039619    0.365616    0.911234 v hold12/X (sky130_fd_sc_hd__dlygate4sd3_1)
                                                         net101 (net)
                      0.039619    0.000203    0.911437 v _425_/A (sky130_fd_sc_hd__and3_1)
     1    0.002467    0.022400    0.088396    0.999833 v _425_/X (sky130_fd_sc_hd__and3_1)
                                                         _026_ (net)
                      0.022402    0.000177    1.000010 v _699_/D (sky130_fd_sc_hd__dfrtp_1)
                                              1.000010   data arrival time

                                  0.000000    0.000000   clock wb_clk_i (rise edge)
                                  0.000000    0.000000   clock source latency
     2    0.024579    0.087030    0.060746    0.060746 ^ wb_clk_i (in)
                                                         wb_clk_i (net)
                      0.087170    0.000000    0.060746 ^ clkbuf_0_wb_clk_i/A (sky130_fd_sc_hd__clkbuf_16)
    17    0.111708    0.098028    0.149081    0.209827 ^ clkbuf_0_wb_clk_i/X (sky130_fd_sc_hd__clkbuf_16)
                                                         clknet_0_wb_clk_i (net)
                      0.098487    0.005415    0.215242 ^ clkbuf_3_1__f_wb_clk_i/A (sky130_fd_sc_hd__clkbuf_16)
    15    0.046245    0.050051    0.118227    0.333469 ^ clkbuf_3_1__f_wb_clk_i/X (sky130_fd_sc_hd__clkbuf_16)
                                                         clknet_3_1__leaf_wb_clk_i (net)
                      0.050211    0.001879    0.335348 ^ _699_/CLK (sky130_fd_sc_hd__dfrtp_1)
                                  0.250000    0.585348   clock uncertainty
                                  0.000000    0.585348   clock reconvergence pessimism
                                 -0.027372    0.557975   library hold time
                                              0.557975   data required time
---------------------------------------------------------------------------------------------
                                              0.557975   data required time
                                             -1.000010   data arrival time
---------------------------------------------------------------------------------------------
                                              0.442035   slack (MET)


Startpoint: _705_ (rising edge-triggered flip-flop clocked by wb_clk_i)
Endpoint: _714_ (rising edge-triggered flip-flop clocked by wb_clk_i)
Path Group: wb_clk_i
Path Type: min

Fanout         Cap        Slew       Delay        Time   Description
---------------------------------------------------------------------------------------------
                                  0.000000    0.000000   clock wb_clk_i (rise edge)
                                  0.000000    0.000000   clock source latency
     2    0.024579    0.087030    0.060746    0.060746 ^ wb_clk_i (in)
                                                         wb_clk_i (net)
                      0.087170    0.000000    0.060746 ^ clkbuf_0_wb_clk_i/A (sky130_fd_sc_hd__clkbuf_16)
    17    0.111708    0.098028    0.149081    0.209827 ^ clkbuf_0_wb_clk_i/X (sky130_fd_sc_hd__clkbuf_16)
                                                         clknet_0_wb_clk_i (net)
                      0.098783    0.006892    0.216719 ^ clkbuf_3_5__f_wb_clk_i/A (sky130_fd_sc_hd__clkbuf_16)
    14    0.046268    0.050010    0.117714    0.334433 ^ clkbuf_3_5__f_wb_clk_i/X (sky130_fd_sc_hd__clkbuf_16)
                                                         clknet_3_5__leaf_wb_clk_i (net)
                      0.050512    0.003880    0.338312 ^ _705_/CLK (sky130_fd_sc_hd__dfrtp_1)
     1    0.006466    0.053105    0.220875    0.559187 ^ _705_/Q (sky130_fd_sc_hd__dfrtp_1)
                                                         ctrl_clear_pulse[1] (net)
                      0.053108    0.000491    0.559678 ^ _356_/B1_N (sky130_fd_sc_hd__o21ba_1)
     1    0.002194    0.016345    0.085883    0.645561 v _356_/X (sky130_fd_sc_hd__o21ba_1)
                                                         _086_ (net)
                      0.016347    0.000147    0.645708 v hold11/A (sky130_fd_sc_hd__dlygate4sd3_1)
     1    0.003005    0.039009    0.356139    1.001846 v hold11/X (sky130_fd_sc_hd__dlygate4sd3_1)
                                                         net100 (net)
                      0.039009    0.000197    1.002043 v _714_/D (sky130_fd_sc_hd__dfrtp_1)
                                              1.002043   data arrival time

                                  0.000000    0.000000   clock wb_clk_i (rise edge)
                                  0.000000    0.000000   clock source latency
     2    0.024579    0.087030    0.060746    0.060746 ^ wb_clk_i (in)
                                                         wb_clk_i (net)
                      0.087170    0.000000    0.060746 ^ clkbuf_0_wb_clk_i/A (sky130_fd_sc_hd__clkbuf_16)
    17    0.111708    0.098028    0.149081    0.209827 ^ clkbuf_0_wb_clk_i/X (sky130_fd_sc_hd__clkbuf_16)
                                                         clknet_0_wb_clk_i (net)
                      0.098617    0.006108    0.215935 ^ clkbuf_3_4__f_wb_clk_i/A (sky130_fd_sc_hd__clkbuf_16)
    12    0.046104    0.049929    0.117812    0.333747 ^ clkbuf_3_4__f_wb_clk_i/X (sky130_fd_sc_hd__clkbuf_16)
                                                         clknet_3_4__leaf_wb_clk_i (net)
                      0.050286    0.003257    0.337004 ^ _714_/CLK (sky130_fd_sc_hd__dfrtp_1)
                                  0.250000    0.587004   clock uncertainty
                                  0.000000    0.587004   clock reconvergence pessimism
                                 -0.032764    0.554241   library hold time
                                              0.554241   data required time
---------------------------------------------------------------------------------------------
                                              0.554241   data required time
                                             -1.002043   data arrival time
---------------------------------------------------------------------------------------------
                                              0.447802   slack (MET)


Startpoint: _718_ (rising edge-triggered flip-flop clocked by wb_clk_i)
Endpoint: _740_ (rising edge-triggered flip-flop clocked by wb_clk_i)
Path Group: wb_clk_i
Path Type: min

Fanout         Cap        Slew       Delay        Time   Description
---------------------------------------------------------------------------------------------
                                  0.000000    0.000000   clock wb_clk_i (rise edge)
                                  0.000000    0.000000   clock source latency
     2    0.024579    0.087030    0.060746    0.060746 ^ wb_clk_i (in)
                                                         wb_clk_i (net)
                      0.087170    0.000000    0.060746 ^ clkbuf_0_wb_clk_i/A (sky130_fd_sc_hd__clkbuf_16)
    17    0.111708    0.098028    0.149081    0.209827 ^ clkbuf_0_wb_clk_i/X (sky130_fd_sc_hd__clkbuf_16)
                                                         clknet_0_wb_clk_i (net)
                      0.098336    0.004468    0.214295 ^ clkbuf_3_6__f_wb_clk_i/A (sky130_fd_sc_hd__clkbuf_16)
    10    0.045967    0.049824    0.117870    0.332165 ^ clkbuf_3_6__f_wb_clk_i/X (sky130_fd_sc_hd__clkbuf_16)
                                                         clknet_3_6__leaf_wb_clk_i (net)
                      0.050119    0.002743    0.334908 ^ _718_/CLK (sky130_fd_sc_hd__dfxtp_1)
     4    0.008982    0.037147    0.207705    0.542613 v _718_/Q (sky130_fd_sc_hd__dfxtp_1)
                                                         u_system.u_global.state[4] (net)
                      0.037149    0.000269    0.542883 v hold15/A (sky130_fd_sc_hd__dlygate4sd3_1)
     1    0.005014    0.046147    0.373278    0.916161 v hold15/X (sky130_fd_sc_hd__dlygate4sd3_1)
                                                         net104 (net)
                      0.046153    0.000365    0.916526 v _335_/A (sky130_fd_sc_hd__inv_2)
     4    0.012458    0.047509    0.056611    0.973137 ^ _335_/Y (sky130_fd_sc_hd__inv_2)
                                                         _140_ (net)
                      0.047525    0.000712    0.973849 ^ _552_/A (sky130_fd_sc_hd__nor2_1)
     1    0.002447    0.020739    0.026584    1.000433 v _552_/Y (sky130_fd_sc_hd__nor2_1)
                                                         _112_ (net)
                      0.020740    0.000177    1.000610 v _740_/D (sky130_fd_sc_hd__dfxtp_1)
                                              1.000610   data arrival time

                                  0.000000    0.000000   clock wb_clk_i (rise edge)
                                  0.000000    0.000000   clock source latency
     2    0.024579    0.087030    0.060746    0.060746 ^ wb_clk_i (in)
                                                         wb_clk_i (net)
                      0.087170    0.000000    0.060746 ^ clkbuf_0_wb_clk_i/A (sky130_fd_sc_hd__clkbuf_16)
    17    0.111708    0.098028    0.149081    0.209827 ^ clkbuf_0_wb_clk_i/X (sky130_fd_sc_hd__clkbuf_16)
                                                         clknet_0_wb_clk_i (net)
                      0.098336    0.004468    0.214295 ^ clkbuf_3_6__f_wb_clk_i/A (sky130_fd_sc_hd__clkbuf_16)
    10    0.045967    0.049824    0.117870    0.332165 ^ clkbuf_3_6__f_wb_clk_i/X (sky130_fd_sc_hd__clkbuf_16)
                                                         clknet_3_6__leaf_wb_clk_i (net)
                      0.050083    0.002523    0.334688 ^ _740_/CLK (sky130_fd_sc_hd__dfxtp_1)
                                  0.250000    0.584688   clock uncertainty
                                  0.000000    0.584688   clock reconvergence pessimism
                                 -0.034327    0.550361   library hold time
                                              0.550361   data required time
---------------------------------------------------------------------------------------------
                                              0.550361   data required time
                                             -1.000610   data arrival time
---------------------------------------------------------------------------------------------
                                              0.450250   slack (MET)


Startpoint: _734_ (rising edge-triggered flip-flop clocked by wb_clk_i)
Endpoint: _702_ (rising edge-triggered flip-flop clocked by wb_clk_i)
Path Group: wb_clk_i
Path Type: min

Fanout         Cap        Slew       Delay        Time   Description
---------------------------------------------------------------------------------------------
                                  0.000000    0.000000   clock wb_clk_i (rise edge)
                                  0.000000    0.000000   clock source latency
     2    0.024579    0.087030    0.060746    0.060746 ^ wb_clk_i (in)
                                                         wb_clk_i (net)
                      0.087170    0.000000    0.060746 ^ clkbuf_0_wb_clk_i/A (sky130_fd_sc_hd__clkbuf_16)
    17    0.111708    0.098028    0.149081    0.209827 ^ clkbuf_0_wb_clk_i/X (sky130_fd_sc_hd__clkbuf_16)
                                                         clknet_0_wb_clk_i (net)
                      0.098586    0.005951    0.215778 ^ clkbuf_3_0__f_wb_clk_i/A (sky130_fd_sc_hd__clkbuf_16)
    13    0.043628    0.048139    0.116392    0.332170 ^ clkbuf_3_0__f_wb_clk_i/X (sky130_fd_sc_hd__clkbuf_16)
                                                         clknet_3_0__leaf_wb_clk_i (net)
                      0.048533    0.003344    0.335514 ^ _734_/CLK (sky130_fd_sc_hd__dfxtp_1)
     3    0.012642    0.047014    0.216368    0.551882 v _734_/Q (sky130_fd_sc_hd__dfxtp_1)
                                                         group_timeout_count[15] (net)
                      0.047021    0.000589    0.552471 v hold18/A (sky130_fd_sc_hd__dlygate4sd3_1)
     1    0.002474    0.036935    0.364017    0.916488 v hold18/X (sky130_fd_sc_hd__dlygate4sd3_1)
                                                         net107 (net)
                      0.036935    0.000154    0.916642 v _428_/A (sky130_fd_sc_hd__and3_1)
     1    0.003711    0.026528    0.092823    1.009466 v _428_/X (sky130_fd_sc_hd__and3_1)
                                                         _030_ (net)
                      0.026529    0.000227    1.009693 v _702_/D (sky130_fd_sc_hd__dfrtp_1)
                                              1.009693   data arrival time

                                  0.000000    0.000000   clock wb_clk_i (rise edge)
                                  0.000000    0.000000   clock source latency
     2    0.024579    0.087030    0.060746    0.060746 ^ wb_clk_i (in)
                                                         wb_clk_i (net)
                      0.087170    0.000000    0.060746 ^ clkbuf_0_wb_clk_i/A (sky130_fd_sc_hd__clkbuf_16)
    17    0.111708    0.098028    0.149081    0.209827 ^ clkbuf_0_wb_clk_i/X (sky130_fd_sc_hd__clkbuf_16)
                                                         clknet_0_wb_clk_i (net)
                      0.098586    0.005951    0.215778 ^ clkbuf_3_0__f_wb_clk_i/A (sky130_fd_sc_hd__clkbuf_16)
    13    0.043628    0.048139    0.116392    0.332170 ^ clkbuf_3_0__f_wb_clk_i/X (sky130_fd_sc_hd__clkbuf_16)
                                                         clknet_3_0__leaf_wb_clk_i (net)
                      0.048571    0.003526    0.335696 ^ _702_/CLK (sky130_fd_sc_hd__dfrtp_1)
                                  0.250000    0.585696   clock uncertainty
                                  0.000000    0.585696   clock reconvergence pessimism
                                 -0.028875    0.556821   library hold time
                                              0.556821   data required time
---------------------------------------------------------------------------------------------
                                              0.556821   data required time
                                             -1.009693   data arrival time
---------------------------------------------------------------------------------------------
                                              0.452872   slack (MET)


Startpoint: _722_ (rising edge-triggered flip-flop clocked by wb_clk_i)
Endpoint: _690_ (rising edge-triggered flip-flop clocked by wb_clk_i)
Path Group: wb_clk_i
Path Type: min

Fanout         Cap        Slew       Delay        Time   Description
---------------------------------------------------------------------------------------------
                                  0.000000    0.000000   clock wb_clk_i (rise edge)
                                  0.000000    0.000000   clock source latency
     2    0.024579    0.087030    0.060746    0.060746 ^ wb_clk_i (in)
                                                         wb_clk_i (net)
                      0.087170    0.000000    0.060746 ^ clkbuf_0_wb_clk_i/A (sky130_fd_sc_hd__clkbuf_16)
    17    0.111708    0.098028    0.149081    0.209827 ^ clkbuf_0_wb_clk_i/X (sky130_fd_sc_hd__clkbuf_16)
                                                         clknet_0_wb_clk_i (net)
                      0.098361    0.004638    0.214465 ^ clkbuf_3_2__f_wb_clk_i/A (sky130_fd_sc_hd__clkbuf_16)
    14    0.046331    0.050086    0.118056    0.332521 ^ clkbuf_3_2__f_wb_clk_i/X (sky130_fd_sc_hd__clkbuf_16)
                                                         clknet_3_2__leaf_wb_clk_i (net)
                      0.050327    0.002415    0.334936 ^ _722_/CLK (sky130_fd_sc_hd__dfxtp_1)
     5    0.015672    0.056291    0.224107    0.559044 v _722_/Q (sky130_fd_sc_hd__dfxtp_1)
                                                         group_timeout_count[3] (net)
                      0.056293    0.000440    0.559484 v hold20/A (sky130_fd_sc_hd__dlygate4sd3_1)
     1    0.001802    0.034732    0.363609    0.923093 v hold20/X (sky130_fd_sc_hd__dlygate4sd3_1)
                                                         net109 (net)
                      0.034732    0.000083    0.923176 v _416_/A (sky130_fd_sc_hd__and3_1)
     1    0.003029    0.024204    0.088996    1.012172 v _416_/X (sky130_fd_sc_hd__and3_1)
                                                         _016_ (net)
                      0.024206    0.000222    1.012394 v _690_/D (sky130_fd_sc_hd__dfrtp_1)
                                              1.012394   data arrival time

                                  0.000000    0.000000   clock wb_clk_i (rise edge)
                                  0.000000    0.000000   clock source latency
     2    0.024579    0.087030    0.060746    0.060746 ^ wb_clk_i (in)
                                                         wb_clk_i (net)
                      0.087170    0.000000    0.060746 ^ clkbuf_0_wb_clk_i/A (sky130_fd_sc_hd__clkbuf_16)
    17    0.111708    0.098028    0.149081    0.209827 ^ clkbuf_0_wb_clk_i/X (sky130_fd_sc_hd__clkbuf_16)
                                                         clknet_0_wb_clk_i (net)
                      0.098361    0.004638    0.214465 ^ clkbuf_3_2__f_wb_clk_i/A (sky130_fd_sc_hd__clkbuf_16)
    14    0.046331    0.050086    0.118056    0.332521 ^ clkbuf_3_2__f_wb_clk_i/X (sky130_fd_sc_hd__clkbuf_16)
                                                         clknet_3_2__leaf_wb_clk_i (net)
                      0.050285    0.002129    0.334650 ^ _690_/CLK (sky130_fd_sc_hd__dfrtp_1)
                                  0.250000    0.584650   clock uncertainty
                                  0.000000    0.584650   clock reconvergence pessimism
                                 -0.027952    0.556698   library hold time
                                              0.556698   data required time
---------------------------------------------------------------------------------------------
                                              0.556698   data required time
                                             -1.012394   data arrival time
---------------------------------------------------------------------------------------------
                                              0.455696   slack (MET)


Startpoint: _733_ (rising edge-triggered flip-flop clocked by wb_clk_i)
Endpoint: _701_ (rising edge-triggered flip-flop clocked by wb_clk_i)
Path Group: wb_clk_i
Path Type: min

Fanout         Cap        Slew       Delay        Time   Description
---------------------------------------------------------------------------------------------
                                  0.000000    0.000000   clock wb_clk_i (rise edge)
                                  0.000000    0.000000   clock source latency
     2    0.024579    0.087030    0.060746    0.060746 ^ wb_clk_i (in)
                                                         wb_clk_i (net)
                      0.087170    0.000000    0.060746 ^ clkbuf_0_wb_clk_i/A (sky130_fd_sc_hd__clkbuf_16)
    17    0.111708    0.098028    0.149081    0.209827 ^ clkbuf_0_wb_clk_i/X (sky130_fd_sc_hd__clkbuf_16)
                                                         clknet_0_wb_clk_i (net)
                      0.098586    0.005951    0.215778 ^ clkbuf_3_0__f_wb_clk_i/A (sky130_fd_sc_hd__clkbuf_16)
    13    0.043628    0.048139    0.116392    0.332170 ^ clkbuf_3_0__f_wb_clk_i/X (sky130_fd_sc_hd__clkbuf_16)
                                                         clknet_3_0__leaf_wb_clk_i (net)
                      0.048495    0.003155    0.335324 ^ _733_/CLK (sky130_fd_sc_hd__dfxtp_1)
     4    0.010985    0.042069    0.212460    0.547784 v _733_/Q (sky130_fd_sc_hd__dfxtp_1)
                                                         group_timeout_count[14] (net)
                      0.042076    0.000562    0.548346 v hold13/A (sky130_fd_sc_hd__dlygate4sd3_1)
     1    0.004190    0.043342    0.371623    0.919968 v hold13/X (sky130_fd_sc_hd__dlygate4sd3_1)
                                                         net102 (net)
                      0.043342    0.000260    0.920229 v _427_/A (sky130_fd_sc_hd__and3_1)
     1    0.003503    0.025808    0.094319    1.014548 v _427_/X (sky130_fd_sc_hd__and3_1)
                                                         _029_ (net)
                      0.025810    0.000215    1.014763 v _701_/D (sky130_fd_sc_hd__dfrtp_1)
                                              1.014763   data arrival time

                                  0.000000    0.000000   clock wb_clk_i (rise edge)
                                  0.000000    0.000000   clock source latency
     2    0.024579    0.087030    0.060746    0.060746 ^ wb_clk_i (in)
                                                         wb_clk_i (net)
                      0.087170    0.000000    0.060746 ^ clkbuf_0_wb_clk_i/A (sky130_fd_sc_hd__clkbuf_16)
    17    0.111708    0.098028    0.149081    0.209827 ^ clkbuf_0_wb_clk_i/X (sky130_fd_sc_hd__clkbuf_16)
                                                         clknet_0_wb_clk_i (net)
                      0.098586    0.005951    0.215778 ^ clkbuf_3_0__f_wb_clk_i/A (sky130_fd_sc_hd__clkbuf_16)
    13    0.043628    0.048139    0.116392    0.332170 ^ clkbuf_3_0__f_wb_clk_i/X (sky130_fd_sc_hd__clkbuf_16)
                                                         clknet_3_0__leaf_wb_clk_i (net)
                      0.048510    0.003231    0.335401 ^ _701_/CLK (sky130_fd_sc_hd__dfrtp_1)
                                  0.250000    0.585401   clock uncertainty
                                  0.000000    0.585401   clock reconvergence pessimism
                                 -0.028648    0.556753   library hold time
                                              0.556753   data required time
---------------------------------------------------------------------------------------------
                                              0.556753   data required time
                                             -1.014763   data arrival time
---------------------------------------------------------------------------------------------
                                              0.458010   slack (MET)


Startpoint: _716_ (rising edge-triggered flip-flop clocked by wb_clk_i)
Endpoint: _716_ (rising edge-triggered flip-flop clocked by wb_clk_i)
Path Group: wb_clk_i
Path Type: min

Fanout         Cap        Slew       Delay        Time   Description
---------------------------------------------------------------------------------------------
                                  0.000000    0.000000   clock wb_clk_i (rise edge)
                                  0.000000    0.000000   clock source latency
     2    0.024579    0.087030    0.060746    0.060746 ^ wb_clk_i (in)
                                                         wb_clk_i (net)
                      0.087170    0.000000    0.060746 ^ clkbuf_0_wb_clk_i/A (sky130_fd_sc_hd__clkbuf_16)
    17    0.111708    0.098028    0.149081    0.209827 ^ clkbuf_0_wb_clk_i/X (sky130_fd_sc_hd__clkbuf_16)
                                                         clknet_0_wb_clk_i (net)
                      0.098617    0.006108    0.215935 ^ clkbuf_3_4__f_wb_clk_i/A (sky130_fd_sc_hd__clkbuf_16)
    12    0.046104    0.049929    0.117812    0.333747 ^ clkbuf_3_4__f_wb_clk_i/X (sky130_fd_sc_hd__clkbuf_16)
                                                         clknet_3_4__leaf_wb_clk_i (net)
                      0.050145    0.002467    0.336213 ^ _716_/CLK (sky130_fd_sc_hd__dfrtp_1)
     3    0.010209    0.075634    0.238657    0.574871 ^ _716_/Q (sky130_fd_sc_hd__dfrtp_1)
                                                         sw_sticky_breach (net)
                      0.075636    0.000514    0.575385 ^ _354_/A1 (sky130_fd_sc_hd__o21ba_1)
     1    0.002695    0.030030    0.082533    0.657918 ^ _354_/X (sky130_fd_sc_hd__o21ba_1)
                                                         _088_ (net)
                      0.030030    0.000180    0.658098 ^ hold6/A (sky130_fd_sc_hd__dlygate4sd3_1)
     1    0.002343    0.034593    0.367604    1.025701 ^ hold6/X (sky130_fd_sc_hd__dlygate4sd3_1)
                                                         net95 (net)
                      0.034593    0.000170    1.025871 ^ _716_/D (sky130_fd_sc_hd__dfrtp_1)
                                              1.025871   data arrival time

                                  0.000000    0.000000   clock wb_clk_i (rise edge)
                                  0.000000    0.000000   clock source latency
     2    0.024579    0.087030    0.060746    0.060746 ^ wb_clk_i (in)
                                                         wb_clk_i (net)
                      0.087170    0.000000    0.060746 ^ clkbuf_0_wb_clk_i/A (sky130_fd_sc_hd__clkbuf_16)
    17    0.111708    0.098028    0.149081    0.209827 ^ clkbuf_0_wb_clk_i/X (sky130_fd_sc_hd__clkbuf_16)
                                                         clknet_0_wb_clk_i (net)
                      0.098617    0.006108    0.215935 ^ clkbuf_3_4__f_wb_clk_i/A (sky130_fd_sc_hd__clkbuf_16)
    12    0.046104    0.049929    0.117812    0.333747 ^ clkbuf_3_4__f_wb_clk_i/X (sky130_fd_sc_hd__clkbuf_16)
                                                         clknet_3_4__leaf_wb_clk_i (net)
                      0.050145    0.002467    0.336213 ^ _716_/CLK (sky130_fd_sc_hd__dfrtp_1)
                                  0.250000    0.586214   clock uncertainty
                                  0.000000    0.586214   clock reconvergence pessimism
                                 -0.019556    0.566658   library hold time
                                              0.566658   data required time
---------------------------------------------------------------------------------------------
                                              0.566658   data required time
                                             -1.025871   data arrival time
---------------------------------------------------------------------------------------------
                                              0.459213   slack (MET)


Startpoint: _713_ (rising edge-triggered flip-flop clocked by wb_clk_i)
Endpoint: _713_ (rising edge-triggered flip-flop clocked by wb_clk_i)
Path Group: wb_clk_i
Path Type: min

Fanout         Cap        Slew       Delay        Time   Description
---------------------------------------------------------------------------------------------
                                  0.000000    0.000000   clock wb_clk_i (rise edge)
                                  0.000000    0.000000   clock source latency
     2    0.024579    0.087030    0.060746    0.060746 ^ wb_clk_i (in)
                                                         wb_clk_i (net)
                      0.087170    0.000000    0.060746 ^ clkbuf_0_wb_clk_i/A (sky130_fd_sc_hd__clkbuf_16)
    17    0.111708    0.098028    0.149081    0.209827 ^ clkbuf_0_wb_clk_i/X (sky130_fd_sc_hd__clkbuf_16)
                                                         clknet_0_wb_clk_i (net)
                      0.098487    0.005415    0.215242 ^ clkbuf_3_1__f_wb_clk_i/A (sky130_fd_sc_hd__clkbuf_16)
    15    0.046245    0.050051    0.118227    0.333469 ^ clkbuf_3_1__f_wb_clk_i/X (sky130_fd_sc_hd__clkbuf_16)
                                                         clknet_3_1__leaf_wb_clk_i (net)
                      0.050234    0.002059    0.335528 ^ _713_/CLK (sky130_fd_sc_hd__dfrtp_1)
     3    0.012333    0.088584    0.248474    0.584002 ^ _713_/Q (sky130_fd_sc_hd__dfrtp_1)
                                                         sw_sticky_tamper (net)
                      0.088585    0.000523    0.584525 ^ _357_/A2 (sky130_fd_sc_hd__o21ba_1)
     1    0.002516    0.028846    0.073778    0.658303 ^ _357_/X (sky130_fd_sc_hd__o21ba_1)
                                                         _085_ (net)
                      0.028846    0.000121    0.658424 ^ hold4/A (sky130_fd_sc_hd__dlygate4sd3_1)
     1    0.002411    0.034973    0.367780    1.026204 ^ hold4/X (sky130_fd_sc_hd__dlygate4sd3_1)
                                                         net93 (net)
                      0.034973    0.000173    1.026377 ^ _713_/D (sky130_fd_sc_hd__dfrtp_1)
                                              1.026377   data arrival time

                                  0.000000    0.000000   clock wb_clk_i (rise edge)
                                  0.000000    0.000000   clock source latency
     2    0.024579    0.087030    0.060746    0.060746 ^ wb_clk_i (in)
                                                         wb_clk_i (net)
                      0.087170    0.000000    0.060746 ^ clkbuf_0_wb_clk_i/A (sky130_fd_sc_hd__clkbuf_16)
    17    0.111708    0.098028    0.149081    0.209827 ^ clkbuf_0_wb_clk_i/X (sky130_fd_sc_hd__clkbuf_16)
                                                         clknet_0_wb_clk_i (net)
                      0.098487    0.005415    0.215242 ^ clkbuf_3_1__f_wb_clk_i/A (sky130_fd_sc_hd__clkbuf_16)
    15    0.046245    0.050051    0.118227    0.333469 ^ clkbuf_3_1__f_wb_clk_i/X (sky130_fd_sc_hd__clkbuf_16)
                                                         clknet_3_1__leaf_wb_clk_i (net)
                      0.050234    0.002059    0.335528 ^ _713_/CLK (sky130_fd_sc_hd__dfrtp_1)
                                  0.250000    0.585528   clock uncertainty
                                  0.000000    0.585528   clock reconvergence pessimism
                                 -0.019582    0.565946   library hold time
                                              0.565946   data required time
---------------------------------------------------------------------------------------------
                                              0.565946   data required time
                                             -1.026377   data arrival time
---------------------------------------------------------------------------------------------
                                              0.460431   slack (MET)


Startpoint: _715_ (rising edge-triggered flip-flop clocked by wb_clk_i)
Endpoint: _715_ (rising edge-triggered flip-flop clocked by wb_clk_i)
Path Group: wb_clk_i
Path Type: min

Fanout         Cap        Slew       Delay        Time   Description
---------------------------------------------------------------------------------------------
                                  0.000000    0.000000   clock wb_clk_i (rise edge)
                                  0.000000    0.000000   clock source latency
     2    0.024579    0.087030    0.060746    0.060746 ^ wb_clk_i (in)
                                                         wb_clk_i (net)
                      0.087170    0.000000    0.060746 ^ clkbuf_0_wb_clk_i/A (sky130_fd_sc_hd__clkbuf_16)
    17    0.111708    0.098028    0.149081    0.209827 ^ clkbuf_0_wb_clk_i/X (sky130_fd_sc_hd__clkbuf_16)
                                                         clknet_0_wb_clk_i (net)
                      0.098487    0.005415    0.215242 ^ clkbuf_3_1__f_wb_clk_i/A (sky130_fd_sc_hd__clkbuf_16)
    15    0.046245    0.050051    0.118227    0.333469 ^ clkbuf_3_1__f_wb_clk_i/X (sky130_fd_sc_hd__clkbuf_16)
                                                         clknet_3_1__leaf_wb_clk_i (net)
                      0.050309    0.002588    0.336057 ^ _715_/CLK (sky130_fd_sc_hd__dfrtp_1)
     3    0.011249    0.081724    0.243600    0.579657 ^ _715_/Q (sky130_fd_sc_hd__dfrtp_1)
                                                         sw_sticky_fsm_error (net)
                      0.081725    0.000456    0.580113 ^ _355_/A2 (sky130_fd_sc_hd__o21ba_1)
     1    0.003317    0.034194    0.077575    0.657688 ^ _355_/X (sky130_fd_sc_hd__o21ba_1)
                                                         _087_ (net)
                      0.034195    0.000204    0.657892 ^ hold2/A (sky130_fd_sc_hd__dlygate4sd3_1)
     1    0.002430    0.035084    0.369055    1.026947 ^ hold2/X (sky130_fd_sc_hd__dlygate4sd3_1)
                                                         net91 (net)
                      0.035084    0.000171    1.027118 ^ _715_/D (sky130_fd_sc_hd__dfrtp_1)
                                              1.027118   data arrival time

                                  0.000000    0.000000   clock wb_clk_i (rise edge)
                                  0.000000    0.000000   clock source latency
     2    0.024579    0.087030    0.060746    0.060746 ^ wb_clk_i (in)
                                                         wb_clk_i (net)
                      0.087170    0.000000    0.060746 ^ clkbuf_0_wb_clk_i/A (sky130_fd_sc_hd__clkbuf_16)
    17    0.111708    0.098028    0.149081    0.209827 ^ clkbuf_0_wb_clk_i/X (sky130_fd_sc_hd__clkbuf_16)
                                                         clknet_0_wb_clk_i (net)
                      0.098487    0.005415    0.215242 ^ clkbuf_3_1__f_wb_clk_i/A (sky130_fd_sc_hd__clkbuf_16)
    15    0.046245    0.050051    0.118227    0.333469 ^ clkbuf_3_1__f_wb_clk_i/X (sky130_fd_sc_hd__clkbuf_16)
                                                         clknet_3_1__leaf_wb_clk_i (net)
                      0.050309    0.002588    0.336057 ^ _715_/CLK (sky130_fd_sc_hd__dfrtp_1)
                                  0.250000    0.586057   clock uncertainty
                                  0.000000    0.586057   clock reconvergence pessimism
                                 -0.019588    0.566469   library hold time
                                              0.566469   data required time
---------------------------------------------------------------------------------------------
                                              0.566469   data required time
                                             -1.027118   data arrival time
---------------------------------------------------------------------------------------------
                                              0.460649   slack (MET)


Startpoint: _725_ (rising edge-triggered flip-flop clocked by wb_clk_i)
Endpoint: _693_ (rising edge-triggered flip-flop clocked by wb_clk_i)
Path Group: wb_clk_i
Path Type: min

Fanout         Cap        Slew       Delay        Time   Description
---------------------------------------------------------------------------------------------
                                  0.000000    0.000000   clock wb_clk_i (rise edge)
                                  0.000000    0.000000   clock source latency
     2    0.024579    0.087030    0.060746    0.060746 ^ wb_clk_i (in)
                                                         wb_clk_i (net)
                      0.087170    0.000000    0.060746 ^ clkbuf_0_wb_clk_i/A (sky130_fd_sc_hd__clkbuf_16)
    17    0.111708    0.098028    0.149081    0.209827 ^ clkbuf_0_wb_clk_i/X (sky130_fd_sc_hd__clkbuf_16)
                                                         clknet_0_wb_clk_i (net)
                      0.098361    0.004638    0.214465 ^ clkbuf_3_2__f_wb_clk_i/A (sky130_fd_sc_hd__clkbuf_16)
    14    0.046331    0.050086    0.118056    0.332521 ^ clkbuf_3_2__f_wb_clk_i/X (sky130_fd_sc_hd__clkbuf_16)
                                                         clknet_3_2__leaf_wb_clk_i (net)
                      0.050290    0.002167    0.334688 ^ _725_/CLK (sky130_fd_sc_hd__dfxtp_1)
     6    0.015481    0.055746    0.223542    0.558230 v _725_/Q (sky130_fd_sc_hd__dfxtp_1)
                                                         group_timeout_count[6] (net)
                      0.055749    0.000424    0.558654 v hold24/A (sky130_fd_sc_hd__dlygate4sd3_1)
     1    0.003198    0.039663    0.371750    0.930404 v hold24/X (sky130_fd_sc_hd__dlygate4sd3_1)
                                                         net113 (net)
                      0.039663    0.000202    0.930606 v _419_/A (sky130_fd_sc_hd__and3_1)
     1    0.003356    0.025300    0.092287    1.022893 v _419_/X (sky130_fd_sc_hd__and3_1)
                                                         _020_ (net)
                      0.025302    0.000221    1.023115 v _693_/D (sky130_fd_sc_hd__dfrtp_1)
                                              1.023115   data arrival time

                                  0.000000    0.000000   clock wb_clk_i (rise edge)
                                  0.000000    0.000000   clock source latency
     2    0.024579    0.087030    0.060746    0.060746 ^ wb_clk_i (in)
                                                         wb_clk_i (net)
                      0.087170    0.000000    0.060746 ^ clkbuf_0_wb_clk_i/A (sky130_fd_sc_hd__clkbuf_16)
    17    0.111708    0.098028    0.149081    0.209827 ^ clkbuf_0_wb_clk_i/X (sky130_fd_sc_hd__clkbuf_16)
                                                         clknet_0_wb_clk_i (net)
                      0.098361    0.004638    0.214465 ^ clkbuf_3_2__f_wb_clk_i/A (sky130_fd_sc_hd__clkbuf_16)
    14    0.046331    0.050086    0.118056    0.332521 ^ clkbuf_3_2__f_wb_clk_i/X (sky130_fd_sc_hd__clkbuf_16)
                                                         clknet_3_2__leaf_wb_clk_i (net)
                      0.050292    0.002181    0.334702 ^ _693_/CLK (sky130_fd_sc_hd__dfrtp_1)
                                  0.250000    0.584702   clock uncertainty
                                  0.000000    0.584702   clock reconvergence pessimism
                                 -0.028307    0.556395   library hold time
                                              0.556395   data required time
---------------------------------------------------------------------------------------------
                                              0.556395   data required time
                                             -1.023115   data arrival time
---------------------------------------------------------------------------------------------
                                              0.466720   slack (MET)


Startpoint: _721_ (rising edge-triggered flip-flop clocked by wb_clk_i)
Endpoint: _689_ (rising edge-triggered flip-flop clocked by wb_clk_i)
Path Group: wb_clk_i
Path Type: min

Fanout         Cap        Slew       Delay        Time   Description
---------------------------------------------------------------------------------------------
                                  0.000000    0.000000   clock wb_clk_i (rise edge)
                                  0.000000    0.000000   clock source latency
     2    0.024579    0.087030    0.060746    0.060746 ^ wb_clk_i (in)
                                                         wb_clk_i (net)
                      0.087170    0.000000    0.060746 ^ clkbuf_0_wb_clk_i/A (sky130_fd_sc_hd__clkbuf_16)
    17    0.111708    0.098028    0.149081    0.209827 ^ clkbuf_0_wb_clk_i/X (sky130_fd_sc_hd__clkbuf_16)
                                                         clknet_0_wb_clk_i (net)
                      0.098361    0.004638    0.214465 ^ clkbuf_3_2__f_wb_clk_i/A (sky130_fd_sc_hd__clkbuf_16)
    14    0.046331    0.050086    0.118056    0.332521 ^ clkbuf_3_2__f_wb_clk_i/X (sky130_fd_sc_hd__clkbuf_16)
                                                         clknet_3_2__leaf_wb_clk_i (net)
                      0.050380    0.002750    0.335271 ^ _721_/CLK (sky130_fd_sc_hd__dfxtp_1)
     6    0.017686    0.062382    0.228934    0.564206 v _721_/Q (sky130_fd_sc_hd__dfxtp_1)
                                                         group_timeout_count[2] (net)
                      0.062394    0.000823    0.565029 v hold26/A (sky130_fd_sc_hd__dlygate4sd3_1)
     1    0.002941    0.038565    0.372906    0.937935 v hold26/X (sky130_fd_sc_hd__dlygate4sd3_1)
                                                         net115 (net)
                      0.038565    0.000215    0.938150 v _415_/A (sky130_fd_sc_hd__and3_1)
     1    0.002732    0.023239    0.089160    1.027310 v _415_/X (sky130_fd_sc_hd__and3_1)
                                                         _015_ (net)
                      0.023240    0.000182    1.027492 v _689_/D (sky130_fd_sc_hd__dfrtp_1)
                                              1.027492   data arrival time

                                  0.000000    0.000000   clock wb_clk_i (rise edge)
                                  0.000000    0.000000   clock source latency
     2    0.024579    0.087030    0.060746    0.060746 ^ wb_clk_i (in)
                                                         wb_clk_i (net)
                      0.087170    0.000000    0.060746 ^ clkbuf_0_wb_clk_i/A (sky130_fd_sc_hd__clkbuf_16)
    17    0.111708    0.098028    0.149081    0.209827 ^ clkbuf_0_wb_clk_i/X (sky130_fd_sc_hd__clkbuf_16)
                                                         clknet_0_wb_clk_i (net)
                      0.098361    0.004638    0.214465 ^ clkbuf_3_2__f_wb_clk_i/A (sky130_fd_sc_hd__clkbuf_16)
    14    0.046331    0.050086    0.118056    0.332521 ^ clkbuf_3_2__f_wb_clk_i/X (sky130_fd_sc_hd__clkbuf_16)
                                                         clknet_3_2__leaf_wb_clk_i (net)
                      0.050377    0.002733    0.335254 ^ _689_/CLK (sky130_fd_sc_hd__dfrtp_1)
                                  0.250000    0.585254   clock uncertainty
                                  0.000000    0.585254   clock reconvergence pessimism
                                 -0.027628    0.557626   library hold time
                                              0.557626   data required time
---------------------------------------------------------------------------------------------
                                              0.557626   data required time
                                             -1.027492   data arrival time
---------------------------------------------------------------------------------------------
                                              0.469867   slack (MET)


Startpoint: _759_ (rising edge-triggered flip-flop clocked by wb_clk_i)
Endpoint: _685_ (rising edge-triggered flip-flop clocked by wb_clk_i)
Path Group: wb_clk_i
Path Type: min

Fanout         Cap        Slew       Delay        Time   Description
---------------------------------------------------------------------------------------------
                                  0.000000    0.000000   clock wb_clk_i (rise edge)
                                  0.000000    0.000000   clock source latency
     2    0.024579    0.087030    0.060746    0.060746 ^ wb_clk_i (in)
                                                         wb_clk_i (net)
                      0.087170    0.000000    0.060746 ^ clkbuf_0_wb_clk_i/A (sky130_fd_sc_hd__clkbuf_16)
    17    0.111708    0.098028    0.149081    0.209827 ^ clkbuf_0_wb_clk_i/X (sky130_fd_sc_hd__clkbuf_16)
                                                         clknet_0_wb_clk_i (net)
                      0.098443    0.005161    0.214988 ^ clkbuf_3_7__f_wb_clk_i/A (sky130_fd_sc_hd__clkbuf_16)
    13    0.043379    0.047916    0.116045    0.331032 ^ clkbuf_3_7__f_wb_clk_i/X (sky130_fd_sc_hd__clkbuf_16)
                                                         clknet_3_7__leaf_wb_clk_i (net)
                      0.048547    0.004291    0.335324 ^ _759_/CLK (sky130_fd_sc_hd__dfxtp_1)
     3    0.009522    0.038801    0.208440    0.543763 v _759_/Q (sky130_fd_sc_hd__dfxtp_1)
                                                         global_timeout_count[14] (net)
                      0.038809    0.000564    0.544327 v hold16/A (sky130_fd_sc_hd__dlygate4sd3_1)
     2    0.008048    0.056502    0.387100    0.931427 v hold16/X (sky130_fd_sc_hd__dlygate4sd3_1)
                                                         net105 (net)
                      0.056502    0.000296    0.931723 v _411_/A (sky130_fd_sc_hd__and3_1)
     1    0.002543    0.022714    0.095161    1.026884 v _411_/X (sky130_fd_sc_hd__and3_1)
                                                         _011_ (net)
                      0.022715    0.000175    1.027059 v _685_/D (sky130_fd_sc_hd__dfrtp_1)
                                              1.027059   data arrival time

                                  0.000000    0.000000   clock wb_clk_i (rise edge)
                                  0.000000    0.000000   clock source latency
     2    0.024579    0.087030    0.060746    0.060746 ^ wb_clk_i (in)
                                                         wb_clk_i (net)
                      0.087170    0.000000    0.060746 ^ clkbuf_0_wb_clk_i/A (sky130_fd_sc_hd__clkbuf_16)
    17    0.111708    0.098028    0.149081    0.209827 ^ clkbuf_0_wb_clk_i/X (sky130_fd_sc_hd__clkbuf_16)
                                                         clknet_0_wb_clk_i (net)
                      0.098443    0.005161    0.214988 ^ clkbuf_3_7__f_wb_clk_i/A (sky130_fd_sc_hd__clkbuf_16)
    13    0.043379    0.047916    0.116045    0.331032 ^ clkbuf_3_7__f_wb_clk_i/X (sky130_fd_sc_hd__clkbuf_16)
                                                         clknet_3_7__leaf_wb_clk_i (net)
                      0.048200    0.002716    0.333748 ^ _685_/CLK (sky130_fd_sc_hd__dfrtp_1)
                                  0.250000    0.583748   clock uncertainty
                                  0.000000    0.583748   clock reconvergence pessimism
                                 -0.027672    0.556076   library hold time
                                              0.556076   data required time
---------------------------------------------------------------------------------------------
                                              0.556076   data required time
                                             -1.027059   data arrival time
---------------------------------------------------------------------------------------------
                                              0.470983   slack (MET)


Startpoint: _730_ (rising edge-triggered flip-flop clocked by wb_clk_i)
Endpoint: _698_ (rising edge-triggered flip-flop clocked by wb_clk_i)
Path Group: wb_clk_i
Path Type: min

Fanout         Cap        Slew       Delay        Time   Description
---------------------------------------------------------------------------------------------
                                  0.000000    0.000000   clock wb_clk_i (rise edge)
                                  0.000000    0.000000   clock source latency
     2    0.024579    0.087030    0.060746    0.060746 ^ wb_clk_i (in)
                                                         wb_clk_i (net)
                      0.087170    0.000000    0.060746 ^ clkbuf_0_wb_clk_i/A (sky130_fd_sc_hd__clkbuf_16)
    17    0.111708    0.098028    0.149081    0.209827 ^ clkbuf_0_wb_clk_i/X (sky130_fd_sc_hd__clkbuf_16)
                                                         clknet_0_wb_clk_i (net)
                      0.098293    0.004156    0.213983 ^ clkbuf_3_3__f_wb_clk_i/A (sky130_fd_sc_hd__clkbuf_16)
    11    0.046056    0.049910    0.118022    0.332006 ^ clkbuf_3_3__f_wb_clk_i/X (sky130_fd_sc_hd__clkbuf_16)
                                                         clknet_3_3__leaf_wb_clk_i (net)
                      0.050118    0.002240    0.334246 ^ _730_/CLK (sky130_fd_sc_hd__dfxtp_1)
     5    0.021498    0.074043    0.237716    0.571962 v _730_/Q (sky130_fd_sc_hd__dfxtp_1)
                                                         group_timeout_count[11] (net)
                      0.074058    0.000994    0.572956 v hold23/A (sky130_fd_sc_hd__dlygate4sd3_1)
     1    0.002014    0.035453    0.372138    0.945094 v hold23/X (sky130_fd_sc_hd__dlygate4sd3_1)
                                                         net112 (net)
                      0.035453    0.000094    0.945189 v _424_/A (sky130_fd_sc_hd__and3_1)
     1    0.002744    0.023275    0.088027    1.033216 v _424_/X (sky130_fd_sc_hd__and3_1)
                                                         _025_ (net)
                      0.023277    0.000204    1.033420 v _698_/D (sky130_fd_sc_hd__dfrtp_1)
                                              1.033420   data arrival time

                                  0.000000    0.000000   clock wb_clk_i (rise edge)
                                  0.000000    0.000000   clock source latency
     2    0.024579    0.087030    0.060746    0.060746 ^ wb_clk_i (in)
                                                         wb_clk_i (net)
                      0.087170    0.000000    0.060746 ^ clkbuf_0_wb_clk_i/A (sky130_fd_sc_hd__clkbuf_16)
    17    0.111708    0.098028    0.149081    0.209827 ^ clkbuf_0_wb_clk_i/X (sky130_fd_sc_hd__clkbuf_16)
                                                         clknet_0_wb_clk_i (net)
                      0.098487    0.005415    0.215242 ^ clkbuf_3_1__f_wb_clk_i/A (sky130_fd_sc_hd__clkbuf_16)
    15    0.046245    0.050051    0.118227    0.333469 ^ clkbuf_3_1__f_wb_clk_i/X (sky130_fd_sc_hd__clkbuf_16)
                                                         clknet_3_1__leaf_wb_clk_i (net)
                      0.050207    0.001852    0.335321 ^ _698_/CLK (sky130_fd_sc_hd__dfrtp_1)
                                  0.250000    0.585321   clock uncertainty
                                  0.000000    0.585321   clock reconvergence pessimism
                                 -0.027657    0.557664   library hold time
                                              0.557664   data required time
---------------------------------------------------------------------------------------------
                                              0.557664   data required time
                                             -1.033420   data arrival time
---------------------------------------------------------------------------------------------
                                              0.475756   slack (MET)


Startpoint: _728_ (rising edge-triggered flip-flop clocked by wb_clk_i)
Endpoint: _696_ (rising edge-triggered flip-flop clocked by wb_clk_i)
Path Group: wb_clk_i
Path Type: min

Fanout         Cap        Slew       Delay        Time   Description
---------------------------------------------------------------------------------------------
                                  0.000000    0.000000   clock wb_clk_i (rise edge)
                                  0.000000    0.000000   clock source latency
     2    0.024579    0.087030    0.060746    0.060746 ^ wb_clk_i (in)
                                                         wb_clk_i (net)
                      0.087170    0.000000    0.060746 ^ clkbuf_0_wb_clk_i/A (sky130_fd_sc_hd__clkbuf_16)
    17    0.111708    0.098028    0.149081    0.209827 ^ clkbuf_0_wb_clk_i/X (sky130_fd_sc_hd__clkbuf_16)
                                                         clknet_0_wb_clk_i (net)
                      0.098293    0.004156    0.213983 ^ clkbuf_3_3__f_wb_clk_i/A (sky130_fd_sc_hd__clkbuf_16)
    11    0.046056    0.049910    0.118022    0.332006 ^ clkbuf_3_3__f_wb_clk_i/X (sky130_fd_sc_hd__clkbuf_16)
                                                         clknet_3_3__leaf_wb_clk_i (net)
                      0.050076    0.001926    0.333931 ^ _728_/CLK (sky130_fd_sc_hd__dfxtp_1)
     4    0.015174    0.054811    0.222772    0.556703 v _728_/Q (sky130_fd_sc_hd__dfxtp_1)
                                                         group_timeout_count[9] (net)
                      0.054825    0.000862    0.557566 v hold22/A (sky130_fd_sc_hd__dlygate4sd3_1)
     1    0.004327    0.043505    0.377116    0.934682 v hold22/X (sky130_fd_sc_hd__dlygate4sd3_1)
                                                         net111 (net)
                      0.043505    0.000271    0.934953 v _422_/A (sky130_fd_sc_hd__and3_1)
     1    0.004265    0.028021    0.097074    1.032027 v _422_/X (sky130_fd_sc_hd__and3_1)
                                                         _023_ (net)
                      0.028025    0.000291    1.032318 v _696_/D (sky130_fd_sc_hd__dfrtp_1)
                                              1.032318   data arrival time

                                  0.000000    0.000000   clock wb_clk_i (rise edge)
                                  0.000000    0.000000   clock source latency
     2    0.024579    0.087030    0.060746    0.060746 ^ wb_clk_i (in)
                                                         wb_clk_i (net)
                      0.087170    0.000000    0.060746 ^ clkbuf_0_wb_clk_i/A (sky130_fd_sc_hd__clkbuf_16)
    17    0.111708    0.098028    0.149081    0.209827 ^ clkbuf_0_wb_clk_i/X (sky130_fd_sc_hd__clkbuf_16)
                                                         clknet_0_wb_clk_i (net)
                      0.098361    0.004638    0.214465 ^ clkbuf_3_2__f_wb_clk_i/A (sky130_fd_sc_hd__clkbuf_16)
    14    0.046331    0.050086    0.118056    0.332521 ^ clkbuf_3_2__f_wb_clk_i/X (sky130_fd_sc_hd__clkbuf_16)
                                                         clknet_3_2__leaf_wb_clk_i (net)
                      0.050264    0.001973    0.334494 ^ _696_/CLK (sky130_fd_sc_hd__dfrtp_1)
                                  0.250000    0.584494   clock uncertainty
                                  0.000000    0.584494   clock reconvergence pessimism
                                 -0.029195    0.555299   library hold time
                                              0.555299   data required time
---------------------------------------------------------------------------------------------
                                              0.555299   data required time
                                             -1.032318   data arrival time
---------------------------------------------------------------------------------------------
                                              0.477018   slack (MET)


Startpoint: _765_ (rising edge-triggered flip-flop clocked by wb_clk_i)
Endpoint: _765_ (rising edge-triggered flip-flop clocked by wb_clk_i)
Path Group: wb_clk_i
Path Type: min

Fanout         Cap        Slew       Delay        Time   Description
---------------------------------------------------------------------------------------------
                                  0.000000    0.000000   clock wb_clk_i (rise edge)
                                  0.000000    0.000000   clock source latency
     2    0.024579    0.087030    0.060746    0.060746 ^ wb_clk_i (in)
                                                         wb_clk_i (net)
                      0.087170    0.000000    0.060746 ^ clkbuf_0_wb_clk_i/A (sky130_fd_sc_hd__clkbuf_16)
    17    0.111708    0.098028    0.149081    0.209827 ^ clkbuf_0_wb_clk_i/X (sky130_fd_sc_hd__clkbuf_16)
                                                         clknet_0_wb_clk_i (net)
                      0.098617    0.006108    0.215935 ^ clkbuf_3_4__f_wb_clk_i/A (sky130_fd_sc_hd__clkbuf_16)
    12    0.046104    0.049929    0.117812    0.333747 ^ clkbuf_3_4__f_wb_clk_i/X (sky130_fd_sc_hd__clkbuf_16)
                                                         clknet_3_4__leaf_wb_clk_i (net)
                      0.050165    0.002590    0.336337 ^ _765_/CLK (sky130_fd_sc_hd__dfrtp_1)
     3    0.012422    0.089147    0.248878    0.585215 ^ _765_/Q (sky130_fd_sc_hd__dfrtp_1)
                                                         sw_sticky_group_error (net)
                      0.089148    0.000512    0.585727 ^ _348_/A1 (sky130_fd_sc_hd__o21ba_1)
     1    0.003309    0.034140    0.087987    0.673714 ^ _348_/X (sky130_fd_sc_hd__o21ba_1)
                                                         _137_ (net)
                      0.034141    0.000206    0.673919 ^ hold8/A (sky130_fd_sc_hd__dlygate4sd3_1)
     1    0.003009    0.038621    0.372739    1.046659 ^ hold8/X (sky130_fd_sc_hd__dlygate4sd3_1)
                                                         net97 (net)
                      0.039095    0.000205    1.046864 ^ _765_/D (sky130_fd_sc_hd__dfrtp_1)
                                              1.046864   data arrival time

                                  0.000000    0.000000   clock wb_clk_i (rise edge)
                                  0.000000    0.000000   clock source latency
     2    0.024579    0.087030    0.060746    0.060746 ^ wb_clk_i (in)
                                                         wb_clk_i (net)
                      0.087170    0.000000    0.060746 ^ clkbuf_0_wb_clk_i/A (sky130_fd_sc_hd__clkbuf_16)
    17    0.111708    0.098028    0.149081    0.209827 ^ clkbuf_0_wb_clk_i/X (sky130_fd_sc_hd__clkbuf_16)
                                                         clknet_0_wb_clk_i (net)
                      0.098617    0.006108    0.215935 ^ clkbuf_3_4__f_wb_clk_i/A (sky130_fd_sc_hd__clkbuf_16)
    12    0.046104    0.049929    0.117812    0.333747 ^ clkbuf_3_4__f_wb_clk_i/X (sky130_fd_sc_hd__clkbuf_16)
                                                         clknet_3_4__leaf_wb_clk_i (net)
                      0.050165    0.002590    0.336337 ^ _765_/CLK (sky130_fd_sc_hd__dfrtp_1)
                                  0.250000    0.586337   clock uncertainty
                                  0.000000    0.586337   clock reconvergence pessimism
                                 -0.019894    0.566443   library hold time
                                              0.566443   data required time
---------------------------------------------------------------------------------------------
                                              0.566443   data required time
                                             -1.046864   data arrival time
---------------------------------------------------------------------------------------------
                                              0.480421   slack (MET)


Startpoint: _717_ (rising edge-triggered flip-flop clocked by wb_clk_i)
Endpoint: _736_ (rising edge-triggered flip-flop clocked by wb_clk_i)
Path Group: wb_clk_i
Path Type: min

Fanout         Cap        Slew       Delay        Time   Description
---------------------------------------------------------------------------------------------
                                  0.000000    0.000000   clock wb_clk_i (rise edge)
                                  0.000000    0.000000   clock source latency
     2    0.024579    0.087030    0.060746    0.060746 ^ wb_clk_i (in)
                                                         wb_clk_i (net)
                      0.087170    0.000000    0.060746 ^ clkbuf_0_wb_clk_i/A (sky130_fd_sc_hd__clkbuf_16)
    17    0.111708    0.098028    0.149081    0.209827 ^ clkbuf_0_wb_clk_i/X (sky130_fd_sc_hd__clkbuf_16)
                                                         clknet_0_wb_clk_i (net)
                      0.098293    0.004156    0.213983 ^ clkbuf_3_3__f_wb_clk_i/A (sky130_fd_sc_hd__clkbuf_16)
    11    0.046056    0.049910    0.118022    0.332006 ^ clkbuf_3_3__f_wb_clk_i/X (sky130_fd_sc_hd__clkbuf_16)
                                                         clknet_3_3__leaf_wb_clk_i (net)
                      0.050093    0.002052    0.334057 ^ _717_/CLK (sky130_fd_sc_hd__dfxtp_2)
     8    0.032593    0.126488    0.269309    0.603366 ^ _717_/Q (sky130_fd_sc_hd__dfxtp_2)
                                                         u_system.u_global.state[0] (net)
                      0.126499    0.001324    0.604690 ^ hold21/A (sky130_fd_sc_hd__dlygate4sd3_1)
     1    0.002875    0.037733    0.387187    0.991877 ^ hold21/X (sky130_fd_sc_hd__dlygate4sd3_1)
                                                         net110 (net)
                      0.037733    0.000113    0.991990 ^ _548_/A (sky130_fd_sc_hd__or2_1)
     1    0.002097    0.024736    0.057651    1.049642 ^ _548_/X (sky130_fd_sc_hd__or2_1)
                                                         _108_ (net)
                      0.024736    0.000147    1.049789 ^ _736_/D (sky130_fd_sc_hd__dfxtp_1)
                                              1.049789   data arrival time

                                  0.000000    0.000000   clock wb_clk_i (rise edge)
                                  0.000000    0.000000   clock source latency
     2    0.024579    0.087030    0.060746    0.060746 ^ wb_clk_i (in)
                                                         wb_clk_i (net)
                      0.087170    0.000000    0.060746 ^ clkbuf_0_wb_clk_i/A (sky130_fd_sc_hd__clkbuf_16)
    17    0.111708    0.098028    0.149081    0.209827 ^ clkbuf_0_wb_clk_i/X (sky130_fd_sc_hd__clkbuf_16)
                                                         clknet_0_wb_clk_i (net)
                      0.098293    0.004156    0.213983 ^ clkbuf_3_3__f_wb_clk_i/A (sky130_fd_sc_hd__clkbuf_16)
    11    0.046056    0.049910    0.118022    0.332006 ^ clkbuf_3_3__f_wb_clk_i/X (sky130_fd_sc_hd__clkbuf_16)
                                                         clknet_3_3__leaf_wb_clk_i (net)
                      0.050093    0.002053    0.334058 ^ _736_/CLK (sky130_fd_sc_hd__dfxtp_1)
                                  0.250000    0.584058   clock uncertainty
                                  0.000000    0.584058   clock reconvergence pessimism
                                 -0.016402    0.567656   library hold time
                                              0.567656   data required time
---------------------------------------------------------------------------------------------
                                              0.567656   data required time
                                             -1.049789   data arrival time
---------------------------------------------------------------------------------------------
                                              0.482133   slack (MET)


Startpoint: _760_ (rising edge-triggered flip-flop clocked by wb_clk_i)
Endpoint: _686_ (rising edge-triggered flip-flop clocked by wb_clk_i)
Path Group: wb_clk_i
Path Type: min

Fanout         Cap        Slew       Delay        Time   Description
---------------------------------------------------------------------------------------------
                                  0.000000    0.000000   clock wb_clk_i (rise edge)
                                  0.000000    0.000000   clock source latency
     2    0.024579    0.087030    0.060746    0.060746 ^ wb_clk_i (in)
                                                         wb_clk_i (net)
                      0.087170    0.000000    0.060746 ^ clkbuf_0_wb_clk_i/A (sky130_fd_sc_hd__clkbuf_16)
    17    0.111708    0.098028    0.149081    0.209827 ^ clkbuf_0_wb_clk_i/X (sky130_fd_sc_hd__clkbuf_16)
                                                         clknet_0_wb_clk_i (net)
                      0.098443    0.005161    0.214988 ^ clkbuf_3_7__f_wb_clk_i/A (sky130_fd_sc_hd__clkbuf_16)
    13    0.043379    0.047916    0.116045    0.331032 ^ clkbuf_3_7__f_wb_clk_i/X (sky130_fd_sc_hd__clkbuf_16)
                                                         clknet_3_7__leaf_wb_clk_i (net)
                      0.048524    0.004201    0.335233 ^ _760_/CLK (sky130_fd_sc_hd__dfxtp_1)
     4    0.015860    0.056690    0.223906    0.559139 v _760_/Q (sky130_fd_sc_hd__dfxtp_1)
                                                         global_timeout_count[15] (net)
                      0.056709    0.000971    0.560110 v hold30/A (sky130_fd_sc_hd__dlygate4sd3_1)
     2    0.006432    0.050497    0.387021    0.947130 v hold30/X (sky130_fd_sc_hd__dlygate4sd3_1)
                                                         net119 (net)
                      0.050497    0.000282    0.947413 v _412_/A (sky130_fd_sc_hd__and3_1)
     1    0.002916    0.023884    0.094422    1.041834 v _412_/X (sky130_fd_sc_hd__and3_1)
                                                         _012_ (net)
                      0.023886    0.000217    1.042052 v _686_/D (sky130_fd_sc_hd__dfrtp_1)
                                              1.042052   data arrival time

                                  0.000000    0.000000   clock wb_clk_i (rise edge)
                                  0.000000    0.000000   clock source latency
     2    0.024579    0.087030    0.060746    0.060746 ^ wb_clk_i (in)
                                                         wb_clk_i (net)
                      0.087170    0.000000    0.060746 ^ clkbuf_0_wb_clk_i/A (sky130_fd_sc_hd__clkbuf_16)
    17    0.111708    0.098028    0.149081    0.209827 ^ clkbuf_0_wb_clk_i/X (sky130_fd_sc_hd__clkbuf_16)
                                                         clknet_0_wb_clk_i (net)
                      0.098443    0.005161    0.214988 ^ clkbuf_3_7__f_wb_clk_i/A (sky130_fd_sc_hd__clkbuf_16)
    13    0.043379    0.047916    0.116045    0.331032 ^ clkbuf_3_7__f_wb_clk_i/X (sky130_fd_sc_hd__clkbuf_16)
                                                         clknet_3_7__leaf_wb_clk_i (net)
                      0.048165    0.002524    0.333557 ^ _686_/CLK (sky130_fd_sc_hd__dfrtp_1)
                                  0.250000    0.583557   clock uncertainty
                                  0.000000    0.583557   clock reconvergence pessimism
                                 -0.028056    0.555501   library hold time
                                              0.555501   data required time
---------------------------------------------------------------------------------------------
                                              0.555501   data required time
                                             -1.042052   data arrival time
---------------------------------------------------------------------------------------------
                                              0.486551   slack (MET)


Startpoint: _727_ (rising edge-triggered flip-flop clocked by wb_clk_i)
Endpoint: _695_ (rising edge-triggered flip-flop clocked by wb_clk_i)
Path Group: wb_clk_i
Path Type: min

Fanout         Cap        Slew       Delay        Time   Description
---------------------------------------------------------------------------------------------
                                  0.000000    0.000000   clock wb_clk_i (rise edge)
                                  0.000000    0.000000   clock source latency
     2    0.024579    0.087030    0.060746    0.060746 ^ wb_clk_i (in)
                                                         wb_clk_i (net)
                      0.087170    0.000000    0.060746 ^ clkbuf_0_wb_clk_i/A (sky130_fd_sc_hd__clkbuf_16)
    17    0.111708    0.098028    0.149081    0.209827 ^ clkbuf_0_wb_clk_i/X (sky130_fd_sc_hd__clkbuf_16)
                                                         clknet_0_wb_clk_i (net)
                      0.098293    0.004156    0.213983 ^ clkbuf_3_3__f_wb_clk_i/A (sky130_fd_sc_hd__clkbuf_16)
    11    0.046056    0.049910    0.118022    0.332006 ^ clkbuf_3_3__f_wb_clk_i/X (sky130_fd_sc_hd__clkbuf_16)
                                                         clknet_3_3__leaf_wb_clk_i (net)
                      0.050097    0.002082    0.334087 ^ _727_/CLK (sky130_fd_sc_hd__dfxtp_1)
     5    0.019181    0.066927    0.232387    0.566474 v _727_/Q (sky130_fd_sc_hd__dfxtp_1)
                                                         group_timeout_count[8] (net)
                      0.066936    0.000772    0.567246 v hold28/A (sky130_fd_sc_hd__dlygate4sd3_1)
     1    0.003741    0.042216    0.379492    0.946738 v hold28/X (sky130_fd_sc_hd__dlygate4sd3_1)
                                                         net117 (net)
                      0.042216    0.000291    0.947029 v _421_/A (sky130_fd_sc_hd__and3_1)
     1    0.008932    0.042342    0.111506    1.058535 v _421_/X (sky130_fd_sc_hd__and3_1)
                                                         _022_ (net)
                      0.042347    0.000485    1.059020 v _695_/D (sky130_fd_sc_hd__dfrtp_1)
                                              1.059020   data arrival time

                                  0.000000    0.000000   clock wb_clk_i (rise edge)
                                  0.000000    0.000000   clock source latency
     2    0.024579    0.087030    0.060746    0.060746 ^ wb_clk_i (in)
                                                         wb_clk_i (net)
                      0.087170    0.000000    0.060746 ^ clkbuf_0_wb_clk_i/A (sky130_fd_sc_hd__clkbuf_16)
    17    0.111708    0.098028    0.149081    0.209827 ^ clkbuf_0_wb_clk_i/X (sky130_fd_sc_hd__clkbuf_16)
                                                         clknet_0_wb_clk_i (net)
                      0.098586    0.005951    0.215778 ^ clkbuf_3_0__f_wb_clk_i/A (sky130_fd_sc_hd__clkbuf_16)
    13    0.043628    0.048139    0.116392    0.332170 ^ clkbuf_3_0__f_wb_clk_i/X (sky130_fd_sc_hd__clkbuf_16)
                                                         clknet_3_0__leaf_wb_clk_i (net)
                      0.048495    0.003156    0.335326 ^ _695_/CLK (sky130_fd_sc_hd__dfrtp_1)
                                  0.250000    0.585326   clock uncertainty
                                  0.000000    0.585326   clock reconvergence pessimism
                                 -0.034025    0.551301   library hold time
                                              0.551301   data required time
---------------------------------------------------------------------------------------------
                                              0.551301   data required time
                                             -1.059020   data arrival time
---------------------------------------------------------------------------------------------
                                              0.507719   slack (MET)


Startpoint: wb_rst_i (input port clocked by wb_clk_i)
Endpoint: _687_ (removal check against rising-edge clock wb_clk_i)
Path Group: asynchronous
Path Type: min

Fanout         Cap        Slew       Delay        Time   Description
---------------------------------------------------------------------------------------------
                                  0.000000    0.000000   clock wb_clk_i (rise edge)
                                  0.000000    0.000000   clock network delay (propagated)
                                  5.000000    5.000000 v input external delay
     2    0.007923    0.012921    0.007601    5.007601 v wb_rst_i (in)
                                                         wb_rst_i (net)
                      0.012928    0.000000    5.007601 v input23/A (sky130_fd_sc_hd__clkbuf_1)
     1    0.003678    0.021395    0.052652    5.060253 v input23/X (sky130_fd_sc_hd__clkbuf_1)
                                                         net23 (net)
                      0.021397    0.000223    5.060476 v fanout89/A (sky130_fd_sc_hd__buf_2)
    11    0.053401    0.090088    0.134631    5.195107 v fanout89/X (sky130_fd_sc_hd__buf_2)
                                                         net89 (net)
                      0.090730    0.006161    5.201268 v _644_/A (sky130_fd_sc_hd__inv_2)
     1    0.004014    0.031088    0.049599    5.250867 ^ _644_/Y (sky130_fd_sc_hd__inv_2)
                                                         _054_ (net)
                      0.031089    0.000211    5.251079 ^ _687_/RESET_B (sky130_fd_sc_hd__dfrtp_1)
                                              5.251079   data arrival time

                                  0.000000    0.000000   clock wb_clk_i (rise edge)
                                  0.000000    0.000000   clock source latency
     2    0.024579    0.087030    0.060746    0.060746 ^ wb_clk_i (in)
                                                         wb_clk_i (net)
                      0.087170    0.000000    0.060746 ^ clkbuf_0_wb_clk_i/A (sky130_fd_sc_hd__clkbuf_16)
    17    0.111708    0.098028    0.149081    0.209827 ^ clkbuf_0_wb_clk_i/X (sky130_fd_sc_hd__clkbuf_16)
                                                         clknet_0_wb_clk_i (net)
                      0.098586    0.005951    0.215778 ^ clkbuf_3_0__f_wb_clk_i/A (sky130_fd_sc_hd__clkbuf_16)
    13    0.043628    0.048139    0.116392    0.332170 ^ clkbuf_3_0__f_wb_clk_i/X (sky130_fd_sc_hd__clkbuf_16)
                                                         clknet_3_0__leaf_wb_clk_i (net)
                      0.048295    0.001991    0.334161 ^ _687_/CLK (sky130_fd_sc_hd__dfrtp_1)
                                  0.250000    0.584161   clock uncertainty
                                  0.000000    0.584161   clock reconvergence pessimism
                                  0.199540    0.783701   library removal time
                                              0.783701   data required time
---------------------------------------------------------------------------------------------
                                              0.783701   data required time
                                             -5.251079   data arrival time
---------------------------------------------------------------------------------------------
                                              4.467378   slack (MET)


Startpoint: wb_rst_i (input port clocked by wb_clk_i)
Endpoint: _689_ (removal check against rising-edge clock wb_clk_i)
Path Group: asynchronous
Path Type: min

Fanout         Cap        Slew       Delay        Time   Description
---------------------------------------------------------------------------------------------
                                  0.000000    0.000000   clock wb_clk_i (rise edge)
                                  0.000000    0.000000   clock network delay (propagated)
                                  5.000000    5.000000 v input external delay
     2    0.007923    0.012921    0.007601    5.007601 v wb_rst_i (in)
                                                         wb_rst_i (net)
                      0.012928    0.000000    5.007601 v input23/A (sky130_fd_sc_hd__clkbuf_1)
     1    0.003678    0.021395    0.052652    5.060253 v input23/X (sky130_fd_sc_hd__clkbuf_1)
                                                         net23 (net)
                      0.021397    0.000223    5.060476 v fanout89/A (sky130_fd_sc_hd__buf_2)
    11    0.053401    0.090088    0.134631    5.195107 v fanout89/X (sky130_fd_sc_hd__buf_2)
                                                         net89 (net)
                      0.090762    0.006308    5.201415 v _646_/A (sky130_fd_sc_hd__inv_2)
     1    0.004468    0.032632    0.051548    5.252963 ^ _646_/Y (sky130_fd_sc_hd__inv_2)
                                                         _056_ (net)
                      0.032632    0.000119    5.253081 ^ _689_/RESET_B (sky130_fd_sc_hd__dfrtp_1)
                                              5.253081   data arrival time

                                  0.000000    0.000000   clock wb_clk_i (rise edge)
                                  0.000000    0.000000   clock source latency
     2    0.024579    0.087030    0.060746    0.060746 ^ wb_clk_i (in)
                                                         wb_clk_i (net)
                      0.087170    0.000000    0.060746 ^ clkbuf_0_wb_clk_i/A (sky130_fd_sc_hd__clkbuf_16)
    17    0.111708    0.098028    0.149081    0.209827 ^ clkbuf_0_wb_clk_i/X (sky130_fd_sc_hd__clkbuf_16)
                                                         clknet_0_wb_clk_i (net)
                      0.098361    0.004638    0.214465 ^ clkbuf_3_2__f_wb_clk_i/A (sky130_fd_sc_hd__clkbuf_16)
    14    0.046331    0.050086    0.118056    0.332521 ^ clkbuf_3_2__f_wb_clk_i/X (sky130_fd_sc_hd__clkbuf_16)
                                                         clknet_3_2__leaf_wb_clk_i (net)
                      0.050377    0.002733    0.335254 ^ _689_/CLK (sky130_fd_sc_hd__dfrtp_1)
                                  0.250000    0.585254   clock uncertainty
                                  0.000000    0.585254   clock reconvergence pessimism
                                  0.200228    0.785482   library removal time
                                              0.785482   data required time
---------------------------------------------------------------------------------------------
                                              0.785482   data required time
                                             -5.253081   data arrival time
---------------------------------------------------------------------------------------------
                                              4.467599   slack (MET)


Startpoint: wb_rst_i (input port clocked by wb_clk_i)
Endpoint: _705_ (removal check against rising-edge clock wb_clk_i)
Path Group: asynchronous
Path Type: min

Fanout         Cap        Slew       Delay        Time   Description
---------------------------------------------------------------------------------------------
                                  0.000000    0.000000   clock wb_clk_i (rise edge)
                                  0.000000    0.000000   clock network delay (propagated)
                                  5.000000    5.000000 v input external delay
     2    0.007923    0.012921    0.007601    5.007601 v wb_rst_i (in)
                                                         wb_rst_i (net)
                      0.012928    0.000000    5.007601 v input23/A (sky130_fd_sc_hd__clkbuf_1)
     1    0.003678    0.021395    0.052652    5.060253 v input23/X (sky130_fd_sc_hd__clkbuf_1)
                                                         net23 (net)
                      0.021397    0.000223    5.060476 v fanout89/A (sky130_fd_sc_hd__buf_2)
    11    0.053401    0.090088    0.134631    5.195107 v fanout89/X (sky130_fd_sc_hd__buf_2)
                                                         net89 (net)
                      0.090150    0.001993    5.197100 v fanout86/A (sky130_fd_sc_hd__buf_2)
     6    0.037405    0.067969    0.144460    5.341560 v fanout86/X (sky130_fd_sc_hd__buf_2)
                                                         net86 (net)
                      0.068017    0.001652    5.343212 v _662_/A (sky130_fd_sc_hd__inv_2)
     1    0.003981    0.026759    0.043146    5.386358 ^ _662_/Y (sky130_fd_sc_hd__inv_2)
                                                         _072_ (net)
                      0.026759    0.000098    5.386456 ^ _705_/RESET_B (sky130_fd_sc_hd__dfrtp_1)
                                              5.386456   data arrival time

                                  0.000000    0.000000   clock wb_clk_i (rise edge)
                                  0.000000    0.000000   clock source latency
     2    0.024579    0.087030    0.060746    0.060746 ^ wb_clk_i (in)
                                                         wb_clk_i (net)
                      0.087170    0.000000    0.060746 ^ clkbuf_0_wb_clk_i/A (sky130_fd_sc_hd__clkbuf_16)
    17    0.111708    0.098028    0.149081    0.209827 ^ clkbuf_0_wb_clk_i/X (sky130_fd_sc_hd__clkbuf_16)
                                                         clknet_0_wb_clk_i (net)
                      0.098783    0.006892    0.216719 ^ clkbuf_3_5__f_wb_clk_i/A (sky130_fd_sc_hd__clkbuf_16)
    14    0.046268    0.050010    0.117714    0.334433 ^ clkbuf_3_5__f_wb_clk_i/X (sky130_fd_sc_hd__clkbuf_16)
                                                         clknet_3_5__leaf_wb_clk_i (net)
                      0.050512    0.003880    0.338312 ^ _705_/CLK (sky130_fd_sc_hd__dfrtp_1)
                                  0.250000    0.588312   clock uncertainty
                                  0.000000    0.588312   clock reconvergence pessimism
                                  0.198721    0.787034   library removal time
                                              0.787034   data required time
---------------------------------------------------------------------------------------------
                                              0.787034   data required time
                                             -5.386456   data arrival time
---------------------------------------------------------------------------------------------
                                              4.599423   slack (MET)


Startpoint: wb_rst_i (input port clocked by wb_clk_i)
Endpoint: _674_ (removal check against rising-edge clock wb_clk_i)
Path Group: asynchronous
Path Type: min

Fanout         Cap        Slew       Delay        Time   Description
---------------------------------------------------------------------------------------------
                                  0.000000    0.000000   clock wb_clk_i (rise edge)
                                  0.000000    0.000000   clock network delay (propagated)
                                  5.000000    5.000000 v input external delay
     2    0.007923    0.012921    0.007601    5.007601 v wb_rst_i (in)
                                                         wb_rst_i (net)
                      0.012928    0.000000    5.007601 v input23/A (sky130_fd_sc_hd__clkbuf_1)
     1    0.003678    0.021395    0.052652    5.060253 v input23/X (sky130_fd_sc_hd__clkbuf_1)
                                                         net23 (net)
                      0.021397    0.000223    5.060476 v fanout89/A (sky130_fd_sc_hd__buf_2)
    11    0.053401    0.090088    0.134631    5.195107 v fanout89/X (sky130_fd_sc_hd__buf_2)
                                                         net89 (net)
                      0.090150    0.001993    5.197100 v fanout86/A (sky130_fd_sc_hd__buf_2)
     6    0.037405    0.067969    0.144460    5.341560 v fanout86/X (sky130_fd_sc_hd__buf_2)
                                                         net86 (net)
                      0.068063    0.002236    5.343797 v _631_/A (sky130_fd_sc_hd__inv_2)
     1    0.004010    0.026861    0.043212    5.387008 ^ _631_/Y (sky130_fd_sc_hd__inv_2)
                                                         _041_ (net)
                      0.026863    0.000213    5.387221 ^ _674_/RESET_B (sky130_fd_sc_hd__dfrtp_1)
                                              5.387221   data arrival time

                                  0.000000    0.000000   clock wb_clk_i (rise edge)
                                  0.000000    0.000000   clock source latency
     2    0.024579    0.087030    0.060746    0.060746 ^ wb_clk_i (in)
                                                         wb_clk_i (net)
                      0.087170    0.000000    0.060746 ^ clkbuf_0_wb_clk_i/A (sky130_fd_sc_hd__clkbuf_16)
    17    0.111708    0.098028    0.149081    0.209827 ^ clkbuf_0_wb_clk_i/X (sky130_fd_sc_hd__clkbuf_16)
                                                         clknet_0_wb_clk_i (net)
                      0.098783    0.006892    0.216719 ^ clkbuf_3_5__f_wb_clk_i/A (sky130_fd_sc_hd__clkbuf_16)
    14    0.046268    0.050010    0.117714    0.334433 ^ clkbuf_3_5__f_wb_clk_i/X (sky130_fd_sc_hd__clkbuf_16)
                                                         clknet_3_5__leaf_wb_clk_i (net)
                      0.050364    0.003194    0.337626 ^ _674_/CLK (sky130_fd_sc_hd__dfrtp_1)
                                  0.250000    0.587626   clock uncertainty
                                  0.000000    0.587626   clock reconvergence pessimism
                                  0.198728    0.786354   library removal time
                                              0.786354   data required time
---------------------------------------------------------------------------------------------
                                              0.786354   data required time
                                             -5.387221   data arrival time
---------------------------------------------------------------------------------------------
                                              4.600867   slack (MET)


Startpoint: wb_rst_i (input port clocked by wb_clk_i)
Endpoint: _707_ (removal check against rising-edge clock wb_clk_i)
Path Group: asynchronous
Path Type: min

Fanout         Cap        Slew       Delay        Time   Description
---------------------------------------------------------------------------------------------
                                  0.000000    0.000000   clock wb_clk_i (rise edge)
                                  0.000000    0.000000   clock network delay (propagated)
                                  5.000000    5.000000 v input external delay
     2    0.007923    0.012921    0.007601    5.007601 v wb_rst_i (in)
                                                         wb_rst_i (net)
                      0.012928    0.000000    5.007601 v input23/A (sky130_fd_sc_hd__clkbuf_1)
     1    0.003678    0.021395    0.052652    5.060253 v input23/X (sky130_fd_sc_hd__clkbuf_1)
                                                         net23 (net)
                      0.021397    0.000223    5.060476 v fanout89/A (sky130_fd_sc_hd__buf_2)
    11    0.053401    0.090088    0.134631    5.195107 v fanout89/X (sky130_fd_sc_hd__buf_2)
                                                         net89 (net)
                      0.090150    0.001993    5.197100 v fanout86/A (sky130_fd_sc_hd__buf_2)
     6    0.037405    0.067969    0.144460    5.341560 v fanout86/X (sky130_fd_sc_hd__buf_2)
                                                         net86 (net)
                      0.068027    0.001798    5.343359 v _664_/A (sky130_fd_sc_hd__inv_2)
     1    0.003925    0.026611    0.042947    5.386305 ^ _664_/Y (sky130_fd_sc_hd__inv_2)
                                                         _074_ (net)
                      0.026611    0.000097    5.386402 ^ _707_/RESET_B (sky130_fd_sc_hd__dfrtp_1)
                                              5.386402   data arrival time

                                  0.000000    0.000000   clock wb_clk_i (rise edge)
                                  0.000000    0.000000   clock source latency
     2    0.024579    0.087030    0.060746    0.060746 ^ wb_clk_i (in)
                                                         wb_clk_i (net)
                      0.087170    0.000000    0.060746 ^ clkbuf_0_wb_clk_i/A (sky130_fd_sc_hd__clkbuf_16)
    17    0.111708    0.098028    0.149081    0.209827 ^ clkbuf_0_wb_clk_i/X (sky130_fd_sc_hd__clkbuf_16)
                                                         clknet_0_wb_clk_i (net)
                      0.098617    0.006108    0.215935 ^ clkbuf_3_4__f_wb_clk_i/A (sky130_fd_sc_hd__clkbuf_16)
    12    0.046104    0.049929    0.117812    0.333747 ^ clkbuf_3_4__f_wb_clk_i/X (sky130_fd_sc_hd__clkbuf_16)
                                                         clknet_3_4__leaf_wb_clk_i (net)
                      0.050195    0.002764    0.336511 ^ _707_/CLK (sky130_fd_sc_hd__dfrtp_1)
                                  0.250000    0.586511   clock uncertainty
                                  0.000000    0.586511   clock reconvergence pessimism
                                  0.198639    0.785150   library removal time
                                              0.785150   data required time
---------------------------------------------------------------------------------------------
                                              0.785150   data required time
                                             -5.386402   data arrival time
---------------------------------------------------------------------------------------------
                                              4.601252   slack (MET)


Startpoint: wb_rst_i (input port clocked by wb_clk_i)
Endpoint: _679_ (removal check against rising-edge clock wb_clk_i)
Path Group: asynchronous
Path Type: min

Fanout         Cap        Slew       Delay        Time   Description
---------------------------------------------------------------------------------------------
                                  0.000000    0.000000   clock wb_clk_i (rise edge)
                                  0.000000    0.000000   clock network delay (propagated)
                                  5.000000    5.000000 v input external delay
     2    0.007923    0.012921    0.007601    5.007601 v wb_rst_i (in)
                                                         wb_rst_i (net)
                      0.012928    0.000000    5.007601 v input23/A (sky130_fd_sc_hd__clkbuf_1)
     1    0.003678    0.021395    0.052652    5.060253 v input23/X (sky130_fd_sc_hd__clkbuf_1)
                                                         net23 (net)
                      0.021397    0.000223    5.060476 v fanout89/A (sky130_fd_sc_hd__buf_2)
    11    0.053401    0.090088    0.134631    5.195107 v fanout89/X (sky130_fd_sc_hd__buf_2)
                                                         net89 (net)
                      0.090150    0.001993    5.197100 v fanout86/A (sky130_fd_sc_hd__buf_2)
     6    0.037405    0.067969    0.144460    5.341560 v fanout86/X (sky130_fd_sc_hd__buf_2)
                                                         net86 (net)
                      0.068107    0.002669    5.344230 v _636_/A (sky130_fd_sc_hd__inv_2)
     1    0.003943    0.026692    0.042987    5.387216 ^ _636_/Y (sky130_fd_sc_hd__inv_2)
                                                         _046_ (net)
                      0.026693    0.000207    5.387424 ^ _679_/RESET_B (sky130_fd_sc_hd__dfrtp_1)
                                              5.387424   data arrival time

                                  0.000000    0.000000   clock wb_clk_i (rise edge)
                                  0.000000    0.000000   clock source latency
     2    0.024579    0.087030    0.060746    0.060746 ^ wb_clk_i (in)
                                                         wb_clk_i (net)
                      0.087170    0.000000    0.060746 ^ clkbuf_0_wb_clk_i/A (sky130_fd_sc_hd__clkbuf_16)
    17    0.111708    0.098028    0.149081    0.209827 ^ clkbuf_0_wb_clk_i/X (sky130_fd_sc_hd__clkbuf_16)
                                                         clknet_0_wb_clk_i (net)
                      0.098783    0.006892    0.216719 ^ clkbuf_3_5__f_wb_clk_i/A (sky130_fd_sc_hd__clkbuf_16)
    14    0.046268    0.050010    0.117714    0.334433 ^ clkbuf_3_5__f_wb_clk_i/X (sky130_fd_sc_hd__clkbuf_16)
                                                         clknet_3_5__leaf_wb_clk_i (net)
                      0.050239    0.002517    0.336950 ^ _679_/CLK (sky130_fd_sc_hd__dfrtp_1)
                                  0.250000    0.586950   clock uncertainty
                                  0.000000    0.586950   clock reconvergence pessimism
                                  0.198666    0.785616   library removal time
                                              0.785616   data required time
---------------------------------------------------------------------------------------------
                                              0.785616   data required time
                                             -5.387424   data arrival time
---------------------------------------------------------------------------------------------
                                              4.601807   slack (MET)


Startpoint: wb_rst_i (input port clocked by wb_clk_i)
Endpoint: _676_ (removal check against rising-edge clock wb_clk_i)
Path Group: asynchronous
Path Type: min

Fanout         Cap        Slew       Delay        Time   Description
---------------------------------------------------------------------------------------------
                                  0.000000    0.000000   clock wb_clk_i (rise edge)
                                  0.000000    0.000000   clock network delay (propagated)
                                  5.000000    5.000000 v input external delay
     2    0.007923    0.012921    0.007601    5.007601 v wb_rst_i (in)
                                                         wb_rst_i (net)
                      0.012928    0.000000    5.007601 v input23/A (sky130_fd_sc_hd__clkbuf_1)
     1    0.003678    0.021395    0.052652    5.060253 v input23/X (sky130_fd_sc_hd__clkbuf_1)
                                                         net23 (net)
                      0.021397    0.000223    5.060476 v fanout89/A (sky130_fd_sc_hd__buf_2)
    11    0.053401    0.090088    0.134631    5.195107 v fanout89/X (sky130_fd_sc_hd__buf_2)
                                                         net89 (net)
                      0.090150    0.001993    5.197100 v fanout86/A (sky130_fd_sc_hd__buf_2)
     6    0.037405    0.067969    0.144460    5.341560 v fanout86/X (sky130_fd_sc_hd__buf_2)
                                                         net86 (net)
                      0.068098    0.002593    5.344153 v _633_/A (sky130_fd_sc_hd__inv_2)
     1    0.003938    0.026676    0.042963    5.387117 ^ _633_/Y (sky130_fd_sc_hd__inv_2)
                                                         _043_ (net)
                      0.026677    0.000208    5.387324 ^ _676_/RESET_B (sky130_fd_sc_hd__dfrtp_1)
                                              5.387324   data arrival time

                                  0.000000    0.000000   clock wb_clk_i (rise edge)
                                  0.000000    0.000000   clock source latency
     2    0.024579    0.087030    0.060746    0.060746 ^ wb_clk_i (in)
                                                         wb_clk_i (net)
                      0.087170    0.000000    0.060746 ^ clkbuf_0_wb_clk_i/A (sky130_fd_sc_hd__clkbuf_16)
    17    0.111708    0.098028    0.149081    0.209827 ^ clkbuf_0_wb_clk_i/X (sky130_fd_sc_hd__clkbuf_16)
                                                         clknet_0_wb_clk_i (net)
                      0.098783    0.006892    0.216719 ^ clkbuf_3_5__f_wb_clk_i/A (sky130_fd_sc_hd__clkbuf_16)
    14    0.046268    0.050010    0.117714    0.334433 ^ clkbuf_3_5__f_wb_clk_i/X (sky130_fd_sc_hd__clkbuf_16)
                                                         clknet_3_5__leaf_wb_clk_i (net)
                      0.050213    0.002361    0.336793 ^ _676_/CLK (sky130_fd_sc_hd__dfrtp_1)
                                  0.250000    0.586794   clock uncertainty
                                  0.000000    0.586794   clock reconvergence pessimism
                                  0.198659    0.785452   library removal time
                                              0.785452   data required time
---------------------------------------------------------------------------------------------
                                              0.785452   data required time
                                             -5.387324   data arrival time
---------------------------------------------------------------------------------------------
                                              4.601872   slack (MET)


Startpoint: wb_rst_i (input port clocked by wb_clk_i)
Endpoint: _704_ (removal check against rising-edge clock wb_clk_i)
Path Group: asynchronous
Path Type: min

Fanout         Cap        Slew       Delay        Time   Description
---------------------------------------------------------------------------------------------
                                  0.000000    0.000000   clock wb_clk_i (rise edge)
                                  0.000000    0.000000   clock network delay (propagated)
                                  5.000000    5.000000 v input external delay
     2    0.007923    0.012921    0.007601    5.007601 v wb_rst_i (in)
                                                         wb_rst_i (net)
                      0.012928    0.000000    5.007601 v input23/A (sky130_fd_sc_hd__clkbuf_1)
     1    0.003678    0.021395    0.052652    5.060253 v input23/X (sky130_fd_sc_hd__clkbuf_1)
                                                         net23 (net)
                      0.021397    0.000223    5.060476 v fanout89/A (sky130_fd_sc_hd__buf_2)
    11    0.053401    0.090088    0.134631    5.195107 v fanout89/X (sky130_fd_sc_hd__buf_2)
                                                         net89 (net)
                      0.090352    0.004024    5.199131 v fanout84/A (sky130_fd_sc_hd__clkbuf_4)
    10    0.049874    0.077581    0.160353    5.359484 v fanout84/X (sky130_fd_sc_hd__clkbuf_4)
                                                         net84 (net)
                      0.078036    0.004682    5.364166 v _661_/A (sky130_fd_sc_hd__inv_2)
     1    0.004096    0.028956    0.046399    5.410565 ^ _661_/Y (sky130_fd_sc_hd__inv_2)
                                                         _071_ (net)
                      0.028956    0.000103    5.410667 ^ _704_/RESET_B (sky130_fd_sc_hd__dfrtp_1)
                                              5.410667   data arrival time

                                  0.000000    0.000000   clock wb_clk_i (rise edge)
                                  0.000000    0.000000   clock source latency
     2    0.024579    0.087030    0.060746    0.060746 ^ wb_clk_i (in)
                                                         wb_clk_i (net)
                      0.087170    0.000000    0.060746 ^ clkbuf_0_wb_clk_i/A (sky130_fd_sc_hd__clkbuf_16)
    17    0.111708    0.098028    0.149081    0.209827 ^ clkbuf_0_wb_clk_i/X (sky130_fd_sc_hd__clkbuf_16)
                                                         clknet_0_wb_clk_i (net)
                      0.098487    0.005415    0.215242 ^ clkbuf_3_1__f_wb_clk_i/A (sky130_fd_sc_hd__clkbuf_16)
    15    0.046245    0.050051    0.118227    0.333469 ^ clkbuf_3_1__f_wb_clk_i/X (sky130_fd_sc_hd__clkbuf_16)
                                                         clknet_3_1__leaf_wb_clk_i (net)
                      0.050234    0.002062    0.335531 ^ _704_/CLK (sky130_fd_sc_hd__dfrtp_1)
                                  0.250000    0.585531   clock uncertainty
                                  0.000000    0.585531   clock reconvergence pessimism
                                  0.199253    0.784785   library removal time
                                              0.784785   data required time
---------------------------------------------------------------------------------------------
                                              0.784785   data required time
                                             -5.410667   data arrival time
---------------------------------------------------------------------------------------------
                                              4.625883   slack (MET)


Startpoint: wb_rst_i (input port clocked by wb_clk_i)
Endpoint: _713_ (removal check against rising-edge clock wb_clk_i)
Path Group: asynchronous
Path Type: min

Fanout         Cap        Slew       Delay        Time   Description
---------------------------------------------------------------------------------------------
                                  0.000000    0.000000   clock wb_clk_i (rise edge)
                                  0.000000    0.000000   clock network delay (propagated)
                                  5.000000    5.000000 v input external delay
     2    0.007923    0.012921    0.007601    5.007601 v wb_rst_i (in)
                                                         wb_rst_i (net)
                      0.012928    0.000000    5.007601 v input23/A (sky130_fd_sc_hd__clkbuf_1)
     1    0.003678    0.021395    0.052652    5.060253 v input23/X (sky130_fd_sc_hd__clkbuf_1)
                                                         net23 (net)
                      0.021397    0.000223    5.060476 v fanout89/A (sky130_fd_sc_hd__buf_2)
    11    0.053401    0.090088    0.134631    5.195107 v fanout89/X (sky130_fd_sc_hd__buf_2)
                                                         net89 (net)
                      0.090352    0.004024    5.199131 v fanout84/A (sky130_fd_sc_hd__clkbuf_4)
    10    0.049874    0.077581    0.160353    5.359484 v fanout84/X (sky130_fd_sc_hd__clkbuf_4)
                                                         net84 (net)
                      0.078249    0.005703    5.365187 v _666_/A (sky130_fd_sc_hd__inv_2)
     1    0.004028    0.028795    0.046198    5.411385 ^ _666_/Y (sky130_fd_sc_hd__inv_2)
                                                         _076_ (net)
                      0.028795    0.000100    5.411485 ^ _713_/RESET_B (sky130_fd_sc_hd__dfrtp_1)
                                              5.411485   data arrival time

                                  0.000000    0.000000   clock wb_clk_i (rise edge)
                                  0.000000    0.000000   clock source latency
     2    0.024579    0.087030    0.060746    0.060746 ^ wb_clk_i (in)
                                                         wb_clk_i (net)
                      0.087170    0.000000    0.060746 ^ clkbuf_0_wb_clk_i/A (sky130_fd_sc_hd__clkbuf_16)
    17    0.111708    0.098028    0.149081    0.209827 ^ clkbuf_0_wb_clk_i/X (sky130_fd_sc_hd__clkbuf_16)
                                                         clknet_0_wb_clk_i (net)
                      0.098487    0.005415    0.215242 ^ clkbuf_3_1__f_wb_clk_i/A (sky130_fd_sc_hd__clkbuf_16)
    15    0.046245    0.050051    0.118227    0.333469 ^ clkbuf_3_1__f_wb_clk_i/X (sky130_fd_sc_hd__clkbuf_16)
                                                         clknet_3_1__leaf_wb_clk_i (net)
                      0.050234    0.002059    0.335528 ^ _713_/CLK (sky130_fd_sc_hd__dfrtp_1)
                                  0.250000    0.585528   clock uncertainty
                                  0.000000    0.585528   clock reconvergence pessimism
                                  0.199212    0.784740   library removal time
                                              0.784740   data required time
---------------------------------------------------------------------------------------------
                                              0.784740   data required time
                                             -5.411485   data arrival time
---------------------------------------------------------------------------------------------
                                              4.626745   slack (MET)


Startpoint: wb_rst_i (input port clocked by wb_clk_i)
Endpoint: _698_ (removal check against rising-edge clock wb_clk_i)
Path Group: asynchronous
Path Type: min

Fanout         Cap        Slew       Delay        Time   Description
---------------------------------------------------------------------------------------------
                                  0.000000    0.000000   clock wb_clk_i (rise edge)
                                  0.000000    0.000000   clock network delay (propagated)
                                  5.000000    5.000000 v input external delay
     2    0.007923    0.012921    0.007601    5.007601 v wb_rst_i (in)
                                                         wb_rst_i (net)
                      0.012928    0.000000    5.007601 v input23/A (sky130_fd_sc_hd__clkbuf_1)
     1    0.003678    0.021395    0.052652    5.060253 v input23/X (sky130_fd_sc_hd__clkbuf_1)
                                                         net23 (net)
                      0.021397    0.000223    5.060476 v fanout89/A (sky130_fd_sc_hd__buf_2)
    11    0.053401    0.090088    0.134631    5.195107 v fanout89/X (sky130_fd_sc_hd__buf_2)
                                                         net89 (net)
                      0.090352    0.004024    5.199131 v fanout84/A (sky130_fd_sc_hd__clkbuf_4)
    10    0.049874    0.077581    0.160353    5.359484 v fanout84/X (sky130_fd_sc_hd__clkbuf_4)
                                                         net84 (net)
                      0.078284    0.005852    5.365336 v _655_/A (sky130_fd_sc_hd__inv_2)
     1    0.003938    0.028553    0.045809    5.411145 ^ _655_/Y (sky130_fd_sc_hd__inv_2)
                                                         _065_ (net)
                      0.028555    0.000208    5.411353 ^ _698_/RESET_B (sky130_fd_sc_hd__dfrtp_1)
                                              5.411353   data arrival time

                                  0.000000    0.000000   clock wb_clk_i (rise edge)
                                  0.000000    0.000000   clock source latency
     2    0.024579    0.087030    0.060746    0.060746 ^ wb_clk_i (in)
                                                         wb_clk_i (net)
                      0.087170    0.000000    0.060746 ^ clkbuf_0_wb_clk_i/A (sky130_fd_sc_hd__clkbuf_16)
    17    0.111708    0.098028    0.149081    0.209827 ^ clkbuf_0_wb_clk_i/X (sky130_fd_sc_hd__clkbuf_16)
                                                         clknet_0_wb_clk_i (net)
                      0.098487    0.005415    0.215242 ^ clkbuf_3_1__f_wb_clk_i/A (sky130_fd_sc_hd__clkbuf_16)
    15    0.046245    0.050051    0.118227    0.333469 ^ clkbuf_3_1__f_wb_clk_i/X (sky130_fd_sc_hd__clkbuf_16)
                                                         clknet_3_1__leaf_wb_clk_i (net)
                      0.050207    0.001852    0.335321 ^ _698_/CLK (sky130_fd_sc_hd__dfrtp_1)
                                  0.250000    0.585321   clock uncertainty
                                  0.000000    0.585321   clock reconvergence pessimism
                                  0.199145    0.784466   library removal time
                                              0.784466   data required time
---------------------------------------------------------------------------------------------
                                              0.784466   data required time
                                             -5.411353   data arrival time
---------------------------------------------------------------------------------------------
                                              4.626886   slack (MET)


Startpoint: wb_rst_i (input port clocked by wb_clk_i)
Endpoint: _699_ (removal check against rising-edge clock wb_clk_i)
Path Group: asynchronous
Path Type: min

Fanout         Cap        Slew       Delay        Time   Description
---------------------------------------------------------------------------------------------
                                  0.000000    0.000000   clock wb_clk_i (rise edge)
                                  0.000000    0.000000   clock network delay (propagated)
                                  5.000000    5.000000 v input external delay
     2    0.007923    0.012921    0.007601    5.007601 v wb_rst_i (in)
                                                         wb_rst_i (net)
                      0.012928    0.000000    5.007601 v input23/A (sky130_fd_sc_hd__clkbuf_1)
     1    0.003678    0.021395    0.052652    5.060253 v input23/X (sky130_fd_sc_hd__clkbuf_1)
                                                         net23 (net)
                      0.021397    0.000223    5.060476 v fanout89/A (sky130_fd_sc_hd__buf_2)
    11    0.053401    0.090088    0.134631    5.195107 v fanout89/X (sky130_fd_sc_hd__buf_2)
                                                         net89 (net)
                      0.090352    0.004024    5.199131 v fanout84/A (sky130_fd_sc_hd__clkbuf_4)
    10    0.049874    0.077581    0.160353    5.359484 v fanout84/X (sky130_fd_sc_hd__clkbuf_4)
                                                         net84 (net)
                      0.078357    0.006148    5.365632 v _656_/A (sky130_fd_sc_hd__inv_2)
     1    0.004250    0.029478    0.047032    5.412663 ^ _656_/Y (sky130_fd_sc_hd__inv_2)
                                                         _066_ (net)
                      0.029487    0.000223    5.412887 ^ _699_/RESET_B (sky130_fd_sc_hd__dfrtp_1)
                                              5.412887   data arrival time

                                  0.000000    0.000000   clock wb_clk_i (rise edge)
                                  0.000000    0.000000   clock source latency
     2    0.024579    0.087030    0.060746    0.060746 ^ wb_clk_i (in)
                                                         wb_clk_i (net)
                      0.087170    0.000000    0.060746 ^ clkbuf_0_wb_clk_i/A (sky130_fd_sc_hd__clkbuf_16)
    17    0.111708    0.098028    0.149081    0.209827 ^ clkbuf_0_wb_clk_i/X (sky130_fd_sc_hd__clkbuf_16)
                                                         clknet_0_wb_clk_i (net)
                      0.098487    0.005415    0.215242 ^ clkbuf_3_1__f_wb_clk_i/A (sky130_fd_sc_hd__clkbuf_16)
    15    0.046245    0.050051    0.118227    0.333469 ^ clkbuf_3_1__f_wb_clk_i/X (sky130_fd_sc_hd__clkbuf_16)
                                                         clknet_3_1__leaf_wb_clk_i (net)
                      0.050211    0.001879    0.335348 ^ _699_/CLK (sky130_fd_sc_hd__dfrtp_1)
                                  0.250000    0.585348   clock uncertainty
                                  0.000000    0.585348   clock reconvergence pessimism
                                  0.199388    0.784736   library removal time
                                              0.784736   data required time
---------------------------------------------------------------------------------------------
                                              0.784736   data required time
                                             -5.412887   data arrival time
---------------------------------------------------------------------------------------------
                                              4.628151   slack (MET)


Startpoint: wb_rst_i (input port clocked by wb_clk_i)
Endpoint: _694_ (removal check against rising-edge clock wb_clk_i)
Path Group: asynchronous
Path Type: min

Fanout         Cap        Slew       Delay        Time   Description
---------------------------------------------------------------------------------------------
                                  0.000000    0.000000   clock wb_clk_i (rise edge)
                                  0.000000    0.000000   clock network delay (propagated)
                                  5.000000    5.000000 v input external delay
     2    0.007923    0.012921    0.007601    5.007601 v wb_rst_i (in)
                                                         wb_rst_i (net)
                      0.012928    0.000000    5.007601 v input23/A (sky130_fd_sc_hd__clkbuf_1)
     1    0.003678    0.021395    0.052652    5.060253 v input23/X (sky130_fd_sc_hd__clkbuf_1)
                                                         net23 (net)
                      0.021397    0.000223    5.060476 v fanout89/A (sky130_fd_sc_hd__buf_2)
    11    0.053401    0.090088    0.134631    5.195107 v fanout89/X (sky130_fd_sc_hd__buf_2)
                                                         net89 (net)
                      0.090136    0.001767    5.196874 v fanout88/A (sky130_fd_sc_hd__clkbuf_4)
    19    0.075373    0.107672    0.182359    5.379233 v fanout88/X (sky130_fd_sc_hd__clkbuf_4)
                                                         net88 (net)
                      0.109904    0.012389    5.391622 v _651_/A (sky130_fd_sc_hd__inv_2)
     1    0.003921    0.034311    0.054611    5.446233 ^ _651_/Y (sky130_fd_sc_hd__inv_2)
                                                         _061_ (net)
                      0.034311    0.000096    5.446329 ^ _694_/RESET_B (sky130_fd_sc_hd__dfrtp_1)
                                              5.446329   data arrival time

                                  0.000000    0.000000   clock wb_clk_i (rise edge)
                                  0.000000    0.000000   clock source latency
     2    0.024579    0.087030    0.060746    0.060746 ^ wb_clk_i (in)
                                                         wb_clk_i (net)
                      0.087170    0.000000    0.060746 ^ clkbuf_0_wb_clk_i/A (sky130_fd_sc_hd__clkbuf_16)
    17    0.111708    0.098028    0.149081    0.209827 ^ clkbuf_0_wb_clk_i/X (sky130_fd_sc_hd__clkbuf_16)
                                                         clknet_0_wb_clk_i (net)
                      0.098361    0.004638    0.214465 ^ clkbuf_3_2__f_wb_clk_i/A (sky130_fd_sc_hd__clkbuf_16)
    14    0.046331    0.050086    0.118056    0.332521 ^ clkbuf_3_2__f_wb_clk_i/X (sky130_fd_sc_hd__clkbuf_16)
                                                         clknet_3_2__leaf_wb_clk_i (net)
                      0.050293    0.002188    0.334709 ^ _694_/CLK (sky130_fd_sc_hd__dfrtp_1)
                                  0.250000    0.584709   clock uncertainty
                                  0.000000    0.584709   clock reconvergence pessimism
                                  0.200652    0.785361   library removal time
                                              0.785361   data required time
---------------------------------------------------------------------------------------------
                                              0.785361   data required time
                                             -5.446329   data arrival time
---------------------------------------------------------------------------------------------
                                              4.660968   slack (MET)


Startpoint: wb_rst_i (input port clocked by wb_clk_i)
Endpoint: _686_ (removal check against rising-edge clock wb_clk_i)
Path Group: asynchronous
Path Type: min

Fanout         Cap        Slew       Delay        Time   Description
---------------------------------------------------------------------------------------------
                                  0.000000    0.000000   clock wb_clk_i (rise edge)
                                  0.000000    0.000000   clock network delay (propagated)
                                  5.000000    5.000000 v input external delay
     2    0.007923    0.012921    0.007601    5.007601 v wb_rst_i (in)
                                                         wb_rst_i (net)
                      0.012928    0.000000    5.007601 v input23/A (sky130_fd_sc_hd__clkbuf_1)
     1    0.003678    0.021395    0.052652    5.060253 v input23/X (sky130_fd_sc_hd__clkbuf_1)
                                                         net23 (net)
                      0.021397    0.000223    5.060476 v fanout89/A (sky130_fd_sc_hd__buf_2)
    11    0.053401    0.090088    0.134631    5.195107 v fanout89/X (sky130_fd_sc_hd__buf_2)
                                                         net89 (net)
                      0.090136    0.001767    5.196874 v fanout88/A (sky130_fd_sc_hd__clkbuf_4)
    19    0.075373    0.107672    0.182359    5.379233 v fanout88/X (sky130_fd_sc_hd__clkbuf_4)
                                                         net88 (net)
                      0.109752    0.011982    5.391214 v _643_/A (sky130_fd_sc_hd__inv_2)
     1    0.003797    0.033867    0.053950    5.445164 ^ _643_/Y (sky130_fd_sc_hd__inv_2)
                                                         _053_ (net)
                      0.033868    0.000201    5.445365 ^ _686_/RESET_B (sky130_fd_sc_hd__dfrtp_1)
                                              5.445365   data arrival time

                                  0.000000    0.000000   clock wb_clk_i (rise edge)
                                  0.000000    0.000000   clock source latency
     2    0.024579    0.087030    0.060746    0.060746 ^ wb_clk_i (in)
                                                         wb_clk_i (net)
                      0.087170    0.000000    0.060746 ^ clkbuf_0_wb_clk_i/A (sky130_fd_sc_hd__clkbuf_16)
    17    0.111708    0.098028    0.149081    0.209827 ^ clkbuf_0_wb_clk_i/X (sky130_fd_sc_hd__clkbuf_16)
                                                         clknet_0_wb_clk_i (net)
                      0.098443    0.005161    0.214988 ^ clkbuf_3_7__f_wb_clk_i/A (sky130_fd_sc_hd__clkbuf_16)
    13    0.043379    0.047916    0.116045    0.331032 ^ clkbuf_3_7__f_wb_clk_i/X (sky130_fd_sc_hd__clkbuf_16)
                                                         clknet_3_7__leaf_wb_clk_i (net)
                      0.048165    0.002524    0.333557 ^ _686_/CLK (sky130_fd_sc_hd__dfrtp_1)
                                  0.250000    0.583557   clock uncertainty
                                  0.000000    0.583557   clock reconvergence pessimism
                                  0.200244    0.783801   library removal time
                                              0.783801   data required time
---------------------------------------------------------------------------------------------
                                              0.783801   data required time
                                             -5.445365   data arrival time
---------------------------------------------------------------------------------------------
                                              4.661565   slack (MET)


Startpoint: wb_rst_i (input port clocked by wb_clk_i)
Endpoint: _696_ (removal check against rising-edge clock wb_clk_i)
Path Group: asynchronous
Path Type: min

Fanout         Cap        Slew       Delay        Time   Description
---------------------------------------------------------------------------------------------
                                  0.000000    0.000000   clock wb_clk_i (rise edge)
                                  0.000000    0.000000   clock network delay (propagated)
                                  5.000000    5.000000 v input external delay
     2    0.007923    0.012921    0.007601    5.007601 v wb_rst_i (in)
                                                         wb_rst_i (net)
                      0.012928    0.000000    5.007601 v input23/A (sky130_fd_sc_hd__clkbuf_1)
     1    0.003678    0.021395    0.052652    5.060253 v input23/X (sky130_fd_sc_hd__clkbuf_1)
                                                         net23 (net)
                      0.021397    0.000223    5.060476 v fanout89/A (sky130_fd_sc_hd__buf_2)
    11    0.053401    0.090088    0.134631    5.195107 v fanout89/X (sky130_fd_sc_hd__buf_2)
                                                         net89 (net)
                      0.090136    0.001767    5.196874 v fanout88/A (sky130_fd_sc_hd__clkbuf_4)
    19    0.075373    0.107672    0.182359    5.379233 v fanout88/X (sky130_fd_sc_hd__clkbuf_4)
                                                         net88 (net)
                      0.109736    0.011937    5.391170 v _653_/A (sky130_fd_sc_hd__inv_2)
     1    0.004444    0.036277    0.056910    5.448081 ^ _653_/Y (sky130_fd_sc_hd__inv_2)
                                                         _063_ (net)
                      0.036278    0.000249    5.448329 ^ _696_/RESET_B (sky130_fd_sc_hd__dfrtp_1)
                                              5.448329   data arrival time

                                  0.000000    0.000000   clock wb_clk_i (rise edge)
                                  0.000000    0.000000   clock source latency
     2    0.024579    0.087030    0.060746    0.060746 ^ wb_clk_i (in)
                                                         wb_clk_i (net)
                      0.087170    0.000000    0.060746 ^ clkbuf_0_wb_clk_i/A (sky130_fd_sc_hd__clkbuf_16)
    17    0.111708    0.098028    0.149081    0.209827 ^ clkbuf_0_wb_clk_i/X (sky130_fd_sc_hd__clkbuf_16)
                                                         clknet_0_wb_clk_i (net)
                      0.098361    0.004638    0.214465 ^ clkbuf_3_2__f_wb_clk_i/A (sky130_fd_sc_hd__clkbuf_16)
    14    0.046331    0.050086    0.118056    0.332521 ^ clkbuf_3_2__f_wb_clk_i/X (sky130_fd_sc_hd__clkbuf_16)
                                                         clknet_3_2__leaf_wb_clk_i (net)
                      0.050264    0.001973    0.334494 ^ _696_/CLK (sky130_fd_sc_hd__dfrtp_1)
                                  0.250000    0.584494   clock uncertainty
                                  0.000000    0.584494   clock reconvergence pessimism
                                  0.201159    0.785654   library removal time
                                              0.785654   data required time
---------------------------------------------------------------------------------------------
                                              0.785654   data required time
                                             -5.448329   data arrival time
---------------------------------------------------------------------------------------------
                                              4.662676   slack (MET)


Startpoint: wb_rst_i (input port clocked by wb_clk_i)
Endpoint: _690_ (removal check against rising-edge clock wb_clk_i)
Path Group: asynchronous
Path Type: min

Fanout         Cap        Slew       Delay        Time   Description
---------------------------------------------------------------------------------------------
                                  0.000000    0.000000   clock wb_clk_i (rise edge)
                                  0.000000    0.000000   clock network delay (propagated)
                                  5.000000    5.000000 v input external delay
     2    0.007923    0.012921    0.007601    5.007601 v wb_rst_i (in)
                                                         wb_rst_i (net)
                      0.012928    0.000000    5.007601 v input23/A (sky130_fd_sc_hd__clkbuf_1)
     1    0.003678    0.021395    0.052652    5.060253 v input23/X (sky130_fd_sc_hd__clkbuf_1)
                                                         net23 (net)
                      0.021397    0.000223    5.060476 v fanout89/A (sky130_fd_sc_hd__buf_2)
    11    0.053401    0.090088    0.134631    5.195107 v fanout89/X (sky130_fd_sc_hd__buf_2)
                                                         net89 (net)
                      0.090136    0.001767    5.196874 v fanout88/A (sky130_fd_sc_hd__clkbuf_4)
    19    0.075373    0.107672    0.182359    5.379233 v fanout88/X (sky130_fd_sc_hd__clkbuf_4)
                                                         net88 (net)
                      0.109853    0.012253    5.391486 v _647_/A (sky130_fd_sc_hd__inv_2)
     1    0.004551    0.036736    0.057454    5.448939 ^ _647_/Y (sky130_fd_sc_hd__inv_2)
                                                         _057_ (net)
                      0.036736    0.000238    5.449178 ^ _690_/RESET_B (sky130_fd_sc_hd__dfrtp_1)
                                              5.449178   data arrival time

                                  0.000000    0.000000   clock wb_clk_i (rise edge)
                                  0.000000    0.000000   clock source latency
     2    0.024579    0.087030    0.060746    0.060746 ^ wb_clk_i (in)
                                                         wb_clk_i (net)
                      0.087170    0.000000    0.060746 ^ clkbuf_0_wb_clk_i/A (sky130_fd_sc_hd__clkbuf_16)
    17    0.111708    0.098028    0.149081    0.209827 ^ clkbuf_0_wb_clk_i/X (sky130_fd_sc_hd__clkbuf_16)
                                                         clknet_0_wb_clk_i (net)
                      0.098361    0.004638    0.214465 ^ clkbuf_3_2__f_wb_clk_i/A (sky130_fd_sc_hd__clkbuf_16)
    14    0.046331    0.050086    0.118056    0.332521 ^ clkbuf_3_2__f_wb_clk_i/X (sky130_fd_sc_hd__clkbuf_16)
                                                         clknet_3_2__leaf_wb_clk_i (net)
                      0.050285    0.002129    0.334650 ^ _690_/CLK (sky130_fd_sc_hd__dfrtp_1)
                                  0.250000    0.584650   clock uncertainty
                                  0.000000    0.584650   clock reconvergence pessimism
                                  0.201281    0.785931   library removal time
                                              0.785931   data required time
---------------------------------------------------------------------------------------------
                                              0.785931   data required time
                                             -5.449178   data arrival time
---------------------------------------------------------------------------------------------
                                              4.663247   slack (MET)


Startpoint: wb_rst_i (input port clocked by wb_clk_i)
Endpoint: _693_ (removal check against rising-edge clock wb_clk_i)
Path Group: asynchronous
Path Type: min

Fanout         Cap        Slew       Delay        Time   Description
---------------------------------------------------------------------------------------------
                                  0.000000    0.000000   clock wb_clk_i (rise edge)
                                  0.000000    0.000000   clock network delay (propagated)
                                  5.000000    5.000000 v input external delay
     2    0.007923    0.012921    0.007601    5.007601 v wb_rst_i (in)
                                                         wb_rst_i (net)
                      0.012928    0.000000    5.007601 v input23/A (sky130_fd_sc_hd__clkbuf_1)
     1    0.003678    0.021395    0.052652    5.060253 v input23/X (sky130_fd_sc_hd__clkbuf_1)
                                                         net23 (net)
                      0.021397    0.000223    5.060476 v fanout89/A (sky130_fd_sc_hd__buf_2)
    11    0.053401    0.090088    0.134631    5.195107 v fanout89/X (sky130_fd_sc_hd__buf_2)
                                                         net89 (net)
                      0.090136    0.001767    5.196874 v fanout88/A (sky130_fd_sc_hd__clkbuf_4)
    19    0.075373    0.107672    0.182359    5.379233 v fanout88/X (sky130_fd_sc_hd__clkbuf_4)
                                                         net88 (net)
                      0.109856    0.012260    5.391493 v _650_/A (sky130_fd_sc_hd__inv_2)
     1    0.004972    0.038127    0.059114    5.450608 ^ _650_/Y (sky130_fd_sc_hd__inv_2)
                                                         _060_ (net)
                      0.038128    0.000262    5.450870 ^ _693_/RESET_B (sky130_fd_sc_hd__dfrtp_1)
                                              5.450870   data arrival time

                                  0.000000    0.000000   clock wb_clk_i (rise edge)
                                  0.000000    0.000000   clock source latency
     2    0.024579    0.087030    0.060746    0.060746 ^ wb_clk_i (in)
                                                         wb_clk_i (net)
                      0.087170    0.000000    0.060746 ^ clkbuf_0_wb_clk_i/A (sky130_fd_sc_hd__clkbuf_16)
    17    0.111708    0.098028    0.149081    0.209827 ^ clkbuf_0_wb_clk_i/X (sky130_fd_sc_hd__clkbuf_16)
                                                         clknet_0_wb_clk_i (net)
                      0.098361    0.004638    0.214465 ^ clkbuf_3_2__f_wb_clk_i/A (sky130_fd_sc_hd__clkbuf_16)
    14    0.046331    0.050086    0.118056    0.332521 ^ clkbuf_3_2__f_wb_clk_i/X (sky130_fd_sc_hd__clkbuf_16)
                                                         clknet_3_2__leaf_wb_clk_i (net)
                      0.050292    0.002181    0.334702 ^ _693_/CLK (sky130_fd_sc_hd__dfrtp_1)
                                  0.250000    0.584702   clock uncertainty
                                  0.000000    0.584702   clock reconvergence pessimism
                                  0.201644    0.786346   library removal time
                                              0.786346   data required time
---------------------------------------------------------------------------------------------
                                              0.786346   data required time
                                             -5.450870   data arrival time
---------------------------------------------------------------------------------------------
                                              4.664525   slack (MET)


Startpoint: wb_rst_i (input port clocked by wb_clk_i)
Endpoint: _703_ (removal check against rising-edge clock wb_clk_i)
Path Group: asynchronous
Path Type: min

Fanout         Cap        Slew       Delay        Time   Description
---------------------------------------------------------------------------------------------
                                  0.000000    0.000000   clock wb_clk_i (rise edge)
                                  0.000000    0.000000   clock network delay (propagated)
                                  5.000000    5.000000 v input external delay
     2    0.007923    0.012921    0.007601    5.007601 v wb_rst_i (in)
                                                         wb_rst_i (net)
                      0.012928    0.000000    5.007601 v input23/A (sky130_fd_sc_hd__clkbuf_1)
     1    0.003678    0.021395    0.052652    5.060253 v input23/X (sky130_fd_sc_hd__clkbuf_1)
                                                         net23 (net)
                      0.021397    0.000223    5.060476 v fanout89/A (sky130_fd_sc_hd__buf_2)
    11    0.053401    0.090088    0.134631    5.195107 v fanout89/X (sky130_fd_sc_hd__buf_2)
                                                         net89 (net)
                      0.090150    0.001993    5.197100 v fanout86/A (sky130_fd_sc_hd__buf_2)
     6    0.037405    0.067969    0.144460    5.341560 v fanout86/X (sky130_fd_sc_hd__buf_2)
                                                         net86 (net)
                      0.067986    0.001051    5.342611 v fanout85/A (sky130_fd_sc_hd__buf_4)
    10    0.058335    0.065237    0.138616    5.481227 v fanout85/X (sky130_fd_sc_hd__buf_4)
                                                         net85 (net)
                      0.065645    0.004349    5.485576 v _660_/A (sky130_fd_sc_hd__inv_2)
     1    0.004804    0.028664    0.045393    5.530969 ^ _660_/Y (sky130_fd_sc_hd__inv_2)
                                                         _070_ (net)
                      0.028664    0.000134    5.531103 ^ _703_/RESET_B (sky130_fd_sc_hd__dfrtp_1)
                                              5.531103   data arrival time

                                  0.000000    0.000000   clock wb_clk_i (rise edge)
                                  0.000000    0.000000   clock source latency
     2    0.024579    0.087030    0.060746    0.060746 ^ wb_clk_i (in)
                                                         wb_clk_i (net)
                      0.087170    0.000000    0.060746 ^ clkbuf_0_wb_clk_i/A (sky130_fd_sc_hd__clkbuf_16)
    17    0.111708    0.098028    0.149081    0.209827 ^ clkbuf_0_wb_clk_i/X (sky130_fd_sc_hd__clkbuf_16)
                                                         clknet_0_wb_clk_i (net)
                      0.098783    0.006892    0.216719 ^ clkbuf_3_5__f_wb_clk_i/A (sky130_fd_sc_hd__clkbuf_16)
    14    0.046268    0.050010    0.117714    0.334433 ^ clkbuf_3_5__f_wb_clk_i/X (sky130_fd_sc_hd__clkbuf_16)
                                                         clknet_3_5__leaf_wb_clk_i (net)
                      0.050545    0.004019    0.338452 ^ _703_/CLK (sky130_fd_sc_hd__dfrtp_1)
                                  0.250000    0.588452   clock uncertainty
                                  0.000000    0.588452   clock reconvergence pessimism
                                  0.199220    0.787672   library removal time
                                              0.787672   data required time
---------------------------------------------------------------------------------------------
                                              0.787672   data required time
                                             -5.531103   data arrival time
---------------------------------------------------------------------------------------------
                                              4.743431   slack (MET)


Startpoint: wb_rst_i (input port clocked by wb_clk_i)
Endpoint: _673_ (removal check against rising-edge clock wb_clk_i)
Path Group: asynchronous
Path Type: min

Fanout         Cap        Slew       Delay        Time   Description
---------------------------------------------------------------------------------------------
                                  0.000000    0.000000   clock wb_clk_i (rise edge)
                                  0.000000    0.000000   clock network delay (propagated)
                                  5.000000    5.000000 v input external delay
     2    0.007923    0.012921    0.007601    5.007601 v wb_rst_i (in)
                                                         wb_rst_i (net)
                      0.012928    0.000000    5.007601 v input23/A (sky130_fd_sc_hd__clkbuf_1)
     1    0.003678    0.021395    0.052652    5.060253 v input23/X (sky130_fd_sc_hd__clkbuf_1)
                                                         net23 (net)
                      0.021397    0.000223    5.060476 v fanout89/A (sky130_fd_sc_hd__buf_2)
    11    0.053401    0.090088    0.134631    5.195107 v fanout89/X (sky130_fd_sc_hd__buf_2)
                                                         net89 (net)
                      0.090150    0.001993    5.197100 v fanout86/A (sky130_fd_sc_hd__buf_2)
     6    0.037405    0.067969    0.144460    5.341560 v fanout86/X (sky130_fd_sc_hd__buf_2)
                                                         net86 (net)
                      0.067986    0.001051    5.342611 v fanout85/A (sky130_fd_sc_hd__buf_4)
    10    0.058335    0.065237    0.138616    5.481227 v fanout85/X (sky130_fd_sc_hd__buf_4)
                                                         net85 (net)
                      0.066438    0.007154    5.488381 v _630_/A (sky130_fd_sc_hd__inv_2)
     1    0.004115    0.026840    0.043130    5.531511 ^ _630_/Y (sky130_fd_sc_hd__inv_2)
                                                         _040_ (net)
                      0.026842    0.000219    5.531731 ^ _673_/RESET_B (sky130_fd_sc_hd__dfrtp_1)
                                              5.531731   data arrival time

                                  0.000000    0.000000   clock wb_clk_i (rise edge)
                                  0.000000    0.000000   clock source latency
     2    0.024579    0.087030    0.060746    0.060746 ^ wb_clk_i (in)
                                                         wb_clk_i (net)
                      0.087170    0.000000    0.060746 ^ clkbuf_0_wb_clk_i/A (sky130_fd_sc_hd__clkbuf_16)
    17    0.111708    0.098028    0.149081    0.209827 ^ clkbuf_0_wb_clk_i/X (sky130_fd_sc_hd__clkbuf_16)
                                                         clknet_0_wb_clk_i (net)
                      0.098617    0.006108    0.215935 ^ clkbuf_3_4__f_wb_clk_i/A (sky130_fd_sc_hd__clkbuf_16)
    12    0.046104    0.049929    0.117812    0.333747 ^ clkbuf_3_4__f_wb_clk_i/X (sky130_fd_sc_hd__clkbuf_16)
                                                         clknet_3_4__leaf_wb_clk_i (net)
                      0.050154    0.002525    0.336272 ^ _673_/CLK (sky130_fd_sc_hd__dfrtp_1)
                                  0.250000    0.586272   clock uncertainty
                                  0.000000    0.586272   clock reconvergence pessimism
                                  0.198693    0.784965   library removal time
                                              0.784965   data required time
---------------------------------------------------------------------------------------------
                                              0.784965   data required time
                                             -5.531731   data arrival time
---------------------------------------------------------------------------------------------
                                              4.746766   slack (MET)


Startpoint: wb_rst_i (input port clocked by wb_clk_i)
Endpoint: _672_ (removal check against rising-edge clock wb_clk_i)
Path Group: asynchronous
Path Type: min

Fanout         Cap        Slew       Delay        Time   Description
---------------------------------------------------------------------------------------------
                                  0.000000    0.000000   clock wb_clk_i (rise edge)
                                  0.000000    0.000000   clock network delay (propagated)
                                  5.000000    5.000000 v input external delay
     2    0.007923    0.012921    0.007601    5.007601 v wb_rst_i (in)
                                                         wb_rst_i (net)
                      0.012928    0.000000    5.007601 v input23/A (sky130_fd_sc_hd__clkbuf_1)
     1    0.003678    0.021395    0.052652    5.060253 v input23/X (sky130_fd_sc_hd__clkbuf_1)
                                                         net23 (net)
                      0.021397    0.000223    5.060476 v fanout89/A (sky130_fd_sc_hd__buf_2)
    11    0.053401    0.090088    0.134631    5.195107 v fanout89/X (sky130_fd_sc_hd__buf_2)
                                                         net89 (net)
                      0.090150    0.001993    5.197100 v fanout86/A (sky130_fd_sc_hd__buf_2)
     6    0.037405    0.067969    0.144460    5.341560 v fanout86/X (sky130_fd_sc_hd__buf_2)
                                                         net86 (net)
                      0.067986    0.001051    5.342611 v fanout85/A (sky130_fd_sc_hd__buf_4)
    10    0.058335    0.065237    0.138616    5.481227 v fanout85/X (sky130_fd_sc_hd__buf_4)
                                                         net85 (net)
                      0.066062    0.006021    5.487247 v _629_/A (sky130_fd_sc_hd__inv_2)
     1    0.004594    0.028134    0.044789    5.532037 ^ _629_/Y (sky130_fd_sc_hd__inv_2)
                                                         _039_ (net)
                      0.028134    0.000123    5.532160 ^ _672_/RESET_B (sky130_fd_sc_hd__dfrtp_1)
                                              5.532160   data arrival time

                                  0.000000    0.000000   clock wb_clk_i (rise edge)
                                  0.000000    0.000000   clock source latency
     2    0.024579    0.087030    0.060746    0.060746 ^ wb_clk_i (in)
                                                         wb_clk_i (net)
                      0.087170    0.000000    0.060746 ^ clkbuf_0_wb_clk_i/A (sky130_fd_sc_hd__clkbuf_16)
    17    0.111708    0.098028    0.149081    0.209827 ^ clkbuf_0_wb_clk_i/X (sky130_fd_sc_hd__clkbuf_16)
                                                         clknet_0_wb_clk_i (net)
                      0.098617    0.006108    0.215935 ^ clkbuf_3_4__f_wb_clk_i/A (sky130_fd_sc_hd__clkbuf_16)
    12    0.046104    0.049929    0.117812    0.333747 ^ clkbuf_3_4__f_wb_clk_i/X (sky130_fd_sc_hd__clkbuf_16)
                                                         clknet_3_4__leaf_wb_clk_i (net)
                      0.050140    0.002438    0.336185 ^ _672_/CLK (sky130_fd_sc_hd__dfrtp_1)
                                  0.250000    0.586185   clock uncertainty
                                  0.000000    0.586185   clock reconvergence pessimism
                                  0.199027    0.785212   library removal time
                                              0.785212   data required time
---------------------------------------------------------------------------------------------
                                              0.785212   data required time
                                             -5.532160   data arrival time
---------------------------------------------------------------------------------------------
                                              4.746948   slack (MET)


Startpoint: wb_rst_i (input port clocked by wb_clk_i)
Endpoint: _708_ (removal check against rising-edge clock wb_clk_i)
Path Group: asynchronous
Path Type: min

Fanout         Cap        Slew       Delay        Time   Description
---------------------------------------------------------------------------------------------
                                  0.000000    0.000000   clock wb_clk_i (rise edge)
                                  0.000000    0.000000   clock network delay (propagated)
                                  5.000000    5.000000 v input external delay
     2    0.007923    0.012921    0.007601    5.007601 v wb_rst_i (in)
                                                         wb_rst_i (net)
                      0.012928    0.000000    5.007601 v input23/A (sky130_fd_sc_hd__clkbuf_1)
     1    0.003678    0.021395    0.052652    5.060253 v input23/X (sky130_fd_sc_hd__clkbuf_1)
                                                         net23 (net)
                      0.021397    0.000223    5.060476 v fanout89/A (sky130_fd_sc_hd__buf_2)
    11    0.053401    0.090088    0.134631    5.195107 v fanout89/X (sky130_fd_sc_hd__buf_2)
                                                         net89 (net)
                      0.090150    0.001993    5.197100 v fanout86/A (sky130_fd_sc_hd__buf_2)
     6    0.037405    0.067969    0.144460    5.341560 v fanout86/X (sky130_fd_sc_hd__buf_2)
                                                         net86 (net)
                      0.067986    0.001051    5.342611 v fanout85/A (sky130_fd_sc_hd__buf_4)
    10    0.058335    0.065237    0.138616    5.481227 v fanout85/X (sky130_fd_sc_hd__buf_4)
                                                         net85 (net)
                      0.067071    0.008702    5.489929 v _665_/A (sky130_fd_sc_hd__inv_2)
     1    0.004182    0.027140    0.043552    5.533481 ^ _665_/Y (sky130_fd_sc_hd__inv_2)
                                                         _075_ (net)
                      0.027142    0.000222    5.533703 ^ _708_/RESET_B (sky130_fd_sc_hd__dfrtp_1)
                                              5.533703   data arrival time

                                  0.000000    0.000000   clock wb_clk_i (rise edge)
                                  0.000000    0.000000   clock source latency
     2    0.024579    0.087030    0.060746    0.060746 ^ wb_clk_i (in)
                                                         wb_clk_i (net)
                      0.087170    0.000000    0.060746 ^ clkbuf_0_wb_clk_i/A (sky130_fd_sc_hd__clkbuf_16)
    17    0.111708    0.098028    0.149081    0.209827 ^ clkbuf_0_wb_clk_i/X (sky130_fd_sc_hd__clkbuf_16)
                                                         clknet_0_wb_clk_i (net)
                      0.098617    0.006108    0.215935 ^ clkbuf_3_4__f_wb_clk_i/A (sky130_fd_sc_hd__clkbuf_16)
    12    0.046104    0.049929    0.117812    0.333747 ^ clkbuf_3_4__f_wb_clk_i/X (sky130_fd_sc_hd__clkbuf_16)
                                                         clknet_3_4__leaf_wb_clk_i (net)
                      0.050215    0.002880    0.336627 ^ _708_/CLK (sky130_fd_sc_hd__dfrtp_1)
                                  0.250000    0.586627   clock uncertainty
                                  0.000000    0.586627   clock reconvergence pessimism
                                  0.198780    0.785407   library removal time
                                              0.785407   data required time
---------------------------------------------------------------------------------------------
                                              0.785407   data required time
                                             -5.533703   data arrival time
---------------------------------------------------------------------------------------------
                                              4.748296   slack (MET)


Startpoint: wb_rst_i (input port clocked by wb_clk_i)
Endpoint: _765_ (removal check against rising-edge clock wb_clk_i)
Path Group: asynchronous
Path Type: min

Fanout         Cap        Slew       Delay        Time   Description
---------------------------------------------------------------------------------------------
                                  0.000000    0.000000   clock wb_clk_i (rise edge)
                                  0.000000    0.000000   clock network delay (propagated)
                                  5.000000    5.000000 v input external delay
     2    0.007923    0.012921    0.007601    5.007601 v wb_rst_i (in)
                                                         wb_rst_i (net)
                      0.012928    0.000000    5.007601 v input23/A (sky130_fd_sc_hd__clkbuf_1)
     1    0.003678    0.021395    0.052652    5.060253 v input23/X (sky130_fd_sc_hd__clkbuf_1)
                                                         net23 (net)
                      0.021397    0.000223    5.060476 v fanout89/A (sky130_fd_sc_hd__buf_2)
    11    0.053401    0.090088    0.134631    5.195107 v fanout89/X (sky130_fd_sc_hd__buf_2)
                                                         net89 (net)
                      0.090150    0.001993    5.197100 v fanout86/A (sky130_fd_sc_hd__buf_2)
     6    0.037405    0.067969    0.144460    5.341560 v fanout86/X (sky130_fd_sc_hd__buf_2)
                                                         net86 (net)
                      0.067986    0.001051    5.342611 v fanout85/A (sky130_fd_sc_hd__buf_4)
    10    0.058335    0.065237    0.138616    5.481227 v fanout85/X (sky130_fd_sc_hd__buf_4)
                                                         net85 (net)
                      0.067221    0.009029    5.490256 v _670_/A (sky130_fd_sc_hd__inv_2)
     1    0.004026    0.026734    0.043086    5.533341 ^ _670_/Y (sky130_fd_sc_hd__inv_2)
                                                         _080_ (net)
                      0.026734    0.000100    5.533442 ^ _765_/RESET_B (sky130_fd_sc_hd__dfrtp_1)
                                              5.533442   data arrival time

                                  0.000000    0.000000   clock wb_clk_i (rise edge)
                                  0.000000    0.000000   clock source latency
     2    0.024579    0.087030    0.060746    0.060746 ^ wb_clk_i (in)
                                                         wb_clk_i (net)
                      0.087170    0.000000    0.060746 ^ clkbuf_0_wb_clk_i/A (sky130_fd_sc_hd__clkbuf_16)
    17    0.111708    0.098028    0.149081    0.209827 ^ clkbuf_0_wb_clk_i/X (sky130_fd_sc_hd__clkbuf_16)
                                                         clknet_0_wb_clk_i (net)
                      0.098617    0.006108    0.215935 ^ clkbuf_3_4__f_wb_clk_i/A (sky130_fd_sc_hd__clkbuf_16)
    12    0.046104    0.049929    0.117812    0.333747 ^ clkbuf_3_4__f_wb_clk_i/X (sky130_fd_sc_hd__clkbuf_16)
                                                         clknet_3_4__leaf_wb_clk_i (net)
                      0.050165    0.002590    0.336337 ^ _765_/CLK (sky130_fd_sc_hd__dfrtp_1)
                                  0.250000    0.586337   clock uncertainty
                                  0.000000    0.586337   clock reconvergence pessimism
                                  0.198667    0.785004   library removal time
                                              0.785004   data required time
---------------------------------------------------------------------------------------------
                                              0.785004   data required time
                                             -5.533442   data arrival time
---------------------------------------------------------------------------------------------
                                              4.748437   slack (MET)


Startpoint: wb_rst_i (input port clocked by wb_clk_i)
Endpoint: _714_ (removal check against rising-edge clock wb_clk_i)
Path Group: asynchronous
Path Type: min

Fanout         Cap        Slew       Delay        Time   Description
---------------------------------------------------------------------------------------------
                                  0.000000    0.000000   clock wb_clk_i (rise edge)
                                  0.000000    0.000000   clock network delay (propagated)
                                  5.000000    5.000000 v input external delay
     2    0.007923    0.012921    0.007601    5.007601 v wb_rst_i (in)
                                                         wb_rst_i (net)
                      0.012928    0.000000    5.007601 v input23/A (sky130_fd_sc_hd__clkbuf_1)
     1    0.003678    0.021395    0.052652    5.060253 v input23/X (sky130_fd_sc_hd__clkbuf_1)
                                                         net23 (net)
                      0.021397    0.000223    5.060476 v fanout89/A (sky130_fd_sc_hd__buf_2)
    11    0.053401    0.090088    0.134631    5.195107 v fanout89/X (sky130_fd_sc_hd__buf_2)
                                                         net89 (net)
                      0.090150    0.001993    5.197100 v fanout86/A (sky130_fd_sc_hd__buf_2)
     6    0.037405    0.067969    0.144460    5.341560 v fanout86/X (sky130_fd_sc_hd__buf_2)
                                                         net86 (net)
                      0.067986    0.001051    5.342611 v fanout85/A (sky130_fd_sc_hd__buf_4)
    10    0.058335    0.065237    0.138616    5.481227 v fanout85/X (sky130_fd_sc_hd__buf_4)
                                                         net85 (net)
                      0.067685    0.009964    5.491192 v _667_/A (sky130_fd_sc_hd__inv_2)
     1    0.003937    0.026598    0.042847    5.534038 ^ _667_/Y (sky130_fd_sc_hd__inv_2)
                                                         _077_ (net)
                      0.026600    0.000207    5.534245 ^ _714_/RESET_B (sky130_fd_sc_hd__dfrtp_1)
                                              5.534245   data arrival time

                                  0.000000    0.000000   clock wb_clk_i (rise edge)
                                  0.000000    0.000000   clock source latency
     2    0.024579    0.087030    0.060746    0.060746 ^ wb_clk_i (in)
                                                         wb_clk_i (net)
                      0.087170    0.000000    0.060746 ^ clkbuf_0_wb_clk_i/A (sky130_fd_sc_hd__clkbuf_16)
    17    0.111708    0.098028    0.149081    0.209827 ^ clkbuf_0_wb_clk_i/X (sky130_fd_sc_hd__clkbuf_16)
                                                         clknet_0_wb_clk_i (net)
                      0.098617    0.006108    0.215935 ^ clkbuf_3_4__f_wb_clk_i/A (sky130_fd_sc_hd__clkbuf_16)
    12    0.046104    0.049929    0.117812    0.333747 ^ clkbuf_3_4__f_wb_clk_i/X (sky130_fd_sc_hd__clkbuf_16)
                                                         clknet_3_4__leaf_wb_clk_i (net)
                      0.050286    0.003257    0.337004 ^ _714_/CLK (sky130_fd_sc_hd__dfrtp_1)
                                  0.250000    0.587004   clock uncertainty
                                  0.000000    0.587004   clock reconvergence pessimism
                                  0.198649    0.785653   library removal time
                                              0.785653   data required time
---------------------------------------------------------------------------------------------
                                              0.785653   data required time
                                             -5.534245   data arrival time
---------------------------------------------------------------------------------------------
                                              4.748592   slack (MET)


Startpoint: wb_rst_i (input port clocked by wb_clk_i)
Endpoint: _678_ (removal check against rising-edge clock wb_clk_i)
Path Group: asynchronous
Path Type: min

Fanout         Cap        Slew       Delay        Time   Description
---------------------------------------------------------------------------------------------
                                  0.000000    0.000000   clock wb_clk_i (rise edge)
                                  0.000000    0.000000   clock network delay (propagated)
                                  5.000000    5.000000 v input external delay
     2    0.007923    0.012921    0.007601    5.007601 v wb_rst_i (in)
                                                         wb_rst_i (net)
                      0.012928    0.000000    5.007601 v input23/A (sky130_fd_sc_hd__clkbuf_1)
     1    0.003678    0.021395    0.052652    5.060253 v input23/X (sky130_fd_sc_hd__clkbuf_1)
                                                         net23 (net)
                      0.021397    0.000223    5.060476 v fanout89/A (sky130_fd_sc_hd__buf_2)
    11    0.053401    0.090088    0.134631    5.195107 v fanout89/X (sky130_fd_sc_hd__buf_2)
                                                         net89 (net)
                      0.090150    0.001993    5.197100 v fanout86/A (sky130_fd_sc_hd__buf_2)
     6    0.037405    0.067969    0.144460    5.341560 v fanout86/X (sky130_fd_sc_hd__buf_2)
                                                         net86 (net)
                      0.067986    0.001051    5.342611 v fanout85/A (sky130_fd_sc_hd__buf_4)
    10    0.058335    0.065237    0.138616    5.481227 v fanout85/X (sky130_fd_sc_hd__buf_4)
                                                         net85 (net)
                      0.067514    0.009630    5.490857 v _635_/A (sky130_fd_sc_hd__inv_2)
     1    0.003815    0.026248    0.042358    5.533216 ^ _635_/Y (sky130_fd_sc_hd__inv_2)
                                                         _045_ (net)
                      0.026249    0.000203    5.533418 ^ _678_/RESET_B (sky130_fd_sc_hd__dfrtp_1)
                                              5.533418   data arrival time

                                  0.000000    0.000000   clock wb_clk_i (rise edge)
                                  0.000000    0.000000   clock source latency
     2    0.024579    0.087030    0.060746    0.060746 ^ wb_clk_i (in)
                                                         wb_clk_i (net)
                      0.087170    0.000000    0.060746 ^ clkbuf_0_wb_clk_i/A (sky130_fd_sc_hd__clkbuf_16)
    17    0.111708    0.098028    0.149081    0.209827 ^ clkbuf_0_wb_clk_i/X (sky130_fd_sc_hd__clkbuf_16)
                                                         clknet_0_wb_clk_i (net)
                      0.098487    0.005415    0.215242 ^ clkbuf_3_1__f_wb_clk_i/A (sky130_fd_sc_hd__clkbuf_16)
    15    0.046245    0.050051    0.118227    0.333469 ^ clkbuf_3_1__f_wb_clk_i/X (sky130_fd_sc_hd__clkbuf_16)
                                                         clknet_3_1__leaf_wb_clk_i (net)
                      0.050307    0.002573    0.336042 ^ _678_/CLK (sky130_fd_sc_hd__dfrtp_1)
                                  0.250000    0.586042   clock uncertainty
                                  0.000000    0.586042   clock reconvergence pessimism
                                  0.198560    0.784603   library removal time
                                              0.784603   data required time
---------------------------------------------------------------------------------------------
                                              0.784603   data required time
                                             -5.533418   data arrival time
---------------------------------------------------------------------------------------------
                                              4.748815   slack (MET)


Startpoint: wb_rst_i (input port clocked by wb_clk_i)
Endpoint: _716_ (removal check against rising-edge clock wb_clk_i)
Path Group: asynchronous
Path Type: min

Fanout         Cap        Slew       Delay        Time   Description
---------------------------------------------------------------------------------------------
                                  0.000000    0.000000   clock wb_clk_i (rise edge)
                                  0.000000    0.000000   clock network delay (propagated)
                                  5.000000    5.000000 v input external delay
     2    0.007923    0.012921    0.007601    5.007601 v wb_rst_i (in)
                                                         wb_rst_i (net)
                      0.012928    0.000000    5.007601 v input23/A (sky130_fd_sc_hd__clkbuf_1)
     1    0.003678    0.021395    0.052652    5.060253 v input23/X (sky130_fd_sc_hd__clkbuf_1)
                                                         net23 (net)
                      0.021397    0.000223    5.060476 v fanout89/A (sky130_fd_sc_hd__buf_2)
    11    0.053401    0.090088    0.134631    5.195107 v fanout89/X (sky130_fd_sc_hd__buf_2)
                                                         net89 (net)
                      0.090150    0.001993    5.197100 v fanout86/A (sky130_fd_sc_hd__buf_2)
     6    0.037405    0.067969    0.144460    5.341560 v fanout86/X (sky130_fd_sc_hd__buf_2)
                                                         net86 (net)
                      0.067986    0.001051    5.342611 v fanout85/A (sky130_fd_sc_hd__buf_4)
    10    0.058335    0.065237    0.138616    5.481227 v fanout85/X (sky130_fd_sc_hd__buf_4)
                                                         net85 (net)
                      0.067293    0.009181    5.490408 v _669_/A (sky130_fd_sc_hd__inv_2)
     1    0.004054    0.026835    0.043150    5.533558 ^ _669_/Y (sky130_fd_sc_hd__inv_2)
                                                         _079_ (net)
                      0.026837    0.000218    5.533776 ^ _716_/RESET_B (sky130_fd_sc_hd__dfrtp_1)
                                              5.533776   data arrival time

                                  0.000000    0.000000   clock wb_clk_i (rise edge)
                                  0.000000    0.000000   clock source latency
     2    0.024579    0.087030    0.060746    0.060746 ^ wb_clk_i (in)
                                                         wb_clk_i (net)
                      0.087170    0.000000    0.060746 ^ clkbuf_0_wb_clk_i/A (sky130_fd_sc_hd__clkbuf_16)
    17    0.111708    0.098028    0.149081    0.209827 ^ clkbuf_0_wb_clk_i/X (sky130_fd_sc_hd__clkbuf_16)
                                                         clknet_0_wb_clk_i (net)
                      0.098617    0.006108    0.215935 ^ clkbuf_3_4__f_wb_clk_i/A (sky130_fd_sc_hd__clkbuf_16)
    12    0.046104    0.049929    0.117812    0.333747 ^ clkbuf_3_4__f_wb_clk_i/X (sky130_fd_sc_hd__clkbuf_16)
                                                         clknet_3_4__leaf_wb_clk_i (net)
                      0.050145    0.002467    0.336213 ^ _716_/CLK (sky130_fd_sc_hd__dfrtp_1)
                                  0.250000    0.586214   clock uncertainty
                                  0.000000    0.586214   clock reconvergence pessimism
                                  0.198691    0.784904   library removal time
                                              0.784904   data required time
---------------------------------------------------------------------------------------------
                                              0.784904   data required time
                                             -5.533776   data arrival time
---------------------------------------------------------------------------------------------
                                              4.748872   slack (MET)


Startpoint: wb_rst_i (input port clocked by wb_clk_i)
Endpoint: _706_ (removal check against rising-edge clock wb_clk_i)
Path Group: asynchronous
Path Type: min

Fanout         Cap        Slew       Delay        Time   Description
---------------------------------------------------------------------------------------------
                                  0.000000    0.000000   clock wb_clk_i (rise edge)
                                  0.000000    0.000000   clock network delay (propagated)
                                  5.000000    5.000000 v input external delay
     2    0.007923    0.012921    0.007601    5.007601 v wb_rst_i (in)
                                                         wb_rst_i (net)
                      0.012928    0.000000    5.007601 v input23/A (sky130_fd_sc_hd__clkbuf_1)
     1    0.003678    0.021395    0.052652    5.060253 v input23/X (sky130_fd_sc_hd__clkbuf_1)
                                                         net23 (net)
                      0.021397    0.000223    5.060476 v fanout89/A (sky130_fd_sc_hd__buf_2)
    11    0.053401    0.090088    0.134631    5.195107 v fanout89/X (sky130_fd_sc_hd__buf_2)
                                                         net89 (net)
                      0.090150    0.001993    5.197100 v fanout86/A (sky130_fd_sc_hd__buf_2)
     6    0.037405    0.067969    0.144460    5.341560 v fanout86/X (sky130_fd_sc_hd__buf_2)
                                                         net86 (net)
                      0.067986    0.001051    5.342611 v fanout85/A (sky130_fd_sc_hd__buf_4)
    10    0.058335    0.065237    0.138616    5.481227 v fanout85/X (sky130_fd_sc_hd__buf_4)
                                                         net85 (net)
                      0.067422    0.009445    5.490673 v _663_/A (sky130_fd_sc_hd__inv_2)
     1    0.004325    0.027601    0.044159    5.534832 ^ _663_/Y (sky130_fd_sc_hd__inv_2)
                                                         _073_ (net)
                      0.027608    0.000238    5.535069 ^ _706_/RESET_B (sky130_fd_sc_hd__dfrtp_1)
                                              5.535069   data arrival time

                                  0.000000    0.000000   clock wb_clk_i (rise edge)
                                  0.000000    0.000000   clock source latency
     2    0.024579    0.087030    0.060746    0.060746 ^ wb_clk_i (in)
                                                         wb_clk_i (net)
                      0.087170    0.000000    0.060746 ^ clkbuf_0_wb_clk_i/A (sky130_fd_sc_hd__clkbuf_16)
    17    0.111708    0.098028    0.149081    0.209827 ^ clkbuf_0_wb_clk_i/X (sky130_fd_sc_hd__clkbuf_16)
                                                         clknet_0_wb_clk_i (net)
                      0.098617    0.006108    0.215935 ^ clkbuf_3_4__f_wb_clk_i/A (sky130_fd_sc_hd__clkbuf_16)
    12    0.046104    0.049929    0.117812    0.333747 ^ clkbuf_3_4__f_wb_clk_i/X (sky130_fd_sc_hd__clkbuf_16)
                                                         clknet_3_4__leaf_wb_clk_i (net)
                      0.050298    0.003319    0.337066 ^ _706_/CLK (sky130_fd_sc_hd__dfrtp_1)
                                  0.250000    0.587066   clock uncertainty
                                  0.000000    0.587066   clock reconvergence pessimism
                                  0.198912    0.785978   library removal time
                                              0.785978   data required time
---------------------------------------------------------------------------------------------
                                              0.785978   data required time
                                             -5.535069   data arrival time
---------------------------------------------------------------------------------------------
                                              4.749091   slack (MET)


Startpoint: wb_rst_i (input port clocked by wb_clk_i)
Endpoint: _715_ (removal check against rising-edge clock wb_clk_i)
Path Group: asynchronous
Path Type: min

Fanout         Cap        Slew       Delay        Time   Description
---------------------------------------------------------------------------------------------
                                  0.000000    0.000000   clock wb_clk_i (rise edge)
                                  0.000000    0.000000   clock network delay (propagated)
                                  5.000000    5.000000 v input external delay
     2    0.007923    0.012921    0.007601    5.007601 v wb_rst_i (in)
                                                         wb_rst_i (net)
                      0.012928    0.000000    5.007601 v input23/A (sky130_fd_sc_hd__clkbuf_1)
     1    0.003678    0.021395    0.052652    5.060253 v input23/X (sky130_fd_sc_hd__clkbuf_1)
                                                         net23 (net)
                      0.021397    0.000223    5.060476 v fanout89/A (sky130_fd_sc_hd__buf_2)
    11    0.053401    0.090088    0.134631    5.195107 v fanout89/X (sky130_fd_sc_hd__buf_2)
                                                         net89 (net)
                      0.090150    0.001993    5.197100 v fanout86/A (sky130_fd_sc_hd__buf_2)
     6    0.037405    0.067969    0.144460    5.341560 v fanout86/X (sky130_fd_sc_hd__buf_2)
                                                         net86 (net)
                      0.067986    0.001051    5.342611 v fanout85/A (sky130_fd_sc_hd__buf_4)
    10    0.058335    0.065237    0.138616    5.481227 v fanout85/X (sky130_fd_sc_hd__buf_4)
                                                         net85 (net)
                      0.067646    0.009890    5.491117 v _668_/A (sky130_fd_sc_hd__inv_2)
     1    0.004153    0.027170    0.043614    5.534731 ^ _668_/Y (sky130_fd_sc_hd__inv_2)
                                                         _078_ (net)
                      0.027171    0.000217    5.534948 ^ _715_/RESET_B (sky130_fd_sc_hd__dfrtp_1)
                                              5.534948   data arrival time

                                  0.000000    0.000000   clock wb_clk_i (rise edge)
                                  0.000000    0.000000   clock source latency
     2    0.024579    0.087030    0.060746    0.060746 ^ wb_clk_i (in)
                                                         wb_clk_i (net)
                      0.087170    0.000000    0.060746 ^ clkbuf_0_wb_clk_i/A (sky130_fd_sc_hd__clkbuf_16)
    17    0.111708    0.098028    0.149081    0.209827 ^ clkbuf_0_wb_clk_i/X (sky130_fd_sc_hd__clkbuf_16)
                                                         clknet_0_wb_clk_i (net)
                      0.098487    0.005415    0.215242 ^ clkbuf_3_1__f_wb_clk_i/A (sky130_fd_sc_hd__clkbuf_16)
    15    0.046245    0.050051    0.118227    0.333469 ^ clkbuf_3_1__f_wb_clk_i/X (sky130_fd_sc_hd__clkbuf_16)
                                                         clknet_3_1__leaf_wb_clk_i (net)
                      0.050309    0.002588    0.336057 ^ _715_/CLK (sky130_fd_sc_hd__dfrtp_1)
                                  0.250000    0.586057   clock uncertainty
                                  0.000000    0.586057   clock reconvergence pessimism
                                  0.198800    0.784858   library removal time
                                              0.784858   data required time
---------------------------------------------------------------------------------------------
                                              0.784858   data required time
                                             -5.534948   data arrival time
---------------------------------------------------------------------------------------------
                                              4.750090   slack (MET)


Startpoint: wb_rst_i (input port clocked by wb_clk_i)
Endpoint: _697_ (removal check against rising-edge clock wb_clk_i)
Path Group: asynchronous
Path Type: min

Fanout         Cap        Slew       Delay        Time   Description
---------------------------------------------------------------------------------------------
                                  0.000000    0.000000   clock wb_clk_i (rise edge)
                                  0.000000    0.000000   clock network delay (propagated)
                                  5.000000    5.000000 v input external delay
     2    0.007923    0.012921    0.007601    5.007601 v wb_rst_i (in)
                                                         wb_rst_i (net)
                      0.012928    0.000000    5.007601 v input23/A (sky130_fd_sc_hd__clkbuf_1)
     1    0.003678    0.021395    0.052652    5.060253 v input23/X (sky130_fd_sc_hd__clkbuf_1)
                                                         net23 (net)
                      0.021397    0.000223    5.060476 v fanout89/A (sky130_fd_sc_hd__buf_2)
    11    0.053401    0.090088    0.134631    5.195107 v fanout89/X (sky130_fd_sc_hd__buf_2)
                                                         net89 (net)
                      0.090352    0.004024    5.199131 v fanout84/A (sky130_fd_sc_hd__clkbuf_4)
    10    0.049874    0.077581    0.160353    5.359484 v fanout84/X (sky130_fd_sc_hd__clkbuf_4)
                                                         net84 (net)
                      0.077694    0.002001    5.361485 v fanout83/A (sky130_fd_sc_hd__buf_4)
    10    0.056297    0.062613    0.143165    5.504650 v fanout83/X (sky130_fd_sc_hd__buf_4)
                                                         net83 (net)
                      0.063250    0.005024    5.509674 v _654_/A (sky130_fd_sc_hd__inv_2)
     1    0.003828    0.025506    0.041226    5.550900 ^ _654_/Y (sky130_fd_sc_hd__inv_2)
                                                         _064_ (net)
                      0.025507    0.000203    5.551103 ^ _697_/RESET_B (sky130_fd_sc_hd__dfrtp_1)
                                              5.551103   data arrival time

                                  0.000000    0.000000   clock wb_clk_i (rise edge)
                                  0.000000    0.000000   clock source latency
     2    0.024579    0.087030    0.060746    0.060746 ^ wb_clk_i (in)
                                                         wb_clk_i (net)
                      0.087170    0.000000    0.060746 ^ clkbuf_0_wb_clk_i/A (sky130_fd_sc_hd__clkbuf_16)
    17    0.111708    0.098028    0.149081    0.209827 ^ clkbuf_0_wb_clk_i/X (sky130_fd_sc_hd__clkbuf_16)
                                                         clknet_0_wb_clk_i (net)
                      0.098487    0.005415    0.215242 ^ clkbuf_3_1__f_wb_clk_i/A (sky130_fd_sc_hd__clkbuf_16)
    15    0.046245    0.050051    0.118227    0.333469 ^ clkbuf_3_1__f_wb_clk_i/X (sky130_fd_sc_hd__clkbuf_16)
                                                         clknet_3_1__leaf_wb_clk_i (net)
                      0.050231    0.002042    0.335511 ^ _697_/CLK (sky130_fd_sc_hd__dfrtp_1)
                                  0.250000    0.585511   clock uncertainty
                                  0.000000    0.585511   clock reconvergence pessimism
                                  0.198357    0.783868   library removal time
                                              0.783868   data required time
---------------------------------------------------------------------------------------------
                                              0.783868   data required time
                                             -5.551103   data arrival time
---------------------------------------------------------------------------------------------
                                              4.767235   slack (MET)


Startpoint: wb_rst_i (input port clocked by wb_clk_i)
Endpoint: _677_ (removal check against rising-edge clock wb_clk_i)
Path Group: asynchronous
Path Type: min

Fanout         Cap        Slew       Delay        Time   Description
---------------------------------------------------------------------------------------------
                                  0.000000    0.000000   clock wb_clk_i (rise edge)
                                  0.000000    0.000000   clock network delay (propagated)
                                  5.000000    5.000000 v input external delay
     2    0.007923    0.012921    0.007601    5.007601 v wb_rst_i (in)
                                                         wb_rst_i (net)
                      0.012928    0.000000    5.007601 v input23/A (sky130_fd_sc_hd__clkbuf_1)
     1    0.003678    0.021395    0.052652    5.060253 v input23/X (sky130_fd_sc_hd__clkbuf_1)
                                                         net23 (net)
                      0.021397    0.000223    5.060476 v fanout89/A (sky130_fd_sc_hd__buf_2)
    11    0.053401    0.090088    0.134631    5.195107 v fanout89/X (sky130_fd_sc_hd__buf_2)
                                                         net89 (net)
                      0.090352    0.004024    5.199131 v fanout84/A (sky130_fd_sc_hd__clkbuf_4)
    10    0.049874    0.077581    0.160353    5.359484 v fanout84/X (sky130_fd_sc_hd__clkbuf_4)
                                                         net84 (net)
                      0.077694    0.002001    5.361485 v fanout83/A (sky130_fd_sc_hd__buf_4)
    10    0.056297    0.062613    0.143165    5.504650 v fanout83/X (sky130_fd_sc_hd__buf_4)
                                                         net83 (net)
                      0.062931    0.003513    5.508163 v _634_/A (sky130_fd_sc_hd__inv_2)
     1    0.004513    0.027269    0.043517    5.551680 ^ _634_/Y (sky130_fd_sc_hd__inv_2)
                                                         _044_ (net)
                      0.027270    0.000249    5.551929 ^ _677_/RESET_B (sky130_fd_sc_hd__dfrtp_1)
                                              5.551929   data arrival time

                                  0.000000    0.000000   clock wb_clk_i (rise edge)
                                  0.000000    0.000000   clock source latency
     2    0.024579    0.087030    0.060746    0.060746 ^ wb_clk_i (in)
                                                         wb_clk_i (net)
                      0.087170    0.000000    0.060746 ^ clkbuf_0_wb_clk_i/A (sky130_fd_sc_hd__clkbuf_16)
    17    0.111708    0.098028    0.149081    0.209827 ^ clkbuf_0_wb_clk_i/X (sky130_fd_sc_hd__clkbuf_16)
                                                         clknet_0_wb_clk_i (net)
                      0.098487    0.005415    0.215242 ^ clkbuf_3_1__f_wb_clk_i/A (sky130_fd_sc_hd__clkbuf_16)
    15    0.046245    0.050051    0.118227    0.333469 ^ clkbuf_3_1__f_wb_clk_i/X (sky130_fd_sc_hd__clkbuf_16)
                                                         clknet_3_1__leaf_wb_clk_i (net)
                      0.050280    0.002395    0.335864 ^ _677_/CLK (sky130_fd_sc_hd__dfrtp_1)
                                  0.250000    0.585864   clock uncertainty
                                  0.000000    0.585864   clock reconvergence pessimism
                                  0.198822    0.784686   library removal time
                                              0.784686   data required time
---------------------------------------------------------------------------------------------
                                              0.784686   data required time
                                             -5.551929   data arrival time
---------------------------------------------------------------------------------------------
                                              4.767243   slack (MET)


Startpoint: wb_rst_i (input port clocked by wb_clk_i)
Endpoint: _691_ (removal check against rising-edge clock wb_clk_i)
Path Group: asynchronous
Path Type: min

Fanout         Cap        Slew       Delay        Time   Description
---------------------------------------------------------------------------------------------
                                  0.000000    0.000000   clock wb_clk_i (rise edge)
                                  0.000000    0.000000   clock network delay (propagated)
                                  5.000000    5.000000 v input external delay
     2    0.007923    0.012921    0.007601    5.007601 v wb_rst_i (in)
                                                         wb_rst_i (net)
                      0.012928    0.000000    5.007601 v input23/A (sky130_fd_sc_hd__clkbuf_1)
     1    0.003678    0.021395    0.052652    5.060253 v input23/X (sky130_fd_sc_hd__clkbuf_1)
                                                         net23 (net)
                      0.021397    0.000223    5.060476 v fanout89/A (sky130_fd_sc_hd__buf_2)
    11    0.053401    0.090088    0.134631    5.195107 v fanout89/X (sky130_fd_sc_hd__buf_2)
                                                         net89 (net)
                      0.090352    0.004024    5.199131 v fanout84/A (sky130_fd_sc_hd__clkbuf_4)
    10    0.049874    0.077581    0.160353    5.359484 v fanout84/X (sky130_fd_sc_hd__clkbuf_4)
                                                         net84 (net)
                      0.077694    0.002001    5.361485 v fanout83/A (sky130_fd_sc_hd__buf_4)
    10    0.056297    0.062613    0.143165    5.504650 v fanout83/X (sky130_fd_sc_hd__buf_4)
                                                         net83 (net)
                      0.063422    0.005652    5.510302 v _648_/A (sky130_fd_sc_hd__inv_2)
     1    0.003797    0.025459    0.041166    5.551468 ^ _648_/Y (sky130_fd_sc_hd__inv_2)
                                                         _058_ (net)
                      0.025460    0.000201    5.551669 ^ _691_/RESET_B (sky130_fd_sc_hd__dfrtp_1)
                                              5.551669   data arrival time

                                  0.000000    0.000000   clock wb_clk_i (rise edge)
                                  0.000000    0.000000   clock source latency
     2    0.024579    0.087030    0.060746    0.060746 ^ wb_clk_i (in)
                                                         wb_clk_i (net)
                      0.087170    0.000000    0.060746 ^ clkbuf_0_wb_clk_i/A (sky130_fd_sc_hd__clkbuf_16)
    17    0.111708    0.098028    0.149081    0.209827 ^ clkbuf_0_wb_clk_i/X (sky130_fd_sc_hd__clkbuf_16)
                                                         clknet_0_wb_clk_i (net)
                      0.098487    0.005415    0.215242 ^ clkbuf_3_1__f_wb_clk_i/A (sky130_fd_sc_hd__clkbuf_16)
    15    0.046245    0.050051    0.118227    0.333469 ^ clkbuf_3_1__f_wb_clk_i/X (sky130_fd_sc_hd__clkbuf_16)
                                                         clknet_3_1__leaf_wb_clk_i (net)
                      0.050234    0.002065    0.335534 ^ _691_/CLK (sky130_fd_sc_hd__dfrtp_1)
                                  0.250000    0.585534   clock uncertainty
                                  0.000000    0.585534   clock reconvergence pessimism
                                  0.198345    0.783880   library removal time
                                              0.783880   data required time
---------------------------------------------------------------------------------------------
                                              0.783880   data required time
                                             -5.551669   data arrival time
---------------------------------------------------------------------------------------------
                                              4.767789   slack (MET)


Startpoint: wb_rst_i (input port clocked by wb_clk_i)
Endpoint: _700_ (removal check against rising-edge clock wb_clk_i)
Path Group: asynchronous
Path Type: min

Fanout         Cap        Slew       Delay        Time   Description
---------------------------------------------------------------------------------------------
                                  0.000000    0.000000   clock wb_clk_i (rise edge)
                                  0.000000    0.000000   clock network delay (propagated)
                                  5.000000    5.000000 v input external delay
     2    0.007923    0.012921    0.007601    5.007601 v wb_rst_i (in)
                                                         wb_rst_i (net)
                      0.012928    0.000000    5.007601 v input23/A (sky130_fd_sc_hd__clkbuf_1)
     1    0.003678    0.021395    0.052652    5.060253 v input23/X (sky130_fd_sc_hd__clkbuf_1)
                                                         net23 (net)
                      0.021397    0.000223    5.060476 v fanout89/A (sky130_fd_sc_hd__buf_2)
    11    0.053401    0.090088    0.134631    5.195107 v fanout89/X (sky130_fd_sc_hd__buf_2)
                                                         net89 (net)
                      0.090352    0.004024    5.199131 v fanout84/A (sky130_fd_sc_hd__clkbuf_4)
    10    0.049874    0.077581    0.160353    5.359484 v fanout84/X (sky130_fd_sc_hd__clkbuf_4)
                                                         net84 (net)
                      0.077694    0.002001    5.361485 v fanout83/A (sky130_fd_sc_hd__buf_4)
    10    0.056297    0.062613    0.143165    5.504650 v fanout83/X (sky130_fd_sc_hd__buf_4)
                                                         net83 (net)
                      0.063681    0.006476    5.511126 v _657_/A (sky130_fd_sc_hd__inv_2)
     1    0.003989    0.025994    0.041910    5.553036 ^ _657_/Y (sky130_fd_sc_hd__inv_2)
                                                         _067_ (net)
                      0.025995    0.000210    5.553246 ^ _700_/RESET_B (sky130_fd_sc_hd__dfrtp_1)
                                              5.553246   data arrival time

                                  0.000000    0.000000   clock wb_clk_i (rise edge)
                                  0.000000    0.000000   clock source latency
     2    0.024579    0.087030    0.060746    0.060746 ^ wb_clk_i (in)
                                                         wb_clk_i (net)
                      0.087170    0.000000    0.060746 ^ clkbuf_0_wb_clk_i/A (sky130_fd_sc_hd__clkbuf_16)
    17    0.111708    0.098028    0.149081    0.209827 ^ clkbuf_0_wb_clk_i/X (sky130_fd_sc_hd__clkbuf_16)
                                                         clknet_0_wb_clk_i (net)
                      0.098586    0.005951    0.215778 ^ clkbuf_3_0__f_wb_clk_i/A (sky130_fd_sc_hd__clkbuf_16)
    13    0.043628    0.048139    0.116392    0.332170 ^ clkbuf_3_0__f_wb_clk_i/X (sky130_fd_sc_hd__clkbuf_16)
                                                         clknet_3_0__leaf_wb_clk_i (net)
                      0.048488    0.003118    0.335288 ^ _700_/CLK (sky130_fd_sc_hd__dfrtp_1)
                                  0.250000    0.585288   clock uncertainty
                                  0.000000    0.585288   clock reconvergence pessimism
                                  0.198243    0.783532   library removal time
                                              0.783532   data required time
---------------------------------------------------------------------------------------------
                                              0.783532   data required time
                                             -5.553246   data arrival time
---------------------------------------------------------------------------------------------
                                              4.769714   slack (MET)


Startpoint: wb_rst_i (input port clocked by wb_clk_i)
Endpoint: _692_ (removal check against rising-edge clock wb_clk_i)
Path Group: asynchronous
Path Type: min

Fanout         Cap        Slew       Delay        Time   Description
---------------------------------------------------------------------------------------------
                                  0.000000    0.000000   clock wb_clk_i (rise edge)
                                  0.000000    0.000000   clock network delay (propagated)
                                  5.000000    5.000000 v input external delay
     2    0.007923    0.012921    0.007601    5.007601 v wb_rst_i (in)
                                                         wb_rst_i (net)
                      0.012928    0.000000    5.007601 v input23/A (sky130_fd_sc_hd__clkbuf_1)
     1    0.003678    0.021395    0.052652    5.060253 v input23/X (sky130_fd_sc_hd__clkbuf_1)
                                                         net23 (net)
                      0.021397    0.000223    5.060476 v fanout89/A (sky130_fd_sc_hd__buf_2)
    11    0.053401    0.090088    0.134631    5.195107 v fanout89/X (sky130_fd_sc_hd__buf_2)
                                                         net89 (net)
                      0.090352    0.004024    5.199131 v fanout84/A (sky130_fd_sc_hd__clkbuf_4)
    10    0.049874    0.077581    0.160353    5.359484 v fanout84/X (sky130_fd_sc_hd__clkbuf_4)
                                                         net84 (net)
                      0.077694    0.002001    5.361485 v fanout83/A (sky130_fd_sc_hd__buf_4)
    10    0.056297    0.062613    0.143165    5.504650 v fanout83/X (sky130_fd_sc_hd__buf_4)
                                                         net83 (net)
                      0.063791    0.006792    5.511442 v _649_/A (sky130_fd_sc_hd__inv_2)
     1    0.003897    0.025778    0.041618    5.553060 ^ _649_/Y (sky130_fd_sc_hd__inv_2)
                                                         _059_ (net)
                      0.025780    0.000207    5.553267 ^ _692_/RESET_B (sky130_fd_sc_hd__dfrtp_1)
                                              5.553267   data arrival time

                                  0.000000    0.000000   clock wb_clk_i (rise edge)
                                  0.000000    0.000000   clock source latency
     2    0.024579    0.087030    0.060746    0.060746 ^ wb_clk_i (in)
                                                         wb_clk_i (net)
                      0.087170    0.000000    0.060746 ^ clkbuf_0_wb_clk_i/A (sky130_fd_sc_hd__clkbuf_16)
    17    0.111708    0.098028    0.149081    0.209827 ^ clkbuf_0_wb_clk_i/X (sky130_fd_sc_hd__clkbuf_16)
                                                         clknet_0_wb_clk_i (net)
                      0.098586    0.005951    0.215778 ^ clkbuf_3_0__f_wb_clk_i/A (sky130_fd_sc_hd__clkbuf_16)
    13    0.043628    0.048139    0.116392    0.332170 ^ clkbuf_3_0__f_wb_clk_i/X (sky130_fd_sc_hd__clkbuf_16)
                                                         clknet_3_0__leaf_wb_clk_i (net)
                      0.048417    0.002739    0.334909 ^ _692_/CLK (sky130_fd_sc_hd__dfrtp_1)
                                  0.250000    0.584909   clock uncertainty
                                  0.000000    0.584909   clock reconvergence pessimism
                                  0.198178    0.783087   library removal time
                                              0.783087   data required time
---------------------------------------------------------------------------------------------
                                              0.783087   data required time
                                             -5.553267   data arrival time
---------------------------------------------------------------------------------------------
                                              4.770180   slack (MET)


Startpoint: wb_rst_i (input port clocked by wb_clk_i)
Endpoint: _702_ (removal check against rising-edge clock wb_clk_i)
Path Group: asynchronous
Path Type: min

Fanout         Cap        Slew       Delay        Time   Description
---------------------------------------------------------------------------------------------
                                  0.000000    0.000000   clock wb_clk_i (rise edge)
                                  0.000000    0.000000   clock network delay (propagated)
                                  5.000000    5.000000 v input external delay
     2    0.007923    0.012921    0.007601    5.007601 v wb_rst_i (in)
                                                         wb_rst_i (net)
                      0.012928    0.000000    5.007601 v input23/A (sky130_fd_sc_hd__clkbuf_1)
     1    0.003678    0.021395    0.052652    5.060253 v input23/X (sky130_fd_sc_hd__clkbuf_1)
                                                         net23 (net)
                      0.021397    0.000223    5.060476 v fanout89/A (sky130_fd_sc_hd__buf_2)
    11    0.053401    0.090088    0.134631    5.195107 v fanout89/X (sky130_fd_sc_hd__buf_2)
                                                         net89 (net)
                      0.090352    0.004024    5.199131 v fanout84/A (sky130_fd_sc_hd__clkbuf_4)
    10    0.049874    0.077581    0.160353    5.359484 v fanout84/X (sky130_fd_sc_hd__clkbuf_4)
                                                         net84 (net)
                      0.077694    0.002001    5.361485 v fanout83/A (sky130_fd_sc_hd__buf_4)
    10    0.056297    0.062613    0.143165    5.504650 v fanout83/X (sky130_fd_sc_hd__buf_4)
                                                         net83 (net)
                      0.063856    0.006970    5.511621 v _659_/A (sky130_fd_sc_hd__inv_2)
     1    0.004250    0.026712    0.042876    5.554497 ^ _659_/Y (sky130_fd_sc_hd__inv_2)
                                                         _069_ (net)
                      0.026714    0.000227    5.554724 ^ _702_/RESET_B (sky130_fd_sc_hd__dfrtp_1)
                                              5.554724   data arrival time

                                  0.000000    0.000000   clock wb_clk_i (rise edge)
                                  0.000000    0.000000   clock source latency
     2    0.024579    0.087030    0.060746    0.060746 ^ wb_clk_i (in)
                                                         wb_clk_i (net)
                      0.087170    0.000000    0.060746 ^ clkbuf_0_wb_clk_i/A (sky130_fd_sc_hd__clkbuf_16)
    17    0.111708    0.098028    0.149081    0.209827 ^ clkbuf_0_wb_clk_i/X (sky130_fd_sc_hd__clkbuf_16)
                                                         clknet_0_wb_clk_i (net)
                      0.098586    0.005951    0.215778 ^ clkbuf_3_0__f_wb_clk_i/A (sky130_fd_sc_hd__clkbuf_16)
    13    0.043628    0.048139    0.116392    0.332170 ^ clkbuf_3_0__f_wb_clk_i/X (sky130_fd_sc_hd__clkbuf_16)
                                                         clknet_3_0__leaf_wb_clk_i (net)
                      0.048571    0.003526    0.335696 ^ _702_/CLK (sky130_fd_sc_hd__dfrtp_1)
                                  0.250000    0.585696   clock uncertainty
                                  0.000000    0.585696   clock reconvergence pessimism
                                  0.198442    0.784138   library removal time
                                              0.784138   data required time
---------------------------------------------------------------------------------------------
                                              0.784138   data required time
                                             -5.554724   data arrival time
---------------------------------------------------------------------------------------------
                                              4.770586   slack (MET)


Startpoint: wb_rst_i (input port clocked by wb_clk_i)
Endpoint: _688_ (removal check against rising-edge clock wb_clk_i)
Path Group: asynchronous
Path Type: min

Fanout         Cap        Slew       Delay        Time   Description
---------------------------------------------------------------------------------------------
                                  0.000000    0.000000   clock wb_clk_i (rise edge)
                                  0.000000    0.000000   clock network delay (propagated)
                                  5.000000    5.000000 v input external delay
     2    0.007923    0.012921    0.007601    5.007601 v wb_rst_i (in)
                                                         wb_rst_i (net)
                      0.012928    0.000000    5.007601 v input23/A (sky130_fd_sc_hd__clkbuf_1)
     1    0.003678    0.021395    0.052652    5.060253 v input23/X (sky130_fd_sc_hd__clkbuf_1)
                                                         net23 (net)
                      0.021397    0.000223    5.060476 v fanout89/A (sky130_fd_sc_hd__buf_2)
    11    0.053401    0.090088    0.134631    5.195107 v fanout89/X (sky130_fd_sc_hd__buf_2)
                                                         net89 (net)
                      0.090352    0.004024    5.199131 v fanout84/A (sky130_fd_sc_hd__clkbuf_4)
    10    0.049874    0.077581    0.160353    5.359484 v fanout84/X (sky130_fd_sc_hd__clkbuf_4)
                                                         net84 (net)
                      0.077694    0.002001    5.361485 v fanout83/A (sky130_fd_sc_hd__buf_4)
    10    0.056297    0.062613    0.143165    5.504650 v fanout83/X (sky130_fd_sc_hd__buf_4)
                                                         net83 (net)
                      0.063875    0.007024    5.511674 v _645_/A (sky130_fd_sc_hd__inv_2)
     1    0.004454    0.027284    0.043645    5.555319 ^ _645_/Y (sky130_fd_sc_hd__inv_2)
                                                         _055_ (net)
                      0.027284    0.000122    5.555441 ^ _688_/RESET_B (sky130_fd_sc_hd__dfrtp_1)
                                              5.555441   data arrival time

                                  0.000000    0.000000   clock wb_clk_i (rise edge)
                                  0.000000    0.000000   clock source latency
     2    0.024579    0.087030    0.060746    0.060746 ^ wb_clk_i (in)
                                                         wb_clk_i (net)
                      0.087170    0.000000    0.060746 ^ clkbuf_0_wb_clk_i/A (sky130_fd_sc_hd__clkbuf_16)
    17    0.111708    0.098028    0.149081    0.209827 ^ clkbuf_0_wb_clk_i/X (sky130_fd_sc_hd__clkbuf_16)
                                                         clknet_0_wb_clk_i (net)
                      0.098586    0.005951    0.215778 ^ clkbuf_3_0__f_wb_clk_i/A (sky130_fd_sc_hd__clkbuf_16)
    13    0.043628    0.048139    0.116392    0.332170 ^ clkbuf_3_0__f_wb_clk_i/X (sky130_fd_sc_hd__clkbuf_16)
                                                         clknet_3_0__leaf_wb_clk_i (net)
                      0.048562    0.003485    0.335655 ^ _688_/CLK (sky130_fd_sc_hd__dfrtp_1)
                                  0.250000    0.585655   clock uncertainty
                                  0.000000    0.585655   clock reconvergence pessimism
                                  0.198588    0.784243   library removal time
                                              0.784243   data required time
---------------------------------------------------------------------------------------------
                                              0.784243   data required time
                                             -5.555441   data arrival time
---------------------------------------------------------------------------------------------
                                              4.771197   slack (MET)


Startpoint: wb_rst_i (input port clocked by wb_clk_i)
Endpoint: _701_ (removal check against rising-edge clock wb_clk_i)
Path Group: asynchronous
Path Type: min

Fanout         Cap        Slew       Delay        Time   Description
---------------------------------------------------------------------------------------------
                                  0.000000    0.000000   clock wb_clk_i (rise edge)
                                  0.000000    0.000000   clock network delay (propagated)
                                  5.000000    5.000000 v input external delay
     2    0.007923    0.012921    0.007601    5.007601 v wb_rst_i (in)
                                                         wb_rst_i (net)
                      0.012928    0.000000    5.007601 v input23/A (sky130_fd_sc_hd__clkbuf_1)
     1    0.003678    0.021395    0.052652    5.060253 v input23/X (sky130_fd_sc_hd__clkbuf_1)
                                                         net23 (net)
                      0.021397    0.000223    5.060476 v fanout89/A (sky130_fd_sc_hd__buf_2)
    11    0.053401    0.090088    0.134631    5.195107 v fanout89/X (sky130_fd_sc_hd__buf_2)
                                                         net89 (net)
                      0.090352    0.004024    5.199131 v fanout84/A (sky130_fd_sc_hd__clkbuf_4)
    10    0.049874    0.077581    0.160353    5.359484 v fanout84/X (sky130_fd_sc_hd__clkbuf_4)
                                                         net84 (net)
                      0.077694    0.002001    5.361485 v fanout83/A (sky130_fd_sc_hd__buf_4)
    10    0.056297    0.062613    0.143165    5.504650 v fanout83/X (sky130_fd_sc_hd__buf_4)
                                                         net83 (net)
                      0.063822    0.006878    5.511528 v _658_/A (sky130_fd_sc_hd__inv_2)
     1    0.004440    0.027233    0.043586    5.555114 ^ _658_/Y (sky130_fd_sc_hd__inv_2)
                                                         _068_ (net)
                      0.027233    0.000115    5.555230 ^ _701_/RESET_B (sky130_fd_sc_hd__dfrtp_1)
                                              5.555230   data arrival time

                                  0.000000    0.000000   clock wb_clk_i (rise edge)
                                  0.000000    0.000000   clock source latency
     2    0.024579    0.087030    0.060746    0.060746 ^ wb_clk_i (in)
                                                         wb_clk_i (net)
                      0.087170    0.000000    0.060746 ^ clkbuf_0_wb_clk_i/A (sky130_fd_sc_hd__clkbuf_16)
    17    0.111708    0.098028    0.149081    0.209827 ^ clkbuf_0_wb_clk_i/X (sky130_fd_sc_hd__clkbuf_16)
                                                         clknet_0_wb_clk_i (net)
                      0.098586    0.005951    0.215778 ^ clkbuf_3_0__f_wb_clk_i/A (sky130_fd_sc_hd__clkbuf_16)
    13    0.043628    0.048139    0.116392    0.332170 ^ clkbuf_3_0__f_wb_clk_i/X (sky130_fd_sc_hd__clkbuf_16)
                                                         clknet_3_0__leaf_wb_clk_i (net)
                      0.048510    0.003231    0.335401 ^ _701_/CLK (sky130_fd_sc_hd__dfrtp_1)
                                  0.250000    0.585401   clock uncertainty
                                  0.000000    0.585401   clock reconvergence pessimism
                                  0.198568    0.783969   library removal time
                                              0.783969   data required time
---------------------------------------------------------------------------------------------
                                              0.783969   data required time
                                             -5.555230   data arrival time
---------------------------------------------------------------------------------------------
                                              4.771261   slack (MET)


Startpoint: wb_rst_i (input port clocked by wb_clk_i)
Endpoint: _695_ (removal check against rising-edge clock wb_clk_i)
Path Group: asynchronous
Path Type: min

Fanout         Cap        Slew       Delay        Time   Description
---------------------------------------------------------------------------------------------
                                  0.000000    0.000000   clock wb_clk_i (rise edge)
                                  0.000000    0.000000   clock network delay (propagated)
                                  5.000000    5.000000 v input external delay
     2    0.007923    0.012921    0.007601    5.007601 v wb_rst_i (in)
                                                         wb_rst_i (net)
                      0.012928    0.000000    5.007601 v input23/A (sky130_fd_sc_hd__clkbuf_1)
     1    0.003678    0.021395    0.052652    5.060253 v input23/X (sky130_fd_sc_hd__clkbuf_1)
                                                         net23 (net)
                      0.021397    0.000223    5.060476 v fanout89/A (sky130_fd_sc_hd__buf_2)
    11    0.053401    0.090088    0.134631    5.195107 v fanout89/X (sky130_fd_sc_hd__buf_2)
                                                         net89 (net)
                      0.090352    0.004024    5.199131 v fanout84/A (sky130_fd_sc_hd__clkbuf_4)
    10    0.049874    0.077581    0.160353    5.359484 v fanout84/X (sky130_fd_sc_hd__clkbuf_4)
                                                         net84 (net)
                      0.077694    0.002001    5.361485 v fanout83/A (sky130_fd_sc_hd__buf_4)
    10    0.056297    0.062613    0.143165    5.504650 v fanout83/X (sky130_fd_sc_hd__buf_4)
                                                         net83 (net)
                      0.063747    0.006667    5.511317 v _652_/A (sky130_fd_sc_hd__inv_2)
     1    0.004612    0.027722    0.044170    5.555487 ^ _652_/Y (sky130_fd_sc_hd__inv_2)
                                                         _062_ (net)
                      0.027722    0.000123    5.555610 ^ _695_/RESET_B (sky130_fd_sc_hd__dfrtp_1)
                                              5.555610   data arrival time

                                  0.000000    0.000000   clock wb_clk_i (rise edge)
                                  0.000000    0.000000   clock source latency
     2    0.024579    0.087030    0.060746    0.060746 ^ wb_clk_i (in)
                                                         wb_clk_i (net)
                      0.087170    0.000000    0.060746 ^ clkbuf_0_wb_clk_i/A (sky130_fd_sc_hd__clkbuf_16)
    17    0.111708    0.098028    0.149081    0.209827 ^ clkbuf_0_wb_clk_i/X (sky130_fd_sc_hd__clkbuf_16)
                                                         clknet_0_wb_clk_i (net)
                      0.098586    0.005951    0.215778 ^ clkbuf_3_0__f_wb_clk_i/A (sky130_fd_sc_hd__clkbuf_16)
    13    0.043628    0.048139    0.116392    0.332170 ^ clkbuf_3_0__f_wb_clk_i/X (sky130_fd_sc_hd__clkbuf_16)
                                                         clknet_3_0__leaf_wb_clk_i (net)
                      0.048495    0.003156    0.335326 ^ _695_/CLK (sky130_fd_sc_hd__dfrtp_1)
                                  0.250000    0.585326   clock uncertainty
                                  0.000000    0.585326   clock reconvergence pessimism
                                  0.198693    0.784019   library removal time
                                              0.784019   data required time
---------------------------------------------------------------------------------------------
                                              0.784019   data required time
                                             -5.555610   data arrival time
---------------------------------------------------------------------------------------------
                                              4.771591   slack (MET)


Startpoint: wb_rst_i (input port clocked by wb_clk_i)
Endpoint: _675_ (removal check against rising-edge clock wb_clk_i)
Path Group: asynchronous
Path Type: min

Fanout         Cap        Slew       Delay        Time   Description
---------------------------------------------------------------------------------------------
                                  0.000000    0.000000   clock wb_clk_i (rise edge)
                                  0.000000    0.000000   clock network delay (propagated)
                                  5.000000    5.000000 v input external delay
     2    0.007923    0.012921    0.007601    5.007601 v wb_rst_i (in)
                                                         wb_rst_i (net)
                      0.012928    0.000000    5.007601 v input23/A (sky130_fd_sc_hd__clkbuf_1)
     1    0.003678    0.021395    0.052652    5.060253 v input23/X (sky130_fd_sc_hd__clkbuf_1)
                                                         net23 (net)
                      0.021397    0.000223    5.060476 v fanout89/A (sky130_fd_sc_hd__buf_2)
    11    0.053401    0.090088    0.134631    5.195107 v fanout89/X (sky130_fd_sc_hd__buf_2)
                                                         net89 (net)
                      0.090136    0.001767    5.196874 v fanout88/A (sky130_fd_sc_hd__clkbuf_4)
    19    0.075373    0.107672    0.182359    5.379233 v fanout88/X (sky130_fd_sc_hd__clkbuf_4)
                                                         net88 (net)
                      0.107912    0.004327    5.383560 v fanout87/A (sky130_fd_sc_hd__buf_4)
    21    0.069651    0.069169    0.165865    5.549425 v fanout87/X (sky130_fd_sc_hd__buf_4)
                                                         net87 (net)
                      0.069259    0.002107    5.551531 v _632_/A (sky130_fd_sc_hd__inv_2)
     1    0.004137    0.027419    0.044064    5.595595 ^ _632_/Y (sky130_fd_sc_hd__inv_2)
                                                         _042_ (net)
                      0.027419    0.000103    5.595699 ^ _675_/RESET_B (sky130_fd_sc_hd__dfrtp_1)
                                              5.595699   data arrival time

                                  0.000000    0.000000   clock wb_clk_i (rise edge)
                                  0.000000    0.000000   clock source latency
     2    0.024579    0.087030    0.060746    0.060746 ^ wb_clk_i (in)
                                                         wb_clk_i (net)
                      0.087170    0.000000    0.060746 ^ clkbuf_0_wb_clk_i/A (sky130_fd_sc_hd__clkbuf_16)
    17    0.111708    0.098028    0.149081    0.209827 ^ clkbuf_0_wb_clk_i/X (sky130_fd_sc_hd__clkbuf_16)
                                                         clknet_0_wb_clk_i (net)
                      0.098783    0.006892    0.216719 ^ clkbuf_3_5__f_wb_clk_i/A (sky130_fd_sc_hd__clkbuf_16)
    14    0.046268    0.050010    0.117714    0.334433 ^ clkbuf_3_5__f_wb_clk_i/X (sky130_fd_sc_hd__clkbuf_16)
                                                         clknet_3_5__leaf_wb_clk_i (net)
                      0.050265    0.002666    0.337098 ^ _675_/CLK (sky130_fd_sc_hd__dfrtp_1)
                                  0.250000    0.587098   clock uncertainty
                                  0.000000    0.587098   clock reconvergence pessimism
                                  0.198858    0.785957   library removal time
                                              0.785957   data required time
---------------------------------------------------------------------------------------------
                                              0.785957   data required time
                                             -5.595699   data arrival time
---------------------------------------------------------------------------------------------
                                              4.809742   slack (MET)


Startpoint: wb_rst_i (input port clocked by wb_clk_i)
Endpoint: _680_ (removal check against rising-edge clock wb_clk_i)
Path Group: asynchronous
Path Type: min

Fanout         Cap        Slew       Delay        Time   Description
---------------------------------------------------------------------------------------------
                                  0.000000    0.000000   clock wb_clk_i (rise edge)
                                  0.000000    0.000000   clock network delay (propagated)
                                  5.000000    5.000000 v input external delay
     2    0.007923    0.012921    0.007601    5.007601 v wb_rst_i (in)
                                                         wb_rst_i (net)
                      0.012928    0.000000    5.007601 v input23/A (sky130_fd_sc_hd__clkbuf_1)
     1    0.003678    0.021395    0.052652    5.060253 v input23/X (sky130_fd_sc_hd__clkbuf_1)
                                                         net23 (net)
                      0.021397    0.000223    5.060476 v fanout89/A (sky130_fd_sc_hd__buf_2)
    11    0.053401    0.090088    0.134631    5.195107 v fanout89/X (sky130_fd_sc_hd__buf_2)
                                                         net89 (net)
                      0.090136    0.001767    5.196874 v fanout88/A (sky130_fd_sc_hd__clkbuf_4)
    19    0.075373    0.107672    0.182359    5.379233 v fanout88/X (sky130_fd_sc_hd__clkbuf_4)
                                                         net88 (net)
                      0.107912    0.004327    5.383560 v fanout87/A (sky130_fd_sc_hd__buf_4)
    21    0.069651    0.069169    0.165865    5.549425 v fanout87/X (sky130_fd_sc_hd__buf_4)
                                                         net87 (net)
                      0.069266    0.002177    5.551602 v _637_/A (sky130_fd_sc_hd__inv_2)
     1    0.003955    0.026922    0.043403    5.595005 ^ _637_/Y (sky130_fd_sc_hd__inv_2)
                                                         _047_ (net)
                      0.026922    0.000098    5.595103 ^ _680_/RESET_B (sky130_fd_sc_hd__dfrtp_1)
                                              5.595103   data arrival time

                                  0.000000    0.000000   clock wb_clk_i (rise edge)
                                  0.000000    0.000000   clock source latency
     2    0.024579    0.087030    0.060746    0.060746 ^ wb_clk_i (in)
                                                         wb_clk_i (net)
                      0.087170    0.000000    0.060746 ^ clkbuf_0_wb_clk_i/A (sky130_fd_sc_hd__clkbuf_16)
    17    0.111708    0.098028    0.149081    0.209827 ^ clkbuf_0_wb_clk_i/X (sky130_fd_sc_hd__clkbuf_16)
                                                         clknet_0_wb_clk_i (net)
                      0.098443    0.005161    0.214988 ^ clkbuf_3_7__f_wb_clk_i/A (sky130_fd_sc_hd__clkbuf_16)
    13    0.043379    0.047916    0.116045    0.331032 ^ clkbuf_3_7__f_wb_clk_i/X (sky130_fd_sc_hd__clkbuf_16)
                                                         clknet_3_7__leaf_wb_clk_i (net)
                      0.048461    0.003944    0.334976 ^ _680_/CLK (sky130_fd_sc_hd__dfrtp_1)
                                  0.250000    0.584976   clock uncertainty
                                  0.000000    0.584976   clock reconvergence pessimism
                                  0.198480    0.783457   library removal time
                                              0.783457   data required time
---------------------------------------------------------------------------------------------
                                              0.783457   data required time
                                             -5.595103   data arrival time
---------------------------------------------------------------------------------------------
                                              4.811646   slack (MET)


Startpoint: wb_rst_i (input port clocked by wb_clk_i)
Endpoint: _681_ (removal check against rising-edge clock wb_clk_i)
Path Group: asynchronous
Path Type: min

Fanout         Cap        Slew       Delay        Time   Description
---------------------------------------------------------------------------------------------
                                  0.000000    0.000000   clock wb_clk_i (rise edge)
                                  0.000000    0.000000   clock network delay (propagated)
                                  5.000000    5.000000 v input external delay
     2    0.007923    0.012921    0.007601    5.007601 v wb_rst_i (in)
                                                         wb_rst_i (net)
                      0.012928    0.000000    5.007601 v input23/A (sky130_fd_sc_hd__clkbuf_1)
     1    0.003678    0.021395    0.052652    5.060253 v input23/X (sky130_fd_sc_hd__clkbuf_1)
                                                         net23 (net)
                      0.021397    0.000223    5.060476 v fanout89/A (sky130_fd_sc_hd__buf_2)
    11    0.053401    0.090088    0.134631    5.195107 v fanout89/X (sky130_fd_sc_hd__buf_2)
                                                         net89 (net)
                      0.090136    0.001767    5.196874 v fanout88/A (sky130_fd_sc_hd__clkbuf_4)
    19    0.075373    0.107672    0.182359    5.379233 v fanout88/X (sky130_fd_sc_hd__clkbuf_4)
                                                         net88 (net)
                      0.107912    0.004327    5.383560 v fanout87/A (sky130_fd_sc_hd__buf_4)
    21    0.069651    0.069169    0.165865    5.549425 v fanout87/X (sky130_fd_sc_hd__buf_4)
                                                         net87 (net)
                      0.070765    0.008260    5.557684 v _638_/A (sky130_fd_sc_hd__inv_2)
     1    0.003815    0.026839    0.043257    5.600941 ^ _638_/Y (sky130_fd_sc_hd__inv_2)
                                                         _048_ (net)
                      0.026840    0.000203    5.601144 ^ _681_/RESET_B (sky130_fd_sc_hd__dfrtp_1)
                                              5.601144   data arrival time

                                  0.000000    0.000000   clock wb_clk_i (rise edge)
                                  0.000000    0.000000   clock source latency
     2    0.024579    0.087030    0.060746    0.060746 ^ wb_clk_i (in)
                                                         wb_clk_i (net)
                      0.087170    0.000000    0.060746 ^ clkbuf_0_wb_clk_i/A (sky130_fd_sc_hd__clkbuf_16)
    17    0.111708    0.098028    0.149081    0.209827 ^ clkbuf_0_wb_clk_i/X (sky130_fd_sc_hd__clkbuf_16)
                                                         clknet_0_wb_clk_i (net)
                      0.098336    0.004468    0.214295 ^ clkbuf_3_6__f_wb_clk_i/A (sky130_fd_sc_hd__clkbuf_16)
    10    0.045967    0.049824    0.117870    0.332165 ^ clkbuf_3_6__f_wb_clk_i/X (sky130_fd_sc_hd__clkbuf_16)
                                                         clknet_3_6__leaf_wb_clk_i (net)
                      0.049939    0.001417    0.333582 ^ _681_/CLK (sky130_fd_sc_hd__dfrtp_1)
                                  0.250000    0.583582   clock uncertainty
                                  0.000000    0.583582   clock reconvergence pessimism
                                  0.198663    0.782245   library removal time
                                              0.782245   data required time
---------------------------------------------------------------------------------------------
                                              0.782245   data required time
                                             -5.601144   data arrival time
---------------------------------------------------------------------------------------------
                                              4.818898   slack (MET)


Startpoint: wb_rst_i (input port clocked by wb_clk_i)
Endpoint: _682_ (removal check against rising-edge clock wb_clk_i)
Path Group: asynchronous
Path Type: min

Fanout         Cap        Slew       Delay        Time   Description
---------------------------------------------------------------------------------------------
                                  0.000000    0.000000   clock wb_clk_i (rise edge)
                                  0.000000    0.000000   clock network delay (propagated)
                                  5.000000    5.000000 v input external delay
     2    0.007923    0.012921    0.007601    5.007601 v wb_rst_i (in)
                                                         wb_rst_i (net)
                      0.012928    0.000000    5.007601 v input23/A (sky130_fd_sc_hd__clkbuf_1)
     1    0.003678    0.021395    0.052652    5.060253 v input23/X (sky130_fd_sc_hd__clkbuf_1)
                                                         net23 (net)
                      0.021397    0.000223    5.060476 v fanout89/A (sky130_fd_sc_hd__buf_2)
    11    0.053401    0.090088    0.134631    5.195107 v fanout89/X (sky130_fd_sc_hd__buf_2)
                                                         net89 (net)
                      0.090136    0.001767    5.196874 v fanout88/A (sky130_fd_sc_hd__clkbuf_4)
    19    0.075373    0.107672    0.182359    5.379233 v fanout88/X (sky130_fd_sc_hd__clkbuf_4)
                                                         net88 (net)
                      0.107912    0.004327    5.383560 v fanout87/A (sky130_fd_sc_hd__buf_4)
    21    0.069651    0.069169    0.165865    5.549425 v fanout87/X (sky130_fd_sc_hd__buf_4)
                                                         net87 (net)
                      0.070991    0.008825    5.558250 v _639_/A (sky130_fd_sc_hd__inv_2)
     1    0.003815    0.026880    0.043319    5.601569 ^ _639_/Y (sky130_fd_sc_hd__inv_2)
                                                         _049_ (net)
                      0.026881    0.000203    5.601772 ^ _682_/RESET_B (sky130_fd_sc_hd__dfrtp_1)
                                              5.601772   data arrival time

                                  0.000000    0.000000   clock wb_clk_i (rise edge)
                                  0.000000    0.000000   clock source latency
     2    0.024579    0.087030    0.060746    0.060746 ^ wb_clk_i (in)
                                                         wb_clk_i (net)
                      0.087170    0.000000    0.060746 ^ clkbuf_0_wb_clk_i/A (sky130_fd_sc_hd__clkbuf_16)
    17    0.111708    0.098028    0.149081    0.209827 ^ clkbuf_0_wb_clk_i/X (sky130_fd_sc_hd__clkbuf_16)
                                                         clknet_0_wb_clk_i (net)
                      0.098336    0.004468    0.214295 ^ clkbuf_3_6__f_wb_clk_i/A (sky130_fd_sc_hd__clkbuf_16)
    10    0.045967    0.049824    0.117870    0.332165 ^ clkbuf_3_6__f_wb_clk_i/X (sky130_fd_sc_hd__clkbuf_16)
                                                         clknet_3_6__leaf_wb_clk_i (net)
                      0.049947    0.001496    0.333661 ^ _682_/CLK (sky130_fd_sc_hd__dfrtp_1)
                                  0.250000    0.583661   clock uncertainty
                                  0.000000    0.583661   clock reconvergence pessimism
                                  0.198675    0.782336   library removal time
                                              0.782336   data required time
---------------------------------------------------------------------------------------------
                                              0.782336   data required time
                                             -5.601772   data arrival time
---------------------------------------------------------------------------------------------
                                              4.819436   slack (MET)


Startpoint: wb_rst_i (input port clocked by wb_clk_i)
Endpoint: _684_ (removal check against rising-edge clock wb_clk_i)
Path Group: asynchronous
Path Type: min

Fanout         Cap        Slew       Delay        Time   Description
---------------------------------------------------------------------------------------------
                                  0.000000    0.000000   clock wb_clk_i (rise edge)
                                  0.000000    0.000000   clock network delay (propagated)
                                  5.000000    5.000000 v input external delay
     2    0.007923    0.012921    0.007601    5.007601 v wb_rst_i (in)
                                                         wb_rst_i (net)
                      0.012928    0.000000    5.007601 v input23/A (sky130_fd_sc_hd__clkbuf_1)
     1    0.003678    0.021395    0.052652    5.060253 v input23/X (sky130_fd_sc_hd__clkbuf_1)
                                                         net23 (net)
                      0.021397    0.000223    5.060476 v fanout89/A (sky130_fd_sc_hd__buf_2)
    11    0.053401    0.090088    0.134631    5.195107 v fanout89/X (sky130_fd_sc_hd__buf_2)
                                                         net89 (net)
                      0.090136    0.001767    5.196874 v fanout88/A (sky130_fd_sc_hd__clkbuf_4)
    19    0.075373    0.107672    0.182359    5.379233 v fanout88/X (sky130_fd_sc_hd__clkbuf_4)
                                                         net88 (net)
                      0.107912    0.004327    5.383560 v fanout87/A (sky130_fd_sc_hd__buf_4)
    21    0.069651    0.069169    0.165865    5.549425 v fanout87/X (sky130_fd_sc_hd__buf_4)
                                                         net87 (net)
                      0.071069    0.009012    5.558436 v _641_/A (sky130_fd_sc_hd__inv_2)
     1    0.003797    0.026846    0.043276    5.601713 ^ _641_/Y (sky130_fd_sc_hd__inv_2)
                                                         _051_ (net)
                      0.026848    0.000201    5.601913 ^ _684_/RESET_B (sky130_fd_sc_hd__dfrtp_1)
                                              5.601913   data arrival time

                                  0.000000    0.000000   clock wb_clk_i (rise edge)
                                  0.000000    0.000000   clock source latency
     2    0.024579    0.087030    0.060746    0.060746 ^ wb_clk_i (in)
                                                         wb_clk_i (net)
                      0.087170    0.000000    0.060746 ^ clkbuf_0_wb_clk_i/A (sky130_fd_sc_hd__clkbuf_16)
    17    0.111708    0.098028    0.149081    0.209827 ^ clkbuf_0_wb_clk_i/X (sky130_fd_sc_hd__clkbuf_16)
                                                         clknet_0_wb_clk_i (net)
                      0.098443    0.005161    0.214988 ^ clkbuf_3_7__f_wb_clk_i/A (sky130_fd_sc_hd__clkbuf_16)
    13    0.043379    0.047916    0.116045    0.331032 ^ clkbuf_3_7__f_wb_clk_i/X (sky130_fd_sc_hd__clkbuf_16)
                                                         clknet_3_7__leaf_wb_clk_i (net)
                      0.048202    0.002726    0.333758 ^ _684_/CLK (sky130_fd_sc_hd__dfrtp_1)
                                  0.250000    0.583758   clock uncertainty
                                  0.000000    0.583758   clock reconvergence pessimism
                                  0.198425    0.782184   library removal time
                                              0.782184   data required time
---------------------------------------------------------------------------------------------
                                              0.782184   data required time
                                             -5.601913   data arrival time
---------------------------------------------------------------------------------------------
                                              4.819730   slack (MET)


Startpoint: wb_rst_i (input port clocked by wb_clk_i)
Endpoint: _685_ (removal check against rising-edge clock wb_clk_i)
Path Group: asynchronous
Path Type: min

Fanout         Cap        Slew       Delay        Time   Description
---------------------------------------------------------------------------------------------
                                  0.000000    0.000000   clock wb_clk_i (rise edge)
                                  0.000000    0.000000   clock network delay (propagated)
                                  5.000000    5.000000 v input external delay
     2    0.007923    0.012921    0.007601    5.007601 v wb_rst_i (in)
                                                         wb_rst_i (net)
                      0.012928    0.000000    5.007601 v input23/A (sky130_fd_sc_hd__clkbuf_1)
     1    0.003678    0.021395    0.052652    5.060253 v input23/X (sky130_fd_sc_hd__clkbuf_1)
                                                         net23 (net)
                      0.021397    0.000223    5.060476 v fanout89/A (sky130_fd_sc_hd__buf_2)
    11    0.053401    0.090088    0.134631    5.195107 v fanout89/X (sky130_fd_sc_hd__buf_2)
                                                         net89 (net)
                      0.090136    0.001767    5.196874 v fanout88/A (sky130_fd_sc_hd__clkbuf_4)
    19    0.075373    0.107672    0.182359    5.379233 v fanout88/X (sky130_fd_sc_hd__clkbuf_4)
                                                         net88 (net)
                      0.107912    0.004327    5.383560 v fanout87/A (sky130_fd_sc_hd__buf_4)
    21    0.069651    0.069169    0.165865    5.549425 v fanout87/X (sky130_fd_sc_hd__buf_4)
                                                         net87 (net)
                      0.071100    0.009086    5.558511 v _642_/A (sky130_fd_sc_hd__inv_2)
     1    0.003805    0.026871    0.043311    5.601821 ^ _642_/Y (sky130_fd_sc_hd__inv_2)
                                                         _052_ (net)
                      0.026872    0.000201    5.602023 ^ _685_/RESET_B (sky130_fd_sc_hd__dfrtp_1)
                                              5.602023   data arrival time

                                  0.000000    0.000000   clock wb_clk_i (rise edge)
                                  0.000000    0.000000   clock source latency
     2    0.024579    0.087030    0.060746    0.060746 ^ wb_clk_i (in)
                                                         wb_clk_i (net)
                      0.087170    0.000000    0.060746 ^ clkbuf_0_wb_clk_i/A (sky130_fd_sc_hd__clkbuf_16)
    17    0.111708    0.098028    0.149081    0.209827 ^ clkbuf_0_wb_clk_i/X (sky130_fd_sc_hd__clkbuf_16)
                                                         clknet_0_wb_clk_i (net)
                      0.098443    0.005161    0.214988 ^ clkbuf_3_7__f_wb_clk_i/A (sky130_fd_sc_hd__clkbuf_16)
    13    0.043379    0.047916    0.116045    0.331032 ^ clkbuf_3_7__f_wb_clk_i/X (sky130_fd_sc_hd__clkbuf_16)
                                                         clknet_3_7__leaf_wb_clk_i (net)
                      0.048200    0.002716    0.333748 ^ _685_/CLK (sky130_fd_sc_hd__dfrtp_1)
                                  0.250000    0.583748   clock uncertainty
                                  0.000000    0.583748   clock reconvergence pessimism
                                  0.198431    0.782179   library removal time
                                              0.782179   data required time
---------------------------------------------------------------------------------------------
                                              0.782179   data required time
                                             -5.602023   data arrival time
---------------------------------------------------------------------------------------------
                                              4.819843   slack (MET)


Startpoint: wb_rst_i (input port clocked by wb_clk_i)
Endpoint: _683_ (removal check against rising-edge clock wb_clk_i)
Path Group: asynchronous
Path Type: min

Fanout         Cap        Slew       Delay        Time   Description
---------------------------------------------------------------------------------------------
                                  0.000000    0.000000   clock wb_clk_i (rise edge)
                                  0.000000    0.000000   clock network delay (propagated)
                                  5.000000    5.000000 v input external delay
     2    0.007923    0.012921    0.007601    5.007601 v wb_rst_i (in)
                                                         wb_rst_i (net)
                      0.012928    0.000000    5.007601 v input23/A (sky130_fd_sc_hd__clkbuf_1)
     1    0.003678    0.021395    0.052652    5.060253 v input23/X (sky130_fd_sc_hd__clkbuf_1)
                                                         net23 (net)
                      0.021397    0.000223    5.060476 v fanout89/A (sky130_fd_sc_hd__buf_2)
    11    0.053401    0.090088    0.134631    5.195107 v fanout89/X (sky130_fd_sc_hd__buf_2)
                                                         net89 (net)
                      0.090136    0.001767    5.196874 v fanout88/A (sky130_fd_sc_hd__clkbuf_4)
    19    0.075373    0.107672    0.182359    5.379233 v fanout88/X (sky130_fd_sc_hd__clkbuf_4)
                                                         net88 (net)
                      0.107912    0.004327    5.383560 v fanout87/A (sky130_fd_sc_hd__buf_4)
    21    0.069651    0.069169    0.165865    5.549425 v fanout87/X (sky130_fd_sc_hd__buf_4)
                                                         net87 (net)
                      0.071045    0.008957    5.558382 v _640_/A (sky130_fd_sc_hd__inv_2)
     1    0.003950    0.027237    0.043881    5.602263 ^ _640_/Y (sky130_fd_sc_hd__inv_2)
                                                         _050_ (net)
                      0.027237    0.000098    5.602361 ^ _683_/RESET_B (sky130_fd_sc_hd__dfrtp_1)
                                              5.602361   data arrival time

                                  0.000000    0.000000   clock wb_clk_i (rise edge)
                                  0.000000    0.000000   clock source latency
     2    0.024579    0.087030    0.060746    0.060746 ^ wb_clk_i (in)
                                                         wb_clk_i (net)
                      0.087170    0.000000    0.060746 ^ clkbuf_0_wb_clk_i/A (sky130_fd_sc_hd__clkbuf_16)
    17    0.111708    0.098028    0.149081    0.209827 ^ clkbuf_0_wb_clk_i/X (sky130_fd_sc_hd__clkbuf_16)
                                                         clknet_0_wb_clk_i (net)
                      0.098443    0.005161    0.214988 ^ clkbuf_3_7__f_wb_clk_i/A (sky130_fd_sc_hd__clkbuf_16)
    13    0.043379    0.047916    0.116045    0.331032 ^ clkbuf_3_7__f_wb_clk_i/X (sky130_fd_sc_hd__clkbuf_16)
                                                         clknet_3_7__leaf_wb_clk_i (net)
                      0.048214    0.002789    0.333822 ^ _683_/CLK (sky130_fd_sc_hd__dfrtp_1)
                                  0.250000    0.583822   clock uncertainty
                                  0.000000    0.583822   clock reconvergence pessimism
                                  0.198528    0.782350   library removal time
                                              0.782350   data required time
---------------------------------------------------------------------------------------------
                                              0.782350   data required time
                                             -5.602361   data arrival time
---------------------------------------------------------------------------------------------
                                              4.820011   slack (MET)


Startpoint: wb_rst_i (input port clocked by wb_clk_i)
Endpoint: _671_ (removal check against rising-edge clock wb_clk_i)
Path Group: asynchronous
Path Type: min

Fanout         Cap        Slew       Delay        Time   Description
---------------------------------------------------------------------------------------------
                                  0.000000    0.000000   clock wb_clk_i (rise edge)
                                  0.000000    0.000000   clock network delay (propagated)
                                  5.000000    5.000000 v input external delay
     2    0.007923    0.012921    0.007601    5.007601 v wb_rst_i (in)
                                                         wb_rst_i (net)
                      0.012928    0.000000    5.007601 v input23/A (sky130_fd_sc_hd__clkbuf_1)
     1    0.003678    0.021395    0.052652    5.060253 v input23/X (sky130_fd_sc_hd__clkbuf_1)
                                                         net23 (net)
                      0.021397    0.000223    5.060476 v fanout89/A (sky130_fd_sc_hd__buf_2)
    11    0.053401    0.090088    0.134631    5.195107 v fanout89/X (sky130_fd_sc_hd__buf_2)
                                                         net89 (net)
                      0.090352    0.004024    5.199131 v fanout84/A (sky130_fd_sc_hd__clkbuf_4)
    10    0.049874    0.077581    0.160353    5.359484 v fanout84/X (sky130_fd_sc_hd__clkbuf_4)
                                                         net84 (net)
                      0.077694    0.002001    5.361485 v fanout83/A (sky130_fd_sc_hd__buf_4)
    10    0.056297    0.062613    0.143165    5.504650 v fanout83/X (sky130_fd_sc_hd__buf_4)
                                                         net83 (net)
                      0.063171    0.004703    5.509354 v _339_/A (sky130_fd_sc_hd__inv_2)
     7    0.027863    0.099432    0.098547    5.607901 ^ _339_/Y (sky130_fd_sc_hd__inv_2)
                                                         _038_ (net)
                      0.099490    0.001977    5.609878 ^ fanout82/A (sky130_fd_sc_hd__clkbuf_4)
    21    0.067882    0.156976    0.193611    5.803489 ^ fanout82/X (sky130_fd_sc_hd__clkbuf_4)
                                                         net82 (net)
                      0.157047    0.002776    5.806264 ^ _671_/RESET_B (sky130_fd_sc_hd__dfrtp_1)
                                              5.806264   data arrival time

                                  0.000000    0.000000   clock wb_clk_i (rise edge)
                                  0.000000    0.000000   clock source latency
     2    0.024579    0.087030    0.060746    0.060746 ^ wb_clk_i (in)
                                                         wb_clk_i (net)
                      0.087170    0.000000    0.060746 ^ clkbuf_0_wb_clk_i/A (sky130_fd_sc_hd__clkbuf_16)
    17    0.111708    0.098028    0.149081    0.209827 ^ clkbuf_0_wb_clk_i/X (sky130_fd_sc_hd__clkbuf_16)
                                                         clknet_0_wb_clk_i (net)
                      0.098617    0.006108    0.215935 ^ clkbuf_3_4__f_wb_clk_i/A (sky130_fd_sc_hd__clkbuf_16)
    12    0.046104    0.049929    0.117812    0.333747 ^ clkbuf_3_4__f_wb_clk_i/X (sky130_fd_sc_hd__clkbuf_16)
                                                         clknet_3_4__leaf_wb_clk_i (net)
                      0.050215    0.002881    0.336628 ^ _671_/CLK (sky130_fd_sc_hd__dfrtp_1)
                                  0.250000    0.586628   clock uncertainty
                                  0.000000    0.586628   clock reconvergence pessimism
                                  0.232521    0.819149   library removal time
                                              0.819149   data required time
---------------------------------------------------------------------------------------------
                                              0.819149   data required time
                                             -5.806264   data arrival time
---------------------------------------------------------------------------------------------
                                              4.987116   slack (MET)


Startpoint: _685_ (rising edge-triggered flip-flop clocked by wb_clk_i)
Endpoint: wb_dat_o[14] (output port clocked by wb_clk_i)
Path Group: wb_clk_i
Path Type: min

Fanout         Cap        Slew       Delay        Time   Description
---------------------------------------------------------------------------------------------
                                  0.000000    0.000000   clock wb_clk_i (rise edge)
                                  0.000000    0.000000   clock source latency
     2    0.024579    0.087030    0.060746    0.060746 ^ wb_clk_i (in)
                                                         wb_clk_i (net)
                      0.087170    0.000000    0.060746 ^ clkbuf_0_wb_clk_i/A (sky130_fd_sc_hd__clkbuf_16)
    17    0.111708    0.098028    0.149081    0.209827 ^ clkbuf_0_wb_clk_i/X (sky130_fd_sc_hd__clkbuf_16)
                                                         clknet_0_wb_clk_i (net)
                      0.098443    0.005161    0.214988 ^ clkbuf_3_7__f_wb_clk_i/A (sky130_fd_sc_hd__clkbuf_16)
    13    0.043379    0.047916    0.116045    0.331032 ^ clkbuf_3_7__f_wb_clk_i/X (sky130_fd_sc_hd__clkbuf_16)
                                                         clknet_3_7__leaf_wb_clk_i (net)
                      0.048200    0.002716    0.333748 ^ _685_/CLK (sky130_fd_sc_hd__dfrtp_1)
     1    0.002202    0.028429    0.198323    0.532071 ^ _685_/Q (sky130_fd_sc_hd__dfrtp_1)
                                                         net42 (net)
                      0.028429    0.000154    0.532225 ^ output42/A (sky130_fd_sc_hd__buf_2)
     1    0.034184    0.127636    0.135603    0.667828 ^ output42/X (sky130_fd_sc_hd__buf_2)
                                                         wb_dat_o[14] (net)
                      0.127668    0.001666    0.669494 ^ wb_dat_o[14] (out)
                                              0.669494   data arrival time

                                  0.000000    0.000000   clock wb_clk_i (rise edge)
                                  0.000000    0.000000   clock network delay (propagated)
                                  0.250000    0.250000   clock uncertainty
                                  0.000000    0.250000   clock reconvergence pessimism
                                 -5.000000   -4.750000   output external delay
                                             -4.750000   data required time
---------------------------------------------------------------------------------------------
                                             -4.750000   data required time
                                             -0.669494   data arrival time
---------------------------------------------------------------------------------------------
                                              5.419494   slack (MET)


Startpoint: _692_ (rising edge-triggered flip-flop clocked by wb_clk_i)
Endpoint: wb_dat_o[21] (output port clocked by wb_clk_i)
Path Group: wb_clk_i
Path Type: min

Fanout         Cap        Slew       Delay        Time   Description
---------------------------------------------------------------------------------------------
                                  0.000000    0.000000   clock wb_clk_i (rise edge)
                                  0.000000    0.000000   clock source latency
     2    0.024579    0.087030    0.060746    0.060746 ^ wb_clk_i (in)
                                                         wb_clk_i (net)
                      0.087170    0.000000    0.060746 ^ clkbuf_0_wb_clk_i/A (sky130_fd_sc_hd__clkbuf_16)
    17    0.111708    0.098028    0.149081    0.209827 ^ clkbuf_0_wb_clk_i/X (sky130_fd_sc_hd__clkbuf_16)
                                                         clknet_0_wb_clk_i (net)
                      0.098586    0.005951    0.215778 ^ clkbuf_3_0__f_wb_clk_i/A (sky130_fd_sc_hd__clkbuf_16)
    13    0.043628    0.048139    0.116392    0.332170 ^ clkbuf_3_0__f_wb_clk_i/X (sky130_fd_sc_hd__clkbuf_16)
                                                         clknet_3_0__leaf_wb_clk_i (net)
                      0.048417    0.002739    0.334909 ^ _692_/CLK (sky130_fd_sc_hd__dfrtp_1)
     1    0.002148    0.028147    0.198085    0.532994 ^ _692_/Q (sky130_fd_sc_hd__dfrtp_1)
                                                         net50 (net)
                      0.028147    0.000153    0.533147 ^ output50/A (sky130_fd_sc_hd__buf_2)
     1    0.034329    0.128148    0.135839    0.668986 ^ output50/X (sky130_fd_sc_hd__buf_2)
                                                         wb_dat_o[21] (net)
                      0.128181    0.001714    0.670700 ^ wb_dat_o[21] (out)
                                              0.670700   data arrival time

                                  0.000000    0.000000   clock wb_clk_i (rise edge)
                                  0.000000    0.000000   clock network delay (propagated)
                                  0.250000    0.250000   clock uncertainty
                                  0.000000    0.250000   clock reconvergence pessimism
                                 -5.000000   -4.750000   output external delay
                                             -4.750000   data required time
---------------------------------------------------------------------------------------------
                                             -4.750000   data required time
                                             -0.670700   data arrival time
---------------------------------------------------------------------------------------------
                                              5.420700   slack (MET)


Startpoint: _672_ (rising edge-triggered flip-flop clocked by wb_clk_i)
Endpoint: wb_dat_o[1] (output port clocked by wb_clk_i)
Path Group: wb_clk_i
Path Type: min

Fanout         Cap        Slew       Delay        Time   Description
---------------------------------------------------------------------------------------------
                                  0.000000    0.000000   clock wb_clk_i (rise edge)
                                  0.000000    0.000000   clock source latency
     2    0.024579    0.087030    0.060746    0.060746 ^ wb_clk_i (in)
                                                         wb_clk_i (net)
                      0.087170    0.000000    0.060746 ^ clkbuf_0_wb_clk_i/A (sky130_fd_sc_hd__clkbuf_16)
    17    0.111708    0.098028    0.149081    0.209827 ^ clkbuf_0_wb_clk_i/X (sky130_fd_sc_hd__clkbuf_16)
                                                         clknet_0_wb_clk_i (net)
                      0.098617    0.006108    0.215935 ^ clkbuf_3_4__f_wb_clk_i/A (sky130_fd_sc_hd__clkbuf_16)
    12    0.046104    0.049929    0.117812    0.333747 ^ clkbuf_3_4__f_wb_clk_i/X (sky130_fd_sc_hd__clkbuf_16)
                                                         clknet_3_4__leaf_wb_clk_i (net)
                      0.050140    0.002438    0.336185 ^ _672_/CLK (sky130_fd_sc_hd__dfrtp_1)
     1    0.002043    0.027393    0.198026    0.534211 ^ _672_/Q (sky130_fd_sc_hd__dfrtp_1)
                                                         net48 (net)
                      0.027591    0.000093    0.534304 ^ output48/A (sky130_fd_sc_hd__buf_2)
     1    0.034108    0.127364    0.135134    0.669438 ^ output48/X (sky130_fd_sc_hd__buf_2)
                                                         wb_dat_o[1] (net)
                      0.127397    0.001701    0.671139 ^ wb_dat_o[1] (out)
                                              0.671139   data arrival time

                                  0.000000    0.000000   clock wb_clk_i (rise edge)
                                  0.000000    0.000000   clock network delay (propagated)
                                  0.250000    0.250000   clock uncertainty
                                  0.000000    0.250000   clock reconvergence pessimism
                                 -5.000000   -4.750000   output external delay
                                             -4.750000   data required time
---------------------------------------------------------------------------------------------
                                             -4.750000   data required time
                                             -0.671139   data arrival time
---------------------------------------------------------------------------------------------
                                              5.421139   slack (MET)


Startpoint: _682_ (rising edge-triggered flip-flop clocked by wb_clk_i)
Endpoint: wb_dat_o[11] (output port clocked by wb_clk_i)
Path Group: wb_clk_i
Path Type: min

Fanout         Cap        Slew       Delay        Time   Description
---------------------------------------------------------------------------------------------
                                  0.000000    0.000000   clock wb_clk_i (rise edge)
                                  0.000000    0.000000   clock source latency
     2    0.024579    0.087030    0.060746    0.060746 ^ wb_clk_i (in)
                                                         wb_clk_i (net)
                      0.087170    0.000000    0.060746 ^ clkbuf_0_wb_clk_i/A (sky130_fd_sc_hd__clkbuf_16)
    17    0.111708    0.098028    0.149081    0.209827 ^ clkbuf_0_wb_clk_i/X (sky130_fd_sc_hd__clkbuf_16)
                                                         clknet_0_wb_clk_i (net)
                      0.098336    0.004468    0.214295 ^ clkbuf_3_6__f_wb_clk_i/A (sky130_fd_sc_hd__clkbuf_16)
    10    0.045967    0.049824    0.117870    0.332165 ^ clkbuf_3_6__f_wb_clk_i/X (sky130_fd_sc_hd__clkbuf_16)
                                                         clknet_3_6__leaf_wb_clk_i (net)
                      0.049947    0.001496    0.333661 ^ _682_/CLK (sky130_fd_sc_hd__dfrtp_1)
     1    0.002345    0.029191    0.199671    0.533332 ^ _682_/Q (sky130_fd_sc_hd__dfrtp_1)
                                                         net39 (net)
                      0.029191    0.000160    0.533491 ^ output39/A (sky130_fd_sc_hd__buf_2)
     1    0.034315    0.128102    0.136192    0.669683 ^ output39/X (sky130_fd_sc_hd__buf_2)
                                                         wb_dat_o[11] (net)
                      0.128132    0.001615    0.671297 ^ wb_dat_o[11] (out)
                                              0.671297   data arrival time

                                  0.000000    0.000000   clock wb_clk_i (rise edge)
                                  0.000000    0.000000   clock network delay (propagated)
                                  0.250000    0.250000   clock uncertainty
                                  0.000000    0.250000   clock reconvergence pessimism
                                 -5.000000   -4.750000   output external delay
                                             -4.750000   data required time
---------------------------------------------------------------------------------------------
                                             -4.750000   data required time
                                             -0.671297   data arrival time
---------------------------------------------------------------------------------------------
                                              5.421298   slack (MET)


Startpoint: _702_ (rising edge-triggered flip-flop clocked by wb_clk_i)
Endpoint: wb_dat_o[31] (output port clocked by wb_clk_i)
Path Group: wb_clk_i
Path Type: min

Fanout         Cap        Slew       Delay        Time   Description
---------------------------------------------------------------------------------------------
                                  0.000000    0.000000   clock wb_clk_i (rise edge)
                                  0.000000    0.000000   clock source latency
     2    0.024579    0.087030    0.060746    0.060746 ^ wb_clk_i (in)
                                                         wb_clk_i (net)
                      0.087170    0.000000    0.060746 ^ clkbuf_0_wb_clk_i/A (sky130_fd_sc_hd__clkbuf_16)
    17    0.111708    0.098028    0.149081    0.209827 ^ clkbuf_0_wb_clk_i/X (sky130_fd_sc_hd__clkbuf_16)
                                                         clknet_0_wb_clk_i (net)
                      0.098586    0.005951    0.215778 ^ clkbuf_3_0__f_wb_clk_i/A (sky130_fd_sc_hd__clkbuf_16)
    13    0.043628    0.048139    0.116392    0.332170 ^ clkbuf_3_0__f_wb_clk_i/X (sky130_fd_sc_hd__clkbuf_16)
                                                         clknet_3_0__leaf_wb_clk_i (net)
                      0.048571    0.003526    0.335696 ^ _702_/CLK (sky130_fd_sc_hd__dfrtp_1)
     1    0.002165    0.028234    0.198224    0.533920 ^ _702_/Q (sky130_fd_sc_hd__dfrtp_1)
                                                         net61 (net)
                      0.028234    0.000154    0.534075 ^ output61/A (sky130_fd_sc_hd__buf_2)
     1    0.034262    0.127912    0.135717    0.669792 ^ output61/X (sky130_fd_sc_hd__buf_2)
                                                         wb_dat_o[31] (net)
                      0.127944    0.001694    0.671486 ^ wb_dat_o[31] (out)
                                              0.671486   data arrival time

                                  0.000000    0.000000   clock wb_clk_i (rise edge)
                                  0.000000    0.000000   clock network delay (propagated)
                                  0.250000    0.250000   clock uncertainty
                                  0.000000    0.250000   clock reconvergence pessimism
                                 -5.000000   -4.750000   output external delay
                                             -4.750000   data required time
---------------------------------------------------------------------------------------------
                                             -4.750000   data required time
                                             -0.671486   data arrival time
---------------------------------------------------------------------------------------------
                                              5.421486   slack (MET)


Startpoint: _695_ (rising edge-triggered flip-flop clocked by wb_clk_i)
Endpoint: wb_dat_o[24] (output port clocked by wb_clk_i)
Path Group: wb_clk_i
Path Type: min

Fanout         Cap        Slew       Delay        Time   Description
---------------------------------------------------------------------------------------------
                                  0.000000    0.000000   clock wb_clk_i (rise edge)
                                  0.000000    0.000000   clock source latency
     2    0.024579    0.087030    0.060746    0.060746 ^ wb_clk_i (in)
                                                         wb_clk_i (net)
                      0.087170    0.000000    0.060746 ^ clkbuf_0_wb_clk_i/A (sky130_fd_sc_hd__clkbuf_16)
    17    0.111708    0.098028    0.149081    0.209827 ^ clkbuf_0_wb_clk_i/X (sky130_fd_sc_hd__clkbuf_16)
                                                         clknet_0_wb_clk_i (net)
                      0.098586    0.005951    0.215778 ^ clkbuf_3_0__f_wb_clk_i/A (sky130_fd_sc_hd__clkbuf_16)
    13    0.043628    0.048139    0.116392    0.332170 ^ clkbuf_3_0__f_wb_clk_i/X (sky130_fd_sc_hd__clkbuf_16)
                                                         clknet_3_0__leaf_wb_clk_i (net)
                      0.048495    0.003156    0.335326 ^ _695_/CLK (sky130_fd_sc_hd__dfrtp_1)
     1    0.002267    0.028773    0.198779    0.534105 ^ _695_/Q (sky130_fd_sc_hd__dfrtp_1)
                                                         net53 (net)
                      0.028773    0.000162    0.534267 ^ output53/A (sky130_fd_sc_hd__buf_2)
     1    0.034130    0.127443    0.135589    0.669857 ^ output53/X (sky130_fd_sc_hd__buf_2)
                                                         wb_dat_o[24] (net)
                      0.127474    0.001641    0.671498 ^ wb_dat_o[24] (out)
                                              0.671498   data arrival time

                                  0.000000    0.000000   clock wb_clk_i (rise edge)
                                  0.000000    0.000000   clock network delay (propagated)
                                  0.250000    0.250000   clock uncertainty
                                  0.000000    0.250000   clock reconvergence pessimism
                                 -5.000000   -4.750000   output external delay
                                             -4.750000   data required time
---------------------------------------------------------------------------------------------
                                             -4.750000   data required time
                                             -0.671498   data arrival time
---------------------------------------------------------------------------------------------
                                              5.421498   slack (MET)


Startpoint: _697_ (rising edge-triggered flip-flop clocked by wb_clk_i)
Endpoint: wb_dat_o[26] (output port clocked by wb_clk_i)
Path Group: wb_clk_i
Path Type: min

Fanout         Cap        Slew       Delay        Time   Description
---------------------------------------------------------------------------------------------
                                  0.000000    0.000000   clock wb_clk_i (rise edge)
                                  0.000000    0.000000   clock source latency
     2    0.024579    0.087030    0.060746    0.060746 ^ wb_clk_i (in)
                                                         wb_clk_i (net)
                      0.087170    0.000000    0.060746 ^ clkbuf_0_wb_clk_i/A (sky130_fd_sc_hd__clkbuf_16)
    17    0.111708    0.098028    0.149081    0.209827 ^ clkbuf_0_wb_clk_i/X (sky130_fd_sc_hd__clkbuf_16)
                                                         clknet_0_wb_clk_i (net)
                      0.098487    0.005415    0.215242 ^ clkbuf_3_1__f_wb_clk_i/A (sky130_fd_sc_hd__clkbuf_16)
    15    0.046245    0.050051    0.118227    0.333469 ^ clkbuf_3_1__f_wb_clk_i/X (sky130_fd_sc_hd__clkbuf_16)
                                                         clknet_3_1__leaf_wb_clk_i (net)
                      0.050231    0.002042    0.335511 ^ _697_/CLK (sky130_fd_sc_hd__dfrtp_1)
     1    0.002139    0.028099    0.198581    0.534092 ^ _697_/Q (sky130_fd_sc_hd__dfrtp_1)
                                                         net55 (net)
                      0.028099    0.000152    0.534244 ^ output55/A (sky130_fd_sc_hd__buf_2)
     1    0.034297    0.128033    0.135745    0.669989 ^ output55/X (sky130_fd_sc_hd__buf_2)
                                                         wb_dat_o[26] (net)
                      0.128067    0.001719    0.671708 ^ wb_dat_o[26] (out)
                                              0.671708   data arrival time

                                  0.000000    0.000000   clock wb_clk_i (rise edge)
                                  0.000000    0.000000   clock network delay (propagated)
                                  0.250000    0.250000   clock uncertainty
                                  0.000000    0.250000   clock reconvergence pessimism
                                 -5.000000   -4.750000   output external delay
                                             -4.750000   data required time
---------------------------------------------------------------------------------------------
                                             -4.750000   data required time
                                             -0.671708   data arrival time
---------------------------------------------------------------------------------------------
                                              5.421709   slack (MET)


Startpoint: _688_ (rising edge-triggered flip-flop clocked by wb_clk_i)
Endpoint: wb_dat_o[17] (output port clocked by wb_clk_i)
Path Group: wb_clk_i
Path Type: min

Fanout         Cap        Slew       Delay        Time   Description
---------------------------------------------------------------------------------------------
                                  0.000000    0.000000   clock wb_clk_i (rise edge)
                                  0.000000    0.000000   clock source latency
     2    0.024579    0.087030    0.060746    0.060746 ^ wb_clk_i (in)
                                                         wb_clk_i (net)
                      0.087170    0.000000    0.060746 ^ clkbuf_0_wb_clk_i/A (sky130_fd_sc_hd__clkbuf_16)
    17    0.111708    0.098028    0.149081    0.209827 ^ clkbuf_0_wb_clk_i/X (sky130_fd_sc_hd__clkbuf_16)
                                                         clknet_0_wb_clk_i (net)
                      0.098586    0.005951    0.215778 ^ clkbuf_3_0__f_wb_clk_i/A (sky130_fd_sc_hd__clkbuf_16)
    13    0.043628    0.048139    0.116392    0.332170 ^ clkbuf_3_0__f_wb_clk_i/X (sky130_fd_sc_hd__clkbuf_16)
                                                         clknet_3_0__leaf_wb_clk_i (net)
                      0.048562    0.003485    0.335655 ^ _688_/CLK (sky130_fd_sc_hd__dfrtp_1)
     1    0.002131    0.028054    0.198046    0.533700 ^ _688_/Q (sky130_fd_sc_hd__dfrtp_1)
                                                         net45 (net)
                      0.028054    0.000098    0.533798 ^ output45/A (sky130_fd_sc_hd__buf_2)
     1    0.034550    0.128930    0.136325    0.670123 ^ output45/X (sky130_fd_sc_hd__buf_2)
                                                         wb_dat_o[17] (net)
                      0.128965    0.001751    0.671874 ^ wb_dat_o[17] (out)
                                              0.671874   data arrival time

                                  0.000000    0.000000   clock wb_clk_i (rise edge)
                                  0.000000    0.000000   clock network delay (propagated)
                                  0.250000    0.250000   clock uncertainty
                                  0.000000    0.250000   clock reconvergence pessimism
                                 -5.000000   -4.750000   output external delay
                                             -4.750000   data required time
---------------------------------------------------------------------------------------------
                                             -4.750000   data required time
                                             -0.671874   data arrival time
---------------------------------------------------------------------------------------------
                                              5.421875   slack (MET)


Startpoint: _680_ (rising edge-triggered flip-flop clocked by wb_clk_i)
Endpoint: wb_dat_o[9] (output port clocked by wb_clk_i)
Path Group: wb_clk_i
Path Type: min

Fanout         Cap        Slew       Delay        Time   Description
---------------------------------------------------------------------------------------------
                                  0.000000    0.000000   clock wb_clk_i (rise edge)
                                  0.000000    0.000000   clock source latency
     2    0.024579    0.087030    0.060746    0.060746 ^ wb_clk_i (in)
                                                         wb_clk_i (net)
                      0.087170    0.000000    0.060746 ^ clkbuf_0_wb_clk_i/A (sky130_fd_sc_hd__clkbuf_16)
    17    0.111708    0.098028    0.149081    0.209827 ^ clkbuf_0_wb_clk_i/X (sky130_fd_sc_hd__clkbuf_16)
                                                         clknet_0_wb_clk_i (net)
                      0.098443    0.005161    0.214988 ^ clkbuf_3_7__f_wb_clk_i/A (sky130_fd_sc_hd__clkbuf_16)
    13    0.043379    0.047916    0.116045    0.331032 ^ clkbuf_3_7__f_wb_clk_i/X (sky130_fd_sc_hd__clkbuf_16)
                                                         clknet_3_7__leaf_wb_clk_i (net)
                      0.048461    0.003944    0.334976 ^ _680_/CLK (sky130_fd_sc_hd__dfrtp_1)
     1    0.002243    0.028647    0.198636    0.533612 ^ _680_/Q (sky130_fd_sc_hd__dfrtp_1)
                                                         net68 (net)
                      0.028647    0.000156    0.533768 ^ output68/A (sky130_fd_sc_hd__buf_2)
     1    0.034506    0.128778    0.136454    0.670223 ^ output68/X (sky130_fd_sc_hd__buf_2)
                                                         wb_dat_o[9] (net)
                      0.128810    0.001686    0.671908 ^ wb_dat_o[9] (out)
                                              0.671908   data arrival time

                                  0.000000    0.000000   clock wb_clk_i (rise edge)
                                  0.000000    0.000000   clock network delay (propagated)
                                  0.250000    0.250000   clock uncertainty
                                  0.000000    0.250000   clock reconvergence pessimism
                                 -5.000000   -4.750000   output external delay
                                             -4.750000   data required time
---------------------------------------------------------------------------------------------
                                             -4.750000   data required time
                                             -0.671908   data arrival time
---------------------------------------------------------------------------------------------
                                              5.421908   slack (MET)


Startpoint: _691_ (rising edge-triggered flip-flop clocked by wb_clk_i)
Endpoint: wb_dat_o[20] (output port clocked by wb_clk_i)
Path Group: wb_clk_i
Path Type: min

Fanout         Cap        Slew       Delay        Time   Description
---------------------------------------------------------------------------------------------
                                  0.000000    0.000000   clock wb_clk_i (rise edge)
                                  0.000000    0.000000   clock source latency
     2    0.024579    0.087030    0.060746    0.060746 ^ wb_clk_i (in)
                                                         wb_clk_i (net)
                      0.087170    0.000000    0.060746 ^ clkbuf_0_wb_clk_i/A (sky130_fd_sc_hd__clkbuf_16)
    17    0.111708    0.098028    0.149081    0.209827 ^ clkbuf_0_wb_clk_i/X (sky130_fd_sc_hd__clkbuf_16)
                                                         clknet_0_wb_clk_i (net)
                      0.098487    0.005415    0.215242 ^ clkbuf_3_1__f_wb_clk_i/A (sky130_fd_sc_hd__clkbuf_16)
    15    0.046245    0.050051    0.118227    0.333469 ^ clkbuf_3_1__f_wb_clk_i/X (sky130_fd_sc_hd__clkbuf_16)
                                                         clknet_3_1__leaf_wb_clk_i (net)
                      0.050234    0.002065    0.335534 ^ _691_/CLK (sky130_fd_sc_hd__dfrtp_1)
     1    0.002198    0.028408    0.198915    0.534449 ^ _691_/Q (sky130_fd_sc_hd__dfrtp_1)
                                                         net49 (net)
                      0.028408    0.000155    0.534604 ^ output49/A (sky130_fd_sc_hd__buf_2)
     1    0.034367    0.128284    0.136040    0.670644 ^ output49/X (sky130_fd_sc_hd__buf_2)
                                                         wb_dat_o[20] (net)
                      0.128315    0.001675    0.672319 ^ wb_dat_o[20] (out)
                                              0.672319   data arrival time

                                  0.000000    0.000000   clock wb_clk_i (rise edge)
                                  0.000000    0.000000   clock network delay (propagated)
                                  0.250000    0.250000   clock uncertainty
                                  0.000000    0.250000   clock reconvergence pessimism
                                 -5.000000   -4.750000   output external delay
                                             -4.750000   data required time
---------------------------------------------------------------------------------------------
                                             -4.750000   data required time
                                             -0.672319   data arrival time
---------------------------------------------------------------------------------------------
                                              5.422319   slack (MET)


Startpoint: _673_ (rising edge-triggered flip-flop clocked by wb_clk_i)
Endpoint: wb_dat_o[2] (output port clocked by wb_clk_i)
Path Group: wb_clk_i
Path Type: min

Fanout         Cap        Slew       Delay        Time   Description
---------------------------------------------------------------------------------------------
                                  0.000000    0.000000   clock wb_clk_i (rise edge)
                                  0.000000    0.000000   clock source latency
     2    0.024579    0.087030    0.060746    0.060746 ^ wb_clk_i (in)
                                                         wb_clk_i (net)
                      0.087170    0.000000    0.060746 ^ clkbuf_0_wb_clk_i/A (sky130_fd_sc_hd__clkbuf_16)
    17    0.111708    0.098028    0.149081    0.209827 ^ clkbuf_0_wb_clk_i/X (sky130_fd_sc_hd__clkbuf_16)
                                                         clknet_0_wb_clk_i (net)
                      0.098617    0.006108    0.215935 ^ clkbuf_3_4__f_wb_clk_i/A (sky130_fd_sc_hd__clkbuf_16)
    12    0.046104    0.049929    0.117812    0.333747 ^ clkbuf_3_4__f_wb_clk_i/X (sky130_fd_sc_hd__clkbuf_16)
                                                         clknet_3_4__leaf_wb_clk_i (net)
                      0.050154    0.002525    0.336272 ^ _673_/CLK (sky130_fd_sc_hd__dfrtp_1)
     1    0.002177    0.028301    0.198775    0.535047 ^ _673_/Q (sky130_fd_sc_hd__dfrtp_1)
                                                         net59 (net)
                      0.028301    0.000154    0.535202 ^ output59/A (sky130_fd_sc_hd__buf_2)
     1    0.034289    0.128007    0.135818    0.671020 ^ output59/X (sky130_fd_sc_hd__buf_2)
                                                         wb_dat_o[2] (net)
                      0.128039    0.001671    0.672691 ^ wb_dat_o[2] (out)
                                              0.672691   data arrival time

                                  0.000000    0.000000   clock wb_clk_i (rise edge)
                                  0.000000    0.000000   clock network delay (propagated)
                                  0.250000    0.250000   clock uncertainty
                                  0.000000    0.250000   clock reconvergence pessimism
                                 -5.000000   -4.750000   output external delay
                                             -4.750000   data required time
---------------------------------------------------------------------------------------------
                                             -4.750000   data required time
                                             -0.672691   data arrival time
---------------------------------------------------------------------------------------------
                                              5.422691   slack (MET)


Startpoint: _678_ (rising edge-triggered flip-flop clocked by wb_clk_i)
Endpoint: wb_dat_o[7] (output port clocked by wb_clk_i)
Path Group: wb_clk_i
Path Type: min

Fanout         Cap        Slew       Delay        Time   Description
---------------------------------------------------------------------------------------------
                                  0.000000    0.000000   clock wb_clk_i (rise edge)
                                  0.000000    0.000000   clock source latency
     2    0.024579    0.087030    0.060746    0.060746 ^ wb_clk_i (in)
                                                         wb_clk_i (net)
                      0.087170    0.000000    0.060746 ^ clkbuf_0_wb_clk_i/A (sky130_fd_sc_hd__clkbuf_16)
    17    0.111708    0.098028    0.149081    0.209827 ^ clkbuf_0_wb_clk_i/X (sky130_fd_sc_hd__clkbuf_16)
                                                         clknet_0_wb_clk_i (net)
                      0.098487    0.005415    0.215242 ^ clkbuf_3_1__f_wb_clk_i/A (sky130_fd_sc_hd__clkbuf_16)
    15    0.046245    0.050051    0.118227    0.333469 ^ clkbuf_3_1__f_wb_clk_i/X (sky130_fd_sc_hd__clkbuf_16)
                                                         clknet_3_1__leaf_wb_clk_i (net)
                      0.050307    0.002573    0.336042 ^ _678_/CLK (sky130_fd_sc_hd__dfrtp_1)
     1    0.002204    0.028444    0.198975    0.535017 ^ _678_/Q (sky130_fd_sc_hd__dfrtp_1)
                                                         net66 (net)
                      0.028444    0.000155    0.535172 ^ output66/A (sky130_fd_sc_hd__buf_2)
     1    0.034372    0.128304    0.136064    0.671236 ^ output66/X (sky130_fd_sc_hd__buf_2)
                                                         wb_dat_o[7] (net)
                      0.128336    0.001675    0.672912 ^ wb_dat_o[7] (out)
                                              0.672912   data arrival time

                                  0.000000    0.000000   clock wb_clk_i (rise edge)
                                  0.000000    0.000000   clock network delay (propagated)
                                  0.250000    0.250000   clock uncertainty
                                  0.000000    0.250000   clock reconvergence pessimism
                                 -5.000000   -4.750000   output external delay
                                             -4.750000   data required time
---------------------------------------------------------------------------------------------
                                             -4.750000   data required time
                                             -0.672912   data arrival time
---------------------------------------------------------------------------------------------
                                              5.422912   slack (MET)


Startpoint: _700_ (rising edge-triggered flip-flop clocked by wb_clk_i)
Endpoint: wb_dat_o[29] (output port clocked by wb_clk_i)
Path Group: wb_clk_i
Path Type: min

Fanout         Cap        Slew       Delay        Time   Description
---------------------------------------------------------------------------------------------
                                  0.000000    0.000000   clock wb_clk_i (rise edge)
                                  0.000000    0.000000   clock source latency
     2    0.024579    0.087030    0.060746    0.060746 ^ wb_clk_i (in)
                                                         wb_clk_i (net)
                      0.087170    0.000000    0.060746 ^ clkbuf_0_wb_clk_i/A (sky130_fd_sc_hd__clkbuf_16)
    17    0.111708    0.098028    0.149081    0.209827 ^ clkbuf_0_wb_clk_i/X (sky130_fd_sc_hd__clkbuf_16)
                                                         clknet_0_wb_clk_i (net)
                      0.098586    0.005951    0.215778 ^ clkbuf_3_0__f_wb_clk_i/A (sky130_fd_sc_hd__clkbuf_16)
    13    0.043628    0.048139    0.116392    0.332170 ^ clkbuf_3_0__f_wb_clk_i/X (sky130_fd_sc_hd__clkbuf_16)
                                                         clknet_3_0__leaf_wb_clk_i (net)
                      0.048488    0.003118    0.335288 ^ _700_/CLK (sky130_fd_sc_hd__dfrtp_1)
     1    0.002338    0.029153    0.199182    0.534471 ^ _700_/Q (sky130_fd_sc_hd__dfrtp_1)
                                                         net58 (net)
                      0.029153    0.000169    0.534640 ^ output58/A (sky130_fd_sc_hd__buf_2)
     1    0.034495    0.128727    0.136481    0.671120 ^ output58/X (sky130_fd_sc_hd__buf_2)
                                                         wb_dat_o[29] (net)
                      0.128765    0.001824    0.672945 ^ wb_dat_o[29] (out)
                                              0.672945   data arrival time

                                  0.000000    0.000000   clock wb_clk_i (rise edge)
                                  0.000000    0.000000   clock network delay (propagated)
                                  0.250000    0.250000   clock uncertainty
                                  0.000000    0.250000   clock reconvergence pessimism
                                 -5.000000   -4.750000   output external delay
                                             -4.750000   data required time
---------------------------------------------------------------------------------------------
                                             -4.750000   data required time
                                             -0.672945   data arrival time
---------------------------------------------------------------------------------------------
                                              5.422945   slack (MET)


Startpoint: _684_ (rising edge-triggered flip-flop clocked by wb_clk_i)
Endpoint: wb_dat_o[13] (output port clocked by wb_clk_i)
Path Group: wb_clk_i
Path Type: min

Fanout         Cap        Slew       Delay        Time   Description
---------------------------------------------------------------------------------------------
                                  0.000000    0.000000   clock wb_clk_i (rise edge)
                                  0.000000    0.000000   clock source latency
     2    0.024579    0.087030    0.060746    0.060746 ^ wb_clk_i (in)
                                                         wb_clk_i (net)
                      0.087170    0.000000    0.060746 ^ clkbuf_0_wb_clk_i/A (sky130_fd_sc_hd__clkbuf_16)
    17    0.111708    0.098028    0.149081    0.209827 ^ clkbuf_0_wb_clk_i/X (sky130_fd_sc_hd__clkbuf_16)
                                                         clknet_0_wb_clk_i (net)
                      0.098443    0.005161    0.214988 ^ clkbuf_3_7__f_wb_clk_i/A (sky130_fd_sc_hd__clkbuf_16)
    13    0.043379    0.047916    0.116045    0.331032 ^ clkbuf_3_7__f_wb_clk_i/X (sky130_fd_sc_hd__clkbuf_16)
                                                         clknet_3_7__leaf_wb_clk_i (net)
                      0.048202    0.002726    0.333758 ^ _684_/CLK (sky130_fd_sc_hd__dfrtp_1)
     1    0.002566    0.030372    0.200398    0.534156 ^ _684_/Q (sky130_fd_sc_hd__dfrtp_1)
                                                         net41 (net)
                      0.030372    0.000169    0.534325 ^ output41/A (sky130_fd_sc_hd__buf_2)
     1    0.034505    0.128771    0.136974    0.671299 ^ output41/X (sky130_fd_sc_hd__buf_2)
                                                         wb_dat_o[13] (net)
                      0.128803    0.001680    0.672980 ^ wb_dat_o[13] (out)
                                              0.672980   data arrival time

                                  0.000000    0.000000   clock wb_clk_i (rise edge)
                                  0.000000    0.000000   clock network delay (propagated)
                                  0.250000    0.250000   clock uncertainty
                                  0.000000    0.250000   clock reconvergence pessimism
                                 -5.000000   -4.750000   output external delay
                                             -4.750000   data required time
---------------------------------------------------------------------------------------------
                                             -4.750000   data required time
                                             -0.672980   data arrival time
---------------------------------------------------------------------------------------------
                                              5.422980   slack (MET)


Startpoint: _675_ (rising edge-triggered flip-flop clocked by wb_clk_i)
Endpoint: wb_dat_o[4] (output port clocked by wb_clk_i)
Path Group: wb_clk_i
Path Type: min

Fanout         Cap        Slew       Delay        Time   Description
---------------------------------------------------------------------------------------------
                                  0.000000    0.000000   clock wb_clk_i (rise edge)
                                  0.000000    0.000000   clock source latency
     2    0.024579    0.087030    0.060746    0.060746 ^ wb_clk_i (in)
                                                         wb_clk_i (net)
                      0.087170    0.000000    0.060746 ^ clkbuf_0_wb_clk_i/A (sky130_fd_sc_hd__clkbuf_16)
    17    0.111708    0.098028    0.149081    0.209827 ^ clkbuf_0_wb_clk_i/X (sky130_fd_sc_hd__clkbuf_16)
                                                         clknet_0_wb_clk_i (net)
                      0.098783    0.006892    0.216719 ^ clkbuf_3_5__f_wb_clk_i/A (sky130_fd_sc_hd__clkbuf_16)
    14    0.046268    0.050010    0.117714    0.334433 ^ clkbuf_3_5__f_wb_clk_i/X (sky130_fd_sc_hd__clkbuf_16)
                                                         clknet_3_5__leaf_wb_clk_i (net)
                      0.050265    0.002666    0.337098 ^ _675_/CLK (sky130_fd_sc_hd__dfrtp_1)
     1    0.002153    0.028174    0.198673    0.535771 ^ _675_/Q (sky130_fd_sc_hd__dfrtp_1)
                                                         net63 (net)
                      0.028174    0.000153    0.535924 ^ output63/A (sky130_fd_sc_hd__buf_2)
     1    0.034464    0.128632    0.136220    0.672143 ^ output63/X (sky130_fd_sc_hd__buf_2)
                                                         wb_dat_o[4] (net)
                      0.128663    0.001668    0.673812 ^ wb_dat_o[4] (out)
                                              0.673812   data arrival time

                                  0.000000    0.000000   clock wb_clk_i (rise edge)
                                  0.000000    0.000000   clock network delay (propagated)
                                  0.250000    0.250000   clock uncertainty
                                  0.000000    0.250000   clock reconvergence pessimism
                                 -5.000000   -4.750000   output external delay
                                             -4.750000   data required time
---------------------------------------------------------------------------------------------
                                             -4.750000   data required time
                                             -0.673812   data arrival time
---------------------------------------------------------------------------------------------
                                              5.423812   slack (MET)


Startpoint: _701_ (rising edge-triggered flip-flop clocked by wb_clk_i)
Endpoint: wb_dat_o[30] (output port clocked by wb_clk_i)
Path Group: wb_clk_i
Path Type: min

Fanout         Cap        Slew       Delay        Time   Description
---------------------------------------------------------------------------------------------
                                  0.000000    0.000000   clock wb_clk_i (rise edge)
                                  0.000000    0.000000   clock source latency
     2    0.024579    0.087030    0.060746    0.060746 ^ wb_clk_i (in)
                                                         wb_clk_i (net)
                      0.087170    0.000000    0.060746 ^ clkbuf_0_wb_clk_i/A (sky130_fd_sc_hd__clkbuf_16)
    17    0.111708    0.098028    0.149081    0.209827 ^ clkbuf_0_wb_clk_i/X (sky130_fd_sc_hd__clkbuf_16)
                                                         clknet_0_wb_clk_i (net)
                      0.098586    0.005951    0.215778 ^ clkbuf_3_0__f_wb_clk_i/A (sky130_fd_sc_hd__clkbuf_16)
    13    0.043628    0.048139    0.116392    0.332170 ^ clkbuf_3_0__f_wb_clk_i/X (sky130_fd_sc_hd__clkbuf_16)
                                                         clknet_3_0__leaf_wb_clk_i (net)
                      0.048510    0.003231    0.335401 ^ _701_/CLK (sky130_fd_sc_hd__dfrtp_1)
     1    0.002683    0.031010    0.201157    0.536558 ^ _701_/Q (sky130_fd_sc_hd__dfrtp_1)
                                                         net60 (net)
                      0.031010    0.000173    0.536731 ^ output60/A (sky130_fd_sc_hd__buf_2)
     1    0.034318    0.128485    0.136693    0.673423 ^ output60/X (sky130_fd_sc_hd__buf_2)
                                                         wb_dat_o[30] (net)
                      0.128514    0.001613    0.675036 ^ wb_dat_o[30] (out)
                                              0.675036   data arrival time

                                  0.000000    0.000000   clock wb_clk_i (rise edge)
                                  0.000000    0.000000   clock network delay (propagated)
                                  0.250000    0.250000   clock uncertainty
                                  0.000000    0.250000   clock reconvergence pessimism
                                 -5.000000   -4.750000   output external delay
                                             -4.750000   data required time
---------------------------------------------------------------------------------------------
                                             -4.750000   data required time
                                             -0.675036   data arrival time
---------------------------------------------------------------------------------------------
                                              5.425036   slack (MET)


Startpoint: _681_ (rising edge-triggered flip-flop clocked by wb_clk_i)
Endpoint: wb_dat_o[10] (output port clocked by wb_clk_i)
Path Group: wb_clk_i
Path Type: min

Fanout         Cap        Slew       Delay        Time   Description
---------------------------------------------------------------------------------------------
                                  0.000000    0.000000   clock wb_clk_i (rise edge)
                                  0.000000    0.000000   clock source latency
     2    0.024579    0.087030    0.060746    0.060746 ^ wb_clk_i (in)
                                                         wb_clk_i (net)
                      0.087170    0.000000    0.060746 ^ clkbuf_0_wb_clk_i/A (sky130_fd_sc_hd__clkbuf_16)
    17    0.111708    0.098028    0.149081    0.209827 ^ clkbuf_0_wb_clk_i/X (sky130_fd_sc_hd__clkbuf_16)
                                                         clknet_0_wb_clk_i (net)
                      0.098336    0.004468    0.214295 ^ clkbuf_3_6__f_wb_clk_i/A (sky130_fd_sc_hd__clkbuf_16)
    10    0.045967    0.049824    0.117870    0.332165 ^ clkbuf_3_6__f_wb_clk_i/X (sky130_fd_sc_hd__clkbuf_16)
                                                         clknet_3_6__leaf_wb_clk_i (net)
                      0.049939    0.001417    0.333582 ^ _681_/CLK (sky130_fd_sc_hd__dfrtp_1)
     1    0.002836    0.031863    0.202460    0.536042 ^ _681_/Q (sky130_fd_sc_hd__dfrtp_1)
                                                         net38 (net)
                      0.031863    0.000184    0.536226 ^ output38/A (sky130_fd_sc_hd__buf_2)
     1    0.034407    0.128416    0.137151    0.673377 ^ output38/X (sky130_fd_sc_hd__buf_2)
                                                         wb_dat_o[10] (net)
                      0.128449    0.001714    0.675091 ^ wb_dat_o[10] (out)
                                              0.675091   data arrival time

                                  0.000000    0.000000   clock wb_clk_i (rise edge)
                                  0.000000    0.000000   clock network delay (propagated)
                                  0.250000    0.250000   clock uncertainty
                                  0.000000    0.250000   clock reconvergence pessimism
                                 -5.000000   -4.750000   output external delay
                                             -4.750000   data required time
---------------------------------------------------------------------------------------------
                                             -4.750000   data required time
                                             -0.675091   data arrival time
---------------------------------------------------------------------------------------------
                                              5.425092   slack (MET)


Startpoint: _679_ (rising edge-triggered flip-flop clocked by wb_clk_i)
Endpoint: wb_dat_o[8] (output port clocked by wb_clk_i)
Path Group: wb_clk_i
Path Type: min

Fanout         Cap        Slew       Delay        Time   Description
---------------------------------------------------------------------------------------------
                                  0.000000    0.000000   clock wb_clk_i (rise edge)
                                  0.000000    0.000000   clock source latency
     2    0.024579    0.087030    0.060746    0.060746 ^ wb_clk_i (in)
                                                         wb_clk_i (net)
                      0.087170    0.000000    0.060746 ^ clkbuf_0_wb_clk_i/A (sky130_fd_sc_hd__clkbuf_16)
    17    0.111708    0.098028    0.149081    0.209827 ^ clkbuf_0_wb_clk_i/X (sky130_fd_sc_hd__clkbuf_16)
                                                         clknet_0_wb_clk_i (net)
                      0.098783    0.006892    0.216719 ^ clkbuf_3_5__f_wb_clk_i/A (sky130_fd_sc_hd__clkbuf_16)
    14    0.046268    0.050010    0.117714    0.334433 ^ clkbuf_3_5__f_wb_clk_i/X (sky130_fd_sc_hd__clkbuf_16)
                                                         clknet_3_5__leaf_wb_clk_i (net)
                      0.050239    0.002517    0.336950 ^ _679_/CLK (sky130_fd_sc_hd__dfrtp_1)
     1    0.002366    0.029299    0.199868    0.536819 ^ _679_/Q (sky130_fd_sc_hd__dfrtp_1)
                                                         net67 (net)
                      0.029299    0.000170    0.536988 ^ output67/A (sky130_fd_sc_hd__buf_2)
     1    0.034614    0.129159    0.136912    0.673901 ^ output67/X (sky130_fd_sc_hd__buf_2)
                                                         wb_dat_o[8] (net)
                      0.129191    0.001694    0.675595 ^ wb_dat_o[8] (out)
                                              0.675595   data arrival time

                                  0.000000    0.000000   clock wb_clk_i (rise edge)
                                  0.000000    0.000000   clock network delay (propagated)
                                  0.250000    0.250000   clock uncertainty
                                  0.000000    0.250000   clock reconvergence pessimism
                                 -5.000000   -4.750000   output external delay
                                             -4.750000   data required time
---------------------------------------------------------------------------------------------
                                             -4.750000   data required time
                                             -0.675595   data arrival time
---------------------------------------------------------------------------------------------
                                              5.425595   slack (MET)


Startpoint: _677_ (rising edge-triggered flip-flop clocked by wb_clk_i)
Endpoint: wb_dat_o[6] (output port clocked by wb_clk_i)
Path Group: wb_clk_i
Path Type: min

Fanout         Cap        Slew       Delay        Time   Description
---------------------------------------------------------------------------------------------
                                  0.000000    0.000000   clock wb_clk_i (rise edge)
                                  0.000000    0.000000   clock source latency
     2    0.024579    0.087030    0.060746    0.060746 ^ wb_clk_i (in)
                                                         wb_clk_i (net)
                      0.087170    0.000000    0.060746 ^ clkbuf_0_wb_clk_i/A (sky130_fd_sc_hd__clkbuf_16)
    17    0.111708    0.098028    0.149081    0.209827 ^ clkbuf_0_wb_clk_i/X (sky130_fd_sc_hd__clkbuf_16)
                                                         clknet_0_wb_clk_i (net)
                      0.098487    0.005415    0.215242 ^ clkbuf_3_1__f_wb_clk_i/A (sky130_fd_sc_hd__clkbuf_16)
    15    0.046245    0.050051    0.118227    0.333469 ^ clkbuf_3_1__f_wb_clk_i/X (sky130_fd_sc_hd__clkbuf_16)
                                                         clknet_3_1__leaf_wb_clk_i (net)
                      0.050280    0.002395    0.335864 ^ _677_/CLK (sky130_fd_sc_hd__dfrtp_1)
     1    0.002505    0.030039    0.200676    0.536540 ^ _677_/Q (sky130_fd_sc_hd__dfrtp_1)
                                                         net65 (net)
                      0.030042    0.000176    0.536717 ^ output65/A (sky130_fd_sc_hd__buf_2)
     1    0.034624    0.129184    0.137061    0.673778 ^ output65/X (sky130_fd_sc_hd__buf_2)
                                                         wb_dat_o[6] (net)
                      0.129222    0.001834    0.675612 ^ wb_dat_o[6] (out)
                                              0.675612   data arrival time

                                  0.000000    0.000000   clock wb_clk_i (rise edge)
                                  0.000000    0.000000   clock network delay (propagated)
                                  0.250000    0.250000   clock uncertainty
                                  0.000000    0.250000   clock reconvergence pessimism
                                 -5.000000   -4.750000   output external delay
                                             -4.750000   data required time
---------------------------------------------------------------------------------------------
                                             -4.750000   data required time
                                             -0.675612   data arrival time
---------------------------------------------------------------------------------------------
                                              5.425612   slack (MET)


Startpoint: _686_ (rising edge-triggered flip-flop clocked by wb_clk_i)
Endpoint: wb_dat_o[15] (output port clocked by wb_clk_i)
Path Group: wb_clk_i
Path Type: min

Fanout         Cap        Slew       Delay        Time   Description
---------------------------------------------------------------------------------------------
                                  0.000000    0.000000   clock wb_clk_i (rise edge)
                                  0.000000    0.000000   clock source latency
     2    0.024579    0.087030    0.060746    0.060746 ^ wb_clk_i (in)
                                                         wb_clk_i (net)
                      0.087170    0.000000    0.060746 ^ clkbuf_0_wb_clk_i/A (sky130_fd_sc_hd__clkbuf_16)
    17    0.111708    0.098028    0.149081    0.209827 ^ clkbuf_0_wb_clk_i/X (sky130_fd_sc_hd__clkbuf_16)
                                                         clknet_0_wb_clk_i (net)
                      0.098443    0.005161    0.214988 ^ clkbuf_3_7__f_wb_clk_i/A (sky130_fd_sc_hd__clkbuf_16)
    13    0.043379    0.047916    0.116045    0.331032 ^ clkbuf_3_7__f_wb_clk_i/X (sky130_fd_sc_hd__clkbuf_16)
                                                         clknet_3_7__leaf_wb_clk_i (net)
                      0.048165    0.002524    0.333557 ^ _686_/CLK (sky130_fd_sc_hd__dfrtp_1)
     1    0.003169    0.033741    0.203813    0.537370 ^ _686_/Q (sky130_fd_sc_hd__dfrtp_1)
                                                         net43 (net)
                      0.033741    0.000203    0.537572 ^ output43/A (sky130_fd_sc_hd__buf_2)
     1    0.034176    0.127597    0.137202    0.674774 ^ output43/X (sky130_fd_sc_hd__buf_2)
                                                         wb_dat_o[15] (net)
                      0.127628    0.001648    0.676422 ^ wb_dat_o[15] (out)
                                              0.676422   data arrival time

                                  0.000000    0.000000   clock wb_clk_i (rise edge)
                                  0.000000    0.000000   clock network delay (propagated)
                                  0.250000    0.250000   clock uncertainty
                                  0.000000    0.250000   clock reconvergence pessimism
                                 -5.000000   -4.750000   output external delay
                                             -4.750000   data required time
---------------------------------------------------------------------------------------------
                                             -4.750000   data required time
                                             -0.676422   data arrival time
---------------------------------------------------------------------------------------------
                                              5.426422   slack (MET)


Startpoint: _671_ (rising edge-triggered flip-flop clocked by wb_clk_i)
Endpoint: wb_dat_o[0] (output port clocked by wb_clk_i)
Path Group: wb_clk_i
Path Type: min

Fanout         Cap        Slew       Delay        Time   Description
---------------------------------------------------------------------------------------------
                                  0.000000    0.000000   clock wb_clk_i (rise edge)
                                  0.000000    0.000000   clock source latency
     2    0.024579    0.087030    0.060746    0.060746 ^ wb_clk_i (in)
                                                         wb_clk_i (net)
                      0.087170    0.000000    0.060746 ^ clkbuf_0_wb_clk_i/A (sky130_fd_sc_hd__clkbuf_16)
    17    0.111708    0.098028    0.149081    0.209827 ^ clkbuf_0_wb_clk_i/X (sky130_fd_sc_hd__clkbuf_16)
                                                         clknet_0_wb_clk_i (net)
                      0.098617    0.006108    0.215935 ^ clkbuf_3_4__f_wb_clk_i/A (sky130_fd_sc_hd__clkbuf_16)
    12    0.046104    0.049929    0.117812    0.333747 ^ clkbuf_3_4__f_wb_clk_i/X (sky130_fd_sc_hd__clkbuf_16)
                                                         clknet_3_4__leaf_wb_clk_i (net)
                      0.050215    0.002881    0.336628 ^ _671_/CLK (sky130_fd_sc_hd__dfrtp_1)
     1    0.002833    0.031844    0.202530    0.539158 ^ _671_/Q (sky130_fd_sc_hd__dfrtp_1)
                                                         net37 (net)
                      0.031844    0.000176    0.539334 ^ output37/A (sky130_fd_sc_hd__buf_2)
     1    0.034055    0.127172    0.136346    0.675681 ^ output37/X (sky130_fd_sc_hd__buf_2)
                                                         wb_dat_o[0] (net)
                      0.127203    0.001624    0.677305 ^ wb_dat_o[0] (out)
                                              0.677305   data arrival time

                                  0.000000    0.000000   clock wb_clk_i (rise edge)
                                  0.000000    0.000000   clock network delay (propagated)
                                  0.250000    0.250000   clock uncertainty
                                  0.000000    0.250000   clock reconvergence pessimism
                                 -5.000000   -4.750000   output external delay
                                             -4.750000   data required time
---------------------------------------------------------------------------------------------
                                             -4.750000   data required time
                                             -0.677305   data arrival time
---------------------------------------------------------------------------------------------
                                              5.427305   slack (MET)


Startpoint: _676_ (rising edge-triggered flip-flop clocked by wb_clk_i)
Endpoint: wb_dat_o[5] (output port clocked by wb_clk_i)
Path Group: wb_clk_i
Path Type: min

Fanout         Cap        Slew       Delay        Time   Description
---------------------------------------------------------------------------------------------
                                  0.000000    0.000000   clock wb_clk_i (rise edge)
                                  0.000000    0.000000   clock source latency
     2    0.024579    0.087030    0.060746    0.060746 ^ wb_clk_i (in)
                                                         wb_clk_i (net)
                      0.087170    0.000000    0.060746 ^ clkbuf_0_wb_clk_i/A (sky130_fd_sc_hd__clkbuf_16)
    17    0.111708    0.098028    0.149081    0.209827 ^ clkbuf_0_wb_clk_i/X (sky130_fd_sc_hd__clkbuf_16)
                                                         clknet_0_wb_clk_i (net)
                      0.098783    0.006892    0.216719 ^ clkbuf_3_5__f_wb_clk_i/A (sky130_fd_sc_hd__clkbuf_16)
    14    0.046268    0.050010    0.117714    0.334433 ^ clkbuf_3_5__f_wb_clk_i/X (sky130_fd_sc_hd__clkbuf_16)
                                                         clknet_3_5__leaf_wb_clk_i (net)
                      0.050213    0.002361    0.336793 ^ _676_/CLK (sky130_fd_sc_hd__dfrtp_1)
     1    0.002675    0.030968    0.201627    0.538420 ^ _676_/Q (sky130_fd_sc_hd__dfrtp_1)
                                                         net64 (net)
                      0.030968    0.000174    0.538594 ^ output64/A (sky130_fd_sc_hd__buf_2)
     1    0.034471    0.128651    0.137084    0.675678 ^ output64/X (sky130_fd_sc_hd__buf_2)
                                                         wb_dat_o[5] (net)
                      0.128683    0.001669    0.677346 ^ wb_dat_o[5] (out)
                                              0.677346   data arrival time

                                  0.000000    0.000000   clock wb_clk_i (rise edge)
                                  0.000000    0.000000   clock network delay (propagated)
                                  0.250000    0.250000   clock uncertainty
                                  0.000000    0.250000   clock reconvergence pessimism
                                 -5.000000   -4.750000   output external delay
                                             -4.750000   data required time
---------------------------------------------------------------------------------------------
                                             -4.750000   data required time
                                             -0.677346   data arrival time
---------------------------------------------------------------------------------------------
                                              5.427347   slack (MET)


Startpoint: _674_ (rising edge-triggered flip-flop clocked by wb_clk_i)
Endpoint: wb_dat_o[3] (output port clocked by wb_clk_i)
Path Group: wb_clk_i
Path Type: min

Fanout         Cap        Slew       Delay        Time   Description
---------------------------------------------------------------------------------------------
                                  0.000000    0.000000   clock wb_clk_i (rise edge)
                                  0.000000    0.000000   clock source latency
     2    0.024579    0.087030    0.060746    0.060746 ^ wb_clk_i (in)
                                                         wb_clk_i (net)
                      0.087170    0.000000    0.060746 ^ clkbuf_0_wb_clk_i/A (sky130_fd_sc_hd__clkbuf_16)
    17    0.111708    0.098028    0.149081    0.209827 ^ clkbuf_0_wb_clk_i/X (sky130_fd_sc_hd__clkbuf_16)
                                                         clknet_0_wb_clk_i (net)
                      0.098783    0.006892    0.216719 ^ clkbuf_3_5__f_wb_clk_i/A (sky130_fd_sc_hd__clkbuf_16)
    14    0.046268    0.050010    0.117714    0.334433 ^ clkbuf_3_5__f_wb_clk_i/X (sky130_fd_sc_hd__clkbuf_16)
                                                         clknet_3_5__leaf_wb_clk_i (net)
                      0.050364    0.003194    0.337626 ^ _674_/CLK (sky130_fd_sc_hd__dfrtp_1)
     1    0.002618    0.030659    0.201335    0.538962 ^ _674_/Q (sky130_fd_sc_hd__dfrtp_1)
                                                         net62 (net)
                      0.030659    0.000192    0.539153 ^ output62/A (sky130_fd_sc_hd__buf_2)
     1    0.034513    0.128799    0.137082    0.676235 ^ output62/X (sky130_fd_sc_hd__buf_2)
                                                         wb_dat_o[3] (net)
                      0.128831    0.001686    0.677921 ^ wb_dat_o[3] (out)
                                              0.677921   data arrival time

                                  0.000000    0.000000   clock wb_clk_i (rise edge)
                                  0.000000    0.000000   clock network delay (propagated)
                                  0.250000    0.250000   clock uncertainty
                                  0.000000    0.250000   clock reconvergence pessimism
                                 -5.000000   -4.750000   output external delay
                                             -4.750000   data required time
---------------------------------------------------------------------------------------------
                                             -4.750000   data required time
                                             -0.677921   data arrival time
---------------------------------------------------------------------------------------------
                                              5.427921   slack (MET)


Startpoint: _699_ (rising edge-triggered flip-flop clocked by wb_clk_i)
Endpoint: wb_dat_o[28] (output port clocked by wb_clk_i)
Path Group: wb_clk_i
Path Type: min

Fanout         Cap        Slew       Delay        Time   Description
---------------------------------------------------------------------------------------------
                                  0.000000    0.000000   clock wb_clk_i (rise edge)
                                  0.000000    0.000000   clock source latency
     2    0.024579    0.087030    0.060746    0.060746 ^ wb_clk_i (in)
                                                         wb_clk_i (net)
                      0.087170    0.000000    0.060746 ^ clkbuf_0_wb_clk_i/A (sky130_fd_sc_hd__clkbuf_16)
    17    0.111708    0.098028    0.149081    0.209827 ^ clkbuf_0_wb_clk_i/X (sky130_fd_sc_hd__clkbuf_16)
                                                         clknet_0_wb_clk_i (net)
                      0.098487    0.005415    0.215242 ^ clkbuf_3_1__f_wb_clk_i/A (sky130_fd_sc_hd__clkbuf_16)
    15    0.046245    0.050051    0.118227    0.333469 ^ clkbuf_3_1__f_wb_clk_i/X (sky130_fd_sc_hd__clkbuf_16)
                                                         clknet_3_1__leaf_wb_clk_i (net)
                      0.050211    0.001879    0.335348 ^ _699_/CLK (sky130_fd_sc_hd__dfrtp_1)
     1    0.003511    0.035676    0.206388    0.541736 ^ _699_/Q (sky130_fd_sc_hd__dfrtp_1)
                                                         net57 (net)
                      0.035676    0.000206    0.541942 ^ output57/A (sky130_fd_sc_hd__buf_2)
     1    0.034124    0.127402    0.137621    0.679563 ^ output57/X (sky130_fd_sc_hd__buf_2)
                                                         wb_dat_o[28] (net)
                      0.127435    0.001702    0.681265 ^ wb_dat_o[28] (out)
                                              0.681265   data arrival time

                                  0.000000    0.000000   clock wb_clk_i (rise edge)
                                  0.000000    0.000000   clock network delay (propagated)
                                  0.250000    0.250000   clock uncertainty
                                  0.000000    0.250000   clock reconvergence pessimism
                                 -5.000000   -4.750000   output external delay
                                             -4.750000   data required time
---------------------------------------------------------------------------------------------
                                             -4.750000   data required time
                                             -0.681265   data arrival time
---------------------------------------------------------------------------------------------
                                              5.431265   slack (MET)


Startpoint: _683_ (rising edge-triggered flip-flop clocked by wb_clk_i)
Endpoint: wb_dat_o[12] (output port clocked by wb_clk_i)
Path Group: wb_clk_i
Path Type: min

Fanout         Cap        Slew       Delay        Time   Description
---------------------------------------------------------------------------------------------
                                  0.000000    0.000000   clock wb_clk_i (rise edge)
                                  0.000000    0.000000   clock source latency
     2    0.024579    0.087030    0.060746    0.060746 ^ wb_clk_i (in)
                                                         wb_clk_i (net)
                      0.087170    0.000000    0.060746 ^ clkbuf_0_wb_clk_i/A (sky130_fd_sc_hd__clkbuf_16)
    17    0.111708    0.098028    0.149081    0.209827 ^ clkbuf_0_wb_clk_i/X (sky130_fd_sc_hd__clkbuf_16)
                                                         clknet_0_wb_clk_i (net)
                      0.098443    0.005161    0.214988 ^ clkbuf_3_7__f_wb_clk_i/A (sky130_fd_sc_hd__clkbuf_16)
    13    0.043379    0.047916    0.116045    0.331032 ^ clkbuf_3_7__f_wb_clk_i/X (sky130_fd_sc_hd__clkbuf_16)
                                                         clknet_3_7__leaf_wb_clk_i (net)
                      0.048214    0.002789    0.333822 ^ _683_/CLK (sky130_fd_sc_hd__dfrtp_1)
     1    0.004474    0.033429    0.232782    0.566603 v _683_/Q (sky130_fd_sc_hd__dfrtp_1)
                                                         net40 (net)
                      0.033429    0.000328    0.566932 v output40/A (sky130_fd_sc_hd__buf_2)
     1    0.034741    0.063524    0.118360    0.685292 v output40/X (sky130_fd_sc_hd__buf_2)
                                                         wb_dat_o[12] (net)
                      0.063588    0.001797    0.687089 v wb_dat_o[12] (out)
                                              0.687089   data arrival time

                                  0.000000    0.000000   clock wb_clk_i (rise edge)
                                  0.000000    0.000000   clock network delay (propagated)
                                  0.250000    0.250000   clock uncertainty
                                  0.000000    0.250000   clock reconvergence pessimism
                                 -5.000000   -4.750000   output external delay
                                             -4.750000   data required time
---------------------------------------------------------------------------------------------
                                             -4.750000   data required time
                                             -0.687089   data arrival time
---------------------------------------------------------------------------------------------
                                              5.437089   slack (MET)


Startpoint: _698_ (rising edge-triggered flip-flop clocked by wb_clk_i)
Endpoint: wb_dat_o[27] (output port clocked by wb_clk_i)
Path Group: wb_clk_i
Path Type: min

Fanout         Cap        Slew       Delay        Time   Description
---------------------------------------------------------------------------------------------
                                  0.000000    0.000000   clock wb_clk_i (rise edge)
                                  0.000000    0.000000   clock source latency
     2    0.024579    0.087030    0.060746    0.060746 ^ wb_clk_i (in)
                                                         wb_clk_i (net)
                      0.087170    0.000000    0.060746 ^ clkbuf_0_wb_clk_i/A (sky130_fd_sc_hd__clkbuf_16)
    17    0.111708    0.098028    0.149081    0.209827 ^ clkbuf_0_wb_clk_i/X (sky130_fd_sc_hd__clkbuf_16)
                                                         clknet_0_wb_clk_i (net)
                      0.098487    0.005415    0.215242 ^ clkbuf_3_1__f_wb_clk_i/A (sky130_fd_sc_hd__clkbuf_16)
    15    0.046245    0.050051    0.118227    0.333469 ^ clkbuf_3_1__f_wb_clk_i/X (sky130_fd_sc_hd__clkbuf_16)
                                                         clknet_3_1__leaf_wb_clk_i (net)
                      0.050207    0.001852    0.335321 ^ _698_/CLK (sky130_fd_sc_hd__dfrtp_1)
     1    0.004852    0.034526    0.234777    0.570098 v _698_/Q (sky130_fd_sc_hd__dfrtp_1)
                                                         net56 (net)
                      0.034526    0.000275    0.570373 v output56/A (sky130_fd_sc_hd__buf_2)
     1    0.034135    0.062606    0.118105    0.688477 v output56/X (sky130_fd_sc_hd__buf_2)
                                                         wb_dat_o[27] (net)
                      0.062664    0.001699    0.690176 v wb_dat_o[27] (out)
                                              0.690176   data arrival time

                                  0.000000    0.000000   clock wb_clk_i (rise edge)
                                  0.000000    0.000000   clock network delay (propagated)
                                  0.250000    0.250000   clock uncertainty
                                  0.000000    0.250000   clock reconvergence pessimism
                                 -5.000000   -4.750000   output external delay
                                             -4.750000   data required time
---------------------------------------------------------------------------------------------
                                             -4.750000   data required time
                                             -0.690176   data arrival time
---------------------------------------------------------------------------------------------
                                              5.440176   slack (MET)


Startpoint: _687_ (rising edge-triggered flip-flop clocked by wb_clk_i)
Endpoint: wb_dat_o[16] (output port clocked by wb_clk_i)
Path Group: wb_clk_i
Path Type: min

Fanout         Cap        Slew       Delay        Time   Description
---------------------------------------------------------------------------------------------
                                  0.000000    0.000000   clock wb_clk_i (rise edge)
                                  0.000000    0.000000   clock source latency
     2    0.024579    0.087030    0.060746    0.060746 ^ wb_clk_i (in)
                                                         wb_clk_i (net)
                      0.087170    0.000000    0.060746 ^ clkbuf_0_wb_clk_i/A (sky130_fd_sc_hd__clkbuf_16)
    17    0.111708    0.098028    0.149081    0.209827 ^ clkbuf_0_wb_clk_i/X (sky130_fd_sc_hd__clkbuf_16)
                                                         clknet_0_wb_clk_i (net)
                      0.098586    0.005951    0.215778 ^ clkbuf_3_0__f_wb_clk_i/A (sky130_fd_sc_hd__clkbuf_16)
    13    0.043628    0.048139    0.116392    0.332170 ^ clkbuf_3_0__f_wb_clk_i/X (sky130_fd_sc_hd__clkbuf_16)
                                                         clknet_3_0__leaf_wb_clk_i (net)
                      0.048295    0.001991    0.334161 ^ _687_/CLK (sky130_fd_sc_hd__dfrtp_1)
     1    0.005539    0.036646    0.236626    0.570787 v _687_/Q (sky130_fd_sc_hd__dfrtp_1)
                                                         net44 (net)
                      0.036646    0.000418    0.571205 v output44/A (sky130_fd_sc_hd__buf_2)
     1    0.034094    0.062542    0.118917    0.690122 v output44/X (sky130_fd_sc_hd__buf_2)
                                                         wb_dat_o[16] (net)
                      0.062598    0.001683    0.691805 v wb_dat_o[16] (out)
                                              0.691805   data arrival time

                                  0.000000    0.000000   clock wb_clk_i (rise edge)
                                  0.000000    0.000000   clock network delay (propagated)
                                  0.250000    0.250000   clock uncertainty
                                  0.000000    0.250000   clock reconvergence pessimism
                                 -5.000000   -4.750000   output external delay
                                             -4.750000   data required time
---------------------------------------------------------------------------------------------
                                             -4.750000   data required time
                                             -0.691805   data arrival time
---------------------------------------------------------------------------------------------
                                              5.441805   slack (MET)


Startpoint: _703_ (rising edge-triggered flip-flop clocked by wb_clk_i)
Endpoint: wb_ack_o (output port clocked by wb_clk_i)
Path Group: wb_clk_i
Path Type: min

Fanout         Cap        Slew       Delay        Time   Description
---------------------------------------------------------------------------------------------
                                  0.000000    0.000000   clock wb_clk_i (rise edge)
                                  0.000000    0.000000   clock source latency
     2    0.024579    0.087030    0.060746    0.060746 ^ wb_clk_i (in)
                                                         wb_clk_i (net)
                      0.087170    0.000000    0.060746 ^ clkbuf_0_wb_clk_i/A (sky130_fd_sc_hd__clkbuf_16)
    17    0.111708    0.098028    0.149081    0.209827 ^ clkbuf_0_wb_clk_i/X (sky130_fd_sc_hd__clkbuf_16)
                                                         clknet_0_wb_clk_i (net)
                      0.098783    0.006892    0.216719 ^ clkbuf_3_5__f_wb_clk_i/A (sky130_fd_sc_hd__clkbuf_16)
    14    0.046268    0.050010    0.117714    0.334433 ^ clkbuf_3_5__f_wb_clk_i/X (sky130_fd_sc_hd__clkbuf_16)
                                                         clknet_3_5__leaf_wb_clk_i (net)
                      0.050545    0.004019    0.338452 ^ _703_/CLK (sky130_fd_sc_hd__dfrtp_1)
     2    0.005322    0.035964    0.236527    0.574979 v _703_/Q (sky130_fd_sc_hd__dfrtp_1)
                                                         net36 (net)
                      0.035964    0.000308    0.575287 v output36/A (sky130_fd_sc_hd__buf_2)
     1    0.036119    0.066034    0.120788    0.696076 v output36/X (sky130_fd_sc_hd__buf_2)
                                                         wb_ack_o (net)
                      0.066125    0.002167    0.698243 v wb_ack_o (out)
                                              0.698243   data arrival time

                                  0.000000    0.000000   clock wb_clk_i (rise edge)
                                  0.000000    0.000000   clock network delay (propagated)
                                  0.250000    0.250000   clock uncertainty
                                  0.000000    0.250000   clock reconvergence pessimism
                                 -5.000000   -4.750000   output external delay
                                             -4.750000   data required time
---------------------------------------------------------------------------------------------
                                             -4.750000   data required time
                                             -0.698243   data arrival time
---------------------------------------------------------------------------------------------
                                              5.448243   slack (MET)


Startpoint: _741_ (rising edge-triggered flip-flop clocked by wb_clk_i)
Endpoint: fsm_error (output port clocked by wb_clk_i)
Path Group: wb_clk_i
Path Type: min

Fanout         Cap        Slew       Delay        Time   Description
---------------------------------------------------------------------------------------------
                                  0.000000    0.000000   clock wb_clk_i (rise edge)
                                  0.000000    0.000000   clock source latency
     2    0.024579    0.087030    0.060746    0.060746 ^ wb_clk_i (in)
                                                         wb_clk_i (net)
                      0.087170    0.000000    0.060746 ^ clkbuf_0_wb_clk_i/A (sky130_fd_sc_hd__clkbuf_16)
    17    0.111708    0.098028    0.149081    0.209827 ^ clkbuf_0_wb_clk_i/X (sky130_fd_sc_hd__clkbuf_16)
                                                         clknet_0_wb_clk_i (net)
                      0.098617    0.006108    0.215935 ^ clkbuf_3_4__f_wb_clk_i/A (sky130_fd_sc_hd__clkbuf_16)
    12    0.046104    0.049929    0.117812    0.333747 ^ clkbuf_3_4__f_wb_clk_i/X (sky130_fd_sc_hd__clkbuf_16)
                                                         clknet_3_4__leaf_wb_clk_i (net)
                      0.050319    0.003420    0.337167 ^ _741_/CLK (sky130_fd_sc_hd__dfxtp_1)
     4    0.018143    0.063843    0.229788    0.566955 v _741_/Q (sky130_fd_sc_hd__dfxtp_1)
                                                         net28 (net)
                      0.063878    0.001367    0.568322 v output28/A (sky130_fd_sc_hd__buf_2)
     1    0.034119    0.062617    0.129906    0.698228 v output28/X (sky130_fd_sc_hd__buf_2)
                                                         fsm_error (net)
                      0.062674    0.001698    0.699926 v fsm_error (out)
                                              0.699926   data arrival time

                                  0.000000    0.000000   clock wb_clk_i (rise edge)
                                  0.000000    0.000000   clock network delay (propagated)
                                  0.250000    0.250000   clock uncertainty
                                  0.000000    0.250000   clock reconvergence pessimism
                                 -5.000000   -4.750000   output external delay
                                             -4.750000   data required time
---------------------------------------------------------------------------------------------
                                             -4.750000   data required time
                                             -0.699926   data arrival time
---------------------------------------------------------------------------------------------
                                              5.449926   slack (MET)


Startpoint: _689_ (rising edge-triggered flip-flop clocked by wb_clk_i)
Endpoint: wb_dat_o[18] (output port clocked by wb_clk_i)
Path Group: wb_clk_i
Path Type: min

Fanout         Cap        Slew       Delay        Time   Description
---------------------------------------------------------------------------------------------
                                  0.000000    0.000000   clock wb_clk_i (rise edge)
                                  0.000000    0.000000   clock source latency
     2    0.024579    0.087030    0.060746    0.060746 ^ wb_clk_i (in)
                                                         wb_clk_i (net)
                      0.087170    0.000000    0.060746 ^ clkbuf_0_wb_clk_i/A (sky130_fd_sc_hd__clkbuf_16)
    17    0.111708    0.098028    0.149081    0.209827 ^ clkbuf_0_wb_clk_i/X (sky130_fd_sc_hd__clkbuf_16)
                                                         clknet_0_wb_clk_i (net)
                      0.098361    0.004638    0.214465 ^ clkbuf_3_2__f_wb_clk_i/A (sky130_fd_sc_hd__clkbuf_16)
    14    0.046331    0.050086    0.118056    0.332521 ^ clkbuf_3_2__f_wb_clk_i/X (sky130_fd_sc_hd__clkbuf_16)
                                                         clknet_3_2__leaf_wb_clk_i (net)
                      0.050377    0.002733    0.335254 ^ _689_/CLK (sky130_fd_sc_hd__dfrtp_1)
     1    0.008490    0.046609    0.247884    0.583138 v _689_/Q (sky130_fd_sc_hd__dfrtp_1)
                                                         net46 (net)
                      0.046615    0.000559    0.583697 v output46/A (sky130_fd_sc_hd__buf_2)
     1    0.034121    0.062587    0.122930    0.706627 v output46/X (sky130_fd_sc_hd__buf_2)
                                                         wb_dat_o[18] (net)
                      0.062644    0.001698    0.708325 v wb_dat_o[18] (out)
                                              0.708325   data arrival time

                                  0.000000    0.000000   clock wb_clk_i (rise edge)
                                  0.000000    0.000000   clock network delay (propagated)
                                  0.250000    0.250000   clock uncertainty
                                  0.000000    0.250000   clock reconvergence pessimism
                                 -5.000000   -4.750000   output external delay
                                             -4.750000   data required time
---------------------------------------------------------------------------------------------
                                             -4.750000   data required time
                                             -0.708325   data arrival time
---------------------------------------------------------------------------------------------
                                              5.458324   slack (MET)


Startpoint: _690_ (rising edge-triggered flip-flop clocked by wb_clk_i)
Endpoint: wb_dat_o[19] (output port clocked by wb_clk_i)
Path Group: wb_clk_i
Path Type: min

Fanout         Cap        Slew       Delay        Time   Description
---------------------------------------------------------------------------------------------
                                  0.000000    0.000000   clock wb_clk_i (rise edge)
                                  0.000000    0.000000   clock source latency
     2    0.024579    0.087030    0.060746    0.060746 ^ wb_clk_i (in)
                                                         wb_clk_i (net)
                      0.087170    0.000000    0.060746 ^ clkbuf_0_wb_clk_i/A (sky130_fd_sc_hd__clkbuf_16)
    17    0.111708    0.098028    0.149081    0.209827 ^ clkbuf_0_wb_clk_i/X (sky130_fd_sc_hd__clkbuf_16)
                                                         clknet_0_wb_clk_i (net)
                      0.098361    0.004638    0.214465 ^ clkbuf_3_2__f_wb_clk_i/A (sky130_fd_sc_hd__clkbuf_16)
    14    0.046331    0.050086    0.118056    0.332521 ^ clkbuf_3_2__f_wb_clk_i/X (sky130_fd_sc_hd__clkbuf_16)
                                                         clknet_3_2__leaf_wb_clk_i (net)
                      0.050285    0.002129    0.334650 ^ _690_/CLK (sky130_fd_sc_hd__dfrtp_1)
     1    0.010194    0.051516    0.253903    0.588553 v _690_/Q (sky130_fd_sc_hd__dfrtp_1)
                                                         net47 (net)
                      0.051530    0.000833    0.589386 v output47/A (sky130_fd_sc_hd__buf_2)
     1    0.035331    0.064808    0.126150    0.715536 v output47/X (sky130_fd_sc_hd__buf_2)
                                                         wb_dat_o[19] (net)
                      0.064888    0.002023    0.717559 v wb_dat_o[19] (out)
                                              0.717559   data arrival time

                                  0.000000    0.000000   clock wb_clk_i (rise edge)
                                  0.000000    0.000000   clock network delay (propagated)
                                  0.250000    0.250000   clock uncertainty
                                  0.000000    0.250000   clock reconvergence pessimism
                                 -5.000000   -4.750000   output external delay
                                             -4.750000   data required time
---------------------------------------------------------------------------------------------
                                             -4.750000   data required time
                                             -0.717559   data arrival time
---------------------------------------------------------------------------------------------
                                              5.467558   slack (MET)


Startpoint: _735_ (rising edge-triggered flip-flop clocked by wb_clk_i)
Endpoint: group_error (output port clocked by wb_clk_i)
Path Group: wb_clk_i
Path Type: min

Fanout         Cap        Slew       Delay        Time   Description
---------------------------------------------------------------------------------------------
                                  0.000000    0.000000   clock wb_clk_i (rise edge)
                                  0.000000    0.000000   clock source latency
     2    0.024579    0.087030    0.060746    0.060746 ^ wb_clk_i (in)
                                                         wb_clk_i (net)
                      0.087170    0.000000    0.060746 ^ clkbuf_0_wb_clk_i/A (sky130_fd_sc_hd__clkbuf_16)
    17    0.111708    0.098028    0.149081    0.209827 ^ clkbuf_0_wb_clk_i/X (sky130_fd_sc_hd__clkbuf_16)
                                                         clknet_0_wb_clk_i (net)
                      0.098336    0.004468    0.214295 ^ clkbuf_3_6__f_wb_clk_i/A (sky130_fd_sc_hd__clkbuf_16)
    10    0.045967    0.049824    0.117870    0.332165 ^ clkbuf_3_6__f_wb_clk_i/X (sky130_fd_sc_hd__clkbuf_16)
                                                         clknet_3_6__leaf_wb_clk_i (net)
                      0.050121    0.002753    0.334918 ^ _735_/CLK (sky130_fd_sc_hd__dfxtp_1)
     4    0.023709    0.080484    0.242753    0.577670 v _735_/Q (sky130_fd_sc_hd__dfxtp_1)
                                                         net29 (net)
                      0.080543    0.001958    0.579628 v output29/A (sky130_fd_sc_hd__buf_2)
     1    0.034108    0.062637    0.136711    0.716340 v output29/X (sky130_fd_sc_hd__buf_2)
                                                         group_error (net)
                      0.062690    0.001640    0.717979 v group_error (out)
                                              0.717979   data arrival time

                                  0.000000    0.000000   clock wb_clk_i (rise edge)
                                  0.000000    0.000000   clock network delay (propagated)
                                  0.250000    0.250000   clock uncertainty
                                  0.000000    0.250000   clock reconvergence pessimism
                                 -5.000000   -4.750000   output external delay
                                             -4.750000   data required time
---------------------------------------------------------------------------------------------
                                             -4.750000   data required time
                                             -0.717979   data arrival time
---------------------------------------------------------------------------------------------
                                              5.467979   slack (MET)


Startpoint: _693_ (rising edge-triggered flip-flop clocked by wb_clk_i)
Endpoint: wb_dat_o[22] (output port clocked by wb_clk_i)
Path Group: wb_clk_i
Path Type: min

Fanout         Cap        Slew       Delay        Time   Description
---------------------------------------------------------------------------------------------
                                  0.000000    0.000000   clock wb_clk_i (rise edge)
                                  0.000000    0.000000   clock source latency
     2    0.024579    0.087030    0.060746    0.060746 ^ wb_clk_i (in)
                                                         wb_clk_i (net)
                      0.087170    0.000000    0.060746 ^ clkbuf_0_wb_clk_i/A (sky130_fd_sc_hd__clkbuf_16)
    17    0.111708    0.098028    0.149081    0.209827 ^ clkbuf_0_wb_clk_i/X (sky130_fd_sc_hd__clkbuf_16)
                                                         clknet_0_wb_clk_i (net)
                      0.098361    0.004638    0.214465 ^ clkbuf_3_2__f_wb_clk_i/A (sky130_fd_sc_hd__clkbuf_16)
    14    0.046331    0.050086    0.118056    0.332521 ^ clkbuf_3_2__f_wb_clk_i/X (sky130_fd_sc_hd__clkbuf_16)
                                                         clknet_3_2__leaf_wb_clk_i (net)
                      0.050292    0.002181    0.334702 ^ _693_/CLK (sky130_fd_sc_hd__dfrtp_1)
     1    0.010618    0.052063    0.255318    0.590020 v _693_/Q (sky130_fd_sc_hd__dfrtp_1)
                                                         net51 (net)
                      0.052086    0.001020    0.591040 v output51/A (sky130_fd_sc_hd__buf_2)
     1    0.036268    0.066245    0.127470    0.718510 v output51/X (sky130_fd_sc_hd__buf_2)
                                                         wb_dat_o[22] (net)
                      0.066332    0.002131    0.720641 v wb_dat_o[22] (out)
                                              0.720641   data arrival time

                                  0.000000    0.000000   clock wb_clk_i (rise edge)
                                  0.000000    0.000000   clock network delay (propagated)
                                  0.250000    0.250000   clock uncertainty
                                  0.000000    0.250000   clock reconvergence pessimism
                                 -5.000000   -4.750000   output external delay
                                             -4.750000   data required time
---------------------------------------------------------------------------------------------
                                             -4.750000   data required time
                                             -0.720641   data arrival time
---------------------------------------------------------------------------------------------
                                              5.470642   slack (MET)


Startpoint: _696_ (rising edge-triggered flip-flop clocked by wb_clk_i)
Endpoint: wb_dat_o[25] (output port clocked by wb_clk_i)
Path Group: wb_clk_i
Path Type: min

Fanout         Cap        Slew       Delay        Time   Description
---------------------------------------------------------------------------------------------
                                  0.000000    0.000000   clock wb_clk_i (rise edge)
                                  0.000000    0.000000   clock source latency
     2    0.024579    0.087030    0.060746    0.060746 ^ wb_clk_i (in)
                                                         wb_clk_i (net)
                      0.087170    0.000000    0.060746 ^ clkbuf_0_wb_clk_i/A (sky130_fd_sc_hd__clkbuf_16)
    17    0.111708    0.098028    0.149081    0.209827 ^ clkbuf_0_wb_clk_i/X (sky130_fd_sc_hd__clkbuf_16)
                                                         clknet_0_wb_clk_i (net)
                      0.098361    0.004638    0.214465 ^ clkbuf_3_2__f_wb_clk_i/A (sky130_fd_sc_hd__clkbuf_16)
    14    0.046331    0.050086    0.118056    0.332521 ^ clkbuf_3_2__f_wb_clk_i/X (sky130_fd_sc_hd__clkbuf_16)
                                                         clknet_3_2__leaf_wb_clk_i (net)
                      0.050264    0.001973    0.334494 ^ _696_/CLK (sky130_fd_sc_hd__dfrtp_1)
     1    0.012300    0.056846    0.260013    0.594508 v _696_/Q (sky130_fd_sc_hd__dfrtp_1)
                                                         net54 (net)
                      0.056883    0.001324    0.595832 v output54/A (sky130_fd_sc_hd__buf_2)
     1    0.034204    0.062723    0.127172    0.723004 v output54/X (sky130_fd_sc_hd__buf_2)
                                                         wb_dat_o[25] (net)
                      0.062780    0.001700    0.724703 v wb_dat_o[25] (out)
                                              0.724703   data arrival time

                                  0.000000    0.000000   clock wb_clk_i (rise edge)
                                  0.000000    0.000000   clock network delay (propagated)
                                  0.250000    0.250000   clock uncertainty
                                  0.000000    0.250000   clock reconvergence pessimism
                                 -5.000000   -4.750000   output external delay
                                             -4.750000   data required time
---------------------------------------------------------------------------------------------
                                             -4.750000   data required time
                                             -0.724703   data arrival time
---------------------------------------------------------------------------------------------
                                              5.474703   slack (MET)


Startpoint: _694_ (rising edge-triggered flip-flop clocked by wb_clk_i)
Endpoint: wb_dat_o[23] (output port clocked by wb_clk_i)
Path Group: wb_clk_i
Path Type: min

Fanout         Cap        Slew       Delay        Time   Description
---------------------------------------------------------------------------------------------
                                  0.000000    0.000000   clock wb_clk_i (rise edge)
                                  0.000000    0.000000   clock source latency
     2    0.024579    0.087030    0.060746    0.060746 ^ wb_clk_i (in)
                                                         wb_clk_i (net)
                      0.087170    0.000000    0.060746 ^ clkbuf_0_wb_clk_i/A (sky130_fd_sc_hd__clkbuf_16)
    17    0.111708    0.098028    0.149081    0.209827 ^ clkbuf_0_wb_clk_i/X (sky130_fd_sc_hd__clkbuf_16)
                                                         clknet_0_wb_clk_i (net)
                      0.098361    0.004638    0.214465 ^ clkbuf_3_2__f_wb_clk_i/A (sky130_fd_sc_hd__clkbuf_16)
    14    0.046331    0.050086    0.118056    0.332521 ^ clkbuf_3_2__f_wb_clk_i/X (sky130_fd_sc_hd__clkbuf_16)
                                                         clknet_3_2__leaf_wb_clk_i (net)
                      0.050293    0.002188    0.334709 ^ _694_/CLK (sky130_fd_sc_hd__dfrtp_1)
     1    0.012574    0.057661    0.260680    0.595388 v _694_/Q (sky130_fd_sc_hd__dfrtp_1)
                                                         net52 (net)
                      0.057703    0.001405    0.596793 v output52/A (sky130_fd_sc_hd__buf_2)
     1    0.036506    0.066603    0.130065    0.726858 v output52/X (sky130_fd_sc_hd__buf_2)
                                                         wb_dat_o[23] (net)
                      0.066688    0.002111    0.728970 v wb_dat_o[23] (out)
                                              0.728970   data arrival time

                                  0.000000    0.000000   clock wb_clk_i (rise edge)
                                  0.000000    0.000000   clock network delay (propagated)
                                  0.250000    0.250000   clock uncertainty
                                  0.000000    0.250000   clock reconvergence pessimism
                                 -5.000000   -4.750000   output external delay
                                             -4.750000   data required time
---------------------------------------------------------------------------------------------
                                             -4.750000   data required time
                                             -0.728970   data arrival time
---------------------------------------------------------------------------------------------
                                              5.478970   slack (MET)


Startpoint: _715_ (rising edge-triggered flip-flop clocked by wb_clk_i)
Endpoint: user_irq (output port clocked by wb_clk_i)
Path Group: wb_clk_i
Path Type: min

Fanout         Cap        Slew       Delay        Time   Description
---------------------------------------------------------------------------------------------
                                  0.000000    0.000000   clock wb_clk_i (rise edge)
                                  0.000000    0.000000   clock source latency
     2    0.024579    0.087030    0.060746    0.060746 ^ wb_clk_i (in)
                                                         wb_clk_i (net)
                      0.087170    0.000000    0.060746 ^ clkbuf_0_wb_clk_i/A (sky130_fd_sc_hd__clkbuf_16)
    17    0.111708    0.098028    0.149081    0.209827 ^ clkbuf_0_wb_clk_i/X (sky130_fd_sc_hd__clkbuf_16)
                                                         clknet_0_wb_clk_i (net)
                      0.098487    0.005415    0.215242 ^ clkbuf_3_1__f_wb_clk_i/A (sky130_fd_sc_hd__clkbuf_16)
    15    0.046245    0.050051    0.118227    0.333469 ^ clkbuf_3_1__f_wb_clk_i/X (sky130_fd_sc_hd__clkbuf_16)
                                                         clknet_3_1__leaf_wb_clk_i (net)
                      0.050309    0.002588    0.336057 ^ _715_/CLK (sky130_fd_sc_hd__dfrtp_1)
     3    0.011249    0.081724    0.243600    0.579657 ^ _715_/Q (sky130_fd_sc_hd__dfrtp_1)
                                                         sw_sticky_fsm_error (net)
                      0.081727    0.000591    0.580248 ^ _437_/A (sky130_fd_sc_hd__or3_1)
     1    0.006349    0.050313    0.091670    0.671918 ^ _437_/X (sky130_fd_sc_hd__or3_1)
                                                         net35 (net)
                      0.050317    0.000491    0.672409 ^ output35/A (sky130_fd_sc_hd__buf_2)
     1    0.034127    0.127761    0.142050    0.814459 ^ output35/X (sky130_fd_sc_hd__buf_2)
                                                         user_irq (net)
                      0.127792    0.001641    0.816100 ^ user_irq (out)
                                              0.816100   data arrival time

                                  0.000000    0.000000   clock wb_clk_i (rise edge)
                                  0.000000    0.000000   clock network delay (propagated)
                                  0.250000    0.250000   clock uncertainty
                                  0.000000    0.250000   clock reconvergence pessimism
                                 -5.000000   -4.750000   output external delay
                                             -4.750000   data required time
---------------------------------------------------------------------------------------------
                                             -4.750000   data required time
                                             -0.816100   data arrival time
---------------------------------------------------------------------------------------------
                                              5.566100   slack (MET)


Startpoint: _711_ (rising edge-triggered flip-flop clocked by wb_clk_i)
Endpoint: group_suspended (output port clocked by wb_clk_i)
Path Group: wb_clk_i
Path Type: min

Fanout         Cap        Slew       Delay        Time   Description
---------------------------------------------------------------------------------------------
                                  0.000000    0.000000   clock wb_clk_i (rise edge)
                                  0.000000    0.000000   clock source latency
     2    0.024579    0.087030    0.060746    0.060746 ^ wb_clk_i (in)
                                                         wb_clk_i (net)
                      0.087170    0.000000    0.060746 ^ clkbuf_0_wb_clk_i/A (sky130_fd_sc_hd__clkbuf_16)
    17    0.111708    0.098028    0.149081    0.209827 ^ clkbuf_0_wb_clk_i/X (sky130_fd_sc_hd__clkbuf_16)
                                                         clknet_0_wb_clk_i (net)
                      0.098487    0.005415    0.215242 ^ clkbuf_3_1__f_wb_clk_i/A (sky130_fd_sc_hd__clkbuf_16)
    15    0.046245    0.050051    0.118227    0.333469 ^ clkbuf_3_1__f_wb_clk_i/X (sky130_fd_sc_hd__clkbuf_16)
                                                         clknet_3_1__leaf_wb_clk_i (net)
                      0.050094    0.001342    0.334811 ^ _711_/CLK (sky130_fd_sc_hd__dfxtp_1)
     5    0.011511    0.087108    0.231816    0.566628 ^ _711_/Q (sky130_fd_sc_hd__dfxtp_1)
                                                         group_state_bits[2] (net)
                      0.087110    0.000571    0.567198 ^ _362_/C (sky130_fd_sc_hd__or4b_2)
     2    0.016496    0.078699    0.125441    0.692640 ^ _362_/X (sky130_fd_sc_hd__or4b_2)
                                                         _158_ (net)
                      0.078772    0.001420    0.694059 ^ _363_/A (sky130_fd_sc_hd__inv_2)
     1    0.007734    0.026322    0.025585    0.719644 v _363_/Y (sky130_fd_sc_hd__inv_2)
                                                         net30 (net)
                      0.026346    0.000634    0.720279 v output30/A (sky130_fd_sc_hd__buf_2)
     1    0.034231    0.062733    0.115000    0.835279 v output30/X (sky130_fd_sc_hd__buf_2)
                                                         group_suspended (net)
                      0.062786    0.001641    0.836920 v group_suspended (out)
                                              0.836920   data arrival time

                                  0.000000    0.000000   clock wb_clk_i (rise edge)
                                  0.000000    0.000000   clock network delay (propagated)
                                  0.250000    0.250000   clock uncertainty
                                  0.000000    0.250000   clock reconvergence pessimism
                                 -5.000000   -4.750000   output external delay
                                             -4.750000   data required time
---------------------------------------------------------------------------------------------
                                             -4.750000   data required time
                                             -0.836920   data arrival time
---------------------------------------------------------------------------------------------
                                              5.586920   slack (MET)


Startpoint: _743_ (rising edge-triggered flip-flop clocked by wb_clk_i)
Endpoint: debug_enable (output port clocked by wb_clk_i)
Path Group: wb_clk_i
Path Type: min

Fanout         Cap        Slew       Delay        Time   Description
---------------------------------------------------------------------------------------------
                                  0.000000    0.000000   clock wb_clk_i (rise edge)
                                  0.000000    0.000000   clock source latency
     2    0.024579    0.087030    0.060746    0.060746 ^ wb_clk_i (in)
                                                         wb_clk_i (net)
                      0.087170    0.000000    0.060746 ^ clkbuf_0_wb_clk_i/A (sky130_fd_sc_hd__clkbuf_16)
    17    0.111708    0.098028    0.149081    0.209827 ^ clkbuf_0_wb_clk_i/X (sky130_fd_sc_hd__clkbuf_16)
                                                         clknet_0_wb_clk_i (net)
                      0.098336    0.004468    0.214295 ^ clkbuf_3_6__f_wb_clk_i/A (sky130_fd_sc_hd__clkbuf_16)
    10    0.045967    0.049824    0.117870    0.332165 ^ clkbuf_3_6__f_wb_clk_i/X (sky130_fd_sc_hd__clkbuf_16)
                                                         clknet_3_6__leaf_wb_clk_i (net)
                      0.050036    0.002208    0.334373 ^ _743_/CLK (sky130_fd_sc_hd__dfxtp_1)
     4    0.021488    0.074067    0.237507    0.571879 v _743_/Q (sky130_fd_sc_hd__dfxtp_1)
                                                         u_system.u_global.state[2] (net)
                      0.074086    0.001148    0.573028 v _334_/A (sky130_fd_sc_hd__inv_2)
     6    0.028286    0.101470    0.104919    0.677947 ^ _334_/Y (sky130_fd_sc_hd__inv_2)
                                                         _139_ (net)
                      0.101503    0.001525    0.679471 ^ _359_/A (sky130_fd_sc_hd__nor3_4)
     9    0.034412    0.054985    0.058968    0.738439 v _359_/Y (sky130_fd_sc_hd__nor3_4)
                                                         net27 (net)
                      0.055019    0.001041    0.739480 v output27/A (sky130_fd_sc_hd__buf_2)
     1    0.033981    0.062366    0.126206    0.865686 v output27/X (sky130_fd_sc_hd__buf_2)
                                                         debug_enable (net)
                      0.062416    0.001601    0.867287 v debug_enable (out)
                                              0.867287   data arrival time

                                  0.000000    0.000000   clock wb_clk_i (rise edge)
                                  0.000000    0.000000   clock network delay (propagated)
                                  0.250000    0.250000   clock uncertainty
                                  0.000000    0.250000   clock reconvergence pessimism
                                 -5.000000   -4.750000   output external delay
                                             -4.750000   data required time
---------------------------------------------------------------------------------------------
                                             -4.750000   data required time
                                             -0.867287   data arrival time
---------------------------------------------------------------------------------------------
                                              5.617287   slack (MET)


Startpoint: _709_ (rising edge-triggered flip-flop clocked by wb_clk_i)
Endpoint: group_unlocked (output port clocked by wb_clk_i)
Path Group: wb_clk_i
Path Type: min

Fanout         Cap        Slew       Delay        Time   Description
---------------------------------------------------------------------------------------------
                                  0.000000    0.000000   clock wb_clk_i (rise edge)
                                  0.000000    0.000000   clock source latency
     2    0.024579    0.087030    0.060746    0.060746 ^ wb_clk_i (in)
                                                         wb_clk_i (net)
                      0.087170    0.000000    0.060746 ^ clkbuf_0_wb_clk_i/A (sky130_fd_sc_hd__clkbuf_16)
    17    0.111708    0.098028    0.149081    0.209827 ^ clkbuf_0_wb_clk_i/X (sky130_fd_sc_hd__clkbuf_16)
                                                         clknet_0_wb_clk_i (net)
                      0.098487    0.005415    0.215242 ^ clkbuf_3_1__f_wb_clk_i/A (sky130_fd_sc_hd__clkbuf_16)
    15    0.046245    0.050051    0.118227    0.333469 ^ clkbuf_3_1__f_wb_clk_i/X (sky130_fd_sc_hd__clkbuf_16)
                                                         clknet_3_1__leaf_wb_clk_i (net)
                      0.050084    0.001218    0.334687 ^ _709_/CLK (sky130_fd_sc_hd__dfxtp_1)
     5    0.013590    0.101319    0.241524    0.576211 ^ _709_/Q (sky130_fd_sc_hd__dfxtp_1)
                                                         group_state_bits[0] (net)
                      0.101325    0.000852    0.577064 ^ _360_/A (sky130_fd_sc_hd__or4b_4)
     5    0.023538    0.059085    0.123885    0.700948 ^ _360_/X (sky130_fd_sc_hd__or4b_4)
                                                         _157_ (net)
                      0.059180    0.002074    0.703022 ^ _361_/A (sky130_fd_sc_hd__inv_2)
     4    0.019751    0.037550    0.042550    0.745572 v _361_/Y (sky130_fd_sc_hd__inv_2)
                                                         net31 (net)
                      0.037599    0.001091    0.746663 v output31/A (sky130_fd_sc_hd__buf_2)
     1    0.034434    0.063024    0.119809    0.866472 v output31/X (sky130_fd_sc_hd__buf_2)
                                                         group_unlocked (net)
                      0.063074    0.001596    0.868068 v group_unlocked (out)
                                              0.868068   data arrival time

                                  0.000000    0.000000   clock wb_clk_i (rise edge)
                                  0.000000    0.000000   clock network delay (propagated)
                                  0.250000    0.250000   clock uncertainty
                                  0.000000    0.250000   clock reconvergence pessimism
                                 -5.000000   -4.750000   output external delay
                                             -4.750000   data required time
---------------------------------------------------------------------------------------------
                                             -4.750000   data required time
                                             -0.868068   data arrival time
---------------------------------------------------------------------------------------------
                                              5.618068   slack (MET)


Startpoint: _743_ (rising edge-triggered flip-flop clocked by wb_clk_i)
Endpoint: unlock_enable (output port clocked by wb_clk_i)
Path Group: wb_clk_i
Path Type: min

Fanout         Cap        Slew       Delay        Time   Description
---------------------------------------------------------------------------------------------
                                  0.000000    0.000000   clock wb_clk_i (rise edge)
                                  0.000000    0.000000   clock source latency
     2    0.024579    0.087030    0.060746    0.060746 ^ wb_clk_i (in)
                                                         wb_clk_i (net)
                      0.087170    0.000000    0.060746 ^ clkbuf_0_wb_clk_i/A (sky130_fd_sc_hd__clkbuf_16)
    17    0.111708    0.098028    0.149081    0.209827 ^ clkbuf_0_wb_clk_i/X (sky130_fd_sc_hd__clkbuf_16)
                                                         clknet_0_wb_clk_i (net)
                      0.098336    0.004468    0.214295 ^ clkbuf_3_6__f_wb_clk_i/A (sky130_fd_sc_hd__clkbuf_16)
    10    0.045967    0.049824    0.117870    0.332165 ^ clkbuf_3_6__f_wb_clk_i/X (sky130_fd_sc_hd__clkbuf_16)
                                                         clknet_3_6__leaf_wb_clk_i (net)
                      0.050036    0.002208    0.334373 ^ _743_/CLK (sky130_fd_sc_hd__dfxtp_1)
     4    0.021488    0.074067    0.237507    0.571879 v _743_/Q (sky130_fd_sc_hd__dfxtp_1)
                                                         u_system.u_global.state[2] (net)
                      0.074086    0.001148    0.573028 v _334_/A (sky130_fd_sc_hd__inv_2)
     6    0.028286    0.101470    0.104919    0.677947 ^ _334_/Y (sky130_fd_sc_hd__inv_2)
                                                         _139_ (net)
                      0.101503    0.001525    0.679471 ^ _359_/A (sky130_fd_sc_hd__nor3_4)
     9    0.034412    0.054985    0.058968    0.738439 v _359_/Y (sky130_fd_sc_hd__nor3_4)
                                                         net27 (net)
                      0.055019    0.001039    0.739478 v _767_/A (sky130_fd_sc_hd__clkbuf_1)
     1    0.002515    0.017694    0.065046    0.804523 v _767_/X (sky130_fd_sc_hd__clkbuf_1)
                                                         net34 (net)
                      0.017696    0.000171    0.804694 v output34/A (sky130_fd_sc_hd__buf_2)
     1    0.034079    0.062468    0.111606    0.916300 v output34/X (sky130_fd_sc_hd__buf_2)
                                                         unlock_enable (net)
                      0.062520    0.001617    0.917917 v unlock_enable (out)
                                              0.917917   data arrival time

                                  0.000000    0.000000   clock wb_clk_i (rise edge)
                                  0.000000    0.000000   clock network delay (propagated)
                                  0.250000    0.250000   clock uncertainty
                                  0.000000    0.250000   clock reconvergence pessimism
                                 -5.000000   -4.750000   output external delay
                                             -4.750000   data required time
---------------------------------------------------------------------------------------------
                                             -4.750000   data required time
                                             -0.917917   data arrival time
---------------------------------------------------------------------------------------------
                                              5.667917   slack (MET)


Startpoint: _718_ (rising edge-triggered flip-flop clocked by wb_clk_i)
Endpoint: safe_led (output port clocked by wb_clk_i)
Path Group: wb_clk_i
Path Type: min

Fanout         Cap        Slew       Delay        Time   Description
---------------------------------------------------------------------------------------------
                                  0.000000    0.000000   clock wb_clk_i (rise edge)
                                  0.000000    0.000000   clock source latency
     2    0.024579    0.087030    0.060746    0.060746 ^ wb_clk_i (in)
                                                         wb_clk_i (net)
                      0.087170    0.000000    0.060746 ^ clkbuf_0_wb_clk_i/A (sky130_fd_sc_hd__clkbuf_16)
    17    0.111708    0.098028    0.149081    0.209827 ^ clkbuf_0_wb_clk_i/X (sky130_fd_sc_hd__clkbuf_16)
                                                         clknet_0_wb_clk_i (net)
                      0.098336    0.004468    0.214295 ^ clkbuf_3_6__f_wb_clk_i/A (sky130_fd_sc_hd__clkbuf_16)
    10    0.045967    0.049824    0.117870    0.332165 ^ clkbuf_3_6__f_wb_clk_i/X (sky130_fd_sc_hd__clkbuf_16)
                                                         clknet_3_6__leaf_wb_clk_i (net)
                      0.050119    0.002743    0.334908 ^ _718_/CLK (sky130_fd_sc_hd__dfxtp_1)
     4    0.009580    0.074076    0.222710    0.557618 ^ _718_/Q (sky130_fd_sc_hd__dfxtp_1)
                                                         u_system.u_global.state[4] (net)
                      0.074077    0.000379    0.557997 ^ _352_/B (sky130_fd_sc_hd__and3b_1)
     4    0.012517    0.100106    0.146058    0.704055 ^ _352_/X (sky130_fd_sc_hd__and3b_1)
                                                         _155_ (net)
                      0.100107    0.000502    0.704557 ^ _353_/B (sky130_fd_sc_hd__or2_2)
     9    0.035147    0.140372    0.163460    0.868018 ^ _353_/X (sky130_fd_sc_hd__or2_2)
                                                         net32 (net)
                      0.140411    0.001940    0.869958 ^ output32/A (sky130_fd_sc_hd__buf_2)
     1    0.034471    0.128624    0.161564    1.031522 ^ output32/X (sky130_fd_sc_hd__buf_2)
                                                         safe_led (net)
                      0.128697    0.001669    1.033190 ^ safe_led (out)
                                              1.033190   data arrival time

                                  0.000000    0.000000   clock wb_clk_i (rise edge)
                                  0.000000    0.000000   clock network delay (propagated)
                                  0.250000    0.250000   clock uncertainty
                                  0.000000    0.250000   clock reconvergence pessimism
                                 -5.000000   -4.750000   output external delay
                                             -4.750000   data required time
---------------------------------------------------------------------------------------------
                                             -4.750000   data required time
                                             -1.033190   data arrival time
---------------------------------------------------------------------------------------------
                                              5.783190   slack (MET)


Startpoint: _718_ (rising edge-triggered flip-flop clocked by wb_clk_i)
Endpoint: security_breach (output port clocked by wb_clk_i)
Path Group: wb_clk_i
Path Type: min

Fanout         Cap        Slew       Delay        Time   Description
---------------------------------------------------------------------------------------------
                                  0.000000    0.000000   clock wb_clk_i (rise edge)
                                  0.000000    0.000000   clock source latency
     2    0.024579    0.087030    0.060746    0.060746 ^ wb_clk_i (in)
                                                         wb_clk_i (net)
                      0.087170    0.000000    0.060746 ^ clkbuf_0_wb_clk_i/A (sky130_fd_sc_hd__clkbuf_16)
    17    0.111708    0.098028    0.149081    0.209827 ^ clkbuf_0_wb_clk_i/X (sky130_fd_sc_hd__clkbuf_16)
                                                         clknet_0_wb_clk_i (net)
                      0.098336    0.004468    0.214295 ^ clkbuf_3_6__f_wb_clk_i/A (sky130_fd_sc_hd__clkbuf_16)
    10    0.045967    0.049824    0.117870    0.332165 ^ clkbuf_3_6__f_wb_clk_i/X (sky130_fd_sc_hd__clkbuf_16)
                                                         clknet_3_6__leaf_wb_clk_i (net)
                      0.050119    0.002743    0.334908 ^ _718_/CLK (sky130_fd_sc_hd__dfxtp_1)
     4    0.009580    0.074076    0.222710    0.557618 ^ _718_/Q (sky130_fd_sc_hd__dfxtp_1)
                                                         u_system.u_global.state[4] (net)
                      0.074077    0.000379    0.557997 ^ _352_/B (sky130_fd_sc_hd__and3b_1)
     4    0.012517    0.100106    0.146058    0.704055 ^ _352_/X (sky130_fd_sc_hd__and3b_1)
                                                         _155_ (net)
                      0.100107    0.000502    0.704557 ^ _353_/B (sky130_fd_sc_hd__or2_2)
     9    0.035147    0.140372    0.163460    0.868018 ^ _353_/X (sky130_fd_sc_hd__or2_2)
                                                         net32 (net)
                      0.140536    0.003924    0.871941 ^ _766_/A (sky130_fd_sc_hd__clkbuf_1)
     1    0.002642    0.032242    0.059618    0.931560 ^ _766_/X (sky130_fd_sc_hd__clkbuf_1)
                                                         net33 (net)
                      0.032243    0.000174    0.931734 ^ output33/A (sky130_fd_sc_hd__buf_2)
     1    0.034974    0.130422    0.138584    1.070318 ^ output33/X (sky130_fd_sc_hd__buf_2)
                                                         security_breach (net)
                      0.130460    0.001844    1.072162 ^ security_breach (out)
                                              1.072162   data arrival time

                                  0.000000    0.000000   clock wb_clk_i (rise edge)
                                  0.000000    0.000000   clock network delay (propagated)
                                  0.250000    0.250000   clock uncertainty
                                  0.000000    0.250000   clock reconvergence pessimism
                                 -5.000000   -4.750000   output external delay
                                             -4.750000   data required time
---------------------------------------------------------------------------------------------
                                             -4.750000   data required time
                                             -1.072162   data arrival time
---------------------------------------------------------------------------------------------
                                              5.822162   slack (MET)



