
===========================================================================
report_checks -path_delay max (Setup)
============================================================================
======================= max_ss_100C_1v60 Corner ===================================

Startpoint: _432_ (rising edge-triggered flip-flop clocked by clk)
Endpoint: unlock_enable (output port clocked by clk)
Path Group: clk
Path Type: max

Fanout         Cap        Slew       Delay        Time   Description
---------------------------------------------------------------------------------------------
                                  0.000000    0.000000   clock clk (rise edge)
                                  0.000000    0.000000   clock source latency
     1    0.019539    0.146837    0.100504    0.100504 ^ clk (in)
                                                         clk (net)
                      0.146870    0.000000    0.100504 ^ clkbuf_0_clk/A (sky130_fd_sc_hd__clkbuf_16)
     4    0.042376    0.096839    0.287799    0.388303 ^ clkbuf_0_clk/X (sky130_fd_sc_hd__clkbuf_16)
                                                         clknet_0_clk (net)
                      0.096942    0.001680    0.389983 ^ clkbuf_2_3__f_clk/A (sky130_fd_sc_hd__clkbuf_16)
    14    0.046259    0.102193    0.268796    0.658779 ^ clkbuf_2_3__f_clk/X (sky130_fd_sc_hd__clkbuf_16)
                                                         clknet_2_3__leaf_clk (net)
                      0.102242    0.002013    0.660792 ^ _432_/CLK (sky130_fd_sc_hd__dfxtp_1)
     4    0.009302    0.156531    0.708659    1.369451 ^ _432_/Q (sky130_fd_sc_hd__dfxtp_1)
                                                         net21 (net)
                      0.156531    0.000435    1.369885 ^ hold11/A (sky130_fd_sc_hd__dlygate4sd3_1)
     1    0.004704    0.116638    1.103444    2.473330 ^ hold11/X (sky130_fd_sc_hd__dlygate4sd3_1)
                                                         net93 (net)
                      0.118018    0.000218    2.473548 ^ _211_/A (sky130_fd_sc_hd__inv_2)
     6    0.020392    0.093285    0.131368    2.604917 v _211_/Y (sky130_fd_sc_hd__inv_2)
                                                         _053_ (net)
                      0.093341    0.001227    2.606143 v _227_/B (sky130_fd_sc_hd__or3b_2)
     4    0.015703    0.244220    1.169505    3.775648 v _227_/X (sky130_fd_sc_hd__or3b_2)
                                                         _065_ (net)
                      0.244221    0.001039    3.776688 v _228_/A (sky130_fd_sc_hd__inv_2)
     8    0.043139    0.320620    0.349289    4.125976 ^ _228_/Y (sky130_fd_sc_hd__inv_2)
                                                         net16 (net)
                      0.320650    0.002618    4.128594 ^ _487_/A (sky130_fd_sc_hd__clkbuf_1)
     1    0.002482    0.069722    0.236386    4.364981 ^ _487_/X (sky130_fd_sc_hd__clkbuf_1)
                                                         net76 (net)
                      0.069722    0.000162    4.365142 ^ output76/A (sky130_fd_sc_hd__buf_2)
     1    0.034639    0.275098    0.344628    4.709770 ^ output76/X (sky130_fd_sc_hd__buf_2)
                                                         unlock_enable (net)
                      0.275104    0.001690    4.711460 ^ unlock_enable (out)
                                              4.711460   data arrival time

                                 25.000000   25.000000   clock clk (rise edge)
                                  0.000000   25.000000   clock network delay (propagated)
                                 -0.250000   24.750000   clock uncertainty
                                  0.000000   24.750000   clock reconvergence pessimism
                                 -5.000000   19.750000   output external delay
                                             19.750000   data required time
---------------------------------------------------------------------------------------------
                                             19.750000   data required time
                                             -4.711460   data arrival time
---------------------------------------------------------------------------------------------
                                             15.038540   slack (MET)


Startpoint: _432_ (rising edge-triggered flip-flop clocked by clk)
Endpoint: global_state_authorized (output port clocked by clk)
Path Group: clk
Path Type: max

Fanout         Cap        Slew       Delay        Time   Description
---------------------------------------------------------------------------------------------
                                  0.000000    0.000000   clock clk (rise edge)
                                  0.000000    0.000000   clock source latency
     1    0.019539    0.146837    0.100504    0.100504 ^ clk (in)
                                                         clk (net)
                      0.146870    0.000000    0.100504 ^ clkbuf_0_clk/A (sky130_fd_sc_hd__clkbuf_16)
     4    0.042376    0.096839    0.287799    0.388303 ^ clkbuf_0_clk/X (sky130_fd_sc_hd__clkbuf_16)
                                                         clknet_0_clk (net)
                      0.096942    0.001680    0.389983 ^ clkbuf_2_3__f_clk/A (sky130_fd_sc_hd__clkbuf_16)
    14    0.046259    0.102193    0.268796    0.658779 ^ clkbuf_2_3__f_clk/X (sky130_fd_sc_hd__clkbuf_16)
                                                         clknet_2_3__leaf_clk (net)
                      0.102242    0.002013    0.660792 ^ _432_/CLK (sky130_fd_sc_hd__dfxtp_1)
     4    0.009302    0.156531    0.708659    1.369451 ^ _432_/Q (sky130_fd_sc_hd__dfxtp_1)
                                                         net21 (net)
                      0.156531    0.000435    1.369885 ^ hold11/A (sky130_fd_sc_hd__dlygate4sd3_1)
     1    0.004704    0.116638    1.103444    2.473330 ^ hold11/X (sky130_fd_sc_hd__dlygate4sd3_1)
                                                         net93 (net)
                      0.118018    0.000218    2.473548 ^ _211_/A (sky130_fd_sc_hd__inv_2)
     6    0.020392    0.093285    0.131368    2.604917 v _211_/Y (sky130_fd_sc_hd__inv_2)
                                                         _053_ (net)
                      0.093341    0.001227    2.606143 v _227_/B (sky130_fd_sc_hd__or3b_2)
     4    0.015703    0.244220    1.169505    3.775648 v _227_/X (sky130_fd_sc_hd__or3b_2)
                                                         _065_ (net)
                      0.244221    0.001039    3.776688 v _228_/A (sky130_fd_sc_hd__inv_2)
     8    0.043139    0.320620    0.349289    4.125976 ^ _228_/Y (sky130_fd_sc_hd__inv_2)
                                                         net16 (net)
                      0.320653    0.002740    4.128716 ^ _482_/A (sky130_fd_sc_hd__clkbuf_1)
     1    0.001904    0.060502    0.228475    4.357192 ^ _482_/X (sky130_fd_sc_hd__clkbuf_1)
                                                         net18 (net)
                      0.060502    0.000087    4.357279 ^ output18/A (sky130_fd_sc_hd__buf_2)
     1    0.034630    0.275018    0.340354    4.697633 ^ output18/X (sky130_fd_sc_hd__buf_2)
                                                         global_state_authorized (net)
                      0.275024    0.001691    4.699323 ^ global_state_authorized (out)
                                              4.699323   data arrival time

                                 25.000000   25.000000   clock clk (rise edge)
                                  0.000000   25.000000   clock network delay (propagated)
                                 -0.250000   24.750000   clock uncertainty
                                  0.000000   24.750000   clock reconvergence pessimism
                                 -5.000000   19.750000   output external delay
                                             19.750000   data required time
---------------------------------------------------------------------------------------------
                                             19.750000   data required time
                                             -4.699323   data arrival time
---------------------------------------------------------------------------------------------
                                             15.050675   slack (MET)


Startpoint: _432_ (rising edge-triggered flip-flop clocked by clk)
Endpoint: debug_enable (output port clocked by clk)
Path Group: clk
Path Type: max

Fanout         Cap        Slew       Delay        Time   Description
---------------------------------------------------------------------------------------------
                                  0.000000    0.000000   clock clk (rise edge)
                                  0.000000    0.000000   clock source latency
     1    0.019539    0.146837    0.100504    0.100504 ^ clk (in)
                                                         clk (net)
                      0.146870    0.000000    0.100504 ^ clkbuf_0_clk/A (sky130_fd_sc_hd__clkbuf_16)
     4    0.042376    0.096839    0.287799    0.388303 ^ clkbuf_0_clk/X (sky130_fd_sc_hd__clkbuf_16)
                                                         clknet_0_clk (net)
                      0.096942    0.001680    0.389983 ^ clkbuf_2_3__f_clk/A (sky130_fd_sc_hd__clkbuf_16)
    14    0.046259    0.102193    0.268796    0.658779 ^ clkbuf_2_3__f_clk/X (sky130_fd_sc_hd__clkbuf_16)
                                                         clknet_2_3__leaf_clk (net)
                      0.102242    0.002013    0.660792 ^ _432_/CLK (sky130_fd_sc_hd__dfxtp_1)
     4    0.009302    0.156531    0.708659    1.369451 ^ _432_/Q (sky130_fd_sc_hd__dfxtp_1)
                                                         net21 (net)
                      0.156531    0.000435    1.369885 ^ hold11/A (sky130_fd_sc_hd__dlygate4sd3_1)
     1    0.004704    0.116638    1.103444    2.473330 ^ hold11/X (sky130_fd_sc_hd__dlygate4sd3_1)
                                                         net93 (net)
                      0.118018    0.000218    2.473548 ^ _211_/A (sky130_fd_sc_hd__inv_2)
     6    0.020392    0.093285    0.131368    2.604917 v _211_/Y (sky130_fd_sc_hd__inv_2)
                                                         _053_ (net)
                      0.093341    0.001227    2.606143 v _227_/B (sky130_fd_sc_hd__or3b_2)
     4    0.015703    0.244220    1.169505    3.775648 v _227_/X (sky130_fd_sc_hd__or3b_2)
                                                         _065_ (net)
                      0.244221    0.001039    3.776688 v _228_/A (sky130_fd_sc_hd__inv_2)
     8    0.043139    0.320620    0.349289    4.125976 ^ _228_/Y (sky130_fd_sc_hd__inv_2)
                                                         net16 (net)
                      0.320705    0.004361    4.130337 ^ output16/A (sky130_fd_sc_hd__buf_2)
     1    0.034172    0.272380    0.451908    4.582245 ^ output16/X (sky130_fd_sc_hd__buf_2)
                                                         debug_enable (net)
                      0.272386    0.001695    4.583940 ^ debug_enable (out)
                                              4.583940   data arrival time

                                 25.000000   25.000000   clock clk (rise edge)
                                  0.000000   25.000000   clock network delay (propagated)
                                 -0.250000   24.750000   clock uncertainty
                                  0.000000   24.750000   clock reconvergence pessimism
                                 -5.000000   19.750000   output external delay
                                             19.750000   data required time
---------------------------------------------------------------------------------------------
                                             19.750000   data required time
                                             -4.583940   data arrival time
---------------------------------------------------------------------------------------------
                                             15.166059   slack (MET)


Startpoint: _431_ (rising edge-triggered flip-flop clocked by clk)
Endpoint: global_state_locked (output port clocked by clk)
Path Group: clk
Path Type: max

Fanout         Cap        Slew       Delay        Time   Description
---------------------------------------------------------------------------------------------
                                  0.000000    0.000000   clock clk (rise edge)
                                  0.000000    0.000000   clock source latency
     1    0.019539    0.146837    0.100504    0.100504 ^ clk (in)
                                                         clk (net)
                      0.146870    0.000000    0.100504 ^ clkbuf_0_clk/A (sky130_fd_sc_hd__clkbuf_16)
     4    0.042376    0.096839    0.287799    0.388303 ^ clkbuf_0_clk/X (sky130_fd_sc_hd__clkbuf_16)
                                                         clknet_0_clk (net)
                      0.096943    0.001697    0.390000 ^ clkbuf_2_2__f_clk/A (sky130_fd_sc_hd__clkbuf_16)
    13    0.045420    0.100882    0.267956    0.657956 ^ clkbuf_2_2__f_clk/X (sky130_fd_sc_hd__clkbuf_16)
                                                         clknet_2_2__leaf_clk (net)
                      0.100935    0.002047    0.660003 ^ _431_/CLK (sky130_fd_sc_hd__dfxtp_2)
     7    0.026072    0.220533    0.787172    1.447174 ^ _431_/Q (sky130_fd_sc_hd__dfxtp_2)
                                                         net20 (net)
                      0.220544    0.001825    1.448999 ^ hold8/A (sky130_fd_sc_hd__dlygate4sd3_1)
     1    0.006766    0.144965    1.153313    2.602313 ^ hold8/X (sky130_fd_sc_hd__dlygate4sd3_1)
                                                         net90 (net)
                      0.144965    0.000531    2.602844 ^ _212_/A (sky130_fd_sc_hd__inv_2)
     4    0.013030    0.071199    0.118593    2.721437 v _212_/Y (sky130_fd_sc_hd__inv_2)
                                                         _054_ (net)
                      0.071201    0.000486    2.721923 v _230_/B (sky130_fd_sc_hd__or3_2)
     4    0.017117    0.253331    1.198418    3.920341 v _230_/X (sky130_fd_sc_hd__or3_2)
                                                         _067_ (net)
                      0.253333    0.001194    3.921535 v _231_/A (sky130_fd_sc_hd__inv_2)
     4    0.019618    0.160212    0.236379    4.157914 ^ _231_/Y (sky130_fd_sc_hd__inv_2)
                                                         net26 (net)
                      0.160223    0.001473    4.159387 ^ output26/A (sky130_fd_sc_hd__buf_2)
     1    0.033989    0.270426    0.383572    4.542959 ^ output26/X (sky130_fd_sc_hd__buf_2)
                                                         global_state_locked (net)
                      0.270431    0.001605    4.544564 ^ global_state_locked (out)
                                              4.544564   data arrival time

                                 25.000000   25.000000   clock clk (rise edge)
                                  0.000000   25.000000   clock network delay (propagated)
                                 -0.250000   24.750000   clock uncertainty
                                  0.000000   24.750000   clock reconvergence pessimism
                                 -5.000000   19.750000   output external delay
                                             19.750000   data required time
---------------------------------------------------------------------------------------------
                                             19.750000   data required time
                                             -4.544564   data arrival time
---------------------------------------------------------------------------------------------
                                             15.205436   slack (MET)


Startpoint: _481_ (rising edge-triggered flip-flop clocked by clk)
Endpoint: security_breach (output port clocked by clk)
Path Group: clk
Path Type: max

Fanout         Cap        Slew       Delay        Time   Description
---------------------------------------------------------------------------------------------
                                  0.000000    0.000000   clock clk (rise edge)
                                  0.000000    0.000000   clock source latency
     1    0.019539    0.146837    0.100504    0.100504 ^ clk (in)
                                                         clk (net)
                      0.146870    0.000000    0.100504 ^ clkbuf_0_clk/A (sky130_fd_sc_hd__clkbuf_16)
     4    0.042376    0.096839    0.287799    0.388303 ^ clkbuf_0_clk/X (sky130_fd_sc_hd__clkbuf_16)
                                                         clknet_0_clk (net)
                      0.096942    0.001680    0.389983 ^ clkbuf_2_3__f_clk/A (sky130_fd_sc_hd__clkbuf_16)
    14    0.046259    0.102193    0.268796    0.658779 ^ clkbuf_2_3__f_clk/X (sky130_fd_sc_hd__clkbuf_16)
                                                         clknet_2_3__leaf_clk (net)
                      0.102256    0.002224    0.661003 ^ _481_/CLK (sky130_fd_sc_hd__dfxtp_2)
     8    0.024804    0.124575    0.696897    1.357900 v _481_/Q (sky130_fd_sc_hd__dfxtp_2)
                                                         net23 (net)
                      0.124584    0.001146    1.359046 v _223_/A (sky130_fd_sc_hd__or2_1)
     3    0.007302    0.135664    0.567990    1.927037 v _223_/X (sky130_fd_sc_hd__or2_1)
                                                         _062_ (net)
                      0.135664    0.000220    1.927257 v _224_/C (sky130_fd_sc_hd__or4b_2)
     3    0.011807    0.279771    1.590770    3.518027 v _224_/X (sky130_fd_sc_hd__or4b_2)
                                                         _063_ (net)
                      0.279771    0.000635    3.518662 v _225_/A (sky130_fd_sc_hd__inv_2)
     4    0.017279    0.156611    0.233523    3.752185 ^ _225_/Y (sky130_fd_sc_hd__inv_2)
                                                         net27 (net)
                      0.156620    0.001246    3.753432 ^ _237_/A (sky130_fd_sc_hd__or2_1)
     2    0.004615    0.089308    0.221025    3.974456 ^ _237_/X (sky130_fd_sc_hd__or2_1)
                                                         net72 (net)
                      0.089308    0.000303    3.974759 ^ _486_/A (sky130_fd_sc_hd__clkbuf_1)
     1    0.002106    0.060839    0.149183    4.123942 ^ _486_/X (sky130_fd_sc_hd__clkbuf_1)
                                                         net73 (net)
                      0.060839    0.000151    4.124092 ^ output73/A (sky130_fd_sc_hd__buf_2)
     1    0.034030    0.270559    0.337367    4.461460 ^ output73/X (sky130_fd_sc_hd__buf_2)
                                                         security_breach (net)
                      0.270564    0.001619    4.463078 ^ security_breach (out)
                                              4.463078   data arrival time

                                 25.000000   25.000000   clock clk (rise edge)
                                  0.000000   25.000000   clock network delay (propagated)
                                 -0.250000   24.750000   clock uncertainty
                                  0.000000   24.750000   clock reconvergence pessimism
                                 -5.000000   19.750000   output external delay
                                             19.750000   data required time
---------------------------------------------------------------------------------------------
                                             19.750000   data required time
                                             -4.463078   data arrival time
---------------------------------------------------------------------------------------------
                                             15.286921   slack (MET)


Startpoint: _481_ (rising edge-triggered flip-flop clocked by clk)
Endpoint: safe_led (output port clocked by clk)
Path Group: clk
Path Type: max

Fanout         Cap        Slew       Delay        Time   Description
---------------------------------------------------------------------------------------------
                                  0.000000    0.000000   clock clk (rise edge)
                                  0.000000    0.000000   clock source latency
     1    0.019539    0.146837    0.100504    0.100504 ^ clk (in)
                                                         clk (net)
                      0.146870    0.000000    0.100504 ^ clkbuf_0_clk/A (sky130_fd_sc_hd__clkbuf_16)
     4    0.042376    0.096839    0.287799    0.388303 ^ clkbuf_0_clk/X (sky130_fd_sc_hd__clkbuf_16)
                                                         clknet_0_clk (net)
                      0.096942    0.001680    0.389983 ^ clkbuf_2_3__f_clk/A (sky130_fd_sc_hd__clkbuf_16)
    14    0.046259    0.102193    0.268796    0.658779 ^ clkbuf_2_3__f_clk/X (sky130_fd_sc_hd__clkbuf_16)
                                                         clknet_2_3__leaf_clk (net)
                      0.102256    0.002224    0.661003 ^ _481_/CLK (sky130_fd_sc_hd__dfxtp_2)
     8    0.024804    0.124575    0.696897    1.357900 v _481_/Q (sky130_fd_sc_hd__dfxtp_2)
                                                         net23 (net)
                      0.124584    0.001146    1.359046 v _223_/A (sky130_fd_sc_hd__or2_1)
     3    0.007302    0.135664    0.567990    1.927037 v _223_/X (sky130_fd_sc_hd__or2_1)
                                                         _062_ (net)
                      0.135664    0.000220    1.927257 v _224_/C (sky130_fd_sc_hd__or4b_2)
     3    0.011807    0.279771    1.590770    3.518027 v _224_/X (sky130_fd_sc_hd__or4b_2)
                                                         _063_ (net)
                      0.279771    0.000635    3.518662 v _225_/A (sky130_fd_sc_hd__inv_2)
     4    0.017279    0.156611    0.233523    3.752185 ^ _225_/Y (sky130_fd_sc_hd__inv_2)
                                                         net27 (net)
                      0.156620    0.001246    3.753432 ^ _237_/A (sky130_fd_sc_hd__or2_1)
     2    0.004615    0.089308    0.221025    3.974456 ^ _237_/X (sky130_fd_sc_hd__or2_1)
                                                         net72 (net)
                      0.089308    0.000289    3.974745 ^ output72/A (sky130_fd_sc_hd__buf_2)
     1    0.034124    0.271302    0.350999    4.325744 ^ output72/X (sky130_fd_sc_hd__buf_2)
                                                         safe_led (net)
                      0.271308    0.001646    4.327389 ^ safe_led (out)
                                              4.327389   data arrival time

                                 25.000000   25.000000   clock clk (rise edge)
                                  0.000000   25.000000   clock network delay (propagated)
                                 -0.250000   24.750000   clock uncertainty
                                  0.000000   24.750000   clock reconvergence pessimism
                                 -5.000000   19.750000   output external delay
                                             19.750000   data required time
---------------------------------------------------------------------------------------------
                                             19.750000   data required time
                                             -4.327389   data arrival time
---------------------------------------------------------------------------------------------
                                             15.422611   slack (MET)


Startpoint: _481_ (rising edge-triggered flip-flop clocked by clk)
Endpoint: global_state_boot (output port clocked by clk)
Path Group: clk
Path Type: max

Fanout         Cap        Slew       Delay        Time   Description
---------------------------------------------------------------------------------------------
                                  0.000000    0.000000   clock clk (rise edge)
                                  0.000000    0.000000   clock source latency
     1    0.019539    0.146837    0.100504    0.100504 ^ clk (in)
                                                         clk (net)
                      0.146870    0.000000    0.100504 ^ clkbuf_0_clk/A (sky130_fd_sc_hd__clkbuf_16)
     4    0.042376    0.096839    0.287799    0.388303 ^ clkbuf_0_clk/X (sky130_fd_sc_hd__clkbuf_16)
                                                         clknet_0_clk (net)
                      0.096942    0.001680    0.389983 ^ clkbuf_2_3__f_clk/A (sky130_fd_sc_hd__clkbuf_16)
    14    0.046259    0.102193    0.268796    0.658779 ^ clkbuf_2_3__f_clk/X (sky130_fd_sc_hd__clkbuf_16)
                                                         clknet_2_3__leaf_clk (net)
                      0.102256    0.002224    0.661003 ^ _481_/CLK (sky130_fd_sc_hd__dfxtp_2)
     8    0.024804    0.124575    0.696897    1.357900 v _481_/Q (sky130_fd_sc_hd__dfxtp_2)
                                                         net23 (net)
                      0.124584    0.001146    1.359046 v _223_/A (sky130_fd_sc_hd__or2_1)
     3    0.007302    0.135664    0.567990    1.927037 v _223_/X (sky130_fd_sc_hd__or2_1)
                                                         _062_ (net)
                      0.135664    0.000348    1.927384 v _229_/B (sky130_fd_sc_hd__or2_1)
     3    0.006962    0.133734    0.531153    2.458537 v _229_/X (sky130_fd_sc_hd__or2_1)
                                                         _066_ (net)
                      0.133734    0.000204    2.458741 v _232_/B (sky130_fd_sc_hd__or3b_2)
     4    0.015436    0.242620    1.182542    3.641283 v _232_/X (sky130_fd_sc_hd__or3b_2)
                                                         _068_ (net)
                      0.242620    0.001036    3.642319 v _233_/A (sky130_fd_sc_hd__inv_2)
     4    0.018673    0.152302    0.227080    3.869399 ^ _233_/Y (sky130_fd_sc_hd__inv_2)
                                                         net24 (net)
                      0.152302    0.000627    3.870026 ^ output24/A (sky130_fd_sc_hd__buf_2)
     1    0.034044    0.270828    0.380143    4.250169 ^ output24/X (sky130_fd_sc_hd__buf_2)
                                                         global_state_boot (net)
                      0.270833    0.001620    4.251789 ^ global_state_boot (out)
                                              4.251789   data arrival time

                                 25.000000   25.000000   clock clk (rise edge)
                                  0.000000   25.000000   clock network delay (propagated)
                                 -0.250000   24.750000   clock uncertainty
                                  0.000000   24.750000   clock reconvergence pessimism
                                 -5.000000   19.750000   output external delay
                                             19.750000   data required time
---------------------------------------------------------------------------------------------
                                             19.750000   data required time
                                             -4.251789   data arrival time
---------------------------------------------------------------------------------------------
                                             15.498211   slack (MET)


Startpoint: _481_ (rising edge-triggered flip-flop clocked by clk)
Endpoint: global_state_safe_mode (output port clocked by clk)
Path Group: clk
Path Type: max

Fanout         Cap        Slew       Delay        Time   Description
---------------------------------------------------------------------------------------------
                                  0.000000    0.000000   clock clk (rise edge)
                                  0.000000    0.000000   clock source latency
     1    0.019539    0.146837    0.100504    0.100504 ^ clk (in)
                                                         clk (net)
                      0.146870    0.000000    0.100504 ^ clkbuf_0_clk/A (sky130_fd_sc_hd__clkbuf_16)
     4    0.042376    0.096839    0.287799    0.388303 ^ clkbuf_0_clk/X (sky130_fd_sc_hd__clkbuf_16)
                                                         clknet_0_clk (net)
                      0.096942    0.001680    0.389983 ^ clkbuf_2_3__f_clk/A (sky130_fd_sc_hd__clkbuf_16)
    14    0.046259    0.102193    0.268796    0.658779 ^ clkbuf_2_3__f_clk/X (sky130_fd_sc_hd__clkbuf_16)
                                                         clknet_2_3__leaf_clk (net)
                      0.102256    0.002224    0.661003 ^ _481_/CLK (sky130_fd_sc_hd__dfxtp_2)
     8    0.024804    0.124575    0.696897    1.357900 v _481_/Q (sky130_fd_sc_hd__dfxtp_2)
                                                         net23 (net)
                      0.124584    0.001146    1.359046 v _223_/A (sky130_fd_sc_hd__or2_1)
     3    0.007302    0.135664    0.567990    1.927037 v _223_/X (sky130_fd_sc_hd__or2_1)
                                                         _062_ (net)
                      0.135664    0.000220    1.927257 v _224_/C (sky130_fd_sc_hd__or4b_2)
     3    0.011807    0.279771    1.590770    3.518027 v _224_/X (sky130_fd_sc_hd__or4b_2)
                                                         _063_ (net)
                      0.279771    0.000635    3.518662 v _225_/A (sky130_fd_sc_hd__inv_2)
     4    0.017279    0.156611    0.233523    3.752185 ^ _225_/Y (sky130_fd_sc_hd__inv_2)
                                                         net27 (net)
                      0.156620    0.001243    3.753428 ^ output27/A (sky130_fd_sc_hd__buf_2)
     1    0.034151    0.271633    0.382705    4.136134 ^ output27/X (sky130_fd_sc_hd__buf_2)
                                                         global_state_safe_mode (net)
                      0.271639    0.001659    4.137793 ^ global_state_safe_mode (out)
                                              4.137793   data arrival time

                                 25.000000   25.000000   clock clk (rise edge)
                                  0.000000   25.000000   clock network delay (propagated)
                                 -0.250000   24.750000   clock uncertainty
                                  0.000000   24.750000   clock reconvergence pessimism
                                 -5.000000   19.750000   output external delay
                                             19.750000   data required time
---------------------------------------------------------------------------------------------
                                             19.750000   data required time
                                             -4.137793   data arrival time
---------------------------------------------------------------------------------------------
                                             15.612207   slack (MET)


Startpoint: hdr_parse_fail (input port clocked by clk)
Endpoint: _480_ (rising edge-triggered flip-flop clocked by clk)
Path Group: clk
Path Type: max

Fanout         Cap        Slew       Delay        Time   Description
---------------------------------------------------------------------------------------------
                                  0.000000    0.000000   clock clk (rise edge)
                                  0.000000    0.000000   clock network delay (propagated)
                                  5.000000    5.000000 v input external delay
     1    0.002804    0.018467    0.009292    5.009292 v hdr_parse_fail (in)
                                                         hdr_parse_fail (net)
                      0.018471    0.000000    5.009292 v input8/A (sky130_fd_sc_hd__buf_1)
     2    0.018529    0.216251    0.265439    5.274731 v input8/X (sky130_fd_sc_hd__buf_1)
                                                         net8 (net)
                      0.216346    0.002221    5.276952 v _274_/B (sky130_fd_sc_hd__or4_1)
     1    0.001549    0.160262    1.181713    6.458666 v _274_/X (sky130_fd_sc_hd__or4_1)
                                                         _102_ (net)
                      0.160262    0.000103    6.458769 v _275_/D (sky130_fd_sc_hd__or4_1)
     1    0.006262    0.221139    1.053758    7.512527 v _275_/X (sky130_fd_sc_hd__or4_1)
                                                         _103_ (net)
                      0.221139    0.000300    7.512827 v _276_/B1 (sky130_fd_sc_hd__a31o_1)
     2    0.006017    0.092695    0.421596    7.934423 v _276_/X (sky130_fd_sc_hd__a31o_1)
                                                         _104_ (net)
                      0.092695    0.000342    7.934765 v _426_/C1 (sky130_fd_sc_hd__o211a_1)
     1    0.005923    0.098974    0.236860    8.171625 v _426_/X (sky130_fd_sc_hd__o211a_1)
                                                         _208_ (net)
                      0.098974    0.000441    8.172067 v _427_/A3 (sky130_fd_sc_hd__o31ai_1)
     1    0.002172    0.292344    0.316185    8.488252 ^ _427_/Y (sky130_fd_sc_hd__o31ai_1)
                                                         _050_ (net)
                      0.292344    0.000090    8.488342 ^ hold5/A (sky130_fd_sc_hd__dlygate4sd3_1)
     1    0.001818    0.080521    1.108684    9.597026 ^ hold5/X (sky130_fd_sc_hd__dlygate4sd3_1)
                                                         net87 (net)
                      0.080521    0.000129    9.597155 ^ _480_/D (sky130_fd_sc_hd__dfxtp_2)
                                              9.597155   data arrival time

                                 25.000000   25.000000   clock clk (rise edge)
                                  0.000000   25.000000   clock source latency
     1    0.019539    0.146837    0.100504   25.100504 ^ clk (in)
                                                         clk (net)
                      0.146870    0.000000   25.100504 ^ clkbuf_0_clk/A (sky130_fd_sc_hd__clkbuf_16)
     4    0.042376    0.096839    0.287798   25.388302 ^ clkbuf_0_clk/X (sky130_fd_sc_hd__clkbuf_16)
                                                         clknet_0_clk (net)
                      0.096942    0.001680   25.389982 ^ clkbuf_2_3__f_clk/A (sky130_fd_sc_hd__clkbuf_16)
    14    0.046259    0.102193    0.268797   25.658779 ^ clkbuf_2_3__f_clk/X (sky130_fd_sc_hd__clkbuf_16)
                                                         clknet_2_3__leaf_clk (net)
                      0.102273    0.002455   25.661234 ^ _480_/CLK (sky130_fd_sc_hd__dfxtp_2)
                                 -0.250000   25.411234   clock uncertainty
                                  0.000000   25.411234   clock reconvergence pessimism
                                 -0.138208   25.273027   library setup time
                                             25.273027   data required time
---------------------------------------------------------------------------------------------
                                             25.273027   data required time
                                             -9.597155   data arrival time
---------------------------------------------------------------------------------------------
                                             15.675874   slack (MET)


Startpoint: _477_ (rising edge-triggered flip-flop clocked by clk)
Endpoint: group_unlocked (output port clocked by clk)
Path Group: clk
Path Type: max

Fanout         Cap        Slew       Delay        Time   Description
---------------------------------------------------------------------------------------------
                                  0.000000    0.000000   clock clk (rise edge)
                                  0.000000    0.000000   clock source latency
     1    0.019539    0.146837    0.100504    0.100504 ^ clk (in)
                                                         clk (net)
                      0.146870    0.000000    0.100504 ^ clkbuf_0_clk/A (sky130_fd_sc_hd__clkbuf_16)
     4    0.042376    0.096839    0.287799    0.388303 ^ clkbuf_0_clk/X (sky130_fd_sc_hd__clkbuf_16)
                                                         clknet_0_clk (net)
                      0.096962    0.001997    0.390300 ^ clkbuf_2_1__f_clk/A (sky130_fd_sc_hd__clkbuf_16)
    14    0.047669    0.103868    0.270318    0.660618 ^ clkbuf_2_1__f_clk/X (sky130_fd_sc_hd__clkbuf_16)
                                                         clknet_2_1__leaf_clk (net)
                      0.103954    0.002584    0.663202 ^ _477_/CLK (sky130_fd_sc_hd__dfxtp_1)
     6    0.018329    0.172627    0.695808    1.359010 v _477_/Q (sky130_fd_sc_hd__dfxtp_1)
                                                         net47 (net)
                      0.172633    0.001254    1.360264 v _216_/A (sky130_fd_sc_hd__or4b_2)
     5    0.019039    0.328528    1.801364    3.161629 v _216_/X (sky130_fd_sc_hd__or4b_2)
                                                         _058_ (net)
                      0.328528    0.001298    3.162927 v _217_/A (sky130_fd_sc_hd__inv_2)
     6    0.021894    0.189557    0.279445    3.442372 ^ _217_/Y (sky130_fd_sc_hd__inv_2)
                                                         net53 (net)
                      0.189570    0.001784    3.444156 ^ _485_/A (sky130_fd_sc_hd__clkbuf_1)
     1    0.002616    0.070238    0.197445    3.641600 ^ _485_/X (sky130_fd_sc_hd__clkbuf_1)
                                                         net71 (net)
                      0.070238    0.000168    3.641768 ^ output71/A (sky130_fd_sc_hd__buf_2)
     1    0.033999    0.270336    0.341531    3.983299 ^ output71/X (sky130_fd_sc_hd__buf_2)
                                                         group_unlocked (net)
                      0.270342    0.001592    3.984891 ^ group_unlocked (out)
                                              3.984891   data arrival time

                                 25.000000   25.000000   clock clk (rise edge)
                                  0.000000   25.000000   clock network delay (propagated)
                                 -0.250000   24.750000   clock uncertainty
                                  0.000000   24.750000   clock reconvergence pessimism
                                 -5.000000   19.750000   output external delay
                                             19.750000   data required time
---------------------------------------------------------------------------------------------
                                             19.750000   data required time
                                             -3.984891   data arrival time
---------------------------------------------------------------------------------------------
                                             15.765109   slack (MET)


Startpoint: _477_ (rising edge-triggered flip-flop clocked by clk)
Endpoint: group_state_unlocked (output port clocked by clk)
Path Group: clk
Path Type: max

Fanout         Cap        Slew       Delay        Time   Description
---------------------------------------------------------------------------------------------
                                  0.000000    0.000000   clock clk (rise edge)
                                  0.000000    0.000000   clock source latency
     1    0.019539    0.146837    0.100504    0.100504 ^ clk (in)
                                                         clk (net)
                      0.146870    0.000000    0.100504 ^ clkbuf_0_clk/A (sky130_fd_sc_hd__clkbuf_16)
     4    0.042376    0.096839    0.287799    0.388303 ^ clkbuf_0_clk/X (sky130_fd_sc_hd__clkbuf_16)
                                                         clknet_0_clk (net)
                      0.096962    0.001997    0.390300 ^ clkbuf_2_1__f_clk/A (sky130_fd_sc_hd__clkbuf_16)
    14    0.047669    0.103868    0.270318    0.660618 ^ clkbuf_2_1__f_clk/X (sky130_fd_sc_hd__clkbuf_16)
                                                         clknet_2_1__leaf_clk (net)
                      0.103954    0.002584    0.663202 ^ _477_/CLK (sky130_fd_sc_hd__dfxtp_1)
     6    0.018329    0.172627    0.695808    1.359010 v _477_/Q (sky130_fd_sc_hd__dfxtp_1)
                                                         net47 (net)
                      0.172633    0.001254    1.360264 v _216_/A (sky130_fd_sc_hd__or4b_2)
     5    0.019039    0.328528    1.801364    3.161629 v _216_/X (sky130_fd_sc_hd__or4b_2)
                                                         _058_ (net)
                      0.328528    0.001298    3.162927 v _217_/A (sky130_fd_sc_hd__inv_2)
     6    0.021894    0.189557    0.279445    3.442372 ^ _217_/Y (sky130_fd_sc_hd__inv_2)
                                                         net53 (net)
                      0.189572    0.001841    3.444212 ^ output53/A (sky130_fd_sc_hd__buf_2)
     1    0.034338    0.273104    0.399093    3.843306 ^ output53/X (sky130_fd_sc_hd__buf_2)
                                                         group_state_unlocked (net)
                      0.273111    0.001756    3.845062 ^ group_state_unlocked (out)
                                              3.845062   data arrival time

                                 25.000000   25.000000   clock clk (rise edge)
                                  0.000000   25.000000   clock network delay (propagated)
                                 -0.250000   24.750000   clock uncertainty
                                  0.000000   24.750000   clock reconvergence pessimism
                                 -5.000000   19.750000   output external delay
                                             19.750000   data required time
---------------------------------------------------------------------------------------------
                                             19.750000   data required time
                                             -3.845062   data arrival time
---------------------------------------------------------------------------------------------
                                             15.904939   slack (MET)


Startpoint: _477_ (rising edge-triggered flip-flop clocked by clk)
Endpoint: group_state_locked (output port clocked by clk)
Path Group: clk
Path Type: max

Fanout         Cap        Slew       Delay        Time   Description
---------------------------------------------------------------------------------------------
                                  0.000000    0.000000   clock clk (rise edge)
                                  0.000000    0.000000   clock source latency
     1    0.019539    0.146837    0.100504    0.100504 ^ clk (in)
                                                         clk (net)
                      0.146870    0.000000    0.100504 ^ clkbuf_0_clk/A (sky130_fd_sc_hd__clkbuf_16)
     4    0.042376    0.096839    0.287799    0.388303 ^ clkbuf_0_clk/X (sky130_fd_sc_hd__clkbuf_16)
                                                         clknet_0_clk (net)
                      0.096962    0.001997    0.390300 ^ clkbuf_2_1__f_clk/A (sky130_fd_sc_hd__clkbuf_16)
    14    0.047669    0.103868    0.270318    0.660618 ^ clkbuf_2_1__f_clk/X (sky130_fd_sc_hd__clkbuf_16)
                                                         clknet_2_1__leaf_clk (net)
                      0.103954    0.002584    0.663202 ^ _477_/CLK (sky130_fd_sc_hd__dfxtp_1)
     6    0.019284    0.296831    0.812276    1.475479 ^ _477_/Q (sky130_fd_sc_hd__dfxtp_1)
                                                         net47 (net)
                      0.296833    0.001337    1.476815 ^ _218_/D_N (sky130_fd_sc_hd__or4b_2)
     4    0.016143    0.315037    1.640497    3.117312 v _218_/X (sky130_fd_sc_hd__or4b_2)
                                                         _059_ (net)
                      0.315043    0.001846    3.119158 v _219_/A (sky130_fd_sc_hd__inv_2)
     2    0.010353    0.123346    0.201785    3.320943 ^ _219_/Y (sky130_fd_sc_hd__inv_2)
                                                         net45 (net)
                      0.123347    0.000610    3.321553 ^ _483_/A (sky130_fd_sc_hd__clkbuf_1)
     1    0.001918    0.058125    0.160691    3.482244 ^ _483_/X (sky130_fd_sc_hd__clkbuf_1)
                                                         net51 (net)
                      0.058125    0.000087    3.482331 ^ output51/A (sky130_fd_sc_hd__buf_2)
     1    0.034193    0.271779    0.336930    3.819261 ^ output51/X (sky130_fd_sc_hd__buf_2)
                                                         group_state_locked (net)
                      0.271786    0.001704    3.820965 ^ group_state_locked (out)
                                              3.820965   data arrival time

                                 25.000000   25.000000   clock clk (rise edge)
                                  0.000000   25.000000   clock network delay (propagated)
                                 -0.250000   24.750000   clock uncertainty
                                  0.000000   24.750000   clock reconvergence pessimism
                                 -5.000000   19.750000   output external delay
                                             19.750000   data required time
---------------------------------------------------------------------------------------------
                                             19.750000   data required time
                                             -3.820965   data arrival time
---------------------------------------------------------------------------------------------
                                             15.929034   slack (MET)


Startpoint: _477_ (rising edge-triggered flip-flop clocked by clk)
Endpoint: group_locked (output port clocked by clk)
Path Group: clk
Path Type: max

Fanout         Cap        Slew       Delay        Time   Description
---------------------------------------------------------------------------------------------
                                  0.000000    0.000000   clock clk (rise edge)
                                  0.000000    0.000000   clock source latency
     1    0.019539    0.146837    0.100504    0.100504 ^ clk (in)
                                                         clk (net)
                      0.146870    0.000000    0.100504 ^ clkbuf_0_clk/A (sky130_fd_sc_hd__clkbuf_16)
     4    0.042376    0.096839    0.287799    0.388303 ^ clkbuf_0_clk/X (sky130_fd_sc_hd__clkbuf_16)
                                                         clknet_0_clk (net)
                      0.096962    0.001997    0.390300 ^ clkbuf_2_1__f_clk/A (sky130_fd_sc_hd__clkbuf_16)
    14    0.047669    0.103868    0.270318    0.660618 ^ clkbuf_2_1__f_clk/X (sky130_fd_sc_hd__clkbuf_16)
                                                         clknet_2_1__leaf_clk (net)
                      0.103954    0.002584    0.663202 ^ _477_/CLK (sky130_fd_sc_hd__dfxtp_1)
     6    0.019284    0.296831    0.812276    1.475479 ^ _477_/Q (sky130_fd_sc_hd__dfxtp_1)
                                                         net47 (net)
                      0.296833    0.001337    1.476815 ^ _218_/D_N (sky130_fd_sc_hd__or4b_2)
     4    0.016143    0.315037    1.640497    3.117312 v _218_/X (sky130_fd_sc_hd__or4b_2)
                                                         _059_ (net)
                      0.315043    0.001846    3.119158 v _219_/A (sky130_fd_sc_hd__inv_2)
     2    0.010353    0.123346    0.201785    3.320943 ^ _219_/Y (sky130_fd_sc_hd__inv_2)
                                                         net45 (net)
                      0.123347    0.000626    3.321569 ^ output45/A (sky130_fd_sc_hd__buf_2)
     1    0.035283    0.280030    0.372925    3.694494 ^ output45/X (sky130_fd_sc_hd__buf_2)
                                                         group_locked (net)
                      0.280039    0.001941    3.696435 ^ group_locked (out)
                                              3.696435   data arrival time

                                 25.000000   25.000000   clock clk (rise edge)
                                  0.000000   25.000000   clock network delay (propagated)
                                 -0.250000   24.750000   clock uncertainty
                                  0.000000   24.750000   clock reconvergence pessimism
                                 -5.000000   19.750000   output external delay
                                             19.750000   data required time
---------------------------------------------------------------------------------------------
                                             19.750000   data required time
                                             -3.696435   data arrival time
---------------------------------------------------------------------------------------------
                                             16.053564   slack (MET)


Startpoint: _477_ (rising edge-triggered flip-flop clocked by clk)
Endpoint: group_state_disabled (output port clocked by clk)
Path Group: clk
Path Type: max

Fanout         Cap        Slew       Delay        Time   Description
---------------------------------------------------------------------------------------------
                                  0.000000    0.000000   clock clk (rise edge)
                                  0.000000    0.000000   clock source latency
     1    0.019539    0.146837    0.100504    0.100504 ^ clk (in)
                                                         clk (net)
                      0.146870    0.000000    0.100504 ^ clkbuf_0_clk/A (sky130_fd_sc_hd__clkbuf_16)
     4    0.042376    0.096839    0.287799    0.388303 ^ clkbuf_0_clk/X (sky130_fd_sc_hd__clkbuf_16)
                                                         clknet_0_clk (net)
                      0.096962    0.001997    0.390300 ^ clkbuf_2_1__f_clk/A (sky130_fd_sc_hd__clkbuf_16)
    14    0.047669    0.103868    0.270318    0.660618 ^ clkbuf_2_1__f_clk/X (sky130_fd_sc_hd__clkbuf_16)
                                                         clknet_2_1__leaf_clk (net)
                      0.103954    0.002584    0.663202 ^ _477_/CLK (sky130_fd_sc_hd__dfxtp_1)
     6    0.018329    0.172627    0.695808    1.359010 v _477_/Q (sky130_fd_sc_hd__dfxtp_1)
                                                         net47 (net)
                      0.172633    0.001239    1.360249 v _220_/A (sky130_fd_sc_hd__or4b_2)
     4    0.014342    0.300883    1.752001    3.112250 v _220_/X (sky130_fd_sc_hd__or4b_2)
                                                         _060_ (net)
                      0.300883    0.000975    3.113225 v _221_/A (sky130_fd_sc_hd__inv_2)
     2    0.007610    0.106658    0.179432    3.292657 ^ _221_/Y (sky130_fd_sc_hd__inv_2)
                                                         net50 (net)
                      0.106659    0.000442    3.293099 ^ output50/A (sky130_fd_sc_hd__buf_2)
     1    0.034639    0.275165    0.361851    3.654950 ^ output50/X (sky130_fd_sc_hd__buf_2)
                                                         group_state_disabled (net)
                      0.275171    0.001690    3.656641 ^ group_state_disabled (out)
                                              3.656641   data arrival time

                                 25.000000   25.000000   clock clk (rise edge)
                                  0.000000   25.000000   clock network delay (propagated)
                                 -0.250000   24.750000   clock uncertainty
                                  0.000000   24.750000   clock reconvergence pessimism
                                 -5.000000   19.750000   output external delay
                                             19.750000   data required time
---------------------------------------------------------------------------------------------
                                             19.750000   data required time
                                             -3.656641   data arrival time
---------------------------------------------------------------------------------------------
                                             16.093361   slack (MET)


Startpoint: _432_ (rising edge-triggered flip-flop clocked by clk)
Endpoint: global_state_escalated (output port clocked by clk)
Path Group: clk
Path Type: max

Fanout         Cap        Slew       Delay        Time   Description
---------------------------------------------------------------------------------------------
                                  0.000000    0.000000   clock clk (rise edge)
                                  0.000000    0.000000   clock source latency
     1    0.019539    0.146837    0.100504    0.100504 ^ clk (in)
                                                         clk (net)
                      0.146870    0.000000    0.100504 ^ clkbuf_0_clk/A (sky130_fd_sc_hd__clkbuf_16)
     4    0.042376    0.096839    0.287799    0.388303 ^ clkbuf_0_clk/X (sky130_fd_sc_hd__clkbuf_16)
                                                         clknet_0_clk (net)
                      0.096942    0.001680    0.389983 ^ clkbuf_2_3__f_clk/A (sky130_fd_sc_hd__clkbuf_16)
    14    0.046259    0.102193    0.268796    0.658779 ^ clkbuf_2_3__f_clk/X (sky130_fd_sc_hd__clkbuf_16)
                                                         clknet_2_3__leaf_clk (net)
                      0.102242    0.002013    0.660792 ^ _432_/CLK (sky130_fd_sc_hd__dfxtp_1)
     4    0.008759    0.095175    0.632288    1.293080 v _432_/Q (sky130_fd_sc_hd__dfxtp_1)
                                                         net21 (net)
                      0.095175    0.000408    1.293489 v hold11/A (sky130_fd_sc_hd__dlygate4sd3_1)
     1    0.004395    0.124410    1.162046    2.455535 v hold11/X (sky130_fd_sc_hd__dlygate4sd3_1)
                                                         net93 (net)
                      0.124410    0.000204    2.455739 v _211_/A (sky130_fd_sc_hd__inv_2)
     6    0.021180    0.161348    0.184567    2.640306 ^ _211_/Y (sky130_fd_sc_hd__inv_2)
                                                         _053_ (net)
                      0.161363    0.001292    2.641598 ^ _236_/B (sky130_fd_sc_hd__and3_1)
     2    0.006377    0.134514    0.368318    3.009916 ^ _236_/X (sky130_fd_sc_hd__and3_1)
                                                         net25 (net)
                      0.134514    0.000516    3.010432 ^ output25/A (sky130_fd_sc_hd__buf_2)
     1    0.034209    0.272025    0.372639    3.383071 ^ output25/X (sky130_fd_sc_hd__buf_2)
                                                         global_state_escalated (net)
                      0.272031    0.001671    3.384742 ^ global_state_escalated (out)
                                              3.384742   data arrival time

                                 25.000000   25.000000   clock clk (rise edge)
                                  0.000000   25.000000   clock network delay (propagated)
                                 -0.250000   24.750000   clock uncertainty
                                  0.000000   24.750000   clock reconvergence pessimism
                                 -5.000000   19.750000   output external delay
                                             19.750000   data required time
---------------------------------------------------------------------------------------------
                                             19.750000   data required time
                                             -3.384742   data arrival time
---------------------------------------------------------------------------------------------
                                             16.365255   slack (MET)


Startpoint: _477_ (rising edge-triggered flip-flop clocked by clk)
Endpoint: group_suspended (output port clocked by clk)
Path Group: clk
Path Type: max

Fanout         Cap        Slew       Delay        Time   Description
---------------------------------------------------------------------------------------------
                                  0.000000    0.000000   clock clk (rise edge)
                                  0.000000    0.000000   clock source latency
     1    0.019539    0.146837    0.100504    0.100504 ^ clk (in)
                                                         clk (net)
                      0.146870    0.000000    0.100504 ^ clkbuf_0_clk/A (sky130_fd_sc_hd__clkbuf_16)
     4    0.042376    0.096839    0.287799    0.388303 ^ clkbuf_0_clk/X (sky130_fd_sc_hd__clkbuf_16)
                                                         clknet_0_clk (net)
                      0.096962    0.001997    0.390300 ^ clkbuf_2_1__f_clk/A (sky130_fd_sc_hd__clkbuf_16)
    14    0.047669    0.103868    0.270318    0.660618 ^ clkbuf_2_1__f_clk/X (sky130_fd_sc_hd__clkbuf_16)
                                                         clknet_2_1__leaf_clk (net)
                      0.103954    0.002584    0.663202 ^ _477_/CLK (sky130_fd_sc_hd__dfxtp_1)
     6    0.018329    0.172627    0.695808    1.359010 v _477_/Q (sky130_fd_sc_hd__dfxtp_1)
                                                         net47 (net)
                      0.172629    0.000925    1.359935 v _234_/A (sky130_fd_sc_hd__or4b_1)
     2    0.008372    0.242224    1.341445    2.701380 v _234_/X (sky130_fd_sc_hd__or4b_1)
                                                         _069_ (net)
                      0.242224    0.000509    2.701890 v _235_/A (sky130_fd_sc_hd__inv_2)
     2    0.005121    0.082557    0.146315    2.848204 ^ _235_/Y (sky130_fd_sc_hd__inv_2)
                                                         net52 (net)
                      0.082557    0.000173    2.848377 ^ _484_/A (sky130_fd_sc_hd__clkbuf_1)
     1    0.002645    0.069832    0.153690    3.002068 ^ _484_/X (sky130_fd_sc_hd__clkbuf_1)
                                                         net54 (net)
                      0.069832    0.000169    3.002237 ^ output54/A (sky130_fd_sc_hd__buf_2)
     1    0.034639    0.275098    0.344678    3.346915 ^ output54/X (sky130_fd_sc_hd__buf_2)
                                                         group_suspended (net)
                      0.275104    0.001690    3.348605 ^ group_suspended (out)
                                              3.348605   data arrival time

                                 25.000000   25.000000   clock clk (rise edge)
                                  0.000000   25.000000   clock network delay (propagated)
                                 -0.250000   24.750000   clock uncertainty
                                  0.000000   24.750000   clock reconvergence pessimism
                                 -5.000000   19.750000   output external delay
                                             19.750000   data required time
---------------------------------------------------------------------------------------------
                                             19.750000   data required time
                                             -3.348605   data arrival time
---------------------------------------------------------------------------------------------
                                             16.401394   slack (MET)


Startpoint: reset (input port clocked by clk)
Endpoint: _440_ (rising edge-triggered flip-flop clocked by clk)
Path Group: clk
Path Type: max

Fanout         Cap        Slew       Delay        Time   Description
---------------------------------------------------------------------------------------------
                                  0.000000    0.000000   clock clk (rise edge)
                                  0.000000    0.000000   clock network delay (propagated)
                                  5.000000    5.000000 v input external delay
     1    0.003133    0.019737    0.010330    5.010330 v reset (in)
                                                         reset (net)
                      0.019737    0.000000    5.010330 v input11/A (sky130_fd_sc_hd__buf_1)
     4    0.017462    0.204532    0.257998    5.268328 v input11/X (sky130_fd_sc_hd__buf_1)
                                                         net11 (net)
                      0.204532    0.000469    5.268796 v fanout82/A (sky130_fd_sc_hd__buf_2)
    10    0.040566    0.191147    0.426676    5.695473 v fanout82/X (sky130_fd_sc_hd__buf_2)
                                                         net82 (net)
                      0.191227    0.003678    5.699150 v _283_/C1 (sky130_fd_sc_hd__a221o_1)
     1    0.004233    0.107580    0.552360    6.251510 v _283_/X (sky130_fd_sc_hd__a221o_1)
                                                         _110_ (net)
                      0.107580    0.000153    6.251662 v _287_/B (sky130_fd_sc_hd__or3b_2)
     5    0.026686    0.287488    1.245332    7.496994 v _287_/X (sky130_fd_sc_hd__or3b_2)
                                                         _113_ (net)
                      0.287517    0.003037    7.500031 v fanout80/A (sky130_fd_sc_hd__buf_2)
    10    0.045146    0.209529    0.481234    7.981265 v fanout80/X (sky130_fd_sc_hd__buf_2)
                                                         net80 (net)
                      0.209600    0.003663    7.984928 v _310_/B1 (sky130_fd_sc_hd__a31o_1)
     1    0.001909    0.058391    0.374490    8.359417 v _310_/X (sky130_fd_sc_hd__a31o_1)
                                                         _130_ (net)
                      0.058391    0.000117    8.359534 v _311_/B1_N (sky130_fd_sc_hd__o21ba_1)
     1    0.001839    0.061830    0.398441    8.757976 ^ _311_/X (sky130_fd_sc_hd__o21ba_1)
                                                         _010_ (net)
                      0.061830    0.000131    8.758106 ^ _440_/D (sky130_fd_sc_hd__dfxtp_1)
                                              8.758106   data arrival time

                                 25.000000   25.000000   clock clk (rise edge)
                                  0.000000   25.000000   clock source latency
     1    0.019539    0.146837    0.100504   25.100504 ^ clk (in)
                                                         clk (net)
                      0.146870    0.000000   25.100504 ^ clkbuf_0_clk/A (sky130_fd_sc_hd__clkbuf_16)
     4    0.042376    0.096839    0.287798   25.388302 ^ clkbuf_0_clk/X (sky130_fd_sc_hd__clkbuf_16)
                                                         clknet_0_clk (net)
                      0.096961    0.001984   25.390285 ^ clkbuf_2_0__f_clk/A (sky130_fd_sc_hd__clkbuf_16)
    14    0.045642    0.101168    0.268173   25.658459 ^ clkbuf_2_0__f_clk/X (sky130_fd_sc_hd__clkbuf_16)
                                                         clknet_2_0__leaf_clk (net)
                      0.101305    0.003123   25.661583 ^ _440_/CLK (sky130_fd_sc_hd__dfxtp_1)
                                 -0.250000   25.411583   clock uncertainty
                                  0.000000   25.411583   clock reconvergence pessimism
                                 -0.120955   25.290627   library setup time
                                             25.290627   data required time
---------------------------------------------------------------------------------------------
                                             25.290627   data required time
                                             -8.758106   data arrival time
---------------------------------------------------------------------------------------------
                                             16.532522   slack (MET)


Startpoint: _477_ (rising edge-triggered flip-flop clocked by clk)
Endpoint: group_state_suspended (output port clocked by clk)
Path Group: clk
Path Type: max

Fanout         Cap        Slew       Delay        Time   Description
---------------------------------------------------------------------------------------------
                                  0.000000    0.000000   clock clk (rise edge)
                                  0.000000    0.000000   clock source latency
     1    0.019539    0.146837    0.100504    0.100504 ^ clk (in)
                                                         clk (net)
                      0.146870    0.000000    0.100504 ^ clkbuf_0_clk/A (sky130_fd_sc_hd__clkbuf_16)
     4    0.042376    0.096839    0.287799    0.388303 ^ clkbuf_0_clk/X (sky130_fd_sc_hd__clkbuf_16)
                                                         clknet_0_clk (net)
                      0.096962    0.001997    0.390300 ^ clkbuf_2_1__f_clk/A (sky130_fd_sc_hd__clkbuf_16)
    14    0.047669    0.103868    0.270318    0.660618 ^ clkbuf_2_1__f_clk/X (sky130_fd_sc_hd__clkbuf_16)
                                                         clknet_2_1__leaf_clk (net)
                      0.103954    0.002584    0.663202 ^ _477_/CLK (sky130_fd_sc_hd__dfxtp_1)
     6    0.018329    0.172627    0.695808    1.359010 v _477_/Q (sky130_fd_sc_hd__dfxtp_1)
                                                         net47 (net)
                      0.172629    0.000925    1.359935 v _234_/A (sky130_fd_sc_hd__or4b_1)
     2    0.008372    0.242224    1.341445    2.701380 v _234_/X (sky130_fd_sc_hd__or4b_1)
                                                         _069_ (net)
                      0.242224    0.000509    2.701890 v _235_/A (sky130_fd_sc_hd__inv_2)
     2    0.005121    0.082557    0.146315    2.848204 ^ _235_/Y (sky130_fd_sc_hd__inv_2)
                                                         net52 (net)
                      0.082557    0.000254    2.848459 ^ output52/A (sky130_fd_sc_hd__buf_2)
     1    0.034574    0.274635    0.350212    3.198671 ^ output52/X (sky130_fd_sc_hd__buf_2)
                                                         group_state_suspended (net)
                      0.274641    0.001673    3.200344 ^ group_state_suspended (out)
                                              3.200344   data arrival time

                                 25.000000   25.000000   clock clk (rise edge)
                                  0.000000   25.000000   clock network delay (propagated)
                                 -0.250000   24.750000   clock uncertainty
                                  0.000000   24.750000   clock reconvergence pessimism
                                 -5.000000   19.750000   output external delay
                                             19.750000   data required time
---------------------------------------------------------------------------------------------
                                             19.750000   data required time
                                             -3.200344   data arrival time
---------------------------------------------------------------------------------------------
                                             16.549656   slack (MET)


Startpoint: hdr_parse_fail (input port clocked by clk)
Endpoint: _433_ (rising edge-triggered flip-flop clocked by clk)
Path Group: clk
Path Type: max

Fanout         Cap        Slew       Delay        Time   Description
---------------------------------------------------------------------------------------------
                                  0.000000    0.000000   clock clk (rise edge)
                                  0.000000    0.000000   clock network delay (propagated)
                                  5.000000    5.000000 v input external delay
     1    0.002804    0.018467    0.009292    5.009292 v hdr_parse_fail (in)
                                                         hdr_parse_fail (net)
                      0.018471    0.000000    5.009292 v input8/A (sky130_fd_sc_hd__buf_1)
     2    0.018529    0.216251    0.265439    5.274731 v input8/X (sky130_fd_sc_hd__buf_1)
                                                         net8 (net)
                      0.216346    0.002221    5.276952 v _274_/B (sky130_fd_sc_hd__or4_1)
     1    0.001549    0.160262    1.181713    6.458666 v _274_/X (sky130_fd_sc_hd__or4_1)
                                                         _102_ (net)
                      0.160262    0.000103    6.458769 v _275_/D (sky130_fd_sc_hd__or4_1)
     1    0.006262    0.221139    1.053758    7.512527 v _275_/X (sky130_fd_sc_hd__or4_1)
                                                         _103_ (net)
                      0.221139    0.000300    7.512827 v _276_/B1 (sky130_fd_sc_hd__a31o_1)
     2    0.006017    0.092695    0.421596    7.934423 v _276_/X (sky130_fd_sc_hd__a31o_1)
                                                         _104_ (net)
                      0.092695    0.000353    7.934777 v _278_/B (sky130_fd_sc_hd__and2b_1)
     1    0.003954    0.075532    0.337793    8.272570 v _278_/X (sky130_fd_sc_hd__and2b_1)
                                                         _003_ (net)
                      0.075532    0.000266    8.272835 v _433_/D (sky130_fd_sc_hd__dfxtp_1)
                                              8.272835   data arrival time

                                 25.000000   25.000000   clock clk (rise edge)
                                  0.000000   25.000000   clock source latency
     1    0.019539    0.146837    0.100504   25.100504 ^ clk (in)
                                                         clk (net)
                      0.146870    0.000000   25.100504 ^ clkbuf_0_clk/A (sky130_fd_sc_hd__clkbuf_16)
     4    0.042376    0.096839    0.287798   25.388302 ^ clkbuf_0_clk/X (sky130_fd_sc_hd__clkbuf_16)
                                                         clknet_0_clk (net)
                      0.096942    0.001680   25.389982 ^ clkbuf_2_3__f_clk/A (sky130_fd_sc_hd__clkbuf_16)
    14    0.046259    0.102193    0.268797   25.658779 ^ clkbuf_2_3__f_clk/X (sky130_fd_sc_hd__clkbuf_16)
                                                         clknet_2_3__leaf_clk (net)
                      0.102277    0.002508   25.661287 ^ _433_/CLK (sky130_fd_sc_hd__dfxtp_1)
                                 -0.250000   25.411287   clock uncertainty
                                  0.000000   25.411287   clock reconvergence pessimism
                                 -0.262583   25.148705   library setup time
                                             25.148705   data required time
---------------------------------------------------------------------------------------------
                                             25.148705   data required time
                                             -8.272835   data arrival time
---------------------------------------------------------------------------------------------
                                             16.875870   slack (MET)


Startpoint: reset (input port clocked by clk)
Endpoint: _436_ (rising edge-triggered flip-flop clocked by clk)
Path Group: clk
Path Type: max

Fanout         Cap        Slew       Delay        Time   Description
---------------------------------------------------------------------------------------------
                                  0.000000    0.000000   clock clk (rise edge)
                                  0.000000    0.000000   clock network delay (propagated)
                                  5.000000    5.000000 v input external delay
     1    0.003133    0.019737    0.010330    5.010330 v reset (in)
                                                         reset (net)
                      0.019737    0.000000    5.010330 v input11/A (sky130_fd_sc_hd__buf_1)
     4    0.017462    0.204532    0.257998    5.268328 v input11/X (sky130_fd_sc_hd__buf_1)
                                                         net11 (net)
                      0.204532    0.000469    5.268796 v fanout82/A (sky130_fd_sc_hd__buf_2)
    10    0.040566    0.191147    0.426676    5.695473 v fanout82/X (sky130_fd_sc_hd__buf_2)
                                                         net82 (net)
                      0.191227    0.003678    5.699150 v _283_/C1 (sky130_fd_sc_hd__a221o_1)
     1    0.004233    0.107580    0.552360    6.251510 v _283_/X (sky130_fd_sc_hd__a221o_1)
                                                         _110_ (net)
                      0.107580    0.000153    6.251662 v _287_/B (sky130_fd_sc_hd__or3b_2)
     5    0.026686    0.287488    1.245332    7.496994 v _287_/X (sky130_fd_sc_hd__or3b_2)
                                                         _113_ (net)
                      0.287517    0.003037    7.500031 v fanout80/A (sky130_fd_sc_hd__buf_2)
    10    0.045146    0.209529    0.481234    7.981265 v fanout80/X (sky130_fd_sc_hd__buf_2)
                                                         net80 (net)
                      0.209703    0.005450    7.986715 v _301_/B1 (sky130_fd_sc_hd__a21oi_1)
     1    0.002921    0.172089    0.241472    8.228187 ^ _301_/Y (sky130_fd_sc_hd__a21oi_1)
                                                         _006_ (net)
                      0.172089    0.000172    8.228358 ^ _436_/D (sky130_fd_sc_hd__dfxtp_1)
                                              8.228358   data arrival time

                                 25.000000   25.000000   clock clk (rise edge)
                                  0.000000   25.000000   clock source latency
     1    0.019539    0.146837    0.100504   25.100504 ^ clk (in)
                                                         clk (net)
                      0.146870    0.000000   25.100504 ^ clkbuf_0_clk/A (sky130_fd_sc_hd__clkbuf_16)
     4    0.042376    0.096839    0.287798   25.388302 ^ clkbuf_0_clk/X (sky130_fd_sc_hd__clkbuf_16)
                                                         clknet_0_clk (net)
                      0.096943    0.001698   25.389999 ^ clkbuf_2_2__f_clk/A (sky130_fd_sc_hd__clkbuf_16)
    13    0.045420    0.100882    0.267955   25.657955 ^ clkbuf_2_2__f_clk/X (sky130_fd_sc_hd__clkbuf_16)
                                                         clknet_2_2__leaf_clk (net)
                      0.101013    0.003052   25.661007 ^ _436_/CLK (sky130_fd_sc_hd__dfxtp_1)
                                 -0.250000   25.411007   clock uncertainty
                                  0.000000   25.411007   clock reconvergence pessimism
                                 -0.149651   25.261356   library setup time
                                             25.261356   data required time
---------------------------------------------------------------------------------------------
                                             25.261356   data required time
                                             -8.228358   data arrival time
---------------------------------------------------------------------------------------------
                                             17.032997   slack (MET)


Startpoint: file_denied (input port clocked by clk)
Endpoint: _472_ (rising edge-triggered flip-flop clocked by clk)
Path Group: clk
Path Type: max

Fanout         Cap        Slew       Delay        Time   Description
---------------------------------------------------------------------------------------------
                                  0.000000    0.000000   clock clk (rise edge)
                                  0.000000    0.000000   clock network delay (propagated)
                                  5.000000    5.000000 v input external delay
     1    0.002545    0.017490    0.008475    5.008476 v file_denied (in)
                                                         file_denied (net)
                      0.017490    0.000000    5.008476 v input3/A (sky130_fd_sc_hd__buf_1)
     4    0.015854    0.187105    0.244226    5.252702 v input3/X (sky130_fd_sc_hd__buf_1)
                                                         net3 (net)
                      0.187111    0.001270    5.253972 v _353_/A2 (sky130_fd_sc_hd__o41ai_1)
     1    0.007043    0.709386    0.847885    6.101857 ^ _353_/Y (sky130_fd_sc_hd__o41ai_1)
                                                         _157_ (net)
                      0.709386    0.000575    6.102432 ^ _362_/A1 (sky130_fd_sc_hd__a31o_1)
     2    0.009855    0.180885    0.572521    6.674953 ^ _362_/X (sky130_fd_sc_hd__a31o_1)
                                                         _166_ (net)
                      0.180885    0.000633    6.675586 ^ _368_/B (sky130_fd_sc_hd__xor2_1)
     1    0.001991    0.160245    0.267293    6.942879 ^ _368_/X (sky130_fd_sc_hd__xor2_1)
                                                         _172_ (net)
                      0.160245    0.000140    6.943019 ^ _369_/D (sky130_fd_sc_hd__and4_1)
     2    0.008553    0.177685    0.499564    7.442583 ^ _369_/X (sky130_fd_sc_hd__and4_1)
                                                         _173_ (net)
                      0.177685    0.000549    7.443131 ^ fanout77/A (sky130_fd_sc_hd__clkbuf_2)
    10    0.037326    0.318786    0.417515    7.860647 ^ fanout77/X (sky130_fd_sc_hd__clkbuf_2)
                                                         net77 (net)
                      0.319052    0.005929    7.866576 ^ _413_/B (sky130_fd_sc_hd__and3b_1)
     1    0.002879    0.089563    0.382343    8.248919 ^ _413_/X (sky130_fd_sc_hd__and3b_1)
                                                         _042_ (net)
                      0.089563    0.000196    8.249115 ^ _472_/D (sky130_fd_sc_hd__dfxtp_1)
                                              8.249115   data arrival time

                                 25.000000   25.000000   clock clk (rise edge)
                                  0.000000   25.000000   clock source latency
     1    0.019539    0.146837    0.100504   25.100504 ^ clk (in)
                                                         clk (net)
                      0.146870    0.000000   25.100504 ^ clkbuf_0_clk/A (sky130_fd_sc_hd__clkbuf_16)
     4    0.042376    0.096839    0.287798   25.388302 ^ clkbuf_0_clk/X (sky130_fd_sc_hd__clkbuf_16)
                                                         clknet_0_clk (net)
                      0.096961    0.001984   25.390285 ^ clkbuf_2_0__f_clk/A (sky130_fd_sc_hd__clkbuf_16)
    14    0.045642    0.101168    0.268173   25.658459 ^ clkbuf_2_0__f_clk/X (sky130_fd_sc_hd__clkbuf_16)
                                                         clknet_2_0__leaf_clk (net)
                      0.101302    0.003096   25.661556 ^ _472_/CLK (sky130_fd_sc_hd__dfxtp_1)
                                 -0.250000   25.411556   clock uncertainty
                                  0.000000   25.411556   clock reconvergence pessimism
                                 -0.128161   25.283396   library setup time
                                             25.283396   data required time
---------------------------------------------------------------------------------------------
                                             25.283396   data required time
                                             -8.249115   data arrival time
---------------------------------------------------------------------------------------------
                                             17.034281   slack (MET)


Startpoint: file_denied (input port clocked by clk)
Endpoint: _468_ (rising edge-triggered flip-flop clocked by clk)
Path Group: clk
Path Type: max

Fanout         Cap        Slew       Delay        Time   Description
---------------------------------------------------------------------------------------------
                                  0.000000    0.000000   clock clk (rise edge)
                                  0.000000    0.000000   clock network delay (propagated)
                                  5.000000    5.000000 v input external delay
     1    0.002545    0.017490    0.008475    5.008476 v file_denied (in)
                                                         file_denied (net)
                      0.017490    0.000000    5.008476 v input3/A (sky130_fd_sc_hd__buf_1)
     4    0.015854    0.187105    0.244226    5.252702 v input3/X (sky130_fd_sc_hd__buf_1)
                                                         net3 (net)
                      0.187111    0.001270    5.253972 v _353_/A2 (sky130_fd_sc_hd__o41ai_1)
     1    0.007043    0.709386    0.847885    6.101857 ^ _353_/Y (sky130_fd_sc_hd__o41ai_1)
                                                         _157_ (net)
                      0.709386    0.000575    6.102432 ^ _362_/A1 (sky130_fd_sc_hd__a31o_1)
     2    0.009855    0.180885    0.572521    6.674953 ^ _362_/X (sky130_fd_sc_hd__a31o_1)
                                                         _166_ (net)
                      0.180885    0.000633    6.675586 ^ _368_/B (sky130_fd_sc_hd__xor2_1)
     1    0.001991    0.160245    0.267293    6.942879 ^ _368_/X (sky130_fd_sc_hd__xor2_1)
                                                         _172_ (net)
                      0.160245    0.000140    6.943019 ^ _369_/D (sky130_fd_sc_hd__and4_1)
     2    0.008553    0.177685    0.499564    7.442583 ^ _369_/X (sky130_fd_sc_hd__and4_1)
                                                         _173_ (net)
                      0.177685    0.000549    7.443131 ^ fanout77/A (sky130_fd_sc_hd__clkbuf_2)
    10    0.037326    0.318786    0.417515    7.860647 ^ fanout77/X (sky130_fd_sc_hd__clkbuf_2)
                                                         net77 (net)
                      0.319001    0.004903    7.865549 ^ _401_/C (sky130_fd_sc_hd__and3b_1)
     1    0.001950    0.078088    0.376272    8.241821 ^ _401_/X (sky130_fd_sc_hd__and3b_1)
                                                         _038_ (net)
                      0.078088    0.000089    8.241911 ^ _468_/D (sky130_fd_sc_hd__dfxtp_1)
                                              8.241911   data arrival time

                                 25.000000   25.000000   clock clk (rise edge)
                                  0.000000   25.000000   clock source latency
     1    0.019539    0.146837    0.100504   25.100504 ^ clk (in)
                                                         clk (net)
                      0.146870    0.000000   25.100504 ^ clkbuf_0_clk/A (sky130_fd_sc_hd__clkbuf_16)
     4    0.042376    0.096839    0.287798   25.388302 ^ clkbuf_0_clk/X (sky130_fd_sc_hd__clkbuf_16)
                                                         clknet_0_clk (net)
                      0.096961    0.001984   25.390285 ^ clkbuf_2_0__f_clk/A (sky130_fd_sc_hd__clkbuf_16)
    14    0.045642    0.101168    0.268173   25.658459 ^ clkbuf_2_0__f_clk/X (sky130_fd_sc_hd__clkbuf_16)
                                                         clknet_2_0__leaf_clk (net)
                      0.101188    0.001538   25.659998 ^ _468_/CLK (sky130_fd_sc_hd__dfxtp_1)
                                 -0.250000   25.409998   clock uncertainty
                                  0.000000   25.409998   clock reconvergence pessimism
                                 -0.125199   25.284800   library setup time
                                             25.284800   data required time
---------------------------------------------------------------------------------------------
                                             25.284800   data required time
                                             -8.241911   data arrival time
---------------------------------------------------------------------------------------------
                                             17.042889   slack (MET)


Startpoint: file_denied (input port clocked by clk)
Endpoint: _463_ (rising edge-triggered flip-flop clocked by clk)
Path Group: clk
Path Type: max

Fanout         Cap        Slew       Delay        Time   Description
---------------------------------------------------------------------------------------------
                                  0.000000    0.000000   clock clk (rise edge)
                                  0.000000    0.000000   clock network delay (propagated)
                                  5.000000    5.000000 v input external delay
     1    0.002545    0.017490    0.008475    5.008476 v file_denied (in)
                                                         file_denied (net)
                      0.017490    0.000000    5.008476 v input3/A (sky130_fd_sc_hd__buf_1)
     4    0.015854    0.187105    0.244226    5.252702 v input3/X (sky130_fd_sc_hd__buf_1)
                                                         net3 (net)
                      0.187111    0.001270    5.253972 v _353_/A2 (sky130_fd_sc_hd__o41ai_1)
     1    0.007043    0.709386    0.847885    6.101857 ^ _353_/Y (sky130_fd_sc_hd__o41ai_1)
                                                         _157_ (net)
                      0.709386    0.000575    6.102432 ^ _362_/A1 (sky130_fd_sc_hd__a31o_1)
     2    0.009855    0.180885    0.572521    6.674953 ^ _362_/X (sky130_fd_sc_hd__a31o_1)
                                                         _166_ (net)
                      0.180885    0.000633    6.675586 ^ _368_/B (sky130_fd_sc_hd__xor2_1)
     1    0.001991    0.160245    0.267293    6.942879 ^ _368_/X (sky130_fd_sc_hd__xor2_1)
                                                         _172_ (net)
                      0.160245    0.000140    6.943019 ^ _369_/D (sky130_fd_sc_hd__and4_1)
     2    0.008553    0.177685    0.499564    7.442583 ^ _369_/X (sky130_fd_sc_hd__and4_1)
                                                         _173_ (net)
                      0.177685    0.000549    7.443131 ^ fanout77/A (sky130_fd_sc_hd__clkbuf_2)
    10    0.037326    0.318786    0.417515    7.860647 ^ fanout77/X (sky130_fd_sc_hd__clkbuf_2)
                                                         net77 (net)
                      0.318985    0.004548    7.865195 ^ _385_/C (sky130_fd_sc_hd__and3b_1)
     1    0.002015    0.078883    0.377250    8.242445 ^ _385_/X (sky130_fd_sc_hd__and3b_1)
                                                         _033_ (net)
                      0.078883    0.000091    8.242537 ^ _463_/D (sky130_fd_sc_hd__dfxtp_1)
                                              8.242537   data arrival time

                                 25.000000   25.000000   clock clk (rise edge)
                                  0.000000   25.000000   clock source latency
     1    0.019539    0.146837    0.100504   25.100504 ^ clk (in)
                                                         clk (net)
                      0.146870    0.000000   25.100504 ^ clkbuf_0_clk/A (sky130_fd_sc_hd__clkbuf_16)
     4    0.042376    0.096839    0.287798   25.388302 ^ clkbuf_0_clk/X (sky130_fd_sc_hd__clkbuf_16)
                                                         clknet_0_clk (net)
                      0.096962    0.001997   25.390299 ^ clkbuf_2_1__f_clk/A (sky130_fd_sc_hd__clkbuf_16)
    14    0.047669    0.103868    0.270319   25.660618 ^ clkbuf_2_1__f_clk/X (sky130_fd_sc_hd__clkbuf_16)
                                                         clknet_2_1__leaf_clk (net)
                      0.103913    0.001997   25.662615 ^ _463_/CLK (sky130_fd_sc_hd__dfxtp_1)
                                 -0.250000   25.412615   clock uncertainty
                                  0.000000   25.412615   clock reconvergence pessimism
                                 -0.124945   25.287670   library setup time
                                             25.287670   data required time
---------------------------------------------------------------------------------------------
                                             25.287670   data required time
                                             -8.242537   data arrival time
---------------------------------------------------------------------------------------------
                                             17.045132   slack (MET)


Startpoint: file_denied (input port clocked by clk)
Endpoint: _470_ (rising edge-triggered flip-flop clocked by clk)
Path Group: clk
Path Type: max

Fanout         Cap        Slew       Delay        Time   Description
---------------------------------------------------------------------------------------------
                                  0.000000    0.000000   clock clk (rise edge)
                                  0.000000    0.000000   clock network delay (propagated)
                                  5.000000    5.000000 v input external delay
     1    0.002545    0.017490    0.008475    5.008476 v file_denied (in)
                                                         file_denied (net)
                      0.017490    0.000000    5.008476 v input3/A (sky130_fd_sc_hd__buf_1)
     4    0.015854    0.187105    0.244226    5.252702 v input3/X (sky130_fd_sc_hd__buf_1)
                                                         net3 (net)
                      0.187111    0.001270    5.253972 v _353_/A2 (sky130_fd_sc_hd__o41ai_1)
     1    0.007043    0.709386    0.847885    6.101857 ^ _353_/Y (sky130_fd_sc_hd__o41ai_1)
                                                         _157_ (net)
                      0.709386    0.000575    6.102432 ^ _362_/A1 (sky130_fd_sc_hd__a31o_1)
     2    0.009855    0.180885    0.572521    6.674953 ^ _362_/X (sky130_fd_sc_hd__a31o_1)
                                                         _166_ (net)
                      0.180885    0.000633    6.675586 ^ _368_/B (sky130_fd_sc_hd__xor2_1)
     1    0.001991    0.160245    0.267293    6.942879 ^ _368_/X (sky130_fd_sc_hd__xor2_1)
                                                         _172_ (net)
                      0.160245    0.000140    6.943019 ^ _369_/D (sky130_fd_sc_hd__and4_1)
     2    0.008553    0.177685    0.499564    7.442583 ^ _369_/X (sky130_fd_sc_hd__and4_1)
                                                         _173_ (net)
                      0.177685    0.000549    7.443131 ^ fanout77/A (sky130_fd_sc_hd__clkbuf_2)
    10    0.037326    0.318786    0.417515    7.860647 ^ fanout77/X (sky130_fd_sc_hd__clkbuf_2)
                                                         net77 (net)
                      0.319036    0.005635    7.866281 ^ _407_/B (sky130_fd_sc_hd__and3b_1)
     1    0.002051    0.079445    0.369914    8.236195 ^ _407_/X (sky130_fd_sc_hd__and3b_1)
                                                         _040_ (net)
                      0.079445    0.000136    8.236331 ^ _470_/D (sky130_fd_sc_hd__dfxtp_1)
                                              8.236331   data arrival time

                                 25.000000   25.000000   clock clk (rise edge)
                                  0.000000   25.000000   clock source latency
     1    0.019539    0.146837    0.100504   25.100504 ^ clk (in)
                                                         clk (net)
                      0.146870    0.000000   25.100504 ^ clkbuf_0_clk/A (sky130_fd_sc_hd__clkbuf_16)
     4    0.042376    0.096839    0.287798   25.388302 ^ clkbuf_0_clk/X (sky130_fd_sc_hd__clkbuf_16)
                                                         clknet_0_clk (net)
                      0.096961    0.001984   25.390285 ^ clkbuf_2_0__f_clk/A (sky130_fd_sc_hd__clkbuf_16)
    14    0.045642    0.101168    0.268173   25.658459 ^ clkbuf_2_0__f_clk/X (sky130_fd_sc_hd__clkbuf_16)
                                                         clknet_2_0__leaf_clk (net)
                      0.101201    0.001764   25.660223 ^ _470_/CLK (sky130_fd_sc_hd__dfxtp_1)
                                 -0.250000   25.410225   clock uncertainty
                                  0.000000   25.410225   clock reconvergence pessimism
                                 -0.125549   25.284674   library setup time
                                             25.284674   data required time
---------------------------------------------------------------------------------------------
                                             25.284674   data required time
                                             -8.236331   data arrival time
---------------------------------------------------------------------------------------------
                                             17.048344   slack (MET)


Startpoint: file_denied (input port clocked by clk)
Endpoint: _471_ (rising edge-triggered flip-flop clocked by clk)
Path Group: clk
Path Type: max

Fanout         Cap        Slew       Delay        Time   Description
---------------------------------------------------------------------------------------------
                                  0.000000    0.000000   clock clk (rise edge)
                                  0.000000    0.000000   clock network delay (propagated)
                                  5.000000    5.000000 v input external delay
     1    0.002545    0.017490    0.008475    5.008476 v file_denied (in)
                                                         file_denied (net)
                      0.017490    0.000000    5.008476 v input3/A (sky130_fd_sc_hd__buf_1)
     4    0.015854    0.187105    0.244226    5.252702 v input3/X (sky130_fd_sc_hd__buf_1)
                                                         net3 (net)
                      0.187111    0.001270    5.253972 v _353_/A2 (sky130_fd_sc_hd__o41ai_1)
     1    0.007043    0.709386    0.847885    6.101857 ^ _353_/Y (sky130_fd_sc_hd__o41ai_1)
                                                         _157_ (net)
                      0.709386    0.000575    6.102432 ^ _362_/A1 (sky130_fd_sc_hd__a31o_1)
     2    0.009855    0.180885    0.572521    6.674953 ^ _362_/X (sky130_fd_sc_hd__a31o_1)
                                                         _166_ (net)
                      0.180885    0.000633    6.675586 ^ _368_/B (sky130_fd_sc_hd__xor2_1)
     1    0.001991    0.160245    0.267293    6.942879 ^ _368_/X (sky130_fd_sc_hd__xor2_1)
                                                         _172_ (net)
                      0.160245    0.000140    6.943019 ^ _369_/D (sky130_fd_sc_hd__and4_1)
     2    0.008553    0.177685    0.499564    7.442583 ^ _369_/X (sky130_fd_sc_hd__and4_1)
                                                         _173_ (net)
                      0.177685    0.000549    7.443131 ^ fanout77/A (sky130_fd_sc_hd__clkbuf_2)
    10    0.037326    0.318786    0.417515    7.860647 ^ fanout77/X (sky130_fd_sc_hd__clkbuf_2)
                                                         net77 (net)
                      0.319058    0.006027    7.866674 ^ _410_/B (sky130_fd_sc_hd__and3b_1)
     1    0.001914    0.077777    0.367865    8.234539 ^ _410_/X (sky130_fd_sc_hd__and3b_1)
                                                         _041_ (net)
                      0.077777    0.000087    8.234626 ^ _471_/D (sky130_fd_sc_hd__dfxtp_1)
                                              8.234626   data arrival time

                                 25.000000   25.000000   clock clk (rise edge)
                                  0.000000   25.000000   clock source latency
     1    0.019539    0.146837    0.100504   25.100504 ^ clk (in)
                                                         clk (net)
                      0.146870    0.000000   25.100504 ^ clkbuf_0_clk/A (sky130_fd_sc_hd__clkbuf_16)
     4    0.042376    0.096839    0.287798   25.388302 ^ clkbuf_0_clk/X (sky130_fd_sc_hd__clkbuf_16)
                                                         clknet_0_clk (net)
                      0.096961    0.001984   25.390285 ^ clkbuf_2_0__f_clk/A (sky130_fd_sc_hd__clkbuf_16)
    14    0.045642    0.101168    0.268173   25.658459 ^ clkbuf_2_0__f_clk/X (sky130_fd_sc_hd__clkbuf_16)
                                                         clknet_2_0__leaf_clk (net)
                      0.101289    0.002945   25.661404 ^ _471_/CLK (sky130_fd_sc_hd__dfxtp_1)
                                 -0.250000   25.411406   clock uncertainty
                                  0.000000   25.411406   clock reconvergence pessimism
                                 -0.125101   25.286304   library setup time
                                             25.286304   data required time
---------------------------------------------------------------------------------------------
                                             25.286304   data required time
                                             -8.234626   data arrival time
---------------------------------------------------------------------------------------------
                                             17.051678   slack (MET)


Startpoint: file_denied (input port clocked by clk)
Endpoint: _469_ (rising edge-triggered flip-flop clocked by clk)
Path Group: clk
Path Type: max

Fanout         Cap        Slew       Delay        Time   Description
---------------------------------------------------------------------------------------------
                                  0.000000    0.000000   clock clk (rise edge)
                                  0.000000    0.000000   clock network delay (propagated)
                                  5.000000    5.000000 v input external delay
     1    0.002545    0.017490    0.008475    5.008476 v file_denied (in)
                                                         file_denied (net)
                      0.017490    0.000000    5.008476 v input3/A (sky130_fd_sc_hd__buf_1)
     4    0.015854    0.187105    0.244226    5.252702 v input3/X (sky130_fd_sc_hd__buf_1)
                                                         net3 (net)
                      0.187111    0.001270    5.253972 v _353_/A2 (sky130_fd_sc_hd__o41ai_1)
     1    0.007043    0.709386    0.847885    6.101857 ^ _353_/Y (sky130_fd_sc_hd__o41ai_1)
                                                         _157_ (net)
                      0.709386    0.000575    6.102432 ^ _362_/A1 (sky130_fd_sc_hd__a31o_1)
     2    0.009855    0.180885    0.572521    6.674953 ^ _362_/X (sky130_fd_sc_hd__a31o_1)
                                                         _166_ (net)
                      0.180885    0.000633    6.675586 ^ _368_/B (sky130_fd_sc_hd__xor2_1)
     1    0.001991    0.160245    0.267293    6.942879 ^ _368_/X (sky130_fd_sc_hd__xor2_1)
                                                         _172_ (net)
                      0.160245    0.000140    6.943019 ^ _369_/D (sky130_fd_sc_hd__and4_1)
     2    0.008553    0.177685    0.499564    7.442583 ^ _369_/X (sky130_fd_sc_hd__and4_1)
                                                         _173_ (net)
                      0.177685    0.000549    7.443131 ^ fanout77/A (sky130_fd_sc_hd__clkbuf_2)
    10    0.037326    0.318786    0.417515    7.860647 ^ fanout77/X (sky130_fd_sc_hd__clkbuf_2)
                                                         net77 (net)
                      0.319032    0.005552    7.866199 ^ _404_/A (sky130_fd_sc_hd__and3_1)
     1    0.002474    0.084012    0.364514    8.230712 ^ _404_/X (sky130_fd_sc_hd__and3_1)
                                                         _039_ (net)
                      0.084012    0.000098    8.230810 ^ _469_/D (sky130_fd_sc_hd__dfxtp_1)
                                              8.230810   data arrival time

                                 25.000000   25.000000   clock clk (rise edge)
                                  0.000000   25.000000   clock source latency
     1    0.019539    0.146837    0.100504   25.100504 ^ clk (in)
                                                         clk (net)
                      0.146870    0.000000   25.100504 ^ clkbuf_0_clk/A (sky130_fd_sc_hd__clkbuf_16)
     4    0.042376    0.096839    0.287798   25.388302 ^ clkbuf_0_clk/X (sky130_fd_sc_hd__clkbuf_16)
                                                         clknet_0_clk (net)
                      0.096961    0.001984   25.390285 ^ clkbuf_2_0__f_clk/A (sky130_fd_sc_hd__clkbuf_16)
    14    0.045642    0.101168    0.268173   25.658459 ^ clkbuf_2_0__f_clk/X (sky130_fd_sc_hd__clkbuf_16)
                                                         clknet_2_0__leaf_clk (net)
                      0.101208    0.001872   25.660332 ^ _469_/CLK (sky130_fd_sc_hd__dfxtp_1)
                                 -0.250000   25.410332   clock uncertainty
                                  0.000000   25.410332   clock reconvergence pessimism
                                 -0.126734   25.283598   library setup time
                                             25.283598   data required time
---------------------------------------------------------------------------------------------
                                             25.283598   data required time
                                             -8.230810   data arrival time
---------------------------------------------------------------------------------------------
                                             17.052788   slack (MET)


Startpoint: reset (input port clocked by clk)
Endpoint: _446_ (rising edge-triggered flip-flop clocked by clk)
Path Group: clk
Path Type: max

Fanout         Cap        Slew       Delay        Time   Description
---------------------------------------------------------------------------------------------
                                  0.000000    0.000000   clock clk (rise edge)
                                  0.000000    0.000000   clock network delay (propagated)
                                  5.000000    5.000000 v input external delay
     1    0.003133    0.019737    0.010330    5.010330 v reset (in)
                                                         reset (net)
                      0.019737    0.000000    5.010330 v input11/A (sky130_fd_sc_hd__buf_1)
     4    0.017462    0.204532    0.257998    5.268328 v input11/X (sky130_fd_sc_hd__buf_1)
                                                         net11 (net)
                      0.204532    0.000469    5.268796 v fanout82/A (sky130_fd_sc_hd__buf_2)
    10    0.040566    0.191147    0.426676    5.695473 v fanout82/X (sky130_fd_sc_hd__buf_2)
                                                         net82 (net)
                      0.191227    0.003678    5.699150 v _283_/C1 (sky130_fd_sc_hd__a221o_1)
     1    0.004233    0.107580    0.552360    6.251510 v _283_/X (sky130_fd_sc_hd__a221o_1)
                                                         _110_ (net)
                      0.107580    0.000153    6.251662 v _287_/B (sky130_fd_sc_hd__or3b_2)
     5    0.026686    0.287488    1.245332    7.496994 v _287_/X (sky130_fd_sc_hd__or3b_2)
                                                         _113_ (net)
                      0.287517    0.003037    7.500031 v fanout80/A (sky130_fd_sc_hd__buf_2)
    10    0.045146    0.209529    0.481234    7.981265 v fanout80/X (sky130_fd_sc_hd__buf_2)
                                                         net80 (net)
                      0.209531    0.001105    7.982369 v _328_/B1 (sky130_fd_sc_hd__a21oi_1)
     1    0.002328    0.155702    0.227276    8.209645 ^ _328_/Y (sky130_fd_sc_hd__a21oi_1)
                                                         _016_ (net)
                      0.155702    0.000154    8.209800 ^ _446_/D (sky130_fd_sc_hd__dfxtp_1)
                                              8.209800   data arrival time

                                 25.000000   25.000000   clock clk (rise edge)
                                  0.000000   25.000000   clock source latency
     1    0.019539    0.146837    0.100504   25.100504 ^ clk (in)
                                                         clk (net)
                      0.146870    0.000000   25.100504 ^ clkbuf_0_clk/A (sky130_fd_sc_hd__clkbuf_16)
     4    0.042376    0.096839    0.287798   25.388302 ^ clkbuf_0_clk/X (sky130_fd_sc_hd__clkbuf_16)
                                                         clknet_0_clk (net)
                      0.096943    0.001698   25.389999 ^ clkbuf_2_2__f_clk/A (sky130_fd_sc_hd__clkbuf_16)
    13    0.045420    0.100882    0.267955   25.657955 ^ clkbuf_2_2__f_clk/X (sky130_fd_sc_hd__clkbuf_16)
                                                         clknet_2_2__leaf_clk (net)
                      0.100967    0.002499   25.660454 ^ _446_/CLK (sky130_fd_sc_hd__dfxtp_1)
                                 -0.250000   25.410456   clock uncertainty
                                  0.000000   25.410456   clock reconvergence pessimism
                                 -0.145401   25.265053   library setup time
                                             25.265053   data required time
---------------------------------------------------------------------------------------------
                                             25.265053   data required time
                                             -8.209800   data arrival time
---------------------------------------------------------------------------------------------
                                             17.055254   slack (MET)


Startpoint: file_denied (input port clocked by clk)
Endpoint: _461_ (rising edge-triggered flip-flop clocked by clk)
Path Group: clk
Path Type: max

Fanout         Cap        Slew       Delay        Time   Description
---------------------------------------------------------------------------------------------
                                  0.000000    0.000000   clock clk (rise edge)
                                  0.000000    0.000000   clock network delay (propagated)
                                  5.000000    5.000000 v input external delay
     1    0.002545    0.017490    0.008475    5.008476 v file_denied (in)
                                                         file_denied (net)
                      0.017490    0.000000    5.008476 v input3/A (sky130_fd_sc_hd__buf_1)
     4    0.015854    0.187105    0.244226    5.252702 v input3/X (sky130_fd_sc_hd__buf_1)
                                                         net3 (net)
                      0.187111    0.001270    5.253972 v _353_/A2 (sky130_fd_sc_hd__o41ai_1)
     1    0.007043    0.709386    0.847885    6.101857 ^ _353_/Y (sky130_fd_sc_hd__o41ai_1)
                                                         _157_ (net)
                      0.709386    0.000575    6.102432 ^ _362_/A1 (sky130_fd_sc_hd__a31o_1)
     2    0.009855    0.180885    0.572521    6.674953 ^ _362_/X (sky130_fd_sc_hd__a31o_1)
                                                         _166_ (net)
                      0.180885    0.000633    6.675586 ^ _368_/B (sky130_fd_sc_hd__xor2_1)
     1    0.001991    0.160245    0.267293    6.942879 ^ _368_/X (sky130_fd_sc_hd__xor2_1)
                                                         _172_ (net)
                      0.160245    0.000140    6.943019 ^ _369_/D (sky130_fd_sc_hd__and4_1)
     2    0.008553    0.177685    0.499564    7.442583 ^ _369_/X (sky130_fd_sc_hd__and4_1)
                                                         _173_ (net)
                      0.177685    0.000465    7.443048 ^ fanout78/A (sky130_fd_sc_hd__buf_1)
     6    0.018711    0.359699    0.402043    7.845091 ^ fanout78/X (sky130_fd_sc_hd__buf_1)
                                                         net78 (net)
                      0.359800    0.001156    7.846247 ^ _379_/C (sky130_fd_sc_hd__and3b_1)
     1    0.001846    0.077263    0.386102    8.232348 ^ _379_/X (sky130_fd_sc_hd__and3b_1)
                                                         _031_ (net)
                      0.077263    0.000083    8.232431 ^ _461_/D (sky130_fd_sc_hd__dfxtp_1)
                                              8.232431   data arrival time

                                 25.000000   25.000000   clock clk (rise edge)
                                  0.000000   25.000000   clock source latency
     1    0.019539    0.146837    0.100504   25.100504 ^ clk (in)
                                                         clk (net)
                      0.146870    0.000000   25.100504 ^ clkbuf_0_clk/A (sky130_fd_sc_hd__clkbuf_16)
     4    0.042376    0.096839    0.287798   25.388302 ^ clkbuf_0_clk/X (sky130_fd_sc_hd__clkbuf_16)
                                                         clknet_0_clk (net)
                      0.096962    0.001997   25.390299 ^ clkbuf_2_1__f_clk/A (sky130_fd_sc_hd__clkbuf_16)
    14    0.047669    0.103868    0.270319   25.660618 ^ clkbuf_2_1__f_clk/X (sky130_fd_sc_hd__clkbuf_16)
                                                         clknet_2_1__leaf_clk (net)
                      0.103957    0.002627   25.663244 ^ _461_/CLK (sky130_fd_sc_hd__dfxtp_1)
                                 -0.250000   25.413246   clock uncertainty
                                  0.000000   25.413246   clock reconvergence pessimism
                                 -0.124516   25.288731   library setup time
                                             25.288731   data required time
---------------------------------------------------------------------------------------------
                                             25.288731   data required time
                                             -8.232431   data arrival time
---------------------------------------------------------------------------------------------
                                             17.056297   slack (MET)


Startpoint: file_denied (input port clocked by clk)
Endpoint: _465_ (rising edge-triggered flip-flop clocked by clk)
Path Group: clk
Path Type: max

Fanout         Cap        Slew       Delay        Time   Description
---------------------------------------------------------------------------------------------
                                  0.000000    0.000000   clock clk (rise edge)
                                  0.000000    0.000000   clock network delay (propagated)
                                  5.000000    5.000000 v input external delay
     1    0.002545    0.017490    0.008475    5.008476 v file_denied (in)
                                                         file_denied (net)
                      0.017490    0.000000    5.008476 v input3/A (sky130_fd_sc_hd__buf_1)
     4    0.015854    0.187105    0.244226    5.252702 v input3/X (sky130_fd_sc_hd__buf_1)
                                                         net3 (net)
                      0.187111    0.001270    5.253972 v _353_/A2 (sky130_fd_sc_hd__o41ai_1)
     1    0.007043    0.709386    0.847885    6.101857 ^ _353_/Y (sky130_fd_sc_hd__o41ai_1)
                                                         _157_ (net)
                      0.709386    0.000575    6.102432 ^ _362_/A1 (sky130_fd_sc_hd__a31o_1)
     2    0.009855    0.180885    0.572521    6.674953 ^ _362_/X (sky130_fd_sc_hd__a31o_1)
                                                         _166_ (net)
                      0.180885    0.000633    6.675586 ^ _368_/B (sky130_fd_sc_hd__xor2_1)
     1    0.001991    0.160245    0.267293    6.942879 ^ _368_/X (sky130_fd_sc_hd__xor2_1)
                                                         _172_ (net)
                      0.160245    0.000140    6.943019 ^ _369_/D (sky130_fd_sc_hd__and4_1)
     2    0.008553    0.177685    0.499564    7.442583 ^ _369_/X (sky130_fd_sc_hd__and4_1)
                                                         _173_ (net)
                      0.177685    0.000465    7.443048 ^ fanout78/A (sky130_fd_sc_hd__buf_1)
     6    0.018711    0.359699    0.402043    7.845091 ^ fanout78/X (sky130_fd_sc_hd__buf_1)
                                                         net78 (net)
                      0.359805    0.001645    7.846736 ^ _391_/C (sky130_fd_sc_hd__and3b_1)
     1    0.001841    0.077205    0.386016    8.232752 ^ _391_/X (sky130_fd_sc_hd__and3b_1)
                                                         _035_ (net)
                      0.077205    0.000131    8.232882 ^ _465_/D (sky130_fd_sc_hd__dfxtp_1)
                                              8.232882   data arrival time

                                 25.000000   25.000000   clock clk (rise edge)
                                  0.000000   25.000000   clock source latency
     1    0.019539    0.146837    0.100504   25.100504 ^ clk (in)
                                                         clk (net)
                      0.146870    0.000000   25.100504 ^ clkbuf_0_clk/A (sky130_fd_sc_hd__clkbuf_16)
     4    0.042376    0.096839    0.287798   25.388302 ^ clkbuf_0_clk/X (sky130_fd_sc_hd__clkbuf_16)
                                                         clknet_0_clk (net)
                      0.096962    0.001997   25.390299 ^ clkbuf_2_1__f_clk/A (sky130_fd_sc_hd__clkbuf_16)
    14    0.047669    0.103868    0.270319   25.660618 ^ clkbuf_2_1__f_clk/X (sky130_fd_sc_hd__clkbuf_16)
                                                         clknet_2_1__leaf_clk (net)
                      0.104031    0.003466   25.664083 ^ _465_/CLK (sky130_fd_sc_hd__dfxtp_1)
                                 -0.250000   25.414083   clock uncertainty
                                  0.000000   25.414083   clock reconvergence pessimism
                                 -0.124489   25.289595   library setup time
                                             25.289595   data required time
---------------------------------------------------------------------------------------------
                                             25.289595   data required time
                                             -8.232882   data arrival time
---------------------------------------------------------------------------------------------
                                             17.056713   slack (MET)


Startpoint: reset (input port clocked by clk)
Endpoint: _435_ (rising edge-triggered flip-flop clocked by clk)
Path Group: clk
Path Type: max

Fanout         Cap        Slew       Delay        Time   Description
---------------------------------------------------------------------------------------------
                                  0.000000    0.000000   clock clk (rise edge)
                                  0.000000    0.000000   clock network delay (propagated)
                                  5.000000    5.000000 v input external delay
     1    0.003133    0.019737    0.010330    5.010330 v reset (in)
                                                         reset (net)
                      0.019737    0.000000    5.010330 v input11/A (sky130_fd_sc_hd__buf_1)
     4    0.017462    0.204532    0.257998    5.268328 v input11/X (sky130_fd_sc_hd__buf_1)
                                                         net11 (net)
                      0.204532    0.000469    5.268796 v fanout82/A (sky130_fd_sc_hd__buf_2)
    10    0.040566    0.191147    0.426676    5.695473 v fanout82/X (sky130_fd_sc_hd__buf_2)
                                                         net82 (net)
                      0.191227    0.003678    5.699150 v _283_/C1 (sky130_fd_sc_hd__a221o_1)
     1    0.004233    0.107580    0.552360    6.251510 v _283_/X (sky130_fd_sc_hd__a221o_1)
                                                         _110_ (net)
                      0.107580    0.000153    6.251662 v _287_/B (sky130_fd_sc_hd__or3b_2)
     5    0.026686    0.287488    1.245332    7.496994 v _287_/X (sky130_fd_sc_hd__or3b_2)
                                                         _113_ (net)
                      0.287517    0.003037    7.500031 v fanout80/A (sky130_fd_sc_hd__buf_2)
    10    0.045146    0.209529    0.481234    7.981265 v fanout80/X (sky130_fd_sc_hd__buf_2)
                                                         net80 (net)
                      0.209701    0.005415    7.986680 v _298_/B1 (sky130_fd_sc_hd__a21oi_1)
     1    0.002167    0.151289    0.223514    8.210194 ^ _298_/Y (sky130_fd_sc_hd__a21oi_1)
                                                         _005_ (net)
                      0.151289    0.000154    8.210347 ^ _435_/D (sky130_fd_sc_hd__dfxtp_1)
                                              8.210347   data arrival time

                                 25.000000   25.000000   clock clk (rise edge)
                                  0.000000   25.000000   clock source latency
     1    0.019539    0.146837    0.100504   25.100504 ^ clk (in)
                                                         clk (net)
                      0.146870    0.000000   25.100504 ^ clkbuf_0_clk/A (sky130_fd_sc_hd__clkbuf_16)
     4    0.042376    0.096839    0.287798   25.388302 ^ clkbuf_0_clk/X (sky130_fd_sc_hd__clkbuf_16)
                                                         clknet_0_clk (net)
                      0.096961    0.001984   25.390285 ^ clkbuf_2_0__f_clk/A (sky130_fd_sc_hd__clkbuf_16)
    14    0.045642    0.101168    0.268173   25.658459 ^ clkbuf_2_0__f_clk/X (sky130_fd_sc_hd__clkbuf_16)
                                                         clknet_2_0__leaf_clk (net)
                      0.101293    0.002991   25.661451 ^ _435_/CLK (sky130_fd_sc_hd__dfxtp_1)
                                 -0.250000   25.411451   clock uncertainty
                                  0.000000   25.411451   clock reconvergence pessimism
                                 -0.144199   25.267252   library setup time
                                             25.267252   data required time
---------------------------------------------------------------------------------------------
                                             25.267252   data required time
                                             -8.210347   data arrival time
---------------------------------------------------------------------------------------------
                                             17.056906   slack (MET)


Startpoint: reset (input port clocked by clk)
Endpoint: _438_ (rising edge-triggered flip-flop clocked by clk)
Path Group: clk
Path Type: max

Fanout         Cap        Slew       Delay        Time   Description
---------------------------------------------------------------------------------------------
                                  0.000000    0.000000   clock clk (rise edge)
                                  0.000000    0.000000   clock network delay (propagated)
                                  5.000000    5.000000 v input external delay
     1    0.003133    0.019737    0.010330    5.010330 v reset (in)
                                                         reset (net)
                      0.019737    0.000000    5.010330 v input11/A (sky130_fd_sc_hd__buf_1)
     4    0.017462    0.204532    0.257998    5.268328 v input11/X (sky130_fd_sc_hd__buf_1)
                                                         net11 (net)
                      0.204532    0.000469    5.268796 v fanout82/A (sky130_fd_sc_hd__buf_2)
    10    0.040566    0.191147    0.426676    5.695473 v fanout82/X (sky130_fd_sc_hd__buf_2)
                                                         net82 (net)
                      0.191227    0.003678    5.699150 v _283_/C1 (sky130_fd_sc_hd__a221o_1)
     1    0.004233    0.107580    0.552360    6.251510 v _283_/X (sky130_fd_sc_hd__a221o_1)
                                                         _110_ (net)
                      0.107580    0.000153    6.251662 v _287_/B (sky130_fd_sc_hd__or3b_2)
     5    0.026686    0.287488    1.245332    7.496994 v _287_/X (sky130_fd_sc_hd__or3b_2)
                                                         _113_ (net)
                      0.287517    0.003037    7.500031 v fanout80/A (sky130_fd_sc_hd__buf_2)
    10    0.045146    0.209529    0.481234    7.981265 v fanout80/X (sky130_fd_sc_hd__buf_2)
                                                         net80 (net)
                      0.209638    0.004411    7.985675 v _306_/B1 (sky130_fd_sc_hd__a21oi_1)
     1    0.002151    0.150840    0.223105    8.208780 ^ _306_/Y (sky130_fd_sc_hd__a21oi_1)
                                                         _008_ (net)
                      0.150840    0.000140    8.208920 ^ _438_/D (sky130_fd_sc_hd__dfxtp_1)
                                              8.208920   data arrival time

                                 25.000000   25.000000   clock clk (rise edge)
                                  0.000000   25.000000   clock source latency
     1    0.019539    0.146837    0.100504   25.100504 ^ clk (in)
                                                         clk (net)
                      0.146870    0.000000   25.100504 ^ clkbuf_0_clk/A (sky130_fd_sc_hd__clkbuf_16)
     4    0.042376    0.096839    0.287798   25.388302 ^ clkbuf_0_clk/X (sky130_fd_sc_hd__clkbuf_16)
                                                         clknet_0_clk (net)
                      0.096961    0.001984   25.390285 ^ clkbuf_2_0__f_clk/A (sky130_fd_sc_hd__clkbuf_16)
    14    0.045642    0.101168    0.268173   25.658459 ^ clkbuf_2_0__f_clk/X (sky130_fd_sc_hd__clkbuf_16)
                                                         clknet_2_0__leaf_clk (net)
                      0.101240    0.002332   25.660791 ^ _438_/CLK (sky130_fd_sc_hd__dfxtp_1)
                                 -0.250000   25.410793   clock uncertainty
                                  0.000000   25.410793   clock reconvergence pessimism
                                 -0.144092   25.266701   library setup time
                                             25.266701   data required time
---------------------------------------------------------------------------------------------
                                             25.266701   data required time
                                             -8.208920   data arrival time
---------------------------------------------------------------------------------------------
                                             17.057779   slack (MET)


Startpoint: reset (input port clocked by clk)
Endpoint: _441_ (rising edge-triggered flip-flop clocked by clk)
Path Group: clk
Path Type: max

Fanout         Cap        Slew       Delay        Time   Description
---------------------------------------------------------------------------------------------
                                  0.000000    0.000000   clock clk (rise edge)
                                  0.000000    0.000000   clock network delay (propagated)
                                  5.000000    5.000000 v input external delay
     1    0.003133    0.019737    0.010330    5.010330 v reset (in)
                                                         reset (net)
                      0.019737    0.000000    5.010330 v input11/A (sky130_fd_sc_hd__buf_1)
     4    0.017462    0.204532    0.257998    5.268328 v input11/X (sky130_fd_sc_hd__buf_1)
                                                         net11 (net)
                      0.204532    0.000469    5.268796 v fanout82/A (sky130_fd_sc_hd__buf_2)
    10    0.040566    0.191147    0.426676    5.695473 v fanout82/X (sky130_fd_sc_hd__buf_2)
                                                         net82 (net)
                      0.191227    0.003678    5.699150 v _283_/C1 (sky130_fd_sc_hd__a221o_1)
     1    0.004233    0.107580    0.552360    6.251510 v _283_/X (sky130_fd_sc_hd__a221o_1)
                                                         _110_ (net)
                      0.107580    0.000153    6.251662 v _287_/B (sky130_fd_sc_hd__or3b_2)
     5    0.026686    0.287488    1.245332    7.496994 v _287_/X (sky130_fd_sc_hd__or3b_2)
                                                         _113_ (net)
                      0.287517    0.003037    7.500031 v fanout80/A (sky130_fd_sc_hd__buf_2)
    10    0.045146    0.209529    0.481234    7.981265 v fanout80/X (sky130_fd_sc_hd__buf_2)
                                                         net80 (net)
                      0.209604    0.003748    7.985013 v _315_/B1 (sky130_fd_sc_hd__a21oi_1)
     1    0.002147    0.150727    0.222992    8.208005 ^ _315_/Y (sky130_fd_sc_hd__a21oi_1)
                                                         _011_ (net)
                      0.150727    0.000143    8.208148 ^ _441_/D (sky130_fd_sc_hd__dfxtp_1)
                                              8.208148   data arrival time

                                 25.000000   25.000000   clock clk (rise edge)
                                  0.000000   25.000000   clock source latency
     1    0.019539    0.146837    0.100504   25.100504 ^ clk (in)
                                                         clk (net)
                      0.146870    0.000000   25.100504 ^ clkbuf_0_clk/A (sky130_fd_sc_hd__clkbuf_16)
     4    0.042376    0.096839    0.287798   25.388302 ^ clkbuf_0_clk/X (sky130_fd_sc_hd__clkbuf_16)
                                                         clknet_0_clk (net)
                      0.096943    0.001698   25.389999 ^ clkbuf_2_2__f_clk/A (sky130_fd_sc_hd__clkbuf_16)
    13    0.045420    0.100882    0.267955   25.657955 ^ clkbuf_2_2__f_clk/X (sky130_fd_sc_hd__clkbuf_16)
                                                         clknet_2_2__leaf_clk (net)
                      0.101012    0.003041   25.660995 ^ _441_/CLK (sky130_fd_sc_hd__dfxtp_1)
                                 -0.250000   25.410997   clock uncertainty
                                  0.000000   25.410997   clock reconvergence pessimism
                                 -0.144101   25.266895   library setup time
                                             25.266895   data required time
---------------------------------------------------------------------------------------------
                                             25.266895   data required time
                                             -8.208148   data arrival time
---------------------------------------------------------------------------------------------
                                             17.058746   slack (MET)


Startpoint: file_denied (input port clocked by clk)
Endpoint: _462_ (rising edge-triggered flip-flop clocked by clk)
Path Group: clk
Path Type: max

Fanout         Cap        Slew       Delay        Time   Description
---------------------------------------------------------------------------------------------
                                  0.000000    0.000000   clock clk (rise edge)
                                  0.000000    0.000000   clock network delay (propagated)
                                  5.000000    5.000000 v input external delay
     1    0.002545    0.017490    0.008475    5.008476 v file_denied (in)
                                                         file_denied (net)
                      0.017490    0.000000    5.008476 v input3/A (sky130_fd_sc_hd__buf_1)
     4    0.015854    0.187105    0.244226    5.252702 v input3/X (sky130_fd_sc_hd__buf_1)
                                                         net3 (net)
                      0.187111    0.001270    5.253972 v _353_/A2 (sky130_fd_sc_hd__o41ai_1)
     1    0.007043    0.709386    0.847885    6.101857 ^ _353_/Y (sky130_fd_sc_hd__o41ai_1)
                                                         _157_ (net)
                      0.709386    0.000575    6.102432 ^ _362_/A1 (sky130_fd_sc_hd__a31o_1)
     2    0.009855    0.180885    0.572521    6.674953 ^ _362_/X (sky130_fd_sc_hd__a31o_1)
                                                         _166_ (net)
                      0.180885    0.000633    6.675586 ^ _368_/B (sky130_fd_sc_hd__xor2_1)
     1    0.001991    0.160245    0.267293    6.942879 ^ _368_/X (sky130_fd_sc_hd__xor2_1)
                                                         _172_ (net)
                      0.160245    0.000140    6.943019 ^ _369_/D (sky130_fd_sc_hd__and4_1)
     2    0.008553    0.177685    0.499564    7.442583 ^ _369_/X (sky130_fd_sc_hd__and4_1)
                                                         _173_ (net)
                      0.177685    0.000549    7.443131 ^ fanout77/A (sky130_fd_sc_hd__clkbuf_2)
    10    0.037326    0.318786    0.417515    7.860647 ^ fanout77/X (sky130_fd_sc_hd__clkbuf_2)
                                                         net77 (net)
                      0.318965    0.004035    7.864682 ^ _382_/A (sky130_fd_sc_hd__and3_1)
     1    0.002342    0.082407    0.362502    8.227183 ^ _382_/X (sky130_fd_sc_hd__and3_1)
                                                         _032_ (net)
                      0.082407    0.000167    8.227350 ^ _462_/D (sky130_fd_sc_hd__dfxtp_1)
                                              8.227350   data arrival time

                                 25.000000   25.000000   clock clk (rise edge)
                                  0.000000   25.000000   clock source latency
     1    0.019539    0.146837    0.100504   25.100504 ^ clk (in)
                                                         clk (net)
                      0.146870    0.000000   25.100504 ^ clkbuf_0_clk/A (sky130_fd_sc_hd__clkbuf_16)
     4    0.042376    0.096839    0.287798   25.388302 ^ clkbuf_0_clk/X (sky130_fd_sc_hd__clkbuf_16)
                                                         clknet_0_clk (net)
                      0.096962    0.001997   25.390299 ^ clkbuf_2_1__f_clk/A (sky130_fd_sc_hd__clkbuf_16)
    14    0.047669    0.103868    0.270319   25.660618 ^ clkbuf_2_1__f_clk/X (sky130_fd_sc_hd__clkbuf_16)
                                                         clknet_2_1__leaf_clk (net)
                      0.103910    0.001942   25.662560 ^ _462_/CLK (sky130_fd_sc_hd__dfxtp_1)
                                 -0.250000   25.412560   clock uncertainty
                                  0.000000   25.412560   clock reconvergence pessimism
                                 -0.125861   25.286699   library setup time
                                             25.286699   data required time
---------------------------------------------------------------------------------------------
                                             25.286699   data required time
                                             -8.227350   data arrival time
---------------------------------------------------------------------------------------------
                                             17.059349   slack (MET)


Startpoint: reset (input port clocked by clk)
Endpoint: _437_ (rising edge-triggered flip-flop clocked by clk)
Path Group: clk
Path Type: max

Fanout         Cap        Slew       Delay        Time   Description
---------------------------------------------------------------------------------------------
                                  0.000000    0.000000   clock clk (rise edge)
                                  0.000000    0.000000   clock network delay (propagated)
                                  5.000000    5.000000 v input external delay
     1    0.003133    0.019737    0.010330    5.010330 v reset (in)
                                                         reset (net)
                      0.019737    0.000000    5.010330 v input11/A (sky130_fd_sc_hd__buf_1)
     4    0.017462    0.204532    0.257998    5.268328 v input11/X (sky130_fd_sc_hd__buf_1)
                                                         net11 (net)
                      0.204532    0.000469    5.268796 v fanout82/A (sky130_fd_sc_hd__buf_2)
    10    0.040566    0.191147    0.426676    5.695473 v fanout82/X (sky130_fd_sc_hd__buf_2)
                                                         net82 (net)
                      0.191227    0.003678    5.699150 v _283_/C1 (sky130_fd_sc_hd__a221o_1)
     1    0.004233    0.107580    0.552360    6.251510 v _283_/X (sky130_fd_sc_hd__a221o_1)
                                                         _110_ (net)
                      0.107580    0.000153    6.251662 v _287_/B (sky130_fd_sc_hd__or3b_2)
     5    0.026686    0.287488    1.245332    7.496994 v _287_/X (sky130_fd_sc_hd__or3b_2)
                                                         _113_ (net)
                      0.287517    0.003037    7.500031 v fanout80/A (sky130_fd_sc_hd__buf_2)
    10    0.045146    0.209529    0.481234    7.981265 v fanout80/X (sky130_fd_sc_hd__buf_2)
                                                         net80 (net)
                      0.209662    0.004822    7.986087 v _304_/B1 (sky130_fd_sc_hd__a21oi_1)
     1    0.002054    0.148185    0.220822    8.206908 ^ _304_/Y (sky130_fd_sc_hd__a21oi_1)
                                                         _007_ (net)
                      0.148185    0.000091    8.206999 ^ _437_/D (sky130_fd_sc_hd__dfxtp_1)
                                              8.206999   data arrival time

                                 25.000000   25.000000   clock clk (rise edge)
                                  0.000000   25.000000   clock source latency
     1    0.019539    0.146837    0.100504   25.100504 ^ clk (in)
                                                         clk (net)
                      0.146870    0.000000   25.100504 ^ clkbuf_0_clk/A (sky130_fd_sc_hd__clkbuf_16)
     4    0.042376    0.096839    0.287798   25.388302 ^ clkbuf_0_clk/X (sky130_fd_sc_hd__clkbuf_16)
                                                         clknet_0_clk (net)
                      0.096961    0.001984   25.390285 ^ clkbuf_2_0__f_clk/A (sky130_fd_sc_hd__clkbuf_16)
    14    0.045642    0.101168    0.268173   25.658459 ^ clkbuf_2_0__f_clk/X (sky130_fd_sc_hd__clkbuf_16)
                                                         clknet_2_0__leaf_clk (net)
                      0.101285    0.002895   25.661354 ^ _437_/CLK (sky130_fd_sc_hd__dfxtp_1)
                                 -0.250000   25.411356   clock uncertainty
                                  0.000000   25.411356   clock reconvergence pessimism
                                 -0.143394   25.267962   library setup time
                                             25.267962   data required time
---------------------------------------------------------------------------------------------
                                             25.267962   data required time
                                             -8.206999   data arrival time
---------------------------------------------------------------------------------------------
                                             17.060963   slack (MET)


Startpoint: file_denied (input port clocked by clk)
Endpoint: _464_ (rising edge-triggered flip-flop clocked by clk)
Path Group: clk
Path Type: max

Fanout         Cap        Slew       Delay        Time   Description
---------------------------------------------------------------------------------------------
                                  0.000000    0.000000   clock clk (rise edge)
                                  0.000000    0.000000   clock network delay (propagated)
                                  5.000000    5.000000 v input external delay
     1    0.002545    0.017490    0.008475    5.008476 v file_denied (in)
                                                         file_denied (net)
                      0.017490    0.000000    5.008476 v input3/A (sky130_fd_sc_hd__buf_1)
     4    0.015854    0.187105    0.244226    5.252702 v input3/X (sky130_fd_sc_hd__buf_1)
                                                         net3 (net)
                      0.187111    0.001270    5.253972 v _353_/A2 (sky130_fd_sc_hd__o41ai_1)
     1    0.007043    0.709386    0.847885    6.101857 ^ _353_/Y (sky130_fd_sc_hd__o41ai_1)
                                                         _157_ (net)
                      0.709386    0.000575    6.102432 ^ _362_/A1 (sky130_fd_sc_hd__a31o_1)
     2    0.009855    0.180885    0.572521    6.674953 ^ _362_/X (sky130_fd_sc_hd__a31o_1)
                                                         _166_ (net)
                      0.180885    0.000633    6.675586 ^ _368_/B (sky130_fd_sc_hd__xor2_1)
     1    0.001991    0.160245    0.267293    6.942879 ^ _368_/X (sky130_fd_sc_hd__xor2_1)
                                                         _172_ (net)
                      0.160245    0.000140    6.943019 ^ _369_/D (sky130_fd_sc_hd__and4_1)
     2    0.008553    0.177685    0.499564    7.442583 ^ _369_/X (sky130_fd_sc_hd__and4_1)
                                                         _173_ (net)
                      0.177685    0.000549    7.443131 ^ fanout77/A (sky130_fd_sc_hd__clkbuf_2)
    10    0.037326    0.318786    0.417515    7.860647 ^ fanout77/X (sky130_fd_sc_hd__clkbuf_2)
                                                         net77 (net)
                      0.318988    0.004608    7.865254 ^ _388_/A (sky130_fd_sc_hd__and3_1)
     1    0.001975    0.077921    0.357055    8.222309 ^ _388_/X (sky130_fd_sc_hd__and3_1)
                                                         _034_ (net)
                      0.077921    0.000092    8.222402 ^ _464_/D (sky130_fd_sc_hd__dfxtp_1)
                                              8.222402   data arrival time

                                 25.000000   25.000000   clock clk (rise edge)
                                  0.000000   25.000000   clock source latency
     1    0.019539    0.146837    0.100504   25.100504 ^ clk (in)
                                                         clk (net)
                      0.146870    0.000000   25.100504 ^ clkbuf_0_clk/A (sky130_fd_sc_hd__clkbuf_16)
     4    0.042376    0.096839    0.287798   25.388302 ^ clkbuf_0_clk/X (sky130_fd_sc_hd__clkbuf_16)
                                                         clknet_0_clk (net)
                      0.096961    0.001984   25.390285 ^ clkbuf_2_0__f_clk/A (sky130_fd_sc_hd__clkbuf_16)
    14    0.045642    0.101168    0.268173   25.658459 ^ clkbuf_2_0__f_clk/X (sky130_fd_sc_hd__clkbuf_16)
                                                         clknet_2_0__leaf_clk (net)
                      0.101203    0.001798   25.660257 ^ _464_/CLK (sky130_fd_sc_hd__dfxtp_1)
                                 -0.250000   25.410257   clock uncertainty
                                  0.000000   25.410257   clock reconvergence pessimism
                                 -0.125153   25.285105   library setup time
                                             25.285105   data required time
---------------------------------------------------------------------------------------------
                                             25.285105   data required time
                                             -8.222402   data arrival time
---------------------------------------------------------------------------------------------
                                             17.062704   slack (MET)


Startpoint: reset (input port clocked by clk)
Endpoint: _434_ (rising edge-triggered flip-flop clocked by clk)
Path Group: clk
Path Type: max

Fanout         Cap        Slew       Delay        Time   Description
---------------------------------------------------------------------------------------------
                                  0.000000    0.000000   clock clk (rise edge)
                                  0.000000    0.000000   clock network delay (propagated)
                                  5.000000    5.000000 v input external delay
     1    0.003133    0.019737    0.010330    5.010330 v reset (in)
                                                         reset (net)
                      0.019737    0.000000    5.010330 v input11/A (sky130_fd_sc_hd__buf_1)
     4    0.017462    0.204532    0.257998    5.268328 v input11/X (sky130_fd_sc_hd__buf_1)
                                                         net11 (net)
                      0.204532    0.000469    5.268796 v fanout82/A (sky130_fd_sc_hd__buf_2)
    10    0.040566    0.191147    0.426676    5.695473 v fanout82/X (sky130_fd_sc_hd__buf_2)
                                                         net82 (net)
                      0.191227    0.003678    5.699150 v _283_/C1 (sky130_fd_sc_hd__a221o_1)
     1    0.004233    0.107580    0.552360    6.251510 v _283_/X (sky130_fd_sc_hd__a221o_1)
                                                         _110_ (net)
                      0.107580    0.000153    6.251662 v _287_/B (sky130_fd_sc_hd__or3b_2)
     5    0.026686    0.287488    1.245332    7.496994 v _287_/X (sky130_fd_sc_hd__or3b_2)
                                                         _113_ (net)
                      0.287517    0.003037    7.500031 v fanout80/A (sky130_fd_sc_hd__buf_2)
    10    0.045146    0.209529    0.481234    7.981265 v fanout80/X (sky130_fd_sc_hd__buf_2)
                                                         net80 (net)
                      0.209681    0.005123    7.986388 v _296_/B1 (sky130_fd_sc_hd__a21oi_1)
     1    0.001965    0.145733    0.218700    8.205088 ^ _296_/Y (sky130_fd_sc_hd__a21oi_1)
                                                         _004_ (net)
                      0.145733    0.000134    8.205221 ^ _434_/D (sky130_fd_sc_hd__dfxtp_1)
                                              8.205221   data arrival time

                                 25.000000   25.000000   clock clk (rise edge)
                                  0.000000   25.000000   clock source latency
     1    0.019539    0.146837    0.100504   25.100504 ^ clk (in)
                                                         clk (net)
                      0.146870    0.000000   25.100504 ^ clkbuf_0_clk/A (sky130_fd_sc_hd__clkbuf_16)
     4    0.042376    0.096839    0.287798   25.388302 ^ clkbuf_0_clk/X (sky130_fd_sc_hd__clkbuf_16)
                                                         clknet_0_clk (net)
                      0.096961    0.001984   25.390285 ^ clkbuf_2_0__f_clk/A (sky130_fd_sc_hd__clkbuf_16)
    14    0.045642    0.101168    0.268173   25.658459 ^ clkbuf_2_0__f_clk/X (sky130_fd_sc_hd__clkbuf_16)
                                                         clknet_2_0__leaf_clk (net)
                      0.101299    0.003059   25.661518 ^ _434_/CLK (sky130_fd_sc_hd__dfxtp_1)
                                 -0.250000   25.411518   clock uncertainty
                                  0.000000   25.411518   clock reconvergence pessimism
                                 -0.142755   25.268764   library setup time
                                             25.268764   data required time
---------------------------------------------------------------------------------------------
                                             25.268764   data required time
                                             -8.205221   data arrival time
---------------------------------------------------------------------------------------------
                                             17.063541   slack (MET)


Startpoint: reset (input port clocked by clk)
Endpoint: _439_ (rising edge-triggered flip-flop clocked by clk)
Path Group: clk
Path Type: max

Fanout         Cap        Slew       Delay        Time   Description
---------------------------------------------------------------------------------------------
                                  0.000000    0.000000   clock clk (rise edge)
                                  0.000000    0.000000   clock network delay (propagated)
                                  5.000000    5.000000 v input external delay
     1    0.003133    0.019737    0.010330    5.010330 v reset (in)
                                                         reset (net)
                      0.019737    0.000000    5.010330 v input11/A (sky130_fd_sc_hd__buf_1)
     4    0.017462    0.204532    0.257998    5.268328 v input11/X (sky130_fd_sc_hd__buf_1)
                                                         net11 (net)
                      0.204532    0.000469    5.268796 v fanout82/A (sky130_fd_sc_hd__buf_2)
    10    0.040566    0.191147    0.426676    5.695473 v fanout82/X (sky130_fd_sc_hd__buf_2)
                                                         net82 (net)
                      0.191227    0.003678    5.699150 v _283_/C1 (sky130_fd_sc_hd__a221o_1)
     1    0.004233    0.107580    0.552360    6.251510 v _283_/X (sky130_fd_sc_hd__a221o_1)
                                                         _110_ (net)
                      0.107580    0.000153    6.251662 v _287_/B (sky130_fd_sc_hd__or3b_2)
     5    0.026686    0.287488    1.245332    7.496994 v _287_/X (sky130_fd_sc_hd__or3b_2)
                                                         _113_ (net)
                      0.287517    0.003037    7.500031 v fanout80/A (sky130_fd_sc_hd__buf_2)
    10    0.045146    0.209529    0.481234    7.981265 v fanout80/X (sky130_fd_sc_hd__buf_2)
                                                         net80 (net)
                      0.209613    0.003943    7.985208 v _309_/B1 (sky130_fd_sc_hd__a21oi_1)
     1    0.001928    0.144714    0.217792    8.202999 ^ _309_/Y (sky130_fd_sc_hd__a21oi_1)
                                                         _009_ (net)
                      0.144714    0.000133    8.203133 ^ _439_/D (sky130_fd_sc_hd__dfxtp_1)
                                              8.203133   data arrival time

                                 25.000000   25.000000   clock clk (rise edge)
                                  0.000000   25.000000   clock source latency
     1    0.019539    0.146837    0.100504   25.100504 ^ clk (in)
                                                         clk (net)
                      0.146870    0.000000   25.100504 ^ clkbuf_0_clk/A (sky130_fd_sc_hd__clkbuf_16)
     4    0.042376    0.096839    0.287798   25.388302 ^ clkbuf_0_clk/X (sky130_fd_sc_hd__clkbuf_16)
                                                         clknet_0_clk (net)
                      0.096961    0.001984   25.390285 ^ clkbuf_2_0__f_clk/A (sky130_fd_sc_hd__clkbuf_16)
    14    0.045642    0.101168    0.268173   25.658459 ^ clkbuf_2_0__f_clk/X (sky130_fd_sc_hd__clkbuf_16)
                                                         clknet_2_0__leaf_clk (net)
                      0.101212    0.001940   25.660398 ^ _439_/CLK (sky130_fd_sc_hd__dfxtp_1)
                                 -0.250000   25.410400   clock uncertainty
                                  0.000000   25.410400   clock reconvergence pessimism
                                 -0.142505   25.267895   library setup time
                                             25.267895   data required time
---------------------------------------------------------------------------------------------
                                             25.267895   data required time
                                             -8.203133   data arrival time
---------------------------------------------------------------------------------------------
                                             17.064762   slack (MET)


Startpoint: file_denied (input port clocked by clk)
Endpoint: _467_ (rising edge-triggered flip-flop clocked by clk)
Path Group: clk
Path Type: max

Fanout         Cap        Slew       Delay        Time   Description
---------------------------------------------------------------------------------------------
                                  0.000000    0.000000   clock clk (rise edge)
                                  0.000000    0.000000   clock network delay (propagated)
                                  5.000000    5.000000 v input external delay
     1    0.002545    0.017490    0.008475    5.008476 v file_denied (in)
                                                         file_denied (net)
                      0.017490    0.000000    5.008476 v input3/A (sky130_fd_sc_hd__buf_1)
     4    0.015854    0.187105    0.244226    5.252702 v input3/X (sky130_fd_sc_hd__buf_1)
                                                         net3 (net)
                      0.187111    0.001270    5.253972 v _353_/A2 (sky130_fd_sc_hd__o41ai_1)
     1    0.007043    0.709386    0.847885    6.101857 ^ _353_/Y (sky130_fd_sc_hd__o41ai_1)
                                                         _157_ (net)
                      0.709386    0.000575    6.102432 ^ _362_/A1 (sky130_fd_sc_hd__a31o_1)
     2    0.009855    0.180885    0.572521    6.674953 ^ _362_/X (sky130_fd_sc_hd__a31o_1)
                                                         _166_ (net)
                      0.180885    0.000633    6.675586 ^ _368_/B (sky130_fd_sc_hd__xor2_1)
     1    0.001991    0.160245    0.267293    6.942879 ^ _368_/X (sky130_fd_sc_hd__xor2_1)
                                                         _172_ (net)
                      0.160245    0.000140    6.943019 ^ _369_/D (sky130_fd_sc_hd__and4_1)
     2    0.008553    0.177685    0.499564    7.442583 ^ _369_/X (sky130_fd_sc_hd__and4_1)
                                                         _173_ (net)
                      0.177685    0.000465    7.443048 ^ fanout78/A (sky130_fd_sc_hd__buf_1)
     6    0.018711    0.359699    0.402043    7.845091 ^ fanout78/X (sky130_fd_sc_hd__buf_1)
                                                         net78 (net)
                      0.359805    0.001648    7.846739 ^ _397_/A (sky130_fd_sc_hd__and3_1)
     1    0.001945    0.078219    0.371661    8.218400 ^ _397_/X (sky130_fd_sc_hd__and3_1)
                                                         _037_ (net)
                      0.078219    0.000139    8.218538 ^ _467_/D (sky130_fd_sc_hd__dfxtp_1)
                                              8.218538   data arrival time

                                 25.000000   25.000000   clock clk (rise edge)
                                  0.000000   25.000000   clock source latency
     1    0.019539    0.146837    0.100504   25.100504 ^ clk (in)
                                                         clk (net)
                      0.146870    0.000000   25.100504 ^ clkbuf_0_clk/A (sky130_fd_sc_hd__clkbuf_16)
     4    0.042376    0.096839    0.287798   25.388302 ^ clkbuf_0_clk/X (sky130_fd_sc_hd__clkbuf_16)
                                                         clknet_0_clk (net)
                      0.096962    0.001997   25.390299 ^ clkbuf_2_1__f_clk/A (sky130_fd_sc_hd__clkbuf_16)
    14    0.047669    0.103868    0.270319   25.660618 ^ clkbuf_2_1__f_clk/X (sky130_fd_sc_hd__clkbuf_16)
                                                         clknet_2_1__leaf_clk (net)
                      0.103884    0.001453   25.662071 ^ _467_/CLK (sky130_fd_sc_hd__dfxtp_1)
                                 -0.250000   25.412071   clock uncertainty
                                  0.000000   25.412071   clock reconvergence pessimism
                                 -0.124777   25.287294   library setup time
                                             25.287294   data required time
---------------------------------------------------------------------------------------------
                                             25.287294   data required time
                                             -8.218538   data arrival time
---------------------------------------------------------------------------------------------
                                             17.068758   slack (MET)


Startpoint: file_denied (input port clocked by clk)
Endpoint: _466_ (rising edge-triggered flip-flop clocked by clk)
Path Group: clk
Path Type: max

Fanout         Cap        Slew       Delay        Time   Description
---------------------------------------------------------------------------------------------
                                  0.000000    0.000000   clock clk (rise edge)
                                  0.000000    0.000000   clock network delay (propagated)
                                  5.000000    5.000000 v input external delay
     1    0.002545    0.017490    0.008475    5.008476 v file_denied (in)
                                                         file_denied (net)
                      0.017490    0.000000    5.008476 v input3/A (sky130_fd_sc_hd__buf_1)
     4    0.015854    0.187105    0.244226    5.252702 v input3/X (sky130_fd_sc_hd__buf_1)
                                                         net3 (net)
                      0.187111    0.001270    5.253972 v _353_/A2 (sky130_fd_sc_hd__o41ai_1)
     1    0.007043    0.709386    0.847885    6.101857 ^ _353_/Y (sky130_fd_sc_hd__o41ai_1)
                                                         _157_ (net)
                      0.709386    0.000575    6.102432 ^ _362_/A1 (sky130_fd_sc_hd__a31o_1)
     2    0.009855    0.180885    0.572521    6.674953 ^ _362_/X (sky130_fd_sc_hd__a31o_1)
                                                         _166_ (net)
                      0.180885    0.000633    6.675586 ^ _368_/B (sky130_fd_sc_hd__xor2_1)
     1    0.001991    0.160245    0.267293    6.942879 ^ _368_/X (sky130_fd_sc_hd__xor2_1)
                                                         _172_ (net)
                      0.160245    0.000140    6.943019 ^ _369_/D (sky130_fd_sc_hd__and4_1)
     2    0.008553    0.177685    0.499564    7.442583 ^ _369_/X (sky130_fd_sc_hd__and4_1)
                                                         _173_ (net)
                      0.177685    0.000465    7.443048 ^ fanout78/A (sky130_fd_sc_hd__buf_1)
     6    0.018711    0.359699    0.402043    7.845091 ^ fanout78/X (sky130_fd_sc_hd__buf_1)
                                                         net78 (net)
                      0.359805    0.001590    7.846681 ^ _394_/A (sky130_fd_sc_hd__and3_1)
     1    0.001951    0.078298    0.371761    8.218442 ^ _394_/X (sky130_fd_sc_hd__and3_1)
                                                         _036_ (net)
                      0.078298    0.000133    8.218575 ^ _466_/D (sky130_fd_sc_hd__dfxtp_1)
                                              8.218575   data arrival time

                                 25.000000   25.000000   clock clk (rise edge)
                                  0.000000   25.000000   clock source latency
     1    0.019539    0.146837    0.100504   25.100504 ^ clk (in)
                                                         clk (net)
                      0.146870    0.000000   25.100504 ^ clkbuf_0_clk/A (sky130_fd_sc_hd__clkbuf_16)
     4    0.042376    0.096839    0.287798   25.388302 ^ clkbuf_0_clk/X (sky130_fd_sc_hd__clkbuf_16)
                                                         clknet_0_clk (net)
                      0.096962    0.001997   25.390299 ^ clkbuf_2_1__f_clk/A (sky130_fd_sc_hd__clkbuf_16)
    14    0.047669    0.103868    0.270319   25.660618 ^ clkbuf_2_1__f_clk/X (sky130_fd_sc_hd__clkbuf_16)
                                                         clknet_2_1__leaf_clk (net)
                      0.104023    0.003384   25.664001 ^ _466_/CLK (sky130_fd_sc_hd__dfxtp_1)
                                 -0.250000   25.414001   clock uncertainty
                                  0.000000   25.414001   clock reconvergence pessimism
                                 -0.124774   25.289227   library setup time
                                             25.289227   data required time
---------------------------------------------------------------------------------------------
                                             25.289227   data required time
                                             -8.218575   data arrival time
---------------------------------------------------------------------------------------------
                                             17.070652   slack (MET)


Startpoint: file_denied (input port clocked by clk)
Endpoint: _459_ (rising edge-triggered flip-flop clocked by clk)
Path Group: clk
Path Type: max

Fanout         Cap        Slew       Delay        Time   Description
---------------------------------------------------------------------------------------------
                                  0.000000    0.000000   clock clk (rise edge)
                                  0.000000    0.000000   clock network delay (propagated)
                                  5.000000    5.000000 v input external delay
     1    0.002545    0.017490    0.008475    5.008476 v file_denied (in)
                                                         file_denied (net)
                      0.017490    0.000000    5.008476 v input3/A (sky130_fd_sc_hd__buf_1)
     4    0.015854    0.187105    0.244226    5.252702 v input3/X (sky130_fd_sc_hd__buf_1)
                                                         net3 (net)
                      0.187111    0.001270    5.253972 v _353_/A2 (sky130_fd_sc_hd__o41ai_1)
     1    0.007043    0.709386    0.847885    6.101857 ^ _353_/Y (sky130_fd_sc_hd__o41ai_1)
                                                         _157_ (net)
                      0.709386    0.000575    6.102432 ^ _362_/A1 (sky130_fd_sc_hd__a31o_1)
     2    0.009855    0.180885    0.572521    6.674953 ^ _362_/X (sky130_fd_sc_hd__a31o_1)
                                                         _166_ (net)
                      0.180885    0.000633    6.675586 ^ _368_/B (sky130_fd_sc_hd__xor2_1)
     1    0.001991    0.160245    0.267293    6.942879 ^ _368_/X (sky130_fd_sc_hd__xor2_1)
                                                         _172_ (net)
                      0.160245    0.000140    6.943019 ^ _369_/D (sky130_fd_sc_hd__and4_1)
     2    0.008553    0.177685    0.499564    7.442583 ^ _369_/X (sky130_fd_sc_hd__and4_1)
                                                         _173_ (net)
                      0.177685    0.000465    7.443048 ^ fanout78/A (sky130_fd_sc_hd__buf_1)
     6    0.018711    0.359699    0.402043    7.845091 ^ fanout78/X (sky130_fd_sc_hd__buf_1)
                                                         net78 (net)
                      0.359803    0.001498    7.846590 ^ _373_/A (sky130_fd_sc_hd__and3_1)
     1    0.001883    0.077467    0.370752    8.217341 ^ _373_/X (sky130_fd_sc_hd__and3_1)
                                                         _029_ (net)
                      0.077467    0.000086    8.217428 ^ _459_/D (sky130_fd_sc_hd__dfxtp_1)
                                              8.217428   data arrival time

                                 25.000000   25.000000   clock clk (rise edge)
                                  0.000000   25.000000   clock source latency
     1    0.019539    0.146837    0.100504   25.100504 ^ clk (in)
                                                         clk (net)
                      0.146870    0.000000   25.100504 ^ clkbuf_0_clk/A (sky130_fd_sc_hd__clkbuf_16)
     4    0.042376    0.096839    0.287798   25.388302 ^ clkbuf_0_clk/X (sky130_fd_sc_hd__clkbuf_16)
                                                         clknet_0_clk (net)
                      0.096962    0.001997   25.390299 ^ clkbuf_2_1__f_clk/A (sky130_fd_sc_hd__clkbuf_16)
    14    0.047669    0.103868    0.270319   25.660618 ^ clkbuf_2_1__f_clk/X (sky130_fd_sc_hd__clkbuf_16)
                                                         clknet_2_1__leaf_clk (net)
                      0.103996    0.003091   25.663708 ^ _459_/CLK (sky130_fd_sc_hd__dfxtp_1)
                                 -0.250000   25.413710   clock uncertainty
                                  0.000000   25.413710   clock reconvergence pessimism
                                 -0.124563   25.289146   library setup time
                                             25.289146   data required time
---------------------------------------------------------------------------------------------
                                             25.289146   data required time
                                             -8.217428   data arrival time
---------------------------------------------------------------------------------------------
                                             17.071716   slack (MET)


Startpoint: file_denied (input port clocked by clk)
Endpoint: _460_ (rising edge-triggered flip-flop clocked by clk)
Path Group: clk
Path Type: max

Fanout         Cap        Slew       Delay        Time   Description
---------------------------------------------------------------------------------------------
                                  0.000000    0.000000   clock clk (rise edge)
                                  0.000000    0.000000   clock network delay (propagated)
                                  5.000000    5.000000 v input external delay
     1    0.002545    0.017490    0.008475    5.008476 v file_denied (in)
                                                         file_denied (net)
                      0.017490    0.000000    5.008476 v input3/A (sky130_fd_sc_hd__buf_1)
     4    0.015854    0.187105    0.244226    5.252702 v input3/X (sky130_fd_sc_hd__buf_1)
                                                         net3 (net)
                      0.187111    0.001270    5.253972 v _353_/A2 (sky130_fd_sc_hd__o41ai_1)
     1    0.007043    0.709386    0.847885    6.101857 ^ _353_/Y (sky130_fd_sc_hd__o41ai_1)
                                                         _157_ (net)
                      0.709386    0.000575    6.102432 ^ _362_/A1 (sky130_fd_sc_hd__a31o_1)
     2    0.009855    0.180885    0.572521    6.674953 ^ _362_/X (sky130_fd_sc_hd__a31o_1)
                                                         _166_ (net)
                      0.180885    0.000633    6.675586 ^ _368_/B (sky130_fd_sc_hd__xor2_1)
     1    0.001991    0.160245    0.267293    6.942879 ^ _368_/X (sky130_fd_sc_hd__xor2_1)
                                                         _172_ (net)
                      0.160245    0.000140    6.943019 ^ _369_/D (sky130_fd_sc_hd__and4_1)
     2    0.008553    0.177685    0.499564    7.442583 ^ _369_/X (sky130_fd_sc_hd__and4_1)
                                                         _173_ (net)
                      0.177685    0.000465    7.443048 ^ fanout78/A (sky130_fd_sc_hd__buf_1)
     6    0.018711    0.359699    0.402043    7.845091 ^ fanout78/X (sky130_fd_sc_hd__buf_1)
                                                         net78 (net)
                      0.359800    0.001218    7.846309 ^ _376_/A (sky130_fd_sc_hd__and3_1)
     1    0.001826    0.076777    0.369890    8.216199 ^ _376_/X (sky130_fd_sc_hd__and3_1)
                                                         _030_ (net)
                      0.076777    0.000130    8.216329 ^ _460_/D (sky130_fd_sc_hd__dfxtp_1)
                                              8.216329   data arrival time

                                 25.000000   25.000000   clock clk (rise edge)
                                  0.000000   25.000000   clock source latency
     1    0.019539    0.146837    0.100504   25.100504 ^ clk (in)
                                                         clk (net)
                      0.146870    0.000000   25.100504 ^ clkbuf_0_clk/A (sky130_fd_sc_hd__clkbuf_16)
     4    0.042376    0.096839    0.287798   25.388302 ^ clkbuf_0_clk/X (sky130_fd_sc_hd__clkbuf_16)
                                                         clknet_0_clk (net)
                      0.096962    0.001997   25.390299 ^ clkbuf_2_1__f_clk/A (sky130_fd_sc_hd__clkbuf_16)
    14    0.047669    0.103868    0.270319   25.660618 ^ clkbuf_2_1__f_clk/X (sky130_fd_sc_hd__clkbuf_16)
                                                         clknet_2_1__leaf_clk (net)
                      0.104004    0.003178   25.663795 ^ _460_/CLK (sky130_fd_sc_hd__dfxtp_1)
                                 -0.250000   25.413795   clock uncertainty
                                  0.000000   25.413795   clock reconvergence pessimism
                                 -0.124382   25.289413   library setup time
                                             25.289413   data required time
---------------------------------------------------------------------------------------------
                                             25.289413   data required time
                                             -8.216329   data arrival time
---------------------------------------------------------------------------------------------
                                             17.073084   slack (MET)


Startpoint: reset (input port clocked by clk)
Endpoint: _449_ (rising edge-triggered flip-flop clocked by clk)
Path Group: clk
Path Type: max

Fanout         Cap        Slew       Delay        Time   Description
---------------------------------------------------------------------------------------------
                                  0.000000    0.000000   clock clk (rise edge)
                                  0.000000    0.000000   clock network delay (propagated)
                                  5.000000    5.000000 v input external delay
     1    0.003133    0.019737    0.010330    5.010330 v reset (in)
                                                         reset (net)
                      0.019737    0.000000    5.010330 v input11/A (sky130_fd_sc_hd__buf_1)
     4    0.017462    0.204532    0.257998    5.268328 v input11/X (sky130_fd_sc_hd__buf_1)
                                                         net11 (net)
                      0.204532    0.000469    5.268796 v fanout82/A (sky130_fd_sc_hd__buf_2)
    10    0.040566    0.191147    0.426676    5.695473 v fanout82/X (sky130_fd_sc_hd__buf_2)
                                                         net82 (net)
                      0.191227    0.003678    5.699150 v _283_/C1 (sky130_fd_sc_hd__a221o_1)
     1    0.004233    0.107580    0.552360    6.251510 v _283_/X (sky130_fd_sc_hd__a221o_1)
                                                         _110_ (net)
                      0.107580    0.000153    6.251662 v _287_/B (sky130_fd_sc_hd__or3b_2)
     5    0.026686    0.287488    1.245332    7.496994 v _287_/X (sky130_fd_sc_hd__or3b_2)
                                                         _113_ (net)
                      0.287517    0.003037    7.500031 v fanout80/A (sky130_fd_sc_hd__buf_2)
    10    0.045146    0.209529    0.481234    7.981265 v fanout80/X (sky130_fd_sc_hd__buf_2)
                                                         net80 (net)
                      0.209551    0.002273    7.983538 v _334_/A (sky130_fd_sc_hd__nor2_1)
     1    0.002294    0.120018    0.209496    8.193033 ^ _334_/Y (sky130_fd_sc_hd__nor2_1)
                                                         _019_ (net)
                      0.120018    0.000146    8.193179 ^ _449_/D (sky130_fd_sc_hd__dfxtp_1)
                                              8.193179   data arrival time

                                 25.000000   25.000000   clock clk (rise edge)
                                  0.000000   25.000000   clock source latency
     1    0.019539    0.146837    0.100504   25.100504 ^ clk (in)
                                                         clk (net)
                      0.146870    0.000000   25.100504 ^ clkbuf_0_clk/A (sky130_fd_sc_hd__clkbuf_16)
     4    0.042376    0.096839    0.287798   25.388302 ^ clkbuf_0_clk/X (sky130_fd_sc_hd__clkbuf_16)
                                                         clknet_0_clk (net)
                      0.096943    0.001698   25.389999 ^ clkbuf_2_2__f_clk/A (sky130_fd_sc_hd__clkbuf_16)
    13    0.045420    0.100882    0.267955   25.657955 ^ clkbuf_2_2__f_clk/X (sky130_fd_sc_hd__clkbuf_16)
                                                         clknet_2_2__leaf_clk (net)
                      0.101000    0.002899   25.660854 ^ _449_/CLK (sky130_fd_sc_hd__dfxtp_1)
                                 -0.250000   25.410854   clock uncertainty
                                  0.000000   25.410854   clock reconvergence pessimism
                                 -0.136125   25.274731   library setup time
                                             25.274731   data required time
---------------------------------------------------------------------------------------------
                                             25.274731   data required time
                                             -8.193179   data arrival time
---------------------------------------------------------------------------------------------
                                             17.081551   slack (MET)


Startpoint: file_denied (input port clocked by clk)
Endpoint: _458_ (rising edge-triggered flip-flop clocked by clk)
Path Group: clk
Path Type: max

Fanout         Cap        Slew       Delay        Time   Description
---------------------------------------------------------------------------------------------
                                  0.000000    0.000000   clock clk (rise edge)
                                  0.000000    0.000000   clock network delay (propagated)
                                  5.000000    5.000000 v input external delay
     1    0.002545    0.017490    0.008475    5.008476 v file_denied (in)
                                                         file_denied (net)
                      0.017490    0.000000    5.008476 v input3/A (sky130_fd_sc_hd__buf_1)
     4    0.015854    0.187105    0.244226    5.252702 v input3/X (sky130_fd_sc_hd__buf_1)
                                                         net3 (net)
                      0.187111    0.001270    5.253972 v _353_/A2 (sky130_fd_sc_hd__o41ai_1)
     1    0.007043    0.709386    0.847885    6.101857 ^ _353_/Y (sky130_fd_sc_hd__o41ai_1)
                                                         _157_ (net)
                      0.709386    0.000575    6.102432 ^ _362_/A1 (sky130_fd_sc_hd__a31o_1)
     2    0.009855    0.180885    0.572521    6.674953 ^ _362_/X (sky130_fd_sc_hd__a31o_1)
                                                         _166_ (net)
                      0.180885    0.000633    6.675586 ^ _368_/B (sky130_fd_sc_hd__xor2_1)
     1    0.001906    0.094826    0.153907    6.829493 v _368_/X (sky130_fd_sc_hd__xor2_1)
                                                         _172_ (net)
                      0.094827    0.000133    6.829627 v _369_/D (sky130_fd_sc_hd__and4_1)
     2    0.008239    0.116387    0.461343    7.290970 v _369_/X (sky130_fd_sc_hd__and4_1)
                                                         _173_ (net)
                      0.116387    0.000523    7.291493 v fanout77/A (sky130_fd_sc_hd__clkbuf_2)
    10    0.036724    0.256734    0.367903    7.659396 v fanout77/X (sky130_fd_sc_hd__clkbuf_2)
                                                         net77 (net)
                      0.256749    0.002215    7.661611 v _370_/B (sky130_fd_sc_hd__and2b_1)
     1    0.002715    0.065282    0.407286    8.068897 v _370_/X (sky130_fd_sc_hd__and2b_1)
                                                         _028_ (net)
                      0.065282    0.000177    8.069074 v _458_/D (sky130_fd_sc_hd__dfxtp_1)
                                              8.069074   data arrival time

                                 25.000000   25.000000   clock clk (rise edge)
                                  0.000000   25.000000   clock source latency
     1    0.019539    0.146837    0.100504   25.100504 ^ clk (in)
                                                         clk (net)
                      0.146870    0.000000   25.100504 ^ clkbuf_0_clk/A (sky130_fd_sc_hd__clkbuf_16)
     4    0.042376    0.096839    0.287798   25.388302 ^ clkbuf_0_clk/X (sky130_fd_sc_hd__clkbuf_16)
                                                         clknet_0_clk (net)
                      0.096962    0.001997   25.390299 ^ clkbuf_2_1__f_clk/A (sky130_fd_sc_hd__clkbuf_16)
    14    0.047669    0.103868    0.270319   25.660618 ^ clkbuf_2_1__f_clk/X (sky130_fd_sc_hd__clkbuf_16)
                                                         clknet_2_1__leaf_clk (net)
                      0.103968    0.002760   25.663378 ^ _458_/CLK (sky130_fd_sc_hd__dfxtp_1)
                                 -0.250000   25.413380   clock uncertainty
                                  0.000000   25.413380   clock reconvergence pessimism
                                 -0.257870   25.155508   library setup time
                                             25.155508   data required time
---------------------------------------------------------------------------------------------
                                             25.155508   data required time
                                             -8.069074   data arrival time
---------------------------------------------------------------------------------------------
                                             17.086435   slack (MET)


Startpoint: file_denied (input port clocked by clk)
Endpoint: _473_ (rising edge-triggered flip-flop clocked by clk)
Path Group: clk
Path Type: max

Fanout         Cap        Slew       Delay        Time   Description
---------------------------------------------------------------------------------------------
                                  0.000000    0.000000   clock clk (rise edge)
                                  0.000000    0.000000   clock network delay (propagated)
                                  5.000000    5.000000 v input external delay
     1    0.002545    0.017490    0.008475    5.008476 v file_denied (in)
                                                         file_denied (net)
                      0.017490    0.000000    5.008476 v input3/A (sky130_fd_sc_hd__buf_1)
     4    0.015854    0.187105    0.244226    5.252702 v input3/X (sky130_fd_sc_hd__buf_1)
                                                         net3 (net)
                      0.187111    0.001270    5.253972 v _353_/A2 (sky130_fd_sc_hd__o41ai_1)
     1    0.007043    0.709386    0.847885    6.101857 ^ _353_/Y (sky130_fd_sc_hd__o41ai_1)
                                                         _157_ (net)
                      0.709386    0.000575    6.102432 ^ _362_/A1 (sky130_fd_sc_hd__a31o_1)
     2    0.009855    0.180885    0.572521    6.674953 ^ _362_/X (sky130_fd_sc_hd__a31o_1)
                                                         _166_ (net)
                      0.180885    0.000633    6.675586 ^ _368_/B (sky130_fd_sc_hd__xor2_1)
     1    0.001991    0.160245    0.267293    6.942879 ^ _368_/X (sky130_fd_sc_hd__xor2_1)
                                                         _172_ (net)
                      0.160245    0.000140    6.943019 ^ _369_/D (sky130_fd_sc_hd__and4_1)
     2    0.008553    0.177685    0.499564    7.442583 ^ _369_/X (sky130_fd_sc_hd__and4_1)
                                                         _173_ (net)
                      0.177685    0.000549    7.443131 ^ fanout77/A (sky130_fd_sc_hd__clkbuf_2)
    10    0.037326    0.318786    0.417515    7.860647 ^ fanout77/X (sky130_fd_sc_hd__clkbuf_2)
                                                         net77 (net)
                      0.319041    0.005728    7.866374 ^ _415_/A (sky130_fd_sc_hd__and2_1)
     1    0.002026    0.071884    0.303224    8.169599 ^ _415_/X (sky130_fd_sc_hd__and2_1)
                                                         _043_ (net)
                      0.071884    0.000147    8.169745 ^ _473_/D (sky130_fd_sc_hd__dfxtp_1)
                                              8.169745   data arrival time

                                 25.000000   25.000000   clock clk (rise edge)
                                  0.000000   25.000000   clock source latency
     1    0.019539    0.146837    0.100504   25.100504 ^ clk (in)
                                                         clk (net)
                      0.146870    0.000000   25.100504 ^ clkbuf_0_clk/A (sky130_fd_sc_hd__clkbuf_16)
     4    0.042376    0.096839    0.287798   25.388302 ^ clkbuf_0_clk/X (sky130_fd_sc_hd__clkbuf_16)
                                                         clknet_0_clk (net)
                      0.096961    0.001984   25.390285 ^ clkbuf_2_0__f_clk/A (sky130_fd_sc_hd__clkbuf_16)
    14    0.045642    0.101168    0.268173   25.658459 ^ clkbuf_2_0__f_clk/X (sky130_fd_sc_hd__clkbuf_16)
                                                         clknet_2_0__leaf_clk (net)
                      0.101278    0.002812   25.661272 ^ _473_/CLK (sky130_fd_sc_hd__dfxtp_1)
                                 -0.250000   25.411272   clock uncertainty
                                  0.000000   25.411272   clock reconvergence pessimism
                                 -0.123572   25.287701   library setup time
                                             25.287701   data required time
---------------------------------------------------------------------------------------------
                                             25.287701   data required time
                                             -8.169745   data arrival time
---------------------------------------------------------------------------------------------
                                             17.117956   slack (MET)


Startpoint: reset (input port clocked by clk)
Endpoint: _447_ (rising edge-triggered flip-flop clocked by clk)
Path Group: clk
Path Type: max

Fanout         Cap        Slew       Delay        Time   Description
---------------------------------------------------------------------------------------------
                                  0.000000    0.000000   clock clk (rise edge)
                                  0.000000    0.000000   clock network delay (propagated)
                                  5.000000    5.000000 v input external delay
     1    0.003133    0.019737    0.010330    5.010330 v reset (in)
                                                         reset (net)
                      0.019737    0.000000    5.010330 v input11/A (sky130_fd_sc_hd__buf_1)
     4    0.017462    0.204532    0.257998    5.268328 v input11/X (sky130_fd_sc_hd__buf_1)
                                                         net11 (net)
                      0.204532    0.000469    5.268796 v fanout82/A (sky130_fd_sc_hd__buf_2)
    10    0.040566    0.191147    0.426676    5.695473 v fanout82/X (sky130_fd_sc_hd__buf_2)
                                                         net82 (net)
                      0.191227    0.003678    5.699150 v _283_/C1 (sky130_fd_sc_hd__a221o_1)
     1    0.004233    0.107580    0.552360    6.251510 v _283_/X (sky130_fd_sc_hd__a221o_1)
                                                         _110_ (net)
                      0.107580    0.000153    6.251662 v _287_/B (sky130_fd_sc_hd__or3b_2)
     5    0.026686    0.287488    1.245332    7.496994 v _287_/X (sky130_fd_sc_hd__or3b_2)
                                                         _113_ (net)
                      0.287538    0.003706    7.500701 v _288_/A (sky130_fd_sc_hd__inv_2)
     3    0.011643    0.125025    0.201330    7.702030 ^ _288_/Y (sky130_fd_sc_hd__inv_2)
                                                         _114_ (net)
                      0.125025    0.000369    7.702399 ^ _330_/C1 (sky130_fd_sc_hd__o211a_1)
     1    0.002251    0.070974    0.288106    7.990504 ^ _330_/X (sky130_fd_sc_hd__o211a_1)
                                                         _017_ (net)
                      0.070974    0.000149    7.990654 ^ _447_/D (sky130_fd_sc_hd__dfxtp_1)
                                              7.990654   data arrival time

                                 25.000000   25.000000   clock clk (rise edge)
                                  0.000000   25.000000   clock source latency
     1    0.019539    0.146837    0.100504   25.100504 ^ clk (in)
                                                         clk (net)
                      0.146870    0.000000   25.100504 ^ clkbuf_0_clk/A (sky130_fd_sc_hd__clkbuf_16)
     4    0.042376    0.096839    0.287798   25.388302 ^ clkbuf_0_clk/X (sky130_fd_sc_hd__clkbuf_16)
                                                         clknet_0_clk (net)
                      0.096943    0.001698   25.389999 ^ clkbuf_2_2__f_clk/A (sky130_fd_sc_hd__clkbuf_16)
    13    0.045420    0.100882    0.267955   25.657955 ^ clkbuf_2_2__f_clk/X (sky130_fd_sc_hd__clkbuf_16)
                                                         clknet_2_2__leaf_clk (net)
                      0.100980    0.002656   25.660610 ^ _447_/CLK (sky130_fd_sc_hd__dfxtp_1)
                                 -0.250000   25.410612   clock uncertainty
                                  0.000000   25.410612   clock reconvergence pessimism
                                 -0.123386   25.287226   library setup time
                                             25.287226   data required time
---------------------------------------------------------------------------------------------
                                             25.287226   data required time
                                             -7.990654   data arrival time
---------------------------------------------------------------------------------------------
                                             17.296572   slack (MET)


Startpoint: reset (input port clocked by clk)
Endpoint: _448_ (rising edge-triggered flip-flop clocked by clk)
Path Group: clk
Path Type: max

Fanout         Cap        Slew       Delay        Time   Description
---------------------------------------------------------------------------------------------
                                  0.000000    0.000000   clock clk (rise edge)
                                  0.000000    0.000000   clock network delay (propagated)
                                  5.000000    5.000000 v input external delay
     1    0.003133    0.019737    0.010330    5.010330 v reset (in)
                                                         reset (net)
                      0.019737    0.000000    5.010330 v input11/A (sky130_fd_sc_hd__buf_1)
     4    0.017462    0.204532    0.257998    5.268328 v input11/X (sky130_fd_sc_hd__buf_1)
                                                         net11 (net)
                      0.204532    0.000469    5.268796 v fanout82/A (sky130_fd_sc_hd__buf_2)
    10    0.040566    0.191147    0.426676    5.695473 v fanout82/X (sky130_fd_sc_hd__buf_2)
                                                         net82 (net)
                      0.191227    0.003678    5.699150 v _283_/C1 (sky130_fd_sc_hd__a221o_1)
     1    0.004233    0.107580    0.552360    6.251510 v _283_/X (sky130_fd_sc_hd__a221o_1)
                                                         _110_ (net)
                      0.107580    0.000153    6.251662 v _287_/B (sky130_fd_sc_hd__or3b_2)
     5    0.026686    0.287488    1.245332    7.496994 v _287_/X (sky130_fd_sc_hd__or3b_2)
                                                         _113_ (net)
                      0.287538    0.003706    7.500701 v _288_/A (sky130_fd_sc_hd__inv_2)
     3    0.011643    0.125025    0.201330    7.702030 ^ _288_/Y (sky130_fd_sc_hd__inv_2)
                                                         _114_ (net)
                      0.125025    0.000529    7.702559 ^ _332_/C1 (sky130_fd_sc_hd__o211a_1)
     1    0.001995    0.068998    0.284736    7.987296 ^ _332_/X (sky130_fd_sc_hd__o211a_1)
                                                         _018_ (net)
                      0.068998    0.000142    7.987438 ^ _448_/D (sky130_fd_sc_hd__dfxtp_1)
                                              7.987438   data arrival time

                                 25.000000   25.000000   clock clk (rise edge)
                                  0.000000   25.000000   clock source latency
     1    0.019539    0.146837    0.100504   25.100504 ^ clk (in)
                                                         clk (net)
                      0.146870    0.000000   25.100504 ^ clkbuf_0_clk/A (sky130_fd_sc_hd__clkbuf_16)
     4    0.042376    0.096839    0.287798   25.388302 ^ clkbuf_0_clk/X (sky130_fd_sc_hd__clkbuf_16)
                                                         clknet_0_clk (net)
                      0.096943    0.001698   25.389999 ^ clkbuf_2_2__f_clk/A (sky130_fd_sc_hd__clkbuf_16)
    13    0.045420    0.100882    0.267955   25.657955 ^ clkbuf_2_2__f_clk/X (sky130_fd_sc_hd__clkbuf_16)
                                                         clknet_2_2__leaf_clk (net)
                      0.100983    0.002702   25.660656 ^ _448_/CLK (sky130_fd_sc_hd__dfxtp_1)
                                 -0.250000   25.410658   clock uncertainty
                                  0.000000   25.410658   clock reconvergence pessimism
                                 -0.122872   25.287785   library setup time
                                             25.287785   data required time
---------------------------------------------------------------------------------------------
                                             25.287785   data required time
                                             -7.987438   data arrival time
---------------------------------------------------------------------------------------------
                                             17.300348   slack (MET)


Startpoint: reset (input port clocked by clk)
Endpoint: _443_ (rising edge-triggered flip-flop clocked by clk)
Path Group: clk
Path Type: max

Fanout         Cap        Slew       Delay        Time   Description
---------------------------------------------------------------------------------------------
                                  0.000000    0.000000   clock clk (rise edge)
                                  0.000000    0.000000   clock network delay (propagated)
                                  5.000000    5.000000 v input external delay
     1    0.003133    0.019737    0.010330    5.010330 v reset (in)
                                                         reset (net)
                      0.019737    0.000000    5.010330 v input11/A (sky130_fd_sc_hd__buf_1)
     4    0.017462    0.204532    0.257998    5.268328 v input11/X (sky130_fd_sc_hd__buf_1)
                                                         net11 (net)
                      0.204532    0.000469    5.268796 v fanout82/A (sky130_fd_sc_hd__buf_2)
    10    0.040566    0.191147    0.426676    5.695473 v fanout82/X (sky130_fd_sc_hd__buf_2)
                                                         net82 (net)
                      0.191227    0.003678    5.699150 v _283_/C1 (sky130_fd_sc_hd__a221o_1)
     1    0.004233    0.107580    0.552360    6.251510 v _283_/X (sky130_fd_sc_hd__a221o_1)
                                                         _110_ (net)
                      0.107580    0.000153    6.251662 v _287_/B (sky130_fd_sc_hd__or3b_2)
     5    0.026686    0.287488    1.245332    7.496994 v _287_/X (sky130_fd_sc_hd__or3b_2)
                                                         _113_ (net)
                      0.287538    0.003706    7.500701 v _288_/A (sky130_fd_sc_hd__inv_2)
     3    0.011643    0.125025    0.201330    7.702030 ^ _288_/Y (sky130_fd_sc_hd__inv_2)
                                                         _114_ (net)
                      0.125025    0.000447    7.702477 ^ _320_/A (sky130_fd_sc_hd__and3_1)
     1    0.001824    0.074642    0.280825    7.983302 ^ _320_/X (sky130_fd_sc_hd__and3_1)
                                                         _013_ (net)
                      0.074642    0.000127    7.983429 ^ _443_/D (sky130_fd_sc_hd__dfxtp_1)
                                              7.983429   data arrival time

                                 25.000000   25.000000   clock clk (rise edge)
                                  0.000000   25.000000   clock source latency
     1    0.019539    0.146837    0.100504   25.100504 ^ clk (in)
                                                         clk (net)
                      0.146870    0.000000   25.100504 ^ clkbuf_0_clk/A (sky130_fd_sc_hd__clkbuf_16)
     4    0.042376    0.096839    0.287798   25.388302 ^ clkbuf_0_clk/X (sky130_fd_sc_hd__clkbuf_16)
                                                         clknet_0_clk (net)
                      0.096943    0.001698   25.389999 ^ clkbuf_2_2__f_clk/A (sky130_fd_sc_hd__clkbuf_16)
    13    0.045420    0.100882    0.267955   25.657955 ^ clkbuf_2_2__f_clk/X (sky130_fd_sc_hd__clkbuf_16)
                                                         clknet_2_2__leaf_clk (net)
                      0.101002    0.002922   25.660877 ^ _443_/CLK (sky130_fd_sc_hd__dfxtp_1)
                                 -0.250000   25.410877   clock uncertainty
                                  0.000000   25.410877   clock reconvergence pessimism
                                 -0.124335   25.286543   library setup time
                                             25.286543   data required time
---------------------------------------------------------------------------------------------
                                             25.286543   data required time
                                             -7.983429   data arrival time
---------------------------------------------------------------------------------------------
                                             17.303114   slack (MET)


Startpoint: reset (input port clocked by clk)
Endpoint: _444_ (rising edge-triggered flip-flop clocked by clk)
Path Group: clk
Path Type: max

Fanout         Cap        Slew       Delay        Time   Description
---------------------------------------------------------------------------------------------
                                  0.000000    0.000000   clock clk (rise edge)
                                  0.000000    0.000000   clock network delay (propagated)
                                  5.000000    5.000000 v input external delay
     1    0.003133    0.019737    0.010330    5.010330 v reset (in)
                                                         reset (net)
                      0.019737    0.000000    5.010330 v input11/A (sky130_fd_sc_hd__buf_1)
     4    0.017462    0.204532    0.257998    5.268328 v input11/X (sky130_fd_sc_hd__buf_1)
                                                         net11 (net)
                      0.204532    0.000469    5.268796 v fanout82/A (sky130_fd_sc_hd__buf_2)
    10    0.040566    0.191147    0.426676    5.695473 v fanout82/X (sky130_fd_sc_hd__buf_2)
                                                         net82 (net)
                      0.191227    0.003678    5.699150 v _283_/C1 (sky130_fd_sc_hd__a221o_1)
     1    0.004233    0.107580    0.552360    6.251510 v _283_/X (sky130_fd_sc_hd__a221o_1)
                                                         _110_ (net)
                      0.107580    0.000153    6.251662 v _287_/B (sky130_fd_sc_hd__or3b_2)
     5    0.026686    0.287488    1.245332    7.496994 v _287_/X (sky130_fd_sc_hd__or3b_2)
                                                         _113_ (net)
                      0.287531    0.003487    7.500481 v _323_/B1 (sky130_fd_sc_hd__a21oi_1)
     1    0.002783    0.179298    0.268148    7.768630 ^ _323_/Y (sky130_fd_sc_hd__a21oi_1)
                                                         _014_ (net)
                      0.179298    0.000175    7.768805 ^ _444_/D (sky130_fd_sc_hd__dfxtp_1)
                                              7.768805   data arrival time

                                 25.000000   25.000000   clock clk (rise edge)
                                  0.000000   25.000000   clock source latency
     1    0.019539    0.146837    0.100504   25.100504 ^ clk (in)
                                                         clk (net)
                      0.146870    0.000000   25.100504 ^ clkbuf_0_clk/A (sky130_fd_sc_hd__clkbuf_16)
     4    0.042376    0.096839    0.287798   25.388302 ^ clkbuf_0_clk/X (sky130_fd_sc_hd__clkbuf_16)
                                                         clknet_0_clk (net)
                      0.096943    0.001698   25.389999 ^ clkbuf_2_2__f_clk/A (sky130_fd_sc_hd__clkbuf_16)
    13    0.045420    0.100882    0.267955   25.657955 ^ clkbuf_2_2__f_clk/X (sky130_fd_sc_hd__clkbuf_16)
                                                         clknet_2_2__leaf_clk (net)
                      0.100941    0.002144   25.660099 ^ _444_/CLK (sky130_fd_sc_hd__dfxtp_1)
                                 -0.250000   25.410099   clock uncertainty
                                  0.000000   25.410099   clock reconvergence pessimism
                                 -0.151536   25.258564   library setup time
                                             25.258564   data required time
---------------------------------------------------------------------------------------------
                                             25.258564   data required time
                                             -7.768805   data arrival time
---------------------------------------------------------------------------------------------
                                             17.489759   slack (MET)


Startpoint: reset (input port clocked by clk)
Endpoint: _431_ (rising edge-triggered flip-flop clocked by clk)
Path Group: clk
Path Type: max

Fanout         Cap        Slew       Delay        Time   Description
---------------------------------------------------------------------------------------------
                                  0.000000    0.000000   clock clk (rise edge)
                                  0.000000    0.000000   clock network delay (propagated)
                                  5.000000    5.000000 ^ input external delay
     1    0.003262    0.035318    0.018279    5.018279 ^ reset (in)
                                                         reset (net)
                      0.035318    0.000000    5.018279 ^ input11/A (sky130_fd_sc_hd__buf_1)
     4    0.018347    0.353011    0.335819    5.354098 ^ input11/X (sky130_fd_sc_hd__buf_1)
                                                         net11 (net)
                      0.353012    0.000493    5.354591 ^ fanout82/A (sky130_fd_sc_hd__buf_2)
    10    0.042710    0.336260    0.507617    5.862208 ^ fanout82/X (sky130_fd_sc_hd__buf_2)
                                                         net82 (net)
                      0.336345    0.005176    5.867383 ^ _213_/A (sky130_fd_sc_hd__inv_2)
    10    0.039399    0.195034    0.284876    6.152259 v _213_/Y (sky130_fd_sc_hd__inv_2)
                                                         _055_ (net)
                      0.195048    0.001762    6.154021 v _251_/A1 (sky130_fd_sc_hd__a41o_1)
     4    0.015118    0.165276    0.480635    6.634656 v _251_/X (sky130_fd_sc_hd__a41o_1)
                                                         _082_ (net)
                      0.165277    0.000864    6.635520 v _255_/A1 (sky130_fd_sc_hd__o21a_1)
     1    0.004276    0.078887    0.388671    7.024191 v _255_/X (sky130_fd_sc_hd__o21a_1)
                                                         _086_ (net)
                      0.078887    0.000258    7.024450 v _256_/C1 (sky130_fd_sc_hd__a221oi_1)
     1    0.003255    0.389312    0.367045    7.391495 ^ _256_/Y (sky130_fd_sc_hd__a221oi_1)
                                                         _087_ (net)
                      0.389312    0.000218    7.391713 ^ _264_/A1 (sky130_fd_sc_hd__a21oi_1)
     1    0.002793    0.124085    0.234714    7.626427 v _264_/Y (sky130_fd_sc_hd__a21oi_1)
                                                         _001_ (net)
                      0.124085    0.000110    7.626537 v _431_/D (sky130_fd_sc_hd__dfxtp_2)
                                              7.626537   data arrival time

                                 25.000000   25.000000   clock clk (rise edge)
                                  0.000000   25.000000   clock source latency
     1    0.019539    0.146837    0.100504   25.100504 ^ clk (in)
                                                         clk (net)
                      0.146870    0.000000   25.100504 ^ clkbuf_0_clk/A (sky130_fd_sc_hd__clkbuf_16)
     4    0.042376    0.096839    0.287798   25.388302 ^ clkbuf_0_clk/X (sky130_fd_sc_hd__clkbuf_16)
                                                         clknet_0_clk (net)
                      0.096943    0.001698   25.389999 ^ clkbuf_2_2__f_clk/A (sky130_fd_sc_hd__clkbuf_16)
    13    0.045420    0.100882    0.267955   25.657955 ^ clkbuf_2_2__f_clk/X (sky130_fd_sc_hd__clkbuf_16)
                                                         clknet_2_2__leaf_clk (net)
                      0.100935    0.002046   25.660002 ^ _431_/CLK (sky130_fd_sc_hd__dfxtp_2)
                                 -0.250000   25.410002   clock uncertainty
                                  0.000000   25.410002   clock reconvergence pessimism
                                 -0.288479   25.121523   library setup time
                                             25.121523   data required time
---------------------------------------------------------------------------------------------
                                             25.121523   data required time
                                             -7.626537   data arrival time
---------------------------------------------------------------------------------------------
                                             17.494987   slack (MET)


Startpoint: reset (input port clocked by clk)
Endpoint: _442_ (rising edge-triggered flip-flop clocked by clk)
Path Group: clk
Path Type: max

Fanout         Cap        Slew       Delay        Time   Description
---------------------------------------------------------------------------------------------
                                  0.000000    0.000000   clock clk (rise edge)
                                  0.000000    0.000000   clock network delay (propagated)
                                  5.000000    5.000000 v input external delay
     1    0.003133    0.019737    0.010330    5.010330 v reset (in)
                                                         reset (net)
                      0.019737    0.000000    5.010330 v input11/A (sky130_fd_sc_hd__buf_1)
     4    0.017462    0.204532    0.257998    5.268328 v input11/X (sky130_fd_sc_hd__buf_1)
                                                         net11 (net)
                      0.204532    0.000469    5.268796 v fanout82/A (sky130_fd_sc_hd__buf_2)
    10    0.040566    0.191147    0.426676    5.695473 v fanout82/X (sky130_fd_sc_hd__buf_2)
                                                         net82 (net)
                      0.191227    0.003678    5.699150 v _283_/C1 (sky130_fd_sc_hd__a221o_1)
     1    0.004233    0.107580    0.552360    6.251510 v _283_/X (sky130_fd_sc_hd__a221o_1)
                                                         _110_ (net)
                      0.107580    0.000153    6.251662 v _287_/B (sky130_fd_sc_hd__or3b_2)
     5    0.026686    0.287488    1.245332    7.496994 v _287_/X (sky130_fd_sc_hd__or3b_2)
                                                         _113_ (net)
                      0.287538    0.003701    7.500695 v _317_/B1 (sky130_fd_sc_hd__a21oi_1)
     1    0.002529    0.172371    0.261772    7.762467 ^ _317_/Y (sky130_fd_sc_hd__a21oi_1)
                                                         _012_ (net)
                      0.172371    0.000157    7.762625 ^ _442_/D (sky130_fd_sc_hd__dfxtp_1)
                                              7.762625   data arrival time

                                 25.000000   25.000000   clock clk (rise edge)
                                  0.000000   25.000000   clock source latency
     1    0.019539    0.146837    0.100504   25.100504 ^ clk (in)
                                                         clk (net)
                      0.146870    0.000000   25.100504 ^ clkbuf_0_clk/A (sky130_fd_sc_hd__clkbuf_16)
     4    0.042376    0.096839    0.287798   25.388302 ^ clkbuf_0_clk/X (sky130_fd_sc_hd__clkbuf_16)
                                                         clknet_0_clk (net)
                      0.096943    0.001698   25.389999 ^ clkbuf_2_2__f_clk/A (sky130_fd_sc_hd__clkbuf_16)
    13    0.045420    0.100882    0.267955   25.657955 ^ clkbuf_2_2__f_clk/X (sky130_fd_sc_hd__clkbuf_16)
                                                         clknet_2_2__leaf_clk (net)
                      0.100977    0.002618   25.660574 ^ _442_/CLK (sky130_fd_sc_hd__dfxtp_1)
                                 -0.250000   25.410574   clock uncertainty
                                  0.000000   25.410574   clock reconvergence pessimism
                                 -0.149730   25.260843   library setup time
                                             25.260843   data required time
---------------------------------------------------------------------------------------------
                                             25.260843   data required time
                                             -7.762625   data arrival time
---------------------------------------------------------------------------------------------
                                             17.498219   slack (MET)


Startpoint: reset (input port clocked by clk)
Endpoint: _445_ (rising edge-triggered flip-flop clocked by clk)
Path Group: clk
Path Type: max

Fanout         Cap        Slew       Delay        Time   Description
---------------------------------------------------------------------------------------------
                                  0.000000    0.000000   clock clk (rise edge)
                                  0.000000    0.000000   clock network delay (propagated)
                                  5.000000    5.000000 v input external delay
     1    0.003133    0.019737    0.010330    5.010330 v reset (in)
                                                         reset (net)
                      0.019737    0.000000    5.010330 v input11/A (sky130_fd_sc_hd__buf_1)
     4    0.017462    0.204532    0.257998    5.268328 v input11/X (sky130_fd_sc_hd__buf_1)
                                                         net11 (net)
                      0.204532    0.000469    5.268796 v fanout82/A (sky130_fd_sc_hd__buf_2)
    10    0.040566    0.191147    0.426676    5.695473 v fanout82/X (sky130_fd_sc_hd__buf_2)
                                                         net82 (net)
                      0.191227    0.003678    5.699150 v _283_/C1 (sky130_fd_sc_hd__a221o_1)
     1    0.004233    0.107580    0.552360    6.251510 v _283_/X (sky130_fd_sc_hd__a221o_1)
                                                         _110_ (net)
                      0.107580    0.000153    6.251662 v _287_/B (sky130_fd_sc_hd__or3b_2)
     5    0.026686    0.287488    1.245332    7.496994 v _287_/X (sky130_fd_sc_hd__or3b_2)
                                                         _113_ (net)
                      0.287510    0.002770    7.499764 v _325_/B1 (sky130_fd_sc_hd__a21oi_1)
     1    0.002230    0.164270    0.254222    7.753986 ^ _325_/Y (sky130_fd_sc_hd__a21oi_1)
                                                         _015_ (net)
                      0.164270    0.000091    7.754076 ^ _445_/D (sky130_fd_sc_hd__dfxtp_1)
                                              7.754076   data arrival time

                                 25.000000   25.000000   clock clk (rise edge)
                                  0.000000   25.000000   clock source latency
     1    0.019539    0.146837    0.100504   25.100504 ^ clk (in)
                                                         clk (net)
                      0.146870    0.000000   25.100504 ^ clkbuf_0_clk/A (sky130_fd_sc_hd__clkbuf_16)
     4    0.042376    0.096839    0.287798   25.388302 ^ clkbuf_0_clk/X (sky130_fd_sc_hd__clkbuf_16)
                                                         clknet_0_clk (net)
                      0.096943    0.001698   25.389999 ^ clkbuf_2_2__f_clk/A (sky130_fd_sc_hd__clkbuf_16)
    13    0.045420    0.100882    0.267955   25.657955 ^ clkbuf_2_2__f_clk/X (sky130_fd_sc_hd__clkbuf_16)
                                                         clknet_2_2__leaf_clk (net)
                      0.100956    0.002348   25.660303 ^ _445_/CLK (sky130_fd_sc_hd__dfxtp_1)
                                 -0.250000   25.410303   clock uncertainty
                                  0.000000   25.410303   clock reconvergence pessimism
                                 -0.147629   25.262674   library setup time
                                             25.262674   data required time
---------------------------------------------------------------------------------------------
                                             25.262674   data required time
                                             -7.754076   data arrival time
---------------------------------------------------------------------------------------------
                                             17.508598   slack (MET)


Startpoint: _433_ (rising edge-triggered flip-flop clocked by clk)
Endpoint: global_state_bits[3] (output port clocked by clk)
Path Group: clk
Path Type: max

Fanout         Cap        Slew       Delay        Time   Description
---------------------------------------------------------------------------------------------
                                  0.000000    0.000000   clock clk (rise edge)
                                  0.000000    0.000000   clock source latency
     1    0.019539    0.146837    0.100504    0.100504 ^ clk (in)
                                                         clk (net)
                      0.146870    0.000000    0.100504 ^ clkbuf_0_clk/A (sky130_fd_sc_hd__clkbuf_16)
     4    0.042376    0.096839    0.287799    0.388303 ^ clkbuf_0_clk/X (sky130_fd_sc_hd__clkbuf_16)
                                                         clknet_0_clk (net)
                      0.096942    0.001680    0.389983 ^ clkbuf_2_3__f_clk/A (sky130_fd_sc_hd__clkbuf_16)
    14    0.046259    0.102193    0.268796    0.658779 ^ clkbuf_2_3__f_clk/X (sky130_fd_sc_hd__clkbuf_16)
                                                         clknet_2_3__leaf_clk (net)
                      0.102277    0.002509    0.661288 ^ _433_/CLK (sky130_fd_sc_hd__dfxtp_1)
     8    0.028773    0.432673    0.907545    1.568833 ^ _433_/Q (sky130_fd_sc_hd__dfxtp_1)
                                                         net22 (net)
                      0.432686    0.002855    1.571688 ^ output22/A (sky130_fd_sc_hd__buf_2)
     1    0.034282    0.273721    0.495968    2.067656 ^ output22/X (sky130_fd_sc_hd__buf_2)
                                                         global_state_bits[3] (net)
                      0.273727    0.001696    2.069352 ^ global_state_bits[3] (out)
                                              2.069352   data arrival time

                                 25.000000   25.000000   clock clk (rise edge)
                                  0.000000   25.000000   clock network delay (propagated)
                                 -0.250000   24.750000   clock uncertainty
                                  0.000000   24.750000   clock reconvergence pessimism
                                 -5.000000   19.750000   output external delay
                                             19.750000   data required time
---------------------------------------------------------------------------------------------
                                             19.750000   data required time
                                             -2.069352   data arrival time
---------------------------------------------------------------------------------------------
                                             17.680649   slack (MET)


Startpoint: _448_ (rising edge-triggered flip-flop clocked by clk)
Endpoint: global_timeout_count[14] (output port clocked by clk)
Path Group: clk
Path Type: max

Fanout         Cap        Slew       Delay        Time   Description
---------------------------------------------------------------------------------------------
                                  0.000000    0.000000   clock clk (rise edge)
                                  0.000000    0.000000   clock source latency
     1    0.019539    0.146837    0.100504    0.100504 ^ clk (in)
                                                         clk (net)
                      0.146870    0.000000    0.100504 ^ clkbuf_0_clk/A (sky130_fd_sc_hd__clkbuf_16)
     4    0.042376    0.096839    0.287799    0.388303 ^ clkbuf_0_clk/X (sky130_fd_sc_hd__clkbuf_16)
                                                         clknet_0_clk (net)
                      0.096943    0.001697    0.390000 ^ clkbuf_2_2__f_clk/A (sky130_fd_sc_hd__clkbuf_16)
    13    0.045420    0.100882    0.267956    0.657956 ^ clkbuf_2_2__f_clk/X (sky130_fd_sc_hd__clkbuf_16)
                                                         clknet_2_2__leaf_clk (net)
                      0.100983    0.002702    0.660658 ^ _448_/CLK (sky130_fd_sc_hd__dfxtp_1)
     7    0.025472    0.385379    0.873609    1.534267 ^ _448_/Q (sky130_fd_sc_hd__dfxtp_1)
                                                         net33 (net)
                      0.385380    0.001461    1.535728 ^ output33/A (sky130_fd_sc_hd__buf_2)
     1    0.034159    0.272577    0.476982    2.012710 ^ output33/X (sky130_fd_sc_hd__buf_2)
                                                         global_timeout_count[14] (net)
                      0.272583    0.001644    2.014354 ^ global_timeout_count[14] (out)
                                              2.014354   data arrival time

                                 25.000000   25.000000   clock clk (rise edge)
                                  0.000000   25.000000   clock network delay (propagated)
                                 -0.250000   24.750000   clock uncertainty
                                  0.000000   24.750000   clock reconvergence pessimism
                                 -5.000000   19.750000   output external delay
                                             19.750000   data required time
---------------------------------------------------------------------------------------------
                                             19.750000   data required time
                                             -2.014354   data arrival time
---------------------------------------------------------------------------------------------
                                             17.735645   slack (MET)


Startpoint: _458_ (rising edge-triggered flip-flop clocked by clk)
Endpoint: group_timeout_count[0] (output port clocked by clk)
Path Group: clk
Path Type: max

Fanout         Cap        Slew       Delay        Time   Description
---------------------------------------------------------------------------------------------
                                  0.000000    0.000000   clock clk (rise edge)
                                  0.000000    0.000000   clock source latency
     1    0.019539    0.146837    0.100504    0.100504 ^ clk (in)
                                                         clk (net)
                      0.146870    0.000000    0.100504 ^ clkbuf_0_clk/A (sky130_fd_sc_hd__clkbuf_16)
     4    0.042376    0.096839    0.287799    0.388303 ^ clkbuf_0_clk/X (sky130_fd_sc_hd__clkbuf_16)
                                                         clknet_0_clk (net)
                      0.096962    0.001997    0.390300 ^ clkbuf_2_1__f_clk/A (sky130_fd_sc_hd__clkbuf_16)
    14    0.047669    0.103868    0.270318    0.660618 ^ clkbuf_2_1__f_clk/X (sky130_fd_sc_hd__clkbuf_16)
                                                         clknet_2_1__leaf_clk (net)
                      0.103968    0.002761    0.663379 ^ _458_/CLK (sky130_fd_sc_hd__dfxtp_1)
     8    0.024395    0.369883    0.864336    1.527715 ^ _458_/Q (sky130_fd_sc_hd__dfxtp_1)
                                                         net55 (net)
                      0.369883    0.001052    1.528767 ^ output55/A (sky130_fd_sc_hd__buf_2)
     1    0.035205    0.280293    0.476318    2.005085 ^ output55/X (sky130_fd_sc_hd__buf_2)
                                                         group_timeout_count[0] (net)
                      0.280302    0.001944    2.007029 ^ group_timeout_count[0] (out)
                                              2.007029   data arrival time

                                 25.000000   25.000000   clock clk (rise edge)
                                  0.000000   25.000000   clock network delay (propagated)
                                 -0.250000   24.750000   clock uncertainty
                                  0.000000   24.750000   clock reconvergence pessimism
                                 -5.000000   19.750000   output external delay
                                             19.750000   data required time
---------------------------------------------------------------------------------------------
                                             19.750000   data required time
                                             -2.007029   data arrival time
---------------------------------------------------------------------------------------------
                                             17.742970   slack (MET)


Startpoint: _438_ (rising edge-triggered flip-flop clocked by clk)
Endpoint: global_timeout_count[4] (output port clocked by clk)
Path Group: clk
Path Type: max

Fanout         Cap        Slew       Delay        Time   Description
---------------------------------------------------------------------------------------------
                                  0.000000    0.000000   clock clk (rise edge)
                                  0.000000    0.000000   clock source latency
     1    0.019539    0.146837    0.100504    0.100504 ^ clk (in)
                                                         clk (net)
                      0.146870    0.000000    0.100504 ^ clkbuf_0_clk/A (sky130_fd_sc_hd__clkbuf_16)
     4    0.042376    0.096839    0.287799    0.388303 ^ clkbuf_0_clk/X (sky130_fd_sc_hd__clkbuf_16)
                                                         clknet_0_clk (net)
                      0.096961    0.001984    0.390287 ^ clkbuf_2_0__f_clk/A (sky130_fd_sc_hd__clkbuf_16)
    14    0.045642    0.101168    0.268173    0.658460 ^ clkbuf_2_0__f_clk/X (sky130_fd_sc_hd__clkbuf_16)
                                                         clknet_2_0__leaf_clk (net)
                      0.101240    0.002332    0.660792 ^ _438_/CLK (sky130_fd_sc_hd__dfxtp_1)
     6    0.024755    0.374920    0.867145    1.527937 ^ _438_/Q (sky130_fd_sc_hd__dfxtp_1)
                                                         net38 (net)
                      0.374920    0.000860    1.528797 ^ output38/A (sky130_fd_sc_hd__buf_2)
     1    0.034434    0.274557    0.474421    2.003219 ^ output38/X (sky130_fd_sc_hd__buf_2)
                                                         global_timeout_count[4] (net)
                      0.274562    0.001600    2.004818 ^ global_timeout_count[4] (out)
                                              2.004818   data arrival time

                                 25.000000   25.000000   clock clk (rise edge)
                                  0.000000   25.000000   clock network delay (propagated)
                                 -0.250000   24.750000   clock uncertainty
                                  0.000000   24.750000   clock reconvergence pessimism
                                 -5.000000   19.750000   output external delay
                                             19.750000   data required time
---------------------------------------------------------------------------------------------
                                             19.750000   data required time
                                             -2.004818   data arrival time
---------------------------------------------------------------------------------------------
                                             17.745182   slack (MET)


Startpoint: _462_ (rising edge-triggered flip-flop clocked by clk)
Endpoint: group_timeout_count[4] (output port clocked by clk)
Path Group: clk
Path Type: max

Fanout         Cap        Slew       Delay        Time   Description
---------------------------------------------------------------------------------------------
                                  0.000000    0.000000   clock clk (rise edge)
                                  0.000000    0.000000   clock source latency
     1    0.019539    0.146837    0.100504    0.100504 ^ clk (in)
                                                         clk (net)
                      0.146870    0.000000    0.100504 ^ clkbuf_0_clk/A (sky130_fd_sc_hd__clkbuf_16)
     4    0.042376    0.096839    0.287799    0.388303 ^ clkbuf_0_clk/X (sky130_fd_sc_hd__clkbuf_16)
                                                         clknet_0_clk (net)
                      0.096962    0.001997    0.390300 ^ clkbuf_2_1__f_clk/A (sky130_fd_sc_hd__clkbuf_16)
    14    0.047669    0.103868    0.270318    0.660618 ^ clkbuf_2_1__f_clk/X (sky130_fd_sc_hd__clkbuf_16)
                                                         clknet_2_1__leaf_clk (net)
                      0.103910    0.001942    0.662561 ^ _462_/CLK (sky130_fd_sc_hd__dfxtp_1)
     8    0.023882    0.362408    0.859533    1.522093 ^ _462_/Q (sky130_fd_sc_hd__dfxtp_1)
                                                         net65 (net)
                      0.362408    0.001014    1.523108 ^ output65/A (sky130_fd_sc_hd__buf_2)
     1    0.034271    0.273299    0.468659    1.991767 ^ output65/X (sky130_fd_sc_hd__buf_2)
                                                         group_timeout_count[4] (net)
                      0.273305    0.001648    1.993415 ^ group_timeout_count[4] (out)
                                              1.993415   data arrival time

                                 25.000000   25.000000   clock clk (rise edge)
                                  0.000000   25.000000   clock network delay (propagated)
                                 -0.250000   24.750000   clock uncertainty
                                  0.000000   24.750000   clock reconvergence pessimism
                                 -5.000000   19.750000   output external delay
                                             19.750000   data required time
---------------------------------------------------------------------------------------------
                                             19.750000   data required time
                                             -1.993415   data arrival time
---------------------------------------------------------------------------------------------
                                             17.756584   slack (MET)


Startpoint: _459_ (rising edge-triggered flip-flop clocked by clk)
Endpoint: group_timeout_count[1] (output port clocked by clk)
Path Group: clk
Path Type: max

Fanout         Cap        Slew       Delay        Time   Description
---------------------------------------------------------------------------------------------
                                  0.000000    0.000000   clock clk (rise edge)
                                  0.000000    0.000000   clock source latency
     1    0.019539    0.146837    0.100504    0.100504 ^ clk (in)
                                                         clk (net)
                      0.146870    0.000000    0.100504 ^ clkbuf_0_clk/A (sky130_fd_sc_hd__clkbuf_16)
     4    0.042376    0.096839    0.287799    0.388303 ^ clkbuf_0_clk/X (sky130_fd_sc_hd__clkbuf_16)
                                                         clknet_0_clk (net)
                      0.096962    0.001997    0.390300 ^ clkbuf_2_1__f_clk/A (sky130_fd_sc_hd__clkbuf_16)
    14    0.047669    0.103868    0.270318    0.660618 ^ clkbuf_2_1__f_clk/X (sky130_fd_sc_hd__clkbuf_16)
                                                         clknet_2_1__leaf_clk (net)
                      0.103996    0.003091    0.663710 ^ _459_/CLK (sky130_fd_sc_hd__dfxtp_1)
     7    0.022559    0.343725    0.845351    1.509061 ^ _459_/Q (sky130_fd_sc_hd__dfxtp_1)
                                                         net62 (net)
                      0.343734    0.002237    1.511298 ^ output62/A (sky130_fd_sc_hd__buf_2)
     1    0.034753    0.276818    0.463837    1.975135 ^ output62/X (sky130_fd_sc_hd__buf_2)
                                                         group_timeout_count[1] (net)
                      0.276826    0.001842    1.976977 ^ group_timeout_count[1] (out)
                                              1.976977   data arrival time

                                 25.000000   25.000000   clock clk (rise edge)
                                  0.000000   25.000000   clock network delay (propagated)
                                 -0.250000   24.750000   clock uncertainty
                                  0.000000   24.750000   clock reconvergence pessimism
                                 -5.000000   19.750000   output external delay
                                             19.750000   data required time
---------------------------------------------------------------------------------------------
                                             19.750000   data required time
                                             -1.976977   data arrival time
---------------------------------------------------------------------------------------------
                                             17.773024   slack (MET)


Startpoint: _464_ (rising edge-triggered flip-flop clocked by clk)
Endpoint: group_timeout_count[6] (output port clocked by clk)
Path Group: clk
Path Type: max

Fanout         Cap        Slew       Delay        Time   Description
---------------------------------------------------------------------------------------------
                                  0.000000    0.000000   clock clk (rise edge)
                                  0.000000    0.000000   clock source latency
     1    0.019539    0.146837    0.100504    0.100504 ^ clk (in)
                                                         clk (net)
                      0.146870    0.000000    0.100504 ^ clkbuf_0_clk/A (sky130_fd_sc_hd__clkbuf_16)
     4    0.042376    0.096839    0.287799    0.388303 ^ clkbuf_0_clk/X (sky130_fd_sc_hd__clkbuf_16)
                                                         clknet_0_clk (net)
                      0.096961    0.001984    0.390287 ^ clkbuf_2_0__f_clk/A (sky130_fd_sc_hd__clkbuf_16)
    14    0.045642    0.101168    0.268173    0.658460 ^ clkbuf_2_0__f_clk/X (sky130_fd_sc_hd__clkbuf_16)
                                                         clknet_2_0__leaf_clk (net)
                      0.101203    0.001797    0.660257 ^ _464_/CLK (sky130_fd_sc_hd__dfxtp_1)
     6    0.022485    0.342676    0.843285    1.503542 ^ _464_/Q (sky130_fd_sc_hd__dfxtp_1)
                                                         net67 (net)
                      0.342683    0.002080    1.505621 ^ output67/A (sky130_fd_sc_hd__buf_2)
     1    0.034791    0.277080    0.463672    1.969293 ^ output67/X (sky130_fd_sc_hd__buf_2)
                                                         group_timeout_count[6] (net)
                      0.277087    0.001773    1.971066 ^ group_timeout_count[6] (out)
                                              1.971066   data arrival time

                                 25.000000   25.000000   clock clk (rise edge)
                                  0.000000   25.000000   clock network delay (propagated)
                                 -0.250000   24.750000   clock uncertainty
                                  0.000000   24.750000   clock reconvergence pessimism
                                 -5.000000   19.750000   output external delay
                                             19.750000   data required time
---------------------------------------------------------------------------------------------
                                             19.750000   data required time
                                             -1.971066   data arrival time
---------------------------------------------------------------------------------------------
                                             17.778934   slack (MET)


Startpoint: _463_ (rising edge-triggered flip-flop clocked by clk)
Endpoint: group_timeout_count[5] (output port clocked by clk)
Path Group: clk
Path Type: max

Fanout         Cap        Slew       Delay        Time   Description
---------------------------------------------------------------------------------------------
                                  0.000000    0.000000   clock clk (rise edge)
                                  0.000000    0.000000   clock source latency
     1    0.019539    0.146837    0.100504    0.100504 ^ clk (in)
                                                         clk (net)
                      0.146870    0.000000    0.100504 ^ clkbuf_0_clk/A (sky130_fd_sc_hd__clkbuf_16)
     4    0.042376    0.096839    0.287799    0.388303 ^ clkbuf_0_clk/X (sky130_fd_sc_hd__clkbuf_16)
                                                         clknet_0_clk (net)
                      0.096962    0.001997    0.390300 ^ clkbuf_2_1__f_clk/A (sky130_fd_sc_hd__clkbuf_16)
    14    0.047669    0.103868    0.270318    0.660618 ^ clkbuf_2_1__f_clk/X (sky130_fd_sc_hd__clkbuf_16)
                                                         clknet_2_1__leaf_clk (net)
                      0.103913    0.001996    0.662615 ^ _463_/CLK (sky130_fd_sc_hd__dfxtp_1)
     6    0.021387    0.326826    0.833849    1.496464 ^ _463_/Q (sky130_fd_sc_hd__dfxtp_1)
                                                         net66 (net)
                      0.326827    0.001316    1.497780 ^ output66/A (sky130_fd_sc_hd__buf_2)
     1    0.034085    0.271748    0.453869    1.951649 ^ output66/X (sky130_fd_sc_hd__buf_2)
                                                         group_timeout_count[5] (net)
                      0.271753    0.001625    1.953275 ^ group_timeout_count[5] (out)
                                              1.953275   data arrival time

                                 25.000000   25.000000   clock clk (rise edge)
                                  0.000000   25.000000   clock network delay (propagated)
                                 -0.250000   24.750000   clock uncertainty
                                  0.000000   24.750000   clock reconvergence pessimism
                                 -5.000000   19.750000   output external delay
                                             19.750000   data required time
---------------------------------------------------------------------------------------------
                                             19.750000   data required time
                                             -1.953275   data arrival time
---------------------------------------------------------------------------------------------
                                             17.796724   slack (MET)


Startpoint: _461_ (rising edge-triggered flip-flop clocked by clk)
Endpoint: group_timeout_count[3] (output port clocked by clk)
Path Group: clk
Path Type: max

Fanout         Cap        Slew       Delay        Time   Description
---------------------------------------------------------------------------------------------
                                  0.000000    0.000000   clock clk (rise edge)
                                  0.000000    0.000000   clock source latency
     1    0.019539    0.146837    0.100504    0.100504 ^ clk (in)
                                                         clk (net)
                      0.146870    0.000000    0.100504 ^ clkbuf_0_clk/A (sky130_fd_sc_hd__clkbuf_16)
     4    0.042376    0.096839    0.287799    0.388303 ^ clkbuf_0_clk/X (sky130_fd_sc_hd__clkbuf_16)
                                                         clknet_0_clk (net)
                      0.096962    0.001997    0.390300 ^ clkbuf_2_1__f_clk/A (sky130_fd_sc_hd__clkbuf_16)
    14    0.047669    0.103868    0.270318    0.660618 ^ clkbuf_2_1__f_clk/X (sky130_fd_sc_hd__clkbuf_16)
                                                         clknet_2_1__leaf_clk (net)
                      0.103957    0.002627    0.663245 ^ _461_/CLK (sky130_fd_sc_hd__dfxtp_1)
     5    0.020837    0.319001    0.828204    1.491450 ^ _461_/Q (sky130_fd_sc_hd__dfxtp_1)
                                                         net64 (net)
                      0.319001    0.001173    1.492623 ^ output64/A (sky130_fd_sc_hd__buf_2)
     1    0.034550    0.275177    0.453249    1.945871 ^ output64/X (sky130_fd_sc_hd__buf_2)
                                                         group_timeout_count[3] (net)
                      0.275183    0.001709    1.947580 ^ group_timeout_count[3] (out)
                                              1.947580   data arrival time

                                 25.000000   25.000000   clock clk (rise edge)
                                  0.000000   25.000000   clock network delay (propagated)
                                 -0.250000   24.750000   clock uncertainty
                                  0.000000   24.750000   clock reconvergence pessimism
                                 -5.000000   19.750000   output external delay
                                             19.750000   data required time
---------------------------------------------------------------------------------------------
                                             19.750000   data required time
                                             -1.947580   data arrival time
---------------------------------------------------------------------------------------------
                                             17.802420   slack (MET)


Startpoint: reset (input port clocked by clk)
Endpoint: _432_ (rising edge-triggered flip-flop clocked by clk)
Path Group: clk
Path Type: max

Fanout         Cap        Slew       Delay        Time   Description
---------------------------------------------------------------------------------------------
                                  0.000000    0.000000   clock clk (rise edge)
                                  0.000000    0.000000   clock network delay (propagated)
                                  5.000000    5.000000 ^ input external delay
     1    0.003262    0.035318    0.018279    5.018279 ^ reset (in)
                                                         reset (net)
                      0.035318    0.000000    5.018279 ^ input11/A (sky130_fd_sc_hd__buf_1)
     4    0.018347    0.353011    0.335819    5.354098 ^ input11/X (sky130_fd_sc_hd__buf_1)
                                                         net11 (net)
                      0.353012    0.000493    5.354591 ^ fanout82/A (sky130_fd_sc_hd__buf_2)
    10    0.042710    0.336260    0.507617    5.862208 ^ fanout82/X (sky130_fd_sc_hd__buf_2)
                                                         net82 (net)
                      0.336345    0.005176    5.867383 ^ _213_/A (sky130_fd_sc_hd__inv_2)
    10    0.039399    0.195034    0.284876    6.152259 v _213_/Y (sky130_fd_sc_hd__inv_2)
                                                         _055_ (net)
                      0.195048    0.001762    6.154021 v _251_/A1 (sky130_fd_sc_hd__a41o_1)
     4    0.015118    0.165276    0.480635    6.634656 v _251_/X (sky130_fd_sc_hd__a41o_1)
                                                         _082_ (net)
                      0.165281    0.001183    6.635839 v _267_/A1 (sky130_fd_sc_hd__o32a_1)
     1    0.003078    0.114805    0.668311    7.304151 v _267_/X (sky130_fd_sc_hd__o32a_1)
                                                         _096_ (net)
                      0.114805    0.000131    7.304281 v _268_/B (sky130_fd_sc_hd__nor2_1)
     1    0.002958    0.138469    0.161720    7.466002 ^ _268_/Y (sky130_fd_sc_hd__nor2_1)
                                                         _002_ (net)
                      0.138469    0.000117    7.466119 ^ _432_/D (sky130_fd_sc_hd__dfxtp_1)
                                              7.466119   data arrival time

                                 25.000000   25.000000   clock clk (rise edge)
                                  0.000000   25.000000   clock source latency
     1    0.019539    0.146837    0.100504   25.100504 ^ clk (in)
                                                         clk (net)
                      0.146870    0.000000   25.100504 ^ clkbuf_0_clk/A (sky130_fd_sc_hd__clkbuf_16)
     4    0.042376    0.096839    0.287798   25.388302 ^ clkbuf_0_clk/X (sky130_fd_sc_hd__clkbuf_16)
                                                         clknet_0_clk (net)
                      0.096942    0.001680   25.389982 ^ clkbuf_2_3__f_clk/A (sky130_fd_sc_hd__clkbuf_16)
    14    0.046259    0.102193    0.268797   25.658779 ^ clkbuf_2_3__f_clk/X (sky130_fd_sc_hd__clkbuf_16)
                                                         clknet_2_3__leaf_clk (net)
                      0.102242    0.002013   25.660791 ^ _432_/CLK (sky130_fd_sc_hd__dfxtp_1)
                                 -0.250000   25.410793   clock uncertainty
                                  0.000000   25.410793   clock reconvergence pessimism
                                 -0.140708   25.270086   library setup time
                                             25.270086   data required time
---------------------------------------------------------------------------------------------
                                             25.270086   data required time
                                             -7.466119   data arrival time
---------------------------------------------------------------------------------------------
                                             17.803967   slack (MET)


Startpoint: _480_ (rising edge-triggered flip-flop clocked by clk)
Endpoint: global_state_bits[0] (output port clocked by clk)
Path Group: clk
Path Type: max

Fanout         Cap        Slew       Delay        Time   Description
---------------------------------------------------------------------------------------------
                                  0.000000    0.000000   clock clk (rise edge)
                                  0.000000    0.000000   clock source latency
     1    0.019539    0.146837    0.100504    0.100504 ^ clk (in)
                                                         clk (net)
                      0.146870    0.000000    0.100504 ^ clkbuf_0_clk/A (sky130_fd_sc_hd__clkbuf_16)
     4    0.042376    0.096839    0.287799    0.388303 ^ clkbuf_0_clk/X (sky130_fd_sc_hd__clkbuf_16)
                                                         clknet_0_clk (net)
                      0.096942    0.001680    0.389983 ^ clkbuf_2_3__f_clk/A (sky130_fd_sc_hd__clkbuf_16)
    14    0.046259    0.102193    0.268796    0.658779 ^ clkbuf_2_3__f_clk/X (sky130_fd_sc_hd__clkbuf_16)
                                                         clknet_2_3__leaf_clk (net)
                      0.102273    0.002456    0.661235 ^ _480_/CLK (sky130_fd_sc_hd__dfxtp_2)
     9    0.034123    0.281896    0.832442    1.493677 ^ _480_/Q (sky130_fd_sc_hd__dfxtp_2)
                                                         net19 (net)
                      0.281900    0.001534    1.495211 ^ output19/A (sky130_fd_sc_hd__buf_2)
     1    0.034046    0.271245    0.436226    1.931437 ^ output19/X (sky130_fd_sc_hd__buf_2)
                                                         global_state_bits[0] (net)
                      0.271251    0.001617    1.933055 ^ global_state_bits[0] (out)
                                              1.933055   data arrival time

                                 25.000000   25.000000   clock clk (rise edge)
                                  0.000000   25.000000   clock network delay (propagated)
                                 -0.250000   24.750000   clock uncertainty
                                  0.000000   24.750000   clock reconvergence pessimism
                                 -5.000000   19.750000   output external delay
                                             19.750000   data required time
---------------------------------------------------------------------------------------------
                                             19.750000   data required time
                                             -1.933055   data arrival time
---------------------------------------------------------------------------------------------
                                             17.816944   slack (MET)


Startpoint: _460_ (rising edge-triggered flip-flop clocked by clk)
Endpoint: group_timeout_count[2] (output port clocked by clk)
Path Group: clk
Path Type: max

Fanout         Cap        Slew       Delay        Time   Description
---------------------------------------------------------------------------------------------
                                  0.000000    0.000000   clock clk (rise edge)
                                  0.000000    0.000000   clock source latency
     1    0.019539    0.146837    0.100504    0.100504 ^ clk (in)
                                                         clk (net)
                      0.146870    0.000000    0.100504 ^ clkbuf_0_clk/A (sky130_fd_sc_hd__clkbuf_16)
     4    0.042376    0.096839    0.287799    0.388303 ^ clkbuf_0_clk/X (sky130_fd_sc_hd__clkbuf_16)
                                                         clknet_0_clk (net)
                      0.096962    0.001997    0.390300 ^ clkbuf_2_1__f_clk/A (sky130_fd_sc_hd__clkbuf_16)
    14    0.047669    0.103868    0.270318    0.660618 ^ clkbuf_2_1__f_clk/X (sky130_fd_sc_hd__clkbuf_16)
                                                         clknet_2_1__leaf_clk (net)
                      0.104004    0.003178    0.663796 ^ _460_/CLK (sky130_fd_sc_hd__dfxtp_1)
     6    0.019735    0.303235    0.817044    1.480841 ^ _460_/Q (sky130_fd_sc_hd__dfxtp_1)
                                                         net63 (net)
                      0.303235    0.001055    1.481895 ^ output63/A (sky130_fd_sc_hd__buf_2)
     1    0.034404    0.274026    0.446324    1.928219 ^ output63/X (sky130_fd_sc_hd__buf_2)
                                                         group_timeout_count[2] (net)
                      0.274033    0.001751    1.929971 ^ group_timeout_count[2] (out)
                                              1.929971   data arrival time

                                 25.000000   25.000000   clock clk (rise edge)
                                  0.000000   25.000000   clock network delay (propagated)
                                 -0.250000   24.750000   clock uncertainty
                                  0.000000   24.750000   clock reconvergence pessimism
                                 -5.000000   19.750000   output external delay
                                             19.750000   data required time
---------------------------------------------------------------------------------------------
                                             19.750000   data required time
                                             -1.929971   data arrival time
---------------------------------------------------------------------------------------------
                                             17.820028   slack (MET)


Startpoint: _477_ (rising edge-triggered flip-flop clocked by clk)
Endpoint: group_state_bits[1] (output port clocked by clk)
Path Group: clk
Path Type: max

Fanout         Cap        Slew       Delay        Time   Description
---------------------------------------------------------------------------------------------
                                  0.000000    0.000000   clock clk (rise edge)
                                  0.000000    0.000000   clock source latency
     1    0.019539    0.146837    0.100504    0.100504 ^ clk (in)
                                                         clk (net)
                      0.146870    0.000000    0.100504 ^ clkbuf_0_clk/A (sky130_fd_sc_hd__clkbuf_16)
     4    0.042376    0.096839    0.287799    0.388303 ^ clkbuf_0_clk/X (sky130_fd_sc_hd__clkbuf_16)
                                                         clknet_0_clk (net)
                      0.096962    0.001997    0.390300 ^ clkbuf_2_1__f_clk/A (sky130_fd_sc_hd__clkbuf_16)
    14    0.047669    0.103868    0.270318    0.660618 ^ clkbuf_2_1__f_clk/X (sky130_fd_sc_hd__clkbuf_16)
                                                         clknet_2_1__leaf_clk (net)
                      0.103954    0.002584    0.663202 ^ _477_/CLK (sky130_fd_sc_hd__dfxtp_1)
     6    0.019284    0.296831    0.812276    1.475479 ^ _477_/Q (sky130_fd_sc_hd__dfxtp_1)
                                                         net47 (net)
                      0.296831    0.000992    1.476470 ^ output47/A (sky130_fd_sc_hd__buf_2)
     1    0.034553    0.275084    0.444689    1.921159 ^ output47/X (sky130_fd_sc_hd__buf_2)
                                                         group_state_bits[1] (net)
                      0.275089    0.001672    1.922831 ^ group_state_bits[1] (out)
                                              1.922831   data arrival time

                                 25.000000   25.000000   clock clk (rise edge)
                                  0.000000   25.000000   clock network delay (propagated)
                                 -0.250000   24.750000   clock uncertainty
                                  0.000000   24.750000   clock reconvergence pessimism
                                 -5.000000   19.750000   output external delay
                                             19.750000   data required time
---------------------------------------------------------------------------------------------
                                             19.750000   data required time
                                             -1.922831   data arrival time
---------------------------------------------------------------------------------------------
                                             17.827168   slack (MET)


Startpoint: _468_ (rising edge-triggered flip-flop clocked by clk)
Endpoint: group_timeout_count[10] (output port clocked by clk)
Path Group: clk
Path Type: max

Fanout         Cap        Slew       Delay        Time   Description
---------------------------------------------------------------------------------------------
                                  0.000000    0.000000   clock clk (rise edge)
                                  0.000000    0.000000   clock source latency
     1    0.019539    0.146837    0.100504    0.100504 ^ clk (in)
                                                         clk (net)
                      0.146870    0.000000    0.100504 ^ clkbuf_0_clk/A (sky130_fd_sc_hd__clkbuf_16)
     4    0.042376    0.096839    0.287799    0.388303 ^ clkbuf_0_clk/X (sky130_fd_sc_hd__clkbuf_16)
                                                         clknet_0_clk (net)
                      0.096961    0.001984    0.390287 ^ clkbuf_2_0__f_clk/A (sky130_fd_sc_hd__clkbuf_16)
    14    0.045642    0.101168    0.268173    0.658460 ^ clkbuf_2_0__f_clk/X (sky130_fd_sc_hd__clkbuf_16)
                                                         clknet_2_0__leaf_clk (net)
                      0.101188    0.001537    0.659998 ^ _468_/CLK (sky130_fd_sc_hd__dfxtp_1)
     6    0.019469    0.299497    0.812828    1.472826 ^ _468_/Q (sky130_fd_sc_hd__dfxtp_1)
                                                         net56 (net)
                      0.299499    0.001438    1.474263 ^ output56/A (sky130_fd_sc_hd__buf_2)
     1    0.034217    0.272600    0.443952    1.918215 ^ output56/X (sky130_fd_sc_hd__buf_2)
                                                         group_timeout_count[10] (net)
                      0.272606    0.001644    1.919859 ^ group_timeout_count[10] (out)
                                              1.919859   data arrival time

                                 25.000000   25.000000   clock clk (rise edge)
                                  0.000000   25.000000   clock network delay (propagated)
                                 -0.250000   24.750000   clock uncertainty
                                  0.000000   24.750000   clock reconvergence pessimism
                                 -5.000000   19.750000   output external delay
                                             19.750000   data required time
---------------------------------------------------------------------------------------------
                                             19.750000   data required time
                                             -1.919859   data arrival time
---------------------------------------------------------------------------------------------
                                             17.830139   slack (MET)


Startpoint: _442_ (rising edge-triggered flip-flop clocked by clk)
Endpoint: global_timeout_count[8] (output port clocked by clk)
Path Group: clk
Path Type: max

Fanout         Cap        Slew       Delay        Time   Description
---------------------------------------------------------------------------------------------
                                  0.000000    0.000000   clock clk (rise edge)
                                  0.000000    0.000000   clock source latency
     1    0.019539    0.146837    0.100504    0.100504 ^ clk (in)
                                                         clk (net)
                      0.146870    0.000000    0.100504 ^ clkbuf_0_clk/A (sky130_fd_sc_hd__clkbuf_16)
     4    0.042376    0.096839    0.287799    0.388303 ^ clkbuf_0_clk/X (sky130_fd_sc_hd__clkbuf_16)
                                                         clknet_0_clk (net)
                      0.096943    0.001697    0.390000 ^ clkbuf_2_2__f_clk/A (sky130_fd_sc_hd__clkbuf_16)
    13    0.045420    0.100882    0.267956    0.657956 ^ clkbuf_2_2__f_clk/X (sky130_fd_sc_hd__clkbuf_16)
                                                         clknet_2_2__leaf_clk (net)
                      0.100977    0.002618    0.660574 ^ _442_/CLK (sky130_fd_sc_hd__dfxtp_1)
     6    0.019039    0.293282    0.808594    1.469169 ^ _442_/Q (sky130_fd_sc_hd__dfxtp_1)
                                                         net42 (net)
                      0.293282    0.000926    1.470094 ^ output42/A (sky130_fd_sc_hd__buf_2)
     1    0.034399    0.273912    0.442541    1.912635 ^ output42/X (sky130_fd_sc_hd__buf_2)
                                                         global_timeout_count[8] (net)
                      0.273917    0.001598    1.914233 ^ global_timeout_count[8] (out)
                                              1.914233   data arrival time

                                 25.000000   25.000000   clock clk (rise edge)
                                  0.000000   25.000000   clock network delay (propagated)
                                 -0.250000   24.750000   clock uncertainty
                                  0.000000   24.750000   clock reconvergence pessimism
                                 -5.000000   19.750000   output external delay
                                             19.750000   data required time
---------------------------------------------------------------------------------------------
                                             19.750000   data required time
                                             -1.914233   data arrival time
---------------------------------------------------------------------------------------------
                                             17.835768   slack (MET)


Startpoint: _434_ (rising edge-triggered flip-flop clocked by clk)
Endpoint: global_timeout_count[0] (output port clocked by clk)
Path Group: clk
Path Type: max

Fanout         Cap        Slew       Delay        Time   Description
---------------------------------------------------------------------------------------------
                                  0.000000    0.000000   clock clk (rise edge)
                                  0.000000    0.000000   clock source latency
     1    0.019539    0.146837    0.100504    0.100504 ^ clk (in)
                                                         clk (net)
                      0.146870    0.000000    0.100504 ^ clkbuf_0_clk/A (sky130_fd_sc_hd__clkbuf_16)
     4    0.042376    0.096839    0.287799    0.388303 ^ clkbuf_0_clk/X (sky130_fd_sc_hd__clkbuf_16)
                                                         clknet_0_clk (net)
                      0.096961    0.001984    0.390287 ^ clkbuf_2_0__f_clk/A (sky130_fd_sc_hd__clkbuf_16)
    14    0.045642    0.101168    0.268173    0.658460 ^ clkbuf_2_0__f_clk/X (sky130_fd_sc_hd__clkbuf_16)
                                                         clknet_2_0__leaf_clk (net)
                      0.101299    0.003058    0.661518 ^ _434_/CLK (sky130_fd_sc_hd__dfxtp_1)
     6    0.018849    0.290628    0.806617    1.468136 ^ _434_/Q (sky130_fd_sc_hd__dfxtp_1)
                                                         net28 (net)
                      0.290629    0.001237    1.469373 ^ output28/A (sky130_fd_sc_hd__buf_2)
     1    0.034384    0.273789    0.441424    1.910797 ^ output28/X (sky130_fd_sc_hd__buf_2)
                                                         global_timeout_count[0] (net)
                      0.273794    0.001607    1.912404 ^ global_timeout_count[0] (out)
                                              1.912404   data arrival time

                                 25.000000   25.000000   clock clk (rise edge)
                                  0.000000   25.000000   clock network delay (propagated)
                                 -0.250000   24.750000   clock uncertainty
                                  0.000000   24.750000   clock reconvergence pessimism
                                 -5.000000   19.750000   output external delay
                                             19.750000   data required time
---------------------------------------------------------------------------------------------
                                             19.750000   data required time
                                             -1.912404   data arrival time
---------------------------------------------------------------------------------------------
                                             17.837595   slack (MET)


Startpoint: _449_ (rising edge-triggered flip-flop clocked by clk)
Endpoint: global_timeout_count[15] (output port clocked by clk)
Path Group: clk
Path Type: max

Fanout         Cap        Slew       Delay        Time   Description
---------------------------------------------------------------------------------------------
                                  0.000000    0.000000   clock clk (rise edge)
                                  0.000000    0.000000   clock source latency
     1    0.019539    0.146837    0.100504    0.100504 ^ clk (in)
                                                         clk (net)
                      0.146870    0.000000    0.100504 ^ clkbuf_0_clk/A (sky130_fd_sc_hd__clkbuf_16)
     4    0.042376    0.096839    0.287799    0.388303 ^ clkbuf_0_clk/X (sky130_fd_sc_hd__clkbuf_16)
                                                         clknet_0_clk (net)
                      0.096943    0.001697    0.390000 ^ clkbuf_2_2__f_clk/A (sky130_fd_sc_hd__clkbuf_16)
    13    0.045420    0.100882    0.267956    0.657956 ^ clkbuf_2_2__f_clk/X (sky130_fd_sc_hd__clkbuf_16)
                                                         clknet_2_2__leaf_clk (net)
                      0.101000    0.002899    0.660855 ^ _449_/CLK (sky130_fd_sc_hd__dfxtp_1)
     6    0.018186    0.281229    0.799494    1.460349 ^ _449_/Q (sky130_fd_sc_hd__dfxtp_1)
                                                         net34 (net)
                      0.281232    0.001395    1.461743 ^ output34/A (sky130_fd_sc_hd__buf_2)
     1    0.034258    0.272823    0.437086    1.898830 ^ output34/X (sky130_fd_sc_hd__buf_2)
                                                         global_timeout_count[15] (net)
                      0.272829    0.001636    1.900465 ^ global_timeout_count[15] (out)
                                              1.900465   data arrival time

                                 25.000000   25.000000   clock clk (rise edge)
                                  0.000000   25.000000   clock network delay (propagated)
                                 -0.250000   24.750000   clock uncertainty
                                  0.000000   24.750000   clock reconvergence pessimism
                                 -5.000000   19.750000   output external delay
                                             19.750000   data required time
---------------------------------------------------------------------------------------------
                                             19.750000   data required time
                                             -1.900465   data arrival time
---------------------------------------------------------------------------------------------
                                             17.849533   slack (MET)


Startpoint: _437_ (rising edge-triggered flip-flop clocked by clk)
Endpoint: global_timeout_count[3] (output port clocked by clk)
Path Group: clk
Path Type: max

Fanout         Cap        Slew       Delay        Time   Description
---------------------------------------------------------------------------------------------
                                  0.000000    0.000000   clock clk (rise edge)
                                  0.000000    0.000000   clock source latency
     1    0.019539    0.146837    0.100504    0.100504 ^ clk (in)
                                                         clk (net)
                      0.146870    0.000000    0.100504 ^ clkbuf_0_clk/A (sky130_fd_sc_hd__clkbuf_16)
     4    0.042376    0.096839    0.287799    0.388303 ^ clkbuf_0_clk/X (sky130_fd_sc_hd__clkbuf_16)
                                                         clknet_0_clk (net)
                      0.096961    0.001984    0.390287 ^ clkbuf_2_0__f_clk/A (sky130_fd_sc_hd__clkbuf_16)
    14    0.045642    0.101168    0.268173    0.658460 ^ clkbuf_2_0__f_clk/X (sky130_fd_sc_hd__clkbuf_16)
                                                         clknet_2_0__leaf_clk (net)
                      0.101285    0.002896    0.661356 ^ _437_/CLK (sky130_fd_sc_hd__dfxtp_1)
     5    0.018047    0.279127    0.798622    1.459978 ^ _437_/Q (sky130_fd_sc_hd__dfxtp_1)
                                                         net37 (net)
                      0.279127    0.001064    1.461043 ^ output37/A (sky130_fd_sc_hd__buf_2)
     1    0.034386    0.273754    0.436980    1.898023 ^ output37/X (sky130_fd_sc_hd__buf_2)
                                                         global_timeout_count[3] (net)
                      0.273759    0.001597    1.899620 ^ global_timeout_count[3] (out)
                                              1.899620   data arrival time

                                 25.000000   25.000000   clock clk (rise edge)
                                  0.000000   25.000000   clock network delay (propagated)
                                 -0.250000   24.750000   clock uncertainty
                                  0.000000   24.750000   clock reconvergence pessimism
                                 -5.000000   19.750000   output external delay
                                             19.750000   data required time
---------------------------------------------------------------------------------------------
                                             19.750000   data required time
                                             -1.899620   data arrival time
---------------------------------------------------------------------------------------------
                                             17.850380   slack (MET)


Startpoint: _466_ (rising edge-triggered flip-flop clocked by clk)
Endpoint: group_timeout_count[8] (output port clocked by clk)
Path Group: clk
Path Type: max

Fanout         Cap        Slew       Delay        Time   Description
---------------------------------------------------------------------------------------------
                                  0.000000    0.000000   clock clk (rise edge)
                                  0.000000    0.000000   clock source latency
     1    0.019539    0.146837    0.100504    0.100504 ^ clk (in)
                                                         clk (net)
                      0.146870    0.000000    0.100504 ^ clkbuf_0_clk/A (sky130_fd_sc_hd__clkbuf_16)
     4    0.042376    0.096839    0.287799    0.388303 ^ clkbuf_0_clk/X (sky130_fd_sc_hd__clkbuf_16)
                                                         clknet_0_clk (net)
                      0.096962    0.001997    0.390300 ^ clkbuf_2_1__f_clk/A (sky130_fd_sc_hd__clkbuf_16)
    14    0.047669    0.103868    0.270318    0.660618 ^ clkbuf_2_1__f_clk/X (sky130_fd_sc_hd__clkbuf_16)
                                                         clknet_2_1__leaf_clk (net)
                      0.104023    0.003384    0.664002 ^ _466_/CLK (sky130_fd_sc_hd__dfxtp_1)
     6    0.017715    0.274359    0.796575    1.460577 ^ _466_/Q (sky130_fd_sc_hd__dfxtp_1)
                                                         net69 (net)
                      0.274359    0.000720    1.461298 ^ output69/A (sky130_fd_sc_hd__buf_2)
     1    0.034193    0.272323    0.434024    1.895322 ^ output69/X (sky130_fd_sc_hd__buf_2)
                                                         group_timeout_count[8] (net)
                      0.272329    0.001704    1.897026 ^ group_timeout_count[8] (out)
                                              1.897026   data arrival time

                                 25.000000   25.000000   clock clk (rise edge)
                                  0.000000   25.000000   clock network delay (propagated)
                                 -0.250000   24.750000   clock uncertainty
                                  0.000000   24.750000   clock reconvergence pessimism
                                 -5.000000   19.750000   output external delay
                                             19.750000   data required time
---------------------------------------------------------------------------------------------
                                             19.750000   data required time
                                             -1.897026   data arrival time
---------------------------------------------------------------------------------------------
                                             17.852972   slack (MET)


Startpoint: _444_ (rising edge-triggered flip-flop clocked by clk)
Endpoint: global_timeout_count[10] (output port clocked by clk)
Path Group: clk
Path Type: max

Fanout         Cap        Slew       Delay        Time   Description
---------------------------------------------------------------------------------------------
                                  0.000000    0.000000   clock clk (rise edge)
                                  0.000000    0.000000   clock source latency
     1    0.019539    0.146837    0.100504    0.100504 ^ clk (in)
                                                         clk (net)
                      0.146870    0.000000    0.100504 ^ clkbuf_0_clk/A (sky130_fd_sc_hd__clkbuf_16)
     4    0.042376    0.096839    0.287799    0.388303 ^ clkbuf_0_clk/X (sky130_fd_sc_hd__clkbuf_16)
                                                         clknet_0_clk (net)
                      0.096943    0.001697    0.390000 ^ clkbuf_2_2__f_clk/A (sky130_fd_sc_hd__clkbuf_16)
    13    0.045420    0.100882    0.267956    0.657956 ^ clkbuf_2_2__f_clk/X (sky130_fd_sc_hd__clkbuf_16)
                                                         clknet_2_2__leaf_clk (net)
                      0.100941    0.002144    0.660100 ^ _444_/CLK (sky130_fd_sc_hd__dfxtp_1)
     6    0.017960    0.277897    0.797513    1.457613 ^ _444_/Q (sky130_fd_sc_hd__dfxtp_1)
                                                         net29 (net)
                      0.277897    0.000929    1.458543 ^ output29/A (sky130_fd_sc_hd__buf_2)
     1    0.034380    0.273705    0.436474    1.895016 ^ output29/X (sky130_fd_sc_hd__buf_2)
                                                         global_timeout_count[10] (net)
                      0.273710    0.001596    1.896613 ^ global_timeout_count[10] (out)
                                              1.896613   data arrival time

                                 25.000000   25.000000   clock clk (rise edge)
                                  0.000000   25.000000   clock network delay (propagated)
                                 -0.250000   24.750000   clock uncertainty
                                  0.000000   24.750000   clock reconvergence pessimism
                                 -5.000000   19.750000   output external delay
                                             19.750000   data required time
---------------------------------------------------------------------------------------------
                                             19.750000   data required time
                                             -1.896613   data arrival time
---------------------------------------------------------------------------------------------
                                             17.853386   slack (MET)


Startpoint: _475_ (rising edge-triggered flip-flop clocked by clk)
Endpoint: sticky_illegal (output port clocked by clk)
Path Group: clk
Path Type: max

Fanout         Cap        Slew       Delay        Time   Description
---------------------------------------------------------------------------------------------
                                  0.000000    0.000000   clock clk (rise edge)
                                  0.000000    0.000000   clock source latency
     1    0.019539    0.146837    0.100504    0.100504 ^ clk (in)
                                                         clk (net)
                      0.146870    0.000000    0.100504 ^ clkbuf_0_clk/A (sky130_fd_sc_hd__clkbuf_16)
     4    0.042376    0.096839    0.287799    0.388303 ^ clkbuf_0_clk/X (sky130_fd_sc_hd__clkbuf_16)
                                                         clknet_0_clk (net)
                      0.096942    0.001680    0.389983 ^ clkbuf_2_3__f_clk/A (sky130_fd_sc_hd__clkbuf_16)
    14    0.046259    0.102193    0.268796    0.658779 ^ clkbuf_2_3__f_clk/X (sky130_fd_sc_hd__clkbuf_16)
                                                         clknet_2_3__leaf_clk (net)
                      0.102303    0.002826    0.661605 ^ _475_/CLK (sky130_fd_sc_hd__dfxtp_1)
     6    0.017592    0.272722    0.794146    1.455751 ^ _475_/Q (sky130_fd_sc_hd__dfxtp_1)
                                                         net74 (net)
                      0.272722    0.000786    1.456537 ^ output74/A (sky130_fd_sc_hd__buf_2)
     1    0.034635    0.275585    0.435753    1.892290 ^ output74/X (sky130_fd_sc_hd__buf_2)
                                                         sticky_illegal (net)
                      0.275591    0.001691    1.893981 ^ sticky_illegal (out)
                                              1.893981   data arrival time

                                 25.000000   25.000000   clock clk (rise edge)
                                  0.000000   25.000000   clock network delay (propagated)
                                 -0.250000   24.750000   clock uncertainty
                                  0.000000   24.750000   clock reconvergence pessimism
                                 -5.000000   19.750000   output external delay
                                             19.750000   data required time
---------------------------------------------------------------------------------------------
                                             19.750000   data required time
                                             -1.893981   data arrival time
---------------------------------------------------------------------------------------------
                                             17.856018   slack (MET)


Startpoint: _467_ (rising edge-triggered flip-flop clocked by clk)
Endpoint: group_timeout_count[9] (output port clocked by clk)
Path Group: clk
Path Type: max

Fanout         Cap        Slew       Delay        Time   Description
---------------------------------------------------------------------------------------------
                                  0.000000    0.000000   clock clk (rise edge)
                                  0.000000    0.000000   clock source latency
     1    0.019539    0.146837    0.100504    0.100504 ^ clk (in)
                                                         clk (net)
                      0.146870    0.000000    0.100504 ^ clkbuf_0_clk/A (sky130_fd_sc_hd__clkbuf_16)
     4    0.042376    0.096839    0.287799    0.388303 ^ clkbuf_0_clk/X (sky130_fd_sc_hd__clkbuf_16)
                                                         clknet_0_clk (net)
                      0.096962    0.001997    0.390300 ^ clkbuf_2_1__f_clk/A (sky130_fd_sc_hd__clkbuf_16)
    14    0.047669    0.103868    0.270318    0.660618 ^ clkbuf_2_1__f_clk/X (sky130_fd_sc_hd__clkbuf_16)
                                                         clknet_2_1__leaf_clk (net)
                      0.103884    0.001453    0.662071 ^ _467_/CLK (sky130_fd_sc_hd__dfxtp_1)
     5    0.017546    0.272059    0.794405    1.456477 ^ _467_/Q (sky130_fd_sc_hd__dfxtp_1)
                                                         net70 (net)
                      0.272062    0.001420    1.457897 ^ output70/A (sky130_fd_sc_hd__buf_2)
     1    0.034136    0.271873    0.432869    1.890766 ^ output70/X (sky130_fd_sc_hd__buf_2)
                                                         group_timeout_count[9] (net)
                      0.271879    0.001644    1.892410 ^ group_timeout_count[9] (out)
                                              1.892410   data arrival time

                                 25.000000   25.000000   clock clk (rise edge)
                                  0.000000   25.000000   clock network delay (propagated)
                                 -0.250000   24.750000   clock uncertainty
                                  0.000000   24.750000   clock reconvergence pessimism
                                 -5.000000   19.750000   output external delay
                                             19.750000   data required time
---------------------------------------------------------------------------------------------
                                             19.750000   data required time
                                             -1.892410   data arrival time
---------------------------------------------------------------------------------------------
                                             17.857590   slack (MET)


Startpoint: _440_ (rising edge-triggered flip-flop clocked by clk)
Endpoint: global_timeout_count[6] (output port clocked by clk)
Path Group: clk
Path Type: max

Fanout         Cap        Slew       Delay        Time   Description
---------------------------------------------------------------------------------------------
                                  0.000000    0.000000   clock clk (rise edge)
                                  0.000000    0.000000   clock source latency
     1    0.019539    0.146837    0.100504    0.100504 ^ clk (in)
                                                         clk (net)
                      0.146870    0.000000    0.100504 ^ clkbuf_0_clk/A (sky130_fd_sc_hd__clkbuf_16)
     4    0.042376    0.096839    0.287799    0.388303 ^ clkbuf_0_clk/X (sky130_fd_sc_hd__clkbuf_16)
                                                         clknet_0_clk (net)
                      0.096961    0.001984    0.390287 ^ clkbuf_2_0__f_clk/A (sky130_fd_sc_hd__clkbuf_16)
    14    0.045642    0.101168    0.268173    0.658460 ^ clkbuf_2_0__f_clk/X (sky130_fd_sc_hd__clkbuf_16)
                                                         clknet_2_0__leaf_clk (net)
                      0.101305    0.003123    0.661584 ^ _440_/CLK (sky130_fd_sc_hd__dfxtp_1)
     6    0.016869    0.262302    0.786654    1.448238 ^ _440_/Q (sky130_fd_sc_hd__dfxtp_1)
                                                         net40 (net)
                      0.262302    0.000692    1.448930 ^ output40/A (sky130_fd_sc_hd__buf_2)
     1    0.034433    0.274031    0.430683    1.879613 ^ output40/X (sky130_fd_sc_hd__buf_2)
                                                         global_timeout_count[6] (net)
                      0.274036    0.001623    1.881236 ^ global_timeout_count[6] (out)
                                              1.881236   data arrival time

                                 25.000000   25.000000   clock clk (rise edge)
                                  0.000000   25.000000   clock network delay (propagated)
                                 -0.250000   24.750000   clock uncertainty
                                  0.000000   24.750000   clock reconvergence pessimism
                                 -5.000000   19.750000   output external delay
                                             19.750000   data required time
---------------------------------------------------------------------------------------------
                                             19.750000   data required time
                                             -1.881236   data arrival time
---------------------------------------------------------------------------------------------
                                             17.868763   slack (MET)


Startpoint: _469_ (rising edge-triggered flip-flop clocked by clk)
Endpoint: group_timeout_count[11] (output port clocked by clk)
Path Group: clk
Path Type: max

Fanout         Cap        Slew       Delay        Time   Description
---------------------------------------------------------------------------------------------
                                  0.000000    0.000000   clock clk (rise edge)
                                  0.000000    0.000000   clock source latency
     1    0.019539    0.146837    0.100504    0.100504 ^ clk (in)
                                                         clk (net)
                      0.146870    0.000000    0.100504 ^ clkbuf_0_clk/A (sky130_fd_sc_hd__clkbuf_16)
     4    0.042376    0.096839    0.287799    0.388303 ^ clkbuf_0_clk/X (sky130_fd_sc_hd__clkbuf_16)
                                                         clknet_0_clk (net)
                      0.096961    0.001984    0.390287 ^ clkbuf_2_0__f_clk/A (sky130_fd_sc_hd__clkbuf_16)
    14    0.045642    0.101168    0.268173    0.658460 ^ clkbuf_2_0__f_clk/X (sky130_fd_sc_hd__clkbuf_16)
                                                         clknet_2_0__leaf_clk (net)
                      0.101208    0.001872    0.660333 ^ _469_/CLK (sky130_fd_sc_hd__dfxtp_1)
     6    0.016732    0.260398    0.785017    1.445350 ^ _469_/Q (sky130_fd_sc_hd__dfxtp_1)
                                                         net57 (net)
                      0.260399    0.001158    1.446507 ^ output57/A (sky130_fd_sc_hd__buf_2)
     1    0.034505    0.274584    0.430219    1.876726 ^ output57/X (sky130_fd_sc_hd__buf_2)
                                                         group_timeout_count[11] (net)
                      0.274592    0.001777    1.878503 ^ group_timeout_count[11] (out)
                                              1.878503   data arrival time

                                 25.000000   25.000000   clock clk (rise edge)
                                  0.000000   25.000000   clock network delay (propagated)
                                 -0.250000   24.750000   clock uncertainty
                                  0.000000   24.750000   clock reconvergence pessimism
                                 -5.000000   19.750000   output external delay
                                             19.750000   data required time
---------------------------------------------------------------------------------------------
                                             19.750000   data required time
                                             -1.878503   data arrival time
---------------------------------------------------------------------------------------------
                                             17.871496   slack (MET)


Startpoint: _439_ (rising edge-triggered flip-flop clocked by clk)
Endpoint: global_timeout_count[5] (output port clocked by clk)
Path Group: clk
Path Type: max

Fanout         Cap        Slew       Delay        Time   Description
---------------------------------------------------------------------------------------------
                                  0.000000    0.000000   clock clk (rise edge)
                                  0.000000    0.000000   clock source latency
     1    0.019539    0.146837    0.100504    0.100504 ^ clk (in)
                                                         clk (net)
                      0.146870    0.000000    0.100504 ^ clkbuf_0_clk/A (sky130_fd_sc_hd__clkbuf_16)
     4    0.042376    0.096839    0.287799    0.388303 ^ clkbuf_0_clk/X (sky130_fd_sc_hd__clkbuf_16)
                                                         clknet_0_clk (net)
                      0.096961    0.001984    0.390287 ^ clkbuf_2_0__f_clk/A (sky130_fd_sc_hd__clkbuf_16)
    14    0.045642    0.101168    0.268173    0.658460 ^ clkbuf_2_0__f_clk/X (sky130_fd_sc_hd__clkbuf_16)
                                                         clknet_2_0__leaf_clk (net)
                      0.101212    0.001940    0.660400 ^ _439_/CLK (sky130_fd_sc_hd__dfxtp_1)
     5    0.016418    0.255873    0.782010    1.442410 ^ _439_/Q (sky130_fd_sc_hd__dfxtp_1)
                                                         net39 (net)
                      0.255873    0.000814    1.443224 ^ output39/A (sky130_fd_sc_hd__buf_2)
     1    0.034387    0.273651    0.427957    1.871181 ^ output39/X (sky130_fd_sc_hd__buf_2)
                                                         global_timeout_count[5] (net)
                      0.273656    0.001597    1.872779 ^ global_timeout_count[5] (out)
                                              1.872779   data arrival time

                                 25.000000   25.000000   clock clk (rise edge)
                                  0.000000   25.000000   clock network delay (propagated)
                                 -0.250000   24.750000   clock uncertainty
                                  0.000000   24.750000   clock reconvergence pessimism
                                 -5.000000   19.750000   output external delay
                                             19.750000   data required time
---------------------------------------------------------------------------------------------
                                             19.750000   data required time
                                             -1.872779   data arrival time
---------------------------------------------------------------------------------------------
                                             17.877220   slack (MET)


Startpoint: _435_ (rising edge-triggered flip-flop clocked by clk)
Endpoint: global_timeout_count[1] (output port clocked by clk)
Path Group: clk
Path Type: max

Fanout         Cap        Slew       Delay        Time   Description
---------------------------------------------------------------------------------------------
                                  0.000000    0.000000   clock clk (rise edge)
                                  0.000000    0.000000   clock source latency
     1    0.019539    0.146837    0.100504    0.100504 ^ clk (in)
                                                         clk (net)
                      0.146870    0.000000    0.100504 ^ clkbuf_0_clk/A (sky130_fd_sc_hd__clkbuf_16)
     4    0.042376    0.096839    0.287799    0.388303 ^ clkbuf_0_clk/X (sky130_fd_sc_hd__clkbuf_16)
                                                         clknet_0_clk (net)
                      0.096961    0.001984    0.390287 ^ clkbuf_2_0__f_clk/A (sky130_fd_sc_hd__clkbuf_16)
    14    0.045642    0.101168    0.268173    0.658460 ^ clkbuf_2_0__f_clk/X (sky130_fd_sc_hd__clkbuf_16)
                                                         clknet_2_0__leaf_clk (net)
                      0.101293    0.002991    0.661452 ^ _435_/CLK (sky130_fd_sc_hd__dfxtp_1)
     5    0.016117    0.251557    0.779061    1.440513 ^ _435_/Q (sky130_fd_sc_hd__dfxtp_1)
                                                         net35 (net)
                      0.251557    0.000483    1.440996 ^ output35/A (sky130_fd_sc_hd__buf_2)
     1    0.034379    0.273575    0.426243    1.867239 ^ output35/X (sky130_fd_sc_hd__buf_2)
                                                         global_timeout_count[1] (net)
                      0.273580    0.001596    1.868835 ^ global_timeout_count[1] (out)
                                              1.868835   data arrival time

                                 25.000000   25.000000   clock clk (rise edge)
                                  0.000000   25.000000   clock network delay (propagated)
                                 -0.250000   24.750000   clock uncertainty
                                  0.000000   24.750000   clock reconvergence pessimism
                                 -5.000000   19.750000   output external delay
                                             19.750000   data required time
---------------------------------------------------------------------------------------------
                                             19.750000   data required time
                                             -1.868835   data arrival time
---------------------------------------------------------------------------------------------
                                             17.881165   slack (MET)


Startpoint: _445_ (rising edge-triggered flip-flop clocked by clk)
Endpoint: global_timeout_count[11] (output port clocked by clk)
Path Group: clk
Path Type: max

Fanout         Cap        Slew       Delay        Time   Description
---------------------------------------------------------------------------------------------
                                  0.000000    0.000000   clock clk (rise edge)
                                  0.000000    0.000000   clock source latency
     1    0.019539    0.146837    0.100504    0.100504 ^ clk (in)
                                                         clk (net)
                      0.146870    0.000000    0.100504 ^ clkbuf_0_clk/A (sky130_fd_sc_hd__clkbuf_16)
     4    0.042376    0.096839    0.287799    0.388303 ^ clkbuf_0_clk/X (sky130_fd_sc_hd__clkbuf_16)
                                                         clknet_0_clk (net)
                      0.096943    0.001697    0.390000 ^ clkbuf_2_2__f_clk/A (sky130_fd_sc_hd__clkbuf_16)
    13    0.045420    0.100882    0.267956    0.657956 ^ clkbuf_2_2__f_clk/X (sky130_fd_sc_hd__clkbuf_16)
                                                         clknet_2_2__leaf_clk (net)
                      0.100956    0.002348    0.660303 ^ _445_/CLK (sky130_fd_sc_hd__dfxtp_1)
     5    0.016155    0.252200    0.778876    1.439180 ^ _445_/Q (sky130_fd_sc_hd__dfxtp_1)
                                                         net30 (net)
                      0.252200    0.000715    1.439895 ^ output30/A (sky130_fd_sc_hd__buf_2)
     1    0.034131    0.271744    0.425130    1.865025 ^ output30/X (sky130_fd_sc_hd__buf_2)
                                                         global_timeout_count[11] (net)
                      0.271750    0.001646    1.866671 ^ global_timeout_count[11] (out)
                                              1.866671   data arrival time

                                 25.000000   25.000000   clock clk (rise edge)
                                  0.000000   25.000000   clock network delay (propagated)
                                 -0.250000   24.750000   clock uncertainty
                                  0.000000   24.750000   clock reconvergence pessimism
                                 -5.000000   19.750000   output external delay
                                             19.750000   data required time
---------------------------------------------------------------------------------------------
                                             19.750000   data required time
                                             -1.866671   data arrival time
---------------------------------------------------------------------------------------------
                                             17.883329   slack (MET)


Startpoint: _431_ (rising edge-triggered flip-flop clocked by clk)
Endpoint: global_state_bits[1] (output port clocked by clk)
Path Group: clk
Path Type: max

Fanout         Cap        Slew       Delay        Time   Description
---------------------------------------------------------------------------------------------
                                  0.000000    0.000000   clock clk (rise edge)
                                  0.000000    0.000000   clock source latency
     1    0.019539    0.146837    0.100504    0.100504 ^ clk (in)
                                                         clk (net)
                      0.146870    0.000000    0.100504 ^ clkbuf_0_clk/A (sky130_fd_sc_hd__clkbuf_16)
     4    0.042376    0.096839    0.287799    0.388303 ^ clkbuf_0_clk/X (sky130_fd_sc_hd__clkbuf_16)
                                                         clknet_0_clk (net)
                      0.096943    0.001697    0.390000 ^ clkbuf_2_2__f_clk/A (sky130_fd_sc_hd__clkbuf_16)
    13    0.045420    0.100882    0.267956    0.657956 ^ clkbuf_2_2__f_clk/X (sky130_fd_sc_hd__clkbuf_16)
                                                         clknet_2_2__leaf_clk (net)
                      0.100935    0.002047    0.660003 ^ _431_/CLK (sky130_fd_sc_hd__dfxtp_2)
     7    0.026072    0.220533    0.787172    1.447174 ^ _431_/Q (sky130_fd_sc_hd__dfxtp_2)
                                                         net20 (net)
                      0.220559    0.002499    1.449673 ^ output20/A (sky130_fd_sc_hd__buf_2)
     1    0.034110    0.271450    0.412489    1.862162 ^ output20/X (sky130_fd_sc_hd__buf_2)
                                                         global_state_bits[1] (net)
                      0.271455    0.001646    1.863808 ^ global_state_bits[1] (out)
                                              1.863808   data arrival time

                                 25.000000   25.000000   clock clk (rise edge)
                                  0.000000   25.000000   clock network delay (propagated)
                                 -0.250000   24.750000   clock uncertainty
                                  0.000000   24.750000   clock reconvergence pessimism
                                 -5.000000   19.750000   output external delay
                                             19.750000   data required time
---------------------------------------------------------------------------------------------
                                             19.750000   data required time
                                             -1.863808   data arrival time
---------------------------------------------------------------------------------------------
                                             17.886190   slack (MET)


Startpoint: _481_ (rising edge-triggered flip-flop clocked by clk)
Endpoint: global_state_bits[4] (output port clocked by clk)
Path Group: clk
Path Type: max

Fanout         Cap        Slew       Delay        Time   Description
---------------------------------------------------------------------------------------------
                                  0.000000    0.000000   clock clk (rise edge)
                                  0.000000    0.000000   clock source latency
     1    0.019539    0.146837    0.100504    0.100504 ^ clk (in)
                                                         clk (net)
                      0.146870    0.000000    0.100504 ^ clkbuf_0_clk/A (sky130_fd_sc_hd__clkbuf_16)
     4    0.042376    0.096839    0.287799    0.388303 ^ clkbuf_0_clk/X (sky130_fd_sc_hd__clkbuf_16)
                                                         clknet_0_clk (net)
                      0.096942    0.001680    0.389983 ^ clkbuf_2_3__f_clk/A (sky130_fd_sc_hd__clkbuf_16)
    14    0.046259    0.102193    0.268796    0.658779 ^ clkbuf_2_3__f_clk/X (sky130_fd_sc_hd__clkbuf_16)
                                                         clknet_2_3__leaf_clk (net)
                      0.102256    0.002224    0.661003 ^ _481_/CLK (sky130_fd_sc_hd__dfxtp_2)
     8    0.025717    0.217644    0.786581    1.447585 ^ _481_/Q (sky130_fd_sc_hd__dfxtp_2)
                                                         net23 (net)
                      0.217646    0.001133    1.448717 ^ output23/A (sky130_fd_sc_hd__buf_2)
     1    0.034216    0.272225    0.411714    1.860431 ^ output23/X (sky130_fd_sc_hd__buf_2)
                                                         global_state_bits[4] (net)
                      0.272230    0.001611    1.862042 ^ global_state_bits[4] (out)
                                              1.862042   data arrival time

                                 25.000000   25.000000   clock clk (rise edge)
                                  0.000000   25.000000   clock network delay (propagated)
                                 -0.250000   24.750000   clock uncertainty
                                  0.000000   24.750000   clock reconvergence pessimism
                                 -5.000000   19.750000   output external delay
                                             19.750000   data required time
---------------------------------------------------------------------------------------------
                                             19.750000   data required time
                                             -1.862042   data arrival time
---------------------------------------------------------------------------------------------
                                             17.887959   slack (MET)


Startpoint: _479_ (rising edge-triggered flip-flop clocked by clk)
Endpoint: group_state_bits[3] (output port clocked by clk)
Path Group: clk
Path Type: max

Fanout         Cap        Slew       Delay        Time   Description
---------------------------------------------------------------------------------------------
                                  0.000000    0.000000   clock clk (rise edge)
                                  0.000000    0.000000   clock source latency
     1    0.019539    0.146837    0.100504    0.100504 ^ clk (in)
                                                         clk (net)
                      0.146870    0.000000    0.100504 ^ clkbuf_0_clk/A (sky130_fd_sc_hd__clkbuf_16)
     4    0.042376    0.096839    0.287799    0.388303 ^ clkbuf_0_clk/X (sky130_fd_sc_hd__clkbuf_16)
                                                         clknet_0_clk (net)
                      0.096962    0.001997    0.390300 ^ clkbuf_2_1__f_clk/A (sky130_fd_sc_hd__clkbuf_16)
    14    0.047669    0.103868    0.270318    0.660618 ^ clkbuf_2_1__f_clk/X (sky130_fd_sc_hd__clkbuf_16)
                                                         clknet_2_1__leaf_clk (net)
                      0.103973    0.002820    0.663438 ^ _479_/CLK (sky130_fd_sc_hd__dfxtp_1)
     6    0.014879    0.233943    0.767510    1.430948 ^ _479_/Q (sky130_fd_sc_hd__dfxtp_1)
                                                         net49 (net)
                      0.233943    0.000697    1.431645 ^ output49/A (sky130_fd_sc_hd__buf_2)
     1    0.034553    0.274794    0.420276    1.851921 ^ output49/X (sky130_fd_sc_hd__buf_2)
                                                         group_state_bits[3] (net)
                      0.274800    0.001672    1.853592 ^ group_state_bits[3] (out)
                                              1.853592   data arrival time

                                 25.000000   25.000000   clock clk (rise edge)
                                  0.000000   25.000000   clock network delay (propagated)
                                 -0.250000   24.750000   clock uncertainty
                                  0.000000   24.750000   clock reconvergence pessimism
                                 -5.000000   19.750000   output external delay
                                             19.750000   data required time
---------------------------------------------------------------------------------------------
                                             19.750000   data required time
                                             -1.853592   data arrival time
---------------------------------------------------------------------------------------------
                                             17.896406   slack (MET)


Startpoint: _476_ (rising edge-triggered flip-flop clocked by clk)
Endpoint: group_state_bits[0] (output port clocked by clk)
Path Group: clk
Path Type: max

Fanout         Cap        Slew       Delay        Time   Description
---------------------------------------------------------------------------------------------
                                  0.000000    0.000000   clock clk (rise edge)
                                  0.000000    0.000000   clock source latency
     1    0.019539    0.146837    0.100504    0.100504 ^ clk (in)
                                                         clk (net)
                      0.146870    0.000000    0.100504 ^ clkbuf_0_clk/A (sky130_fd_sc_hd__clkbuf_16)
     4    0.042376    0.096839    0.287799    0.388303 ^ clkbuf_0_clk/X (sky130_fd_sc_hd__clkbuf_16)
                                                         clknet_0_clk (net)
                      0.096962    0.001997    0.390300 ^ clkbuf_2_1__f_clk/A (sky130_fd_sc_hd__clkbuf_16)
    14    0.047669    0.103868    0.270318    0.660618 ^ clkbuf_2_1__f_clk/X (sky130_fd_sc_hd__clkbuf_16)
                                                         clknet_2_1__leaf_clk (net)
                      0.103904    0.001843    0.662462 ^ _476_/CLK (sky130_fd_sc_hd__dfxtp_1)
     5    0.014898    0.234242    0.767548    1.430010 ^ _476_/Q (sky130_fd_sc_hd__dfxtp_1)
                                                         net46 (net)
                      0.234243    0.000995    1.431004 ^ output46/A (sky130_fd_sc_hd__buf_2)
     1    0.034563    0.274875    0.420447    1.851451 ^ output46/X (sky130_fd_sc_hd__buf_2)
                                                         group_state_bits[0] (net)
                      0.274880    0.001673    1.853124 ^ group_state_bits[0] (out)
                                              1.853124   data arrival time

                                 25.000000   25.000000   clock clk (rise edge)
                                  0.000000   25.000000   clock network delay (propagated)
                                 -0.250000   24.750000   clock uncertainty
                                  0.000000   24.750000   clock reconvergence pessimism
                                 -5.000000   19.750000   output external delay
                                             19.750000   data required time
---------------------------------------------------------------------------------------------
                                             19.750000   data required time
                                             -1.853124   data arrival time
---------------------------------------------------------------------------------------------
                                             17.896875   slack (MET)


Startpoint: _478_ (rising edge-triggered flip-flop clocked by clk)
Endpoint: group_state_bits[2] (output port clocked by clk)
Path Group: clk
Path Type: max

Fanout         Cap        Slew       Delay        Time   Description
---------------------------------------------------------------------------------------------
                                  0.000000    0.000000   clock clk (rise edge)
                                  0.000000    0.000000   clock source latency
     1    0.019539    0.146837    0.100504    0.100504 ^ clk (in)
                                                         clk (net)
                      0.146870    0.000000    0.100504 ^ clkbuf_0_clk/A (sky130_fd_sc_hd__clkbuf_16)
     4    0.042376    0.096839    0.287799    0.388303 ^ clkbuf_0_clk/X (sky130_fd_sc_hd__clkbuf_16)
                                                         clknet_0_clk (net)
                      0.096962    0.001997    0.390300 ^ clkbuf_2_1__f_clk/A (sky130_fd_sc_hd__clkbuf_16)
    14    0.047669    0.103868    0.270318    0.660618 ^ clkbuf_2_1__f_clk/X (sky130_fd_sc_hd__clkbuf_16)
                                                         clknet_2_1__leaf_clk (net)
                      0.103910    0.001956    0.662575 ^ _478_/CLK (sky130_fd_sc_hd__dfxtp_1)
     5    0.014061    0.222340    0.758922    1.421496 ^ _478_/Q (sky130_fd_sc_hd__dfxtp_1)
                                                         net48 (net)
                      0.222342    0.001176    1.422672 ^ output48/A (sky130_fd_sc_hd__buf_2)
     1    0.034557    0.274774    0.415690    1.838362 ^ output48/X (sky130_fd_sc_hd__buf_2)
                                                         group_state_bits[2] (net)
                      0.274780    0.001673    1.840034 ^ group_state_bits[2] (out)
                                              1.840034   data arrival time

                                 25.000000   25.000000   clock clk (rise edge)
                                  0.000000   25.000000   clock network delay (propagated)
                                 -0.250000   24.750000   clock uncertainty
                                  0.000000   24.750000   clock reconvergence pessimism
                                 -5.000000   19.750000   output external delay
                                             19.750000   data required time
---------------------------------------------------------------------------------------------
                                             19.750000   data required time
                                             -1.840034   data arrival time
---------------------------------------------------------------------------------------------
                                             17.909966   slack (MET)


Startpoint: _474_ (rising edge-triggered flip-flop clocked by clk)
Endpoint: sticky_tamper (output port clocked by clk)
Path Group: clk
Path Type: max

Fanout         Cap        Slew       Delay        Time   Description
---------------------------------------------------------------------------------------------
                                  0.000000    0.000000   clock clk (rise edge)
                                  0.000000    0.000000   clock source latency
     1    0.019539    0.146837    0.100504    0.100504 ^ clk (in)
                                                         clk (net)
                      0.146870    0.000000    0.100504 ^ clkbuf_0_clk/A (sky130_fd_sc_hd__clkbuf_16)
     4    0.042376    0.096839    0.287799    0.388303 ^ clkbuf_0_clk/X (sky130_fd_sc_hd__clkbuf_16)
                                                         clknet_0_clk (net)
                      0.096942    0.001680    0.389983 ^ clkbuf_2_3__f_clk/A (sky130_fd_sc_hd__clkbuf_16)
    14    0.046259    0.102193    0.268796    0.658779 ^ clkbuf_2_3__f_clk/X (sky130_fd_sc_hd__clkbuf_16)
                                                         clknet_2_3__leaf_clk (net)
                      0.102307    0.002878    0.661657 ^ _474_/CLK (sky130_fd_sc_hd__dfxtp_1)
     4    0.013390    0.212811    0.751208    1.412865 ^ _474_/Q (sky130_fd_sc_hd__dfxtp_1)
                                                         net75 (net)
                      0.212811    0.000866    1.413731 ^ output75/A (sky130_fd_sc_hd__buf_2)
     1    0.034626    0.275274    0.411577    1.825308 ^ output75/X (sky130_fd_sc_hd__buf_2)
                                                         sticky_tamper (net)
                      0.275281    0.001690    1.826998 ^ sticky_tamper (out)
                                              1.826998   data arrival time

                                 25.000000   25.000000   clock clk (rise edge)
                                  0.000000   25.000000   clock network delay (propagated)
                                 -0.250000   24.750000   clock uncertainty
                                  0.000000   24.750000   clock reconvergence pessimism
                                 -5.000000   19.750000   output external delay
                                             19.750000   data required time
---------------------------------------------------------------------------------------------
                                             19.750000   data required time
                                             -1.826998   data arrival time
---------------------------------------------------------------------------------------------
                                             17.923000   slack (MET)


Startpoint: _443_ (rising edge-triggered flip-flop clocked by clk)
Endpoint: global_timeout_count[9] (output port clocked by clk)
Path Group: clk
Path Type: max

Fanout         Cap        Slew       Delay        Time   Description
---------------------------------------------------------------------------------------------
                                  0.000000    0.000000   clock clk (rise edge)
                                  0.000000    0.000000   clock source latency
     1    0.019539    0.146837    0.100504    0.100504 ^ clk (in)
                                                         clk (net)
                      0.146870    0.000000    0.100504 ^ clkbuf_0_clk/A (sky130_fd_sc_hd__clkbuf_16)
     4    0.042376    0.096839    0.287799    0.388303 ^ clkbuf_0_clk/X (sky130_fd_sc_hd__clkbuf_16)
                                                         clknet_0_clk (net)
                      0.096943    0.001697    0.390000 ^ clkbuf_2_2__f_clk/A (sky130_fd_sc_hd__clkbuf_16)
    13    0.045420    0.100882    0.267956    0.657956 ^ clkbuf_2_2__f_clk/X (sky130_fd_sc_hd__clkbuf_16)
                                                         clknet_2_2__leaf_clk (net)
                      0.101002    0.002921    0.660877 ^ _443_/CLK (sky130_fd_sc_hd__dfxtp_1)
     5    0.013262    0.210881    0.749726    1.410603 ^ _443_/Q (sky130_fd_sc_hd__dfxtp_1)
                                                         net43 (net)
                      0.210881    0.000442    1.411045 ^ output43/A (sky130_fd_sc_hd__buf_2)
     1    0.034449    0.273938    0.409779    1.820824 ^ output43/X (sky130_fd_sc_hd__buf_2)
                                                         global_timeout_count[9] (net)
                      0.273943    0.001614    1.822438 ^ global_timeout_count[9] (out)
                                              1.822438   data arrival time

                                 25.000000   25.000000   clock clk (rise edge)
                                  0.000000   25.000000   clock network delay (propagated)
                                 -0.250000   24.750000   clock uncertainty
                                  0.000000   24.750000   clock reconvergence pessimism
                                 -5.000000   19.750000   output external delay
                                             19.750000   data required time
---------------------------------------------------------------------------------------------
                                             19.750000   data required time
                                             -1.822438   data arrival time
---------------------------------------------------------------------------------------------
                                             17.927563   slack (MET)


Startpoint: _471_ (rising edge-triggered flip-flop clocked by clk)
Endpoint: group_timeout_count[13] (output port clocked by clk)
Path Group: clk
Path Type: max

Fanout         Cap        Slew       Delay        Time   Description
---------------------------------------------------------------------------------------------
                                  0.000000    0.000000   clock clk (rise edge)
                                  0.000000    0.000000   clock source latency
     1    0.019539    0.146837    0.100504    0.100504 ^ clk (in)
                                                         clk (net)
                      0.146870    0.000000    0.100504 ^ clkbuf_0_clk/A (sky130_fd_sc_hd__clkbuf_16)
     4    0.042376    0.096839    0.287799    0.388303 ^ clkbuf_0_clk/X (sky130_fd_sc_hd__clkbuf_16)
                                                         clknet_0_clk (net)
                      0.096961    0.001984    0.390287 ^ clkbuf_2_0__f_clk/A (sky130_fd_sc_hd__clkbuf_16)
    14    0.045642    0.101168    0.268173    0.658460 ^ clkbuf_2_0__f_clk/X (sky130_fd_sc_hd__clkbuf_16)
                                                         clknet_2_0__leaf_clk (net)
                      0.101289    0.002945    0.661405 ^ _471_/CLK (sky130_fd_sc_hd__dfxtp_1)
     5    0.012335    0.198723    0.739952    1.401356 ^ _471_/Q (sky130_fd_sc_hd__dfxtp_1)
                                                         net59 (net)
                      0.198725    0.000966    1.402322 ^ output59/A (sky130_fd_sc_hd__buf_2)
     1    0.034247    0.272430    0.402964    1.805286 ^ output59/X (sky130_fd_sc_hd__buf_2)
                                                         group_timeout_count[13] (net)
                      0.272436    0.001668    1.806954 ^ group_timeout_count[13] (out)
                                              1.806954   data arrival time

                                 25.000000   25.000000   clock clk (rise edge)
                                  0.000000   25.000000   clock network delay (propagated)
                                 -0.250000   24.750000   clock uncertainty
                                  0.000000   24.750000   clock reconvergence pessimism
                                 -5.000000   19.750000   output external delay
                                             19.750000   data required time
---------------------------------------------------------------------------------------------
                                             19.750000   data required time
                                             -1.806954   data arrival time
---------------------------------------------------------------------------------------------
                                             17.943045   slack (MET)


Startpoint: _441_ (rising edge-triggered flip-flop clocked by clk)
Endpoint: global_timeout_count[7] (output port clocked by clk)
Path Group: clk
Path Type: max

Fanout         Cap        Slew       Delay        Time   Description
---------------------------------------------------------------------------------------------
                                  0.000000    0.000000   clock clk (rise edge)
                                  0.000000    0.000000   clock source latency
     1    0.019539    0.146837    0.100504    0.100504 ^ clk (in)
                                                         clk (net)
                      0.146870    0.000000    0.100504 ^ clkbuf_0_clk/A (sky130_fd_sc_hd__clkbuf_16)
     4    0.042376    0.096839    0.287799    0.388303 ^ clkbuf_0_clk/X (sky130_fd_sc_hd__clkbuf_16)
                                                         clknet_0_clk (net)
                      0.096943    0.001697    0.390000 ^ clkbuf_2_2__f_clk/A (sky130_fd_sc_hd__clkbuf_16)
    13    0.045420    0.100882    0.267956    0.657956 ^ clkbuf_2_2__f_clk/X (sky130_fd_sc_hd__clkbuf_16)
                                                         clknet_2_2__leaf_clk (net)
                      0.101012    0.003041    0.660997 ^ _441_/CLK (sky130_fd_sc_hd__dfxtp_1)
     5    0.011812    0.191532    0.734408    1.395405 ^ _441_/Q (sky130_fd_sc_hd__dfxtp_1)
                                                         net41 (net)
                      0.191532    0.000556    1.395961 ^ output41/A (sky130_fd_sc_hd__buf_2)
     1    0.034377    0.273370    0.400337    1.796299 ^ output41/X (sky130_fd_sc_hd__buf_2)
                                                         global_timeout_count[7] (net)
                      0.273375    0.001596    1.797895 ^ global_timeout_count[7] (out)
                                              1.797895   data arrival time

                                 25.000000   25.000000   clock clk (rise edge)
                                  0.000000   25.000000   clock network delay (propagated)
                                 -0.250000   24.750000   clock uncertainty
                                  0.000000   24.750000   clock reconvergence pessimism
                                 -5.000000   19.750000   output external delay
                                             19.750000   data required time
---------------------------------------------------------------------------------------------
                                             19.750000   data required time
                                             -1.797895   data arrival time
---------------------------------------------------------------------------------------------
                                             17.952105   slack (MET)


Startpoint: _473_ (rising edge-triggered flip-flop clocked by clk)
Endpoint: group_timeout_count[15] (output port clocked by clk)
Path Group: clk
Path Type: max

Fanout         Cap        Slew       Delay        Time   Description
---------------------------------------------------------------------------------------------
                                  0.000000    0.000000   clock clk (rise edge)
                                  0.000000    0.000000   clock source latency
     1    0.019539    0.146837    0.100504    0.100504 ^ clk (in)
                                                         clk (net)
                      0.146870    0.000000    0.100504 ^ clkbuf_0_clk/A (sky130_fd_sc_hd__clkbuf_16)
     4    0.042376    0.096839    0.287799    0.388303 ^ clkbuf_0_clk/X (sky130_fd_sc_hd__clkbuf_16)
                                                         clknet_0_clk (net)
                      0.096961    0.001984    0.390287 ^ clkbuf_2_0__f_clk/A (sky130_fd_sc_hd__clkbuf_16)
    14    0.045642    0.101168    0.268173    0.658460 ^ clkbuf_2_0__f_clk/X (sky130_fd_sc_hd__clkbuf_16)
                                                         clknet_2_0__leaf_clk (net)
                      0.101278    0.002811    0.661271 ^ _473_/CLK (sky130_fd_sc_hd__dfxtp_1)
     3    0.011608    0.188714    0.732276    1.393547 ^ _473_/Q (sky130_fd_sc_hd__dfxtp_1)
                                                         net61 (net)
                      0.188715    0.000887    1.394434 ^ output61/A (sky130_fd_sc_hd__buf_2)
     1    0.034435    0.273796    0.399321    1.793755 ^ output61/X (sky130_fd_sc_hd__buf_2)
                                                         group_timeout_count[15] (net)
                      0.273801    0.001600    1.795355 ^ group_timeout_count[15] (out)
                                              1.795355   data arrival time

                                 25.000000   25.000000   clock clk (rise edge)
                                  0.000000   25.000000   clock network delay (propagated)
                                 -0.250000   24.750000   clock uncertainty
                                  0.000000   24.750000   clock reconvergence pessimism
                                 -5.000000   19.750000   output external delay
                                             19.750000   data required time
---------------------------------------------------------------------------------------------
                                             19.750000   data required time
                                             -1.795355   data arrival time
---------------------------------------------------------------------------------------------
                                             17.954645   slack (MET)


Startpoint: _446_ (rising edge-triggered flip-flop clocked by clk)
Endpoint: global_timeout_count[12] (output port clocked by clk)
Path Group: clk
Path Type: max

Fanout         Cap        Slew       Delay        Time   Description
---------------------------------------------------------------------------------------------
                                  0.000000    0.000000   clock clk (rise edge)
                                  0.000000    0.000000   clock source latency
     1    0.019539    0.146837    0.100504    0.100504 ^ clk (in)
                                                         clk (net)
                      0.146870    0.000000    0.100504 ^ clkbuf_0_clk/A (sky130_fd_sc_hd__clkbuf_16)
     4    0.042376    0.096839    0.287799    0.388303 ^ clkbuf_0_clk/X (sky130_fd_sc_hd__clkbuf_16)
                                                         clknet_0_clk (net)
                      0.096943    0.001697    0.390000 ^ clkbuf_2_2__f_clk/A (sky130_fd_sc_hd__clkbuf_16)
    13    0.045420    0.100882    0.267956    0.657956 ^ clkbuf_2_2__f_clk/X (sky130_fd_sc_hd__clkbuf_16)
                                                         clknet_2_2__leaf_clk (net)
                      0.100967    0.002498    0.660454 ^ _446_/CLK (sky130_fd_sc_hd__dfxtp_1)
     4    0.011577    0.188208    0.732031    1.392485 ^ _446_/Q (sky130_fd_sc_hd__dfxtp_1)
                                                         net31 (net)
                      0.188208    0.000486    1.392971 ^ output31/A (sky130_fd_sc_hd__buf_2)
     1    0.033979    0.270403    0.396654    1.789626 ^ output31/X (sky130_fd_sc_hd__buf_2)
                                                         global_timeout_count[12] (net)
                      0.270408    0.001593    1.791219 ^ global_timeout_count[12] (out)
                                              1.791219   data arrival time

                                 25.000000   25.000000   clock clk (rise edge)
                                  0.000000   25.000000   clock network delay (propagated)
                                 -0.250000   24.750000   clock uncertainty
                                  0.000000   24.750000   clock reconvergence pessimism
                                 -5.000000   19.750000   output external delay
                                             19.750000   data required time
---------------------------------------------------------------------------------------------
                                             19.750000   data required time
                                             -1.791219   data arrival time
---------------------------------------------------------------------------------------------
                                             17.958782   slack (MET)


Startpoint: _465_ (rising edge-triggered flip-flop clocked by clk)
Endpoint: group_timeout_count[7] (output port clocked by clk)
Path Group: clk
Path Type: max

Fanout         Cap        Slew       Delay        Time   Description
---------------------------------------------------------------------------------------------
                                  0.000000    0.000000   clock clk (rise edge)
                                  0.000000    0.000000   clock source latency
     1    0.019539    0.146837    0.100504    0.100504 ^ clk (in)
                                                         clk (net)
                      0.146870    0.000000    0.100504 ^ clkbuf_0_clk/A (sky130_fd_sc_hd__clkbuf_16)
     4    0.042376    0.096839    0.287799    0.388303 ^ clkbuf_0_clk/X (sky130_fd_sc_hd__clkbuf_16)
                                                         clknet_0_clk (net)
                      0.096962    0.001997    0.390300 ^ clkbuf_2_1__f_clk/A (sky130_fd_sc_hd__clkbuf_16)
    14    0.047669    0.103868    0.270318    0.660618 ^ clkbuf_2_1__f_clk/X (sky130_fd_sc_hd__clkbuf_16)
                                                         clknet_2_1__leaf_clk (net)
                      0.104031    0.003466    0.664084 ^ _465_/CLK (sky130_fd_sc_hd__dfxtp_1)
     4    0.011005    0.180293    0.727238    1.391322 ^ _465_/Q (sky130_fd_sc_hd__dfxtp_1)
                                                         net68 (net)
                      0.180294    0.000854    1.392176 ^ output68/A (sky130_fd_sc_hd__buf_2)
     1    0.034236    0.272315    0.394244    1.786420 ^ output68/X (sky130_fd_sc_hd__buf_2)
                                                         group_timeout_count[7] (net)
                      0.272322    0.001690    1.788110 ^ group_timeout_count[7] (out)
                                              1.788110   data arrival time

                                 25.000000   25.000000   clock clk (rise edge)
                                  0.000000   25.000000   clock network delay (propagated)
                                 -0.250000   24.750000   clock uncertainty
                                  0.000000   24.750000   clock reconvergence pessimism
                                 -5.000000   19.750000   output external delay
                                             19.750000   data required time
---------------------------------------------------------------------------------------------
                                             19.750000   data required time
                                             -1.788110   data arrival time
---------------------------------------------------------------------------------------------
                                             17.961891   slack (MET)


Startpoint: _472_ (rising edge-triggered flip-flop clocked by clk)
Endpoint: group_timeout_count[14] (output port clocked by clk)
Path Group: clk
Path Type: max

Fanout         Cap        Slew       Delay        Time   Description
---------------------------------------------------------------------------------------------
                                  0.000000    0.000000   clock clk (rise edge)
                                  0.000000    0.000000   clock source latency
     1    0.019539    0.146837    0.100504    0.100504 ^ clk (in)
                                                         clk (net)
                      0.146870    0.000000    0.100504 ^ clkbuf_0_clk/A (sky130_fd_sc_hd__clkbuf_16)
     4    0.042376    0.096839    0.287799    0.388303 ^ clkbuf_0_clk/X (sky130_fd_sc_hd__clkbuf_16)
                                                         clknet_0_clk (net)
                      0.096961    0.001984    0.390287 ^ clkbuf_2_0__f_clk/A (sky130_fd_sc_hd__clkbuf_16)
    14    0.045642    0.101168    0.268173    0.658460 ^ clkbuf_2_0__f_clk/X (sky130_fd_sc_hd__clkbuf_16)
                                                         clknet_2_0__leaf_clk (net)
                      0.101302    0.003095    0.661556 ^ _472_/CLK (sky130_fd_sc_hd__dfxtp_1)
     4    0.010514    0.173464    0.720769    1.382324 ^ _472_/Q (sky130_fd_sc_hd__dfxtp_1)
                                                         net60 (net)
                      0.173467    0.001019    1.383343 ^ output60/A (sky130_fd_sc_hd__buf_2)
     1    0.034290    0.272715    0.391303    1.774646 ^ output60/X (sky130_fd_sc_hd__buf_2)
                                                         group_timeout_count[14] (net)
                      0.272722    0.001731    1.776377 ^ group_timeout_count[14] (out)
                                              1.776377   data arrival time

                                 25.000000   25.000000   clock clk (rise edge)
                                  0.000000   25.000000   clock network delay (propagated)
                                 -0.250000   24.750000   clock uncertainty
                                  0.000000   24.750000   clock reconvergence pessimism
                                 -5.000000   19.750000   output external delay
                                             19.750000   data required time
---------------------------------------------------------------------------------------------
                                             19.750000   data required time
                                             -1.776377   data arrival time
---------------------------------------------------------------------------------------------
                                             17.973621   slack (MET)


Startpoint: _470_ (rising edge-triggered flip-flop clocked by clk)
Endpoint: group_timeout_count[12] (output port clocked by clk)
Path Group: clk
Path Type: max

Fanout         Cap        Slew       Delay        Time   Description
---------------------------------------------------------------------------------------------
                                  0.000000    0.000000   clock clk (rise edge)
                                  0.000000    0.000000   clock source latency
     1    0.019539    0.146837    0.100504    0.100504 ^ clk (in)
                                                         clk (net)
                      0.146870    0.000000    0.100504 ^ clkbuf_0_clk/A (sky130_fd_sc_hd__clkbuf_16)
     4    0.042376    0.096839    0.287799    0.388303 ^ clkbuf_0_clk/X (sky130_fd_sc_hd__clkbuf_16)
                                                         clknet_0_clk (net)
                      0.096961    0.001984    0.390287 ^ clkbuf_2_0__f_clk/A (sky130_fd_sc_hd__clkbuf_16)
    14    0.045642    0.101168    0.268173    0.658460 ^ clkbuf_2_0__f_clk/X (sky130_fd_sc_hd__clkbuf_16)
                                                         clknet_2_0__leaf_clk (net)
                      0.101201    0.001764    0.660224 ^ _470_/CLK (sky130_fd_sc_hd__dfxtp_1)
     4    0.010209    0.169190    0.717599    1.377823 ^ _470_/Q (sky130_fd_sc_hd__dfxtp_1)
                                                         net58 (net)
                      0.169190    0.000610    1.378433 ^ output58/A (sky130_fd_sc_hd__buf_2)
     1    0.034209    0.272095    0.388880    1.767314 ^ output58/X (sky130_fd_sc_hd__buf_2)
                                                         group_timeout_count[12] (net)
                      0.272102    0.001705    1.769019 ^ group_timeout_count[12] (out)
                                              1.769019   data arrival time

                                 25.000000   25.000000   clock clk (rise edge)
                                  0.000000   25.000000   clock network delay (propagated)
                                 -0.250000   24.750000   clock uncertainty
                                  0.000000   24.750000   clock reconvergence pessimism
                                 -5.000000   19.750000   output external delay
                                             19.750000   data required time
---------------------------------------------------------------------------------------------
                                             19.750000   data required time
                                             -1.769019   data arrival time
---------------------------------------------------------------------------------------------
                                             17.980980   slack (MET)


Startpoint: _447_ (rising edge-triggered flip-flop clocked by clk)
Endpoint: global_timeout_count[13] (output port clocked by clk)
Path Group: clk
Path Type: max

Fanout         Cap        Slew       Delay        Time   Description
---------------------------------------------------------------------------------------------
                                  0.000000    0.000000   clock clk (rise edge)
                                  0.000000    0.000000   clock source latency
     1    0.019539    0.146837    0.100504    0.100504 ^ clk (in)
                                                         clk (net)
                      0.146870    0.000000    0.100504 ^ clkbuf_0_clk/A (sky130_fd_sc_hd__clkbuf_16)
     4    0.042376    0.096839    0.287799    0.388303 ^ clkbuf_0_clk/X (sky130_fd_sc_hd__clkbuf_16)
                                                         clknet_0_clk (net)
                      0.096943    0.001697    0.390000 ^ clkbuf_2_2__f_clk/A (sky130_fd_sc_hd__clkbuf_16)
    13    0.045420    0.100882    0.267956    0.657956 ^ clkbuf_2_2__f_clk/X (sky130_fd_sc_hd__clkbuf_16)
                                                         clknet_2_2__leaf_clk (net)
                      0.100980    0.002656    0.660612 ^ _447_/CLK (sky130_fd_sc_hd__dfxtp_1)
     4    0.010029    0.166623    0.715769    1.376380 ^ _447_/Q (sky130_fd_sc_hd__dfxtp_1)
                                                         net32 (net)
                      0.166623    0.000399    1.376779 ^ output32/A (sky130_fd_sc_hd__buf_2)
     1    0.034456    0.273939    0.388953    1.765732 ^ output32/X (sky130_fd_sc_hd__buf_2)
                                                         global_timeout_count[13] (net)
                      0.273946    0.001756    1.767488 ^ global_timeout_count[13] (out)
                                              1.767488   data arrival time

                                 25.000000   25.000000   clock clk (rise edge)
                                  0.000000   25.000000   clock network delay (propagated)
                                 -0.250000   24.750000   clock uncertainty
                                  0.000000   24.750000   clock reconvergence pessimism
                                 -5.000000   19.750000   output external delay
                                             19.750000   data required time
---------------------------------------------------------------------------------------------
                                             19.750000   data required time
                                             -1.767488   data arrival time
---------------------------------------------------------------------------------------------
                                             17.982512   slack (MET)


Startpoint: _432_ (rising edge-triggered flip-flop clocked by clk)
Endpoint: global_state_bits[2] (output port clocked by clk)
Path Group: clk
Path Type: max

Fanout         Cap        Slew       Delay        Time   Description
---------------------------------------------------------------------------------------------
                                  0.000000    0.000000   clock clk (rise edge)
                                  0.000000    0.000000   clock source latency
     1    0.019539    0.146837    0.100504    0.100504 ^ clk (in)
                                                         clk (net)
                      0.146870    0.000000    0.100504 ^ clkbuf_0_clk/A (sky130_fd_sc_hd__clkbuf_16)
     4    0.042376    0.096839    0.287799    0.388303 ^ clkbuf_0_clk/X (sky130_fd_sc_hd__clkbuf_16)
                                                         clknet_0_clk (net)
                      0.096942    0.001680    0.389983 ^ clkbuf_2_3__f_clk/A (sky130_fd_sc_hd__clkbuf_16)
    14    0.046259    0.102193    0.268796    0.658779 ^ clkbuf_2_3__f_clk/X (sky130_fd_sc_hd__clkbuf_16)
                                                         clknet_2_3__leaf_clk (net)
                      0.102242    0.002013    0.660792 ^ _432_/CLK (sky130_fd_sc_hd__dfxtp_1)
     4    0.009302    0.156531    0.708659    1.369451 ^ _432_/Q (sky130_fd_sc_hd__dfxtp_1)
                                                         net21 (net)
                      0.156531    0.000483    1.369933 ^ output21/A (sky130_fd_sc_hd__buf_2)
     1    0.033951    0.270134    0.381646    1.751580 ^ output21/X (sky130_fd_sc_hd__buf_2)
                                                         global_state_bits[2] (net)
                      0.270139    0.001593    1.753173 ^ global_state_bits[2] (out)
                                              1.753173   data arrival time

                                 25.000000   25.000000   clock clk (rise edge)
                                  0.000000   25.000000   clock network delay (propagated)
                                 -0.250000   24.750000   clock uncertainty
                                  0.000000   24.750000   clock reconvergence pessimism
                                 -5.000000   19.750000   output external delay
                                             19.750000   data required time
---------------------------------------------------------------------------------------------
                                             19.750000   data required time
                                             -1.753173   data arrival time
---------------------------------------------------------------------------------------------
                                             17.996826   slack (MET)


Startpoint: _436_ (rising edge-triggered flip-flop clocked by clk)
Endpoint: global_timeout_count[2] (output port clocked by clk)
Path Group: clk
Path Type: max

Fanout         Cap        Slew       Delay        Time   Description
---------------------------------------------------------------------------------------------
                                  0.000000    0.000000   clock clk (rise edge)
                                  0.000000    0.000000   clock source latency
     1    0.019539    0.146837    0.100504    0.100504 ^ clk (in)
                                                         clk (net)
                      0.146870    0.000000    0.100504 ^ clkbuf_0_clk/A (sky130_fd_sc_hd__clkbuf_16)
     4    0.042376    0.096839    0.287799    0.388303 ^ clkbuf_0_clk/X (sky130_fd_sc_hd__clkbuf_16)
                                                         clknet_0_clk (net)
                      0.096943    0.001697    0.390000 ^ clkbuf_2_2__f_clk/A (sky130_fd_sc_hd__clkbuf_16)
    13    0.045420    0.100882    0.267956    0.657956 ^ clkbuf_2_2__f_clk/X (sky130_fd_sc_hd__clkbuf_16)
                                                         clknet_2_2__leaf_clk (net)
                      0.101013    0.003052    0.661008 ^ _436_/CLK (sky130_fd_sc_hd__dfxtp_1)
     4    0.008739    0.148689    0.702276    1.363284 ^ _436_/Q (sky130_fd_sc_hd__dfxtp_1)
                                                         net36 (net)
                      0.148689    0.000332    1.363615 ^ output36/A (sky130_fd_sc_hd__buf_2)
     1    0.034190    0.271889    0.379273    1.742888 ^ output36/X (sky130_fd_sc_hd__buf_2)
                                                         global_timeout_count[2] (net)
                      0.271894    0.001555    1.744443 ^ global_timeout_count[2] (out)
                                              1.744443   data arrival time

                                 25.000000   25.000000   clock clk (rise edge)
                                  0.000000   25.000000   clock network delay (propagated)
                                 -0.250000   24.750000   clock uncertainty
                                  0.000000   24.750000   clock reconvergence pessimism
                                 -5.000000   19.750000   output external delay
                                             19.750000   data required time
---------------------------------------------------------------------------------------------
                                             19.750000   data required time
                                             -1.744443   data arrival time
---------------------------------------------------------------------------------------------
                                             18.005556   slack (MET)


Startpoint: group_autolock (input port clocked by clk)
Endpoint: _478_ (rising edge-triggered flip-flop clocked by clk)
Path Group: clk
Path Type: max

Fanout         Cap        Slew       Delay        Time   Description
---------------------------------------------------------------------------------------------
                                  0.000000    0.000000   clock clk (rise edge)
                                  0.000000    0.000000   clock network delay (propagated)
                                  5.000000    5.000000 v input external delay
     1    0.003089    0.019569    0.010190    5.010190 v group_autolock (in)
                                                         group_autolock (net)
                      0.019569    0.000000    5.010190 v input7/A (sky130_fd_sc_hd__buf_1)
     3    0.013420    0.160680    0.225890    5.236080 v input7/X (sky130_fd_sc_hd__buf_1)
                                                         net7 (net)
                      0.160686    0.001203    5.237283 v _352_/A (sky130_fd_sc_hd__or4_1)
     1    0.005438    0.212174    1.291421    6.528704 v _352_/X (sky130_fd_sc_hd__or4_1)
                                                         _156_ (net)
                      0.212174    0.000422    6.529126 v _420_/A2 (sky130_fd_sc_hd__o221a_1)
     1    0.002595    0.089016    0.495123    7.024250 v _420_/X (sky130_fd_sc_hd__o221a_1)
                                                         _204_ (net)
                      0.089016    0.000190    7.024439 v _421_/C (sky130_fd_sc_hd__nor3_1)
     1    0.002166    0.226006    0.207695    7.232135 ^ _421_/Y (sky130_fd_sc_hd__nor3_1)
                                                         _048_ (net)
                      0.226006    0.000086    7.232221 ^ _478_/D (sky130_fd_sc_hd__dfxtp_1)
                                              7.232221   data arrival time

                                 25.000000   25.000000   clock clk (rise edge)
                                  0.000000   25.000000   clock source latency
     1    0.019539    0.146837    0.100504   25.100504 ^ clk (in)
                                                         clk (net)
                      0.146870    0.000000   25.100504 ^ clkbuf_0_clk/A (sky130_fd_sc_hd__clkbuf_16)
     4    0.042376    0.096839    0.287798   25.388302 ^ clkbuf_0_clk/X (sky130_fd_sc_hd__clkbuf_16)
                                                         clknet_0_clk (net)
                      0.096962    0.001997   25.390299 ^ clkbuf_2_1__f_clk/A (sky130_fd_sc_hd__clkbuf_16)
    14    0.047669    0.103868    0.270319   25.660618 ^ clkbuf_2_1__f_clk/X (sky130_fd_sc_hd__clkbuf_16)
                                                         clknet_2_1__leaf_clk (net)
                      0.103910    0.001956   25.662573 ^ _478_/CLK (sky130_fd_sc_hd__dfxtp_1)
                                 -0.250000   25.412575   clock uncertainty
                                  0.000000   25.412575   clock reconvergence pessimism
                                 -0.163164   25.249411   library setup time
                                             25.249411   data required time
---------------------------------------------------------------------------------------------
                                             25.249411   data required time
                                             -7.232221   data arrival time
---------------------------------------------------------------------------------------------
                                             18.017191   slack (MET)


Startpoint: _457_ (rising edge-triggered flip-flop clocked by clk)
Endpoint: group_error (output port clocked by clk)
Path Group: clk
Path Type: max

Fanout         Cap        Slew       Delay        Time   Description
---------------------------------------------------------------------------------------------
                                  0.000000    0.000000   clock clk (rise edge)
                                  0.000000    0.000000   clock source latency
     1    0.019539    0.146837    0.100504    0.100504 ^ clk (in)
                                                         clk (net)
                      0.146870    0.000000    0.100504 ^ clkbuf_0_clk/A (sky130_fd_sc_hd__clkbuf_16)
     4    0.042376    0.096839    0.287799    0.388303 ^ clkbuf_0_clk/X (sky130_fd_sc_hd__clkbuf_16)
                                                         clknet_0_clk (net)
                      0.096942    0.001680    0.389983 ^ clkbuf_2_3__f_clk/A (sky130_fd_sc_hd__clkbuf_16)
    14    0.046259    0.102193    0.268796    0.658779 ^ clkbuf_2_3__f_clk/X (sky130_fd_sc_hd__clkbuf_16)
                                                         clknet_2_3__leaf_clk (net)
                      0.102316    0.002977    0.661756 ^ _457_/CLK (sky130_fd_sc_hd__dfxtp_1)
     2    0.005706    0.106859    0.670994    1.332751 ^ _457_/Q (sky130_fd_sc_hd__dfxtp_1)
                                                         net44 (net)
                      0.106859    0.000313    1.333064 ^ output44/A (sky130_fd_sc_hd__buf_2)
     1    0.034637    0.275149    0.361931    1.694995 ^ output44/X (sky130_fd_sc_hd__buf_2)
                                                         group_error (net)
                      0.275155    0.001691    1.696686 ^ group_error (out)
                                              1.696686   data arrival time

                                 25.000000   25.000000   clock clk (rise edge)
                                  0.000000   25.000000   clock network delay (propagated)
                                 -0.250000   24.750000   clock uncertainty
                                  0.000000   24.750000   clock reconvergence pessimism
                                 -5.000000   19.750000   output external delay
                                             19.750000   data required time
---------------------------------------------------------------------------------------------
                                             19.750000   data required time
                                             -1.696686   data arrival time
---------------------------------------------------------------------------------------------
                                             18.053314   slack (MET)


Startpoint: _430_ (rising edge-triggered flip-flop clocked by clk)
Endpoint: fsm_error (output port clocked by clk)
Path Group: clk
Path Type: max

Fanout         Cap        Slew       Delay        Time   Description
---------------------------------------------------------------------------------------------
                                  0.000000    0.000000   clock clk (rise edge)
                                  0.000000    0.000000   clock source latency
     1    0.019539    0.146837    0.100504    0.100504 ^ clk (in)
                                                         clk (net)
                      0.146870    0.000000    0.100504 ^ clkbuf_0_clk/A (sky130_fd_sc_hd__clkbuf_16)
     4    0.042376    0.096839    0.287799    0.388303 ^ clkbuf_0_clk/X (sky130_fd_sc_hd__clkbuf_16)
                                                         clknet_0_clk (net)
                      0.096942    0.001680    0.389983 ^ clkbuf_2_3__f_clk/A (sky130_fd_sc_hd__clkbuf_16)
    14    0.046259    0.102193    0.268796    0.658779 ^ clkbuf_2_3__f_clk/X (sky130_fd_sc_hd__clkbuf_16)
                                                         clknet_2_3__leaf_clk (net)
                      0.102297    0.002753    0.661532 ^ _430_/CLK (sky130_fd_sc_hd__dfxtp_1)
     2    0.004461    0.090050    0.657889    1.319421 ^ _430_/Q (sky130_fd_sc_hd__dfxtp_1)
                                                         net17 (net)
                      0.090050    0.000247    1.319668 ^ output17/A (sky130_fd_sc_hd__buf_2)
     1    0.034639    0.275133    0.354060    1.673728 ^ output17/X (sky130_fd_sc_hd__buf_2)
                                                         fsm_error (net)
                      0.275140    0.001690    1.675418 ^ fsm_error (out)
                                              1.675418   data arrival time

                                 25.000000   25.000000   clock clk (rise edge)
                                  0.000000   25.000000   clock network delay (propagated)
                                 -0.250000   24.750000   clock uncertainty
                                  0.000000   24.750000   clock reconvergence pessimism
                                 -5.000000   19.750000   output external delay
                                             19.750000   data required time
---------------------------------------------------------------------------------------------
                                             19.750000   data required time
                                             -1.675418   data arrival time
---------------------------------------------------------------------------------------------
                                             18.074583   slack (MET)


Startpoint: file_denied (input port clocked by clk)
Endpoint: _477_ (rising edge-triggered flip-flop clocked by clk)
Path Group: clk
Path Type: max

Fanout         Cap        Slew       Delay        Time   Description
---------------------------------------------------------------------------------------------
                                  0.000000    0.000000   clock clk (rise edge)
                                  0.000000    0.000000   clock network delay (propagated)
                                  5.000000    5.000000 v input external delay
     1    0.002545    0.017490    0.008475    5.008476 v file_denied (in)
                                                         file_denied (net)
                      0.017490    0.000000    5.008476 v input3/A (sky130_fd_sc_hd__buf_1)
     4    0.015854    0.187105    0.244226    5.252702 v input3/X (sky130_fd_sc_hd__buf_1)
                                                         net3 (net)
                      0.187111    0.001270    5.253972 v _353_/A2 (sky130_fd_sc_hd__o41ai_1)
     1    0.007043    0.709386    0.847885    6.101857 ^ _353_/Y (sky130_fd_sc_hd__o41ai_1)
                                                         _157_ (net)
                      0.709386    0.000575    6.102432 ^ _362_/A1 (sky130_fd_sc_hd__a31o_1)
     2    0.009855    0.180885    0.572521    6.674953 ^ _362_/X (sky130_fd_sc_hd__a31o_1)
                                                         _166_ (net)
                      0.180885    0.000615    6.675568 ^ _419_/B (sky130_fd_sc_hd__nor2_1)
     1    0.002208    0.080306    0.106605    6.782172 v _419_/Y (sky130_fd_sc_hd__nor2_1)
                                                         _047_ (net)
                      0.080306    0.000155    6.782327 v _477_/D (sky130_fd_sc_hd__dfxtp_1)
                                              6.782327   data arrival time

                                 25.000000   25.000000   clock clk (rise edge)
                                  0.000000   25.000000   clock source latency
     1    0.019539    0.146837    0.100504   25.100504 ^ clk (in)
                                                         clk (net)
                      0.146870    0.000000   25.100504 ^ clkbuf_0_clk/A (sky130_fd_sc_hd__clkbuf_16)
     4    0.042376    0.096839    0.287798   25.388302 ^ clkbuf_0_clk/X (sky130_fd_sc_hd__clkbuf_16)
                                                         clknet_0_clk (net)
                      0.096962    0.001997   25.390299 ^ clkbuf_2_1__f_clk/A (sky130_fd_sc_hd__clkbuf_16)
    14    0.047669    0.103868    0.270319   25.660618 ^ clkbuf_2_1__f_clk/X (sky130_fd_sc_hd__clkbuf_16)
                                                         clknet_2_1__leaf_clk (net)
                      0.103954    0.002585   25.663202 ^ _477_/CLK (sky130_fd_sc_hd__dfxtp_1)
                                 -0.250000   25.413202   clock uncertainty
                                  0.000000   25.413202   clock reconvergence pessimism
                                 -0.264115   25.149088   library setup time
                                             25.149088   data required time
---------------------------------------------------------------------------------------------
                                             25.149088   data required time
                                             -6.782327   data arrival time
---------------------------------------------------------------------------------------------
                                             18.366758   slack (MET)


Startpoint: reset (input port clocked by clk)
Endpoint: _455_ (rising edge-triggered flip-flop clocked by clk)
Path Group: clk
Path Type: max

Fanout         Cap        Slew       Delay        Time   Description
---------------------------------------------------------------------------------------------
                                  0.000000    0.000000   clock clk (rise edge)
                                  0.000000    0.000000   clock network delay (propagated)
                                  5.000000    5.000000 ^ input external delay
     1    0.003262    0.035318    0.018279    5.018279 ^ reset (in)
                                                         reset (net)
                      0.035318    0.000000    5.018279 ^ input11/A (sky130_fd_sc_hd__buf_1)
     4    0.018347    0.353011    0.335819    5.354098 ^ input11/X (sky130_fd_sc_hd__buf_1)
                                                         net11 (net)
                      0.353012    0.000493    5.354591 ^ fanout82/A (sky130_fd_sc_hd__buf_2)
    10    0.042710    0.336260    0.507617    5.862208 ^ fanout82/X (sky130_fd_sc_hd__buf_2)
                                                         net82 (net)
                      0.336345    0.005176    5.867383 ^ _213_/A (sky130_fd_sc_hd__inv_2)
    10    0.039399    0.195034    0.284876    6.152259 v _213_/Y (sky130_fd_sc_hd__inv_2)
                                                         _055_ (net)
                      0.195044    0.001576    6.153835 v _343_/B (sky130_fd_sc_hd__and2_1)
     1    0.002041    0.062485    0.366294    6.520129 v _343_/X (sky130_fd_sc_hd__and2_1)
                                                         _025_ (net)
                      0.062485    0.000141    6.520269 v _455_/D (sky130_fd_sc_hd__dfxtp_1)
                                              6.520269   data arrival time

                                 25.000000   25.000000   clock clk (rise edge)
                                  0.000000   25.000000   clock source latency
     1    0.019539    0.146837    0.100504   25.100504 ^ clk (in)
                                                         clk (net)
                      0.146870    0.000000   25.100504 ^ clkbuf_0_clk/A (sky130_fd_sc_hd__clkbuf_16)
     4    0.042376    0.096839    0.287798   25.388302 ^ clkbuf_0_clk/X (sky130_fd_sc_hd__clkbuf_16)
                                                         clknet_0_clk (net)
                      0.096942    0.001680   25.389982 ^ clkbuf_2_3__f_clk/A (sky130_fd_sc_hd__clkbuf_16)
    14    0.046259    0.102193    0.268797   25.658779 ^ clkbuf_2_3__f_clk/X (sky130_fd_sc_hd__clkbuf_16)
                                                         clknet_2_3__leaf_clk (net)
                      0.102274    0.002458   25.661238 ^ _455_/CLK (sky130_fd_sc_hd__dfxtp_1)
                                 -0.250000   25.411238   clock uncertainty
                                  0.000000   25.411238   clock reconvergence pessimism
                                 -0.257164   25.154074   library setup time
                                             25.154074   data required time
---------------------------------------------------------------------------------------------
                                             25.154074   data required time
                                             -6.520269   data arrival time
---------------------------------------------------------------------------------------------
                                             18.633804   slack (MET)


Startpoint: reset (input port clocked by clk)
Endpoint: _479_ (rising edge-triggered flip-flop clocked by clk)
Path Group: clk
Path Type: max

Fanout         Cap        Slew       Delay        Time   Description
---------------------------------------------------------------------------------------------
                                  0.000000    0.000000   clock clk (rise edge)
                                  0.000000    0.000000   clock network delay (propagated)
                                  5.000000    5.000000 ^ input external delay
     1    0.003262    0.035318    0.018279    5.018279 ^ reset (in)
                                                         reset (net)
                      0.035318    0.000000    5.018279 ^ input11/A (sky130_fd_sc_hd__buf_1)
     4    0.018347    0.353011    0.335819    5.354098 ^ input11/X (sky130_fd_sc_hd__buf_1)
                                                         net11 (net)
                      0.353012    0.000493    5.354591 ^ fanout82/A (sky130_fd_sc_hd__buf_2)
    10    0.042710    0.336260    0.507617    5.862208 ^ fanout82/X (sky130_fd_sc_hd__buf_2)
                                                         net82 (net)
                      0.336345    0.005176    5.867383 ^ _213_/A (sky130_fd_sc_hd__inv_2)
    10    0.039399    0.195034    0.284876    6.152259 v _213_/Y (sky130_fd_sc_hd__inv_2)
                                                         _055_ (net)
                      0.195078    0.002831    6.155090 v _422_/A (sky130_fd_sc_hd__and2_1)
     1    0.002203    0.063390    0.327933    6.483023 v _422_/X (sky130_fd_sc_hd__and2_1)
                                                         _049_ (net)
                      0.063390    0.000152    6.483175 v _479_/D (sky130_fd_sc_hd__dfxtp_1)
                                              6.483175   data arrival time

                                 25.000000   25.000000   clock clk (rise edge)
                                  0.000000   25.000000   clock source latency
     1    0.019539    0.146837    0.100504   25.100504 ^ clk (in)
                                                         clk (net)
                      0.146870    0.000000   25.100504 ^ clkbuf_0_clk/A (sky130_fd_sc_hd__clkbuf_16)
     4    0.042376    0.096839    0.287798   25.388302 ^ clkbuf_0_clk/X (sky130_fd_sc_hd__clkbuf_16)
                                                         clknet_0_clk (net)
                      0.096962    0.001997   25.390299 ^ clkbuf_2_1__f_clk/A (sky130_fd_sc_hd__clkbuf_16)
    14    0.047669    0.103868    0.270319   25.660618 ^ clkbuf_2_1__f_clk/X (sky130_fd_sc_hd__clkbuf_16)
                                                         clknet_2_1__leaf_clk (net)
                      0.103973    0.002819   25.663437 ^ _479_/CLK (sky130_fd_sc_hd__dfxtp_1)
                                 -0.250000   25.413437   clock uncertainty
                                  0.000000   25.413437   clock reconvergence pessimism
                                 -0.257083   25.156355   library setup time
                                             25.156355   data required time
---------------------------------------------------------------------------------------------
                                             25.156355   data required time
                                             -6.483175   data arrival time
---------------------------------------------------------------------------------------------
                                             18.673180   slack (MET)


Startpoint: reset (input port clocked by clk)
Endpoint: _451_ (rising edge-triggered flip-flop clocked by clk)
Path Group: clk
Path Type: max

Fanout         Cap        Slew       Delay        Time   Description
---------------------------------------------------------------------------------------------
                                  0.000000    0.000000   clock clk (rise edge)
                                  0.000000    0.000000   clock network delay (propagated)
                                  5.000000    5.000000 v input external delay
     1    0.003133    0.019737    0.010330    5.010330 v reset (in)
                                                         reset (net)
                      0.019737    0.000000    5.010330 v input11/A (sky130_fd_sc_hd__buf_1)
     4    0.017462    0.204532    0.257998    5.268328 v input11/X (sky130_fd_sc_hd__buf_1)
                                                         net11 (net)
                      0.204532    0.000469    5.268796 v fanout82/A (sky130_fd_sc_hd__buf_2)
    10    0.040566    0.191147    0.426676    5.695473 v fanout82/X (sky130_fd_sc_hd__buf_2)
                                                         net82 (net)
                      0.191291    0.004767    5.700240 v _335_/B1 (sky130_fd_sc_hd__a21oi_1)
     2    0.009378    0.366700    0.384743    6.084983 ^ _335_/Y (sky130_fd_sc_hd__a21oi_1)
                                                         _145_ (net)
                      0.366700    0.000842    6.085824 ^ _340_/C1 (sky130_fd_sc_hd__o221a_1)
     1    0.002487    0.090207    0.452367    6.538191 ^ _340_/X (sky130_fd_sc_hd__o221a_1)
                                                         _021_ (net)
                      0.090207    0.000166    6.538357 ^ _451_/D (sky130_fd_sc_hd__dfxtp_1)
                                              6.538357   data arrival time

                                 25.000000   25.000000   clock clk (rise edge)
                                  0.000000   25.000000   clock source latency
     1    0.019539    0.146837    0.100504   25.100504 ^ clk (in)
                                                         clk (net)
                      0.146870    0.000000   25.100504 ^ clkbuf_0_clk/A (sky130_fd_sc_hd__clkbuf_16)
     4    0.042376    0.096839    0.287798   25.388302 ^ clkbuf_0_clk/X (sky130_fd_sc_hd__clkbuf_16)
                                                         clknet_0_clk (net)
                      0.096942    0.001680   25.389982 ^ clkbuf_2_3__f_clk/A (sky130_fd_sc_hd__clkbuf_16)
    14    0.046259    0.102193    0.268797   25.658779 ^ clkbuf_2_3__f_clk/X (sky130_fd_sc_hd__clkbuf_16)
                                                         clknet_2_3__leaf_clk (net)
                      0.102277    0.002510   25.661289 ^ _451_/CLK (sky130_fd_sc_hd__dfxtp_1)
                                 -0.250000   25.411289   clock uncertainty
                                  0.000000   25.411289   clock reconvergence pessimism
                                 -0.128163   25.283125   library setup time
                                             25.283125   data required time
---------------------------------------------------------------------------------------------
                                             25.283125   data required time
                                             -6.538357   data arrival time
---------------------------------------------------------------------------------------------
                                             18.744768   slack (MET)


Startpoint: reset (input port clocked by clk)
Endpoint: _430_ (rising edge-triggered flip-flop clocked by clk)
Path Group: clk
Path Type: max

Fanout         Cap        Slew       Delay        Time   Description
---------------------------------------------------------------------------------------------
                                  0.000000    0.000000   clock clk (rise edge)
                                  0.000000    0.000000   clock network delay (propagated)
                                  5.000000    5.000000 ^ input external delay
     1    0.003262    0.035318    0.018279    5.018279 ^ reset (in)
                                                         reset (net)
                      0.035318    0.000000    5.018279 ^ input11/A (sky130_fd_sc_hd__buf_1)
     4    0.018347    0.353011    0.335819    5.354098 ^ input11/X (sky130_fd_sc_hd__buf_1)
                                                         net11 (net)
                      0.353012    0.000493    5.354591 ^ fanout82/A (sky130_fd_sc_hd__buf_2)
    10    0.042710    0.336260    0.507617    5.862208 ^ fanout82/X (sky130_fd_sc_hd__buf_2)
                                                         net82 (net)
                      0.336345    0.005176    5.867383 ^ _213_/A (sky130_fd_sc_hd__inv_2)
    10    0.039399    0.195034    0.284876    6.152259 v _213_/Y (sky130_fd_sc_hd__inv_2)
                                                         _055_ (net)
                      0.195072    0.002641    6.154901 v _241_/B1 (sky130_fd_sc_hd__o31a_1)
     1    0.002547    0.083026    0.239080    6.393980 v _241_/X (sky130_fd_sc_hd__o31a_1)
                                                         _000_ (net)
                      0.083026    0.000173    6.394153 v _430_/D (sky130_fd_sc_hd__dfxtp_1)
                                              6.394153   data arrival time

                                 25.000000   25.000000   clock clk (rise edge)
                                  0.000000   25.000000   clock source latency
     1    0.019539    0.146837    0.100504   25.100504 ^ clk (in)
                                                         clk (net)
                      0.146870    0.000000   25.100504 ^ clkbuf_0_clk/A (sky130_fd_sc_hd__clkbuf_16)
     4    0.042376    0.096839    0.287798   25.388302 ^ clkbuf_0_clk/X (sky130_fd_sc_hd__clkbuf_16)
                                                         clknet_0_clk (net)
                      0.096942    0.001680   25.389982 ^ clkbuf_2_3__f_clk/A (sky130_fd_sc_hd__clkbuf_16)
    14    0.046259    0.102193    0.268797   25.658779 ^ clkbuf_2_3__f_clk/X (sky130_fd_sc_hd__clkbuf_16)
                                                         clknet_2_3__leaf_clk (net)
                      0.102297    0.002752   25.661531 ^ _430_/CLK (sky130_fd_sc_hd__dfxtp_1)
                                 -0.250000   25.411531   clock uncertainty
                                  0.000000   25.411531   clock reconvergence pessimism
                                 -0.265692   25.145840   library setup time
                                             25.145840   data required time
---------------------------------------------------------------------------------------------
                                             25.145840   data required time
                                             -6.394153   data arrival time
---------------------------------------------------------------------------------------------
                                             18.751686   slack (MET)


Startpoint: reset (input port clocked by clk)
Endpoint: _474_ (rising edge-triggered flip-flop clocked by clk)
Path Group: clk
Path Type: max

Fanout         Cap        Slew       Delay        Time   Description
---------------------------------------------------------------------------------------------
                                  0.000000    0.000000   clock clk (rise edge)
                                  0.000000    0.000000   clock network delay (propagated)
                                  5.000000    5.000000 ^ input external delay
     1    0.003262    0.035318    0.018279    5.018279 ^ reset (in)
                                                         reset (net)
                      0.035318    0.000000    5.018279 ^ input11/A (sky130_fd_sc_hd__buf_1)
     4    0.018347    0.353011    0.335819    5.354098 ^ input11/X (sky130_fd_sc_hd__buf_1)
                                                         net11 (net)
                      0.353012    0.000493    5.354591 ^ fanout82/A (sky130_fd_sc_hd__buf_2)
    10    0.042710    0.336260    0.507617    5.862208 ^ fanout82/X (sky130_fd_sc_hd__buf_2)
                                                         net82 (net)
                      0.336345    0.005176    5.867383 ^ _213_/A (sky130_fd_sc_hd__inv_2)
    10    0.039399    0.195034    0.284876    6.152259 v _213_/Y (sky130_fd_sc_hd__inv_2)
                                                         _055_ (net)
                      0.195077    0.002783    6.155043 v _416_/B1 (sky130_fd_sc_hd__o21a_1)
     1    0.002414    0.061647    0.243173    6.398215 v _416_/X (sky130_fd_sc_hd__o21a_1)
                                                         _044_ (net)
                      0.061647    0.000174    6.398389 v _474_/D (sky130_fd_sc_hd__dfxtp_1)
                                              6.398389   data arrival time

                                 25.000000   25.000000   clock clk (rise edge)
                                  0.000000   25.000000   clock source latency
     1    0.019539    0.146837    0.100504   25.100504 ^ clk (in)
                                                         clk (net)
                      0.146870    0.000000   25.100504 ^ clkbuf_0_clk/A (sky130_fd_sc_hd__clkbuf_16)
     4    0.042376    0.096839    0.287798   25.388302 ^ clkbuf_0_clk/X (sky130_fd_sc_hd__clkbuf_16)
                                                         clknet_0_clk (net)
                      0.096942    0.001680   25.389982 ^ clkbuf_2_3__f_clk/A (sky130_fd_sc_hd__clkbuf_16)
    14    0.046259    0.102193    0.268797   25.658779 ^ clkbuf_2_3__f_clk/X (sky130_fd_sc_hd__clkbuf_16)
                                                         clknet_2_3__leaf_clk (net)
                      0.102307    0.002878   25.661657 ^ _474_/CLK (sky130_fd_sc_hd__dfxtp_1)
                                 -0.250000   25.411657   clock uncertainty
                                  0.000000   25.411657   clock reconvergence pessimism
                                 -0.256807   25.154852   library setup time
                                             25.154852   data required time
---------------------------------------------------------------------------------------------
                                             25.154852   data required time
                                             -6.398389   data arrival time
---------------------------------------------------------------------------------------------
                                             18.756462   slack (MET)


Startpoint: reset (input port clocked by clk)
Endpoint: _475_ (rising edge-triggered flip-flop clocked by clk)
Path Group: clk
Path Type: max

Fanout         Cap        Slew       Delay        Time   Description
---------------------------------------------------------------------------------------------
                                  0.000000    0.000000   clock clk (rise edge)
                                  0.000000    0.000000   clock network delay (propagated)
                                  5.000000    5.000000 ^ input external delay
     1    0.003262    0.035318    0.018279    5.018279 ^ reset (in)
                                                         reset (net)
                      0.035318    0.000000    5.018279 ^ input11/A (sky130_fd_sc_hd__buf_1)
     4    0.018347    0.353011    0.335819    5.354098 ^ input11/X (sky130_fd_sc_hd__buf_1)
                                                         net11 (net)
                      0.353012    0.000493    5.354591 ^ fanout82/A (sky130_fd_sc_hd__buf_2)
    10    0.042710    0.336260    0.507617    5.862208 ^ fanout82/X (sky130_fd_sc_hd__buf_2)
                                                         net82 (net)
                      0.336345    0.005176    5.867383 ^ _213_/A (sky130_fd_sc_hd__inv_2)
    10    0.039399    0.195034    0.284876    6.152259 v _213_/Y (sky130_fd_sc_hd__inv_2)
                                                         _055_ (net)
                      0.195075    0.002740    6.154999 v _417_/B1 (sky130_fd_sc_hd__o21a_1)
     1    0.002233    0.060085    0.241227    6.396225 v _417_/X (sky130_fd_sc_hd__o21a_1)
                                                         _045_ (net)
                      0.060085    0.000149    6.396375 v _475_/D (sky130_fd_sc_hd__dfxtp_1)
                                              6.396375   data arrival time

                                 25.000000   25.000000   clock clk (rise edge)
                                  0.000000   25.000000   clock source latency
     1    0.019539    0.146837    0.100504   25.100504 ^ clk (in)
                                                         clk (net)
                      0.146870    0.000000   25.100504 ^ clkbuf_0_clk/A (sky130_fd_sc_hd__clkbuf_16)
     4    0.042376    0.096839    0.287798   25.388302 ^ clkbuf_0_clk/X (sky130_fd_sc_hd__clkbuf_16)
                                                         clknet_0_clk (net)
                      0.096942    0.001680   25.389982 ^ clkbuf_2_3__f_clk/A (sky130_fd_sc_hd__clkbuf_16)
    14    0.046259    0.102193    0.268797   25.658779 ^ clkbuf_2_3__f_clk/X (sky130_fd_sc_hd__clkbuf_16)
                                                         clknet_2_3__leaf_clk (net)
                      0.102303    0.002826   25.661606 ^ _475_/CLK (sky130_fd_sc_hd__dfxtp_1)
                                 -0.250000   25.411606   clock uncertainty
                                  0.000000   25.411606   clock reconvergence pessimism
                                 -0.256159   25.155447   library setup time
                                             25.155447   data required time
---------------------------------------------------------------------------------------------
                                             25.155447   data required time
                                             -6.396375   data arrival time
---------------------------------------------------------------------------------------------
                                             18.759071   slack (MET)


Startpoint: reset (input port clocked by clk)
Endpoint: _457_ (rising edge-triggered flip-flop clocked by clk)
Path Group: clk
Path Type: max

Fanout         Cap        Slew       Delay        Time   Description
---------------------------------------------------------------------------------------------
                                  0.000000    0.000000   clock clk (rise edge)
                                  0.000000    0.000000   clock network delay (propagated)
                                  5.000000    5.000000 ^ input external delay
     1    0.003262    0.035318    0.018279    5.018279 ^ reset (in)
                                                         reset (net)
                      0.035318    0.000000    5.018279 ^ input11/A (sky130_fd_sc_hd__buf_1)
     4    0.018347    0.353011    0.335819    5.354098 ^ input11/X (sky130_fd_sc_hd__buf_1)
                                                         net11 (net)
                      0.353012    0.000493    5.354591 ^ fanout82/A (sky130_fd_sc_hd__buf_2)
    10    0.042710    0.336260    0.507617    5.862208 ^ fanout82/X (sky130_fd_sc_hd__buf_2)
                                                         net82 (net)
                      0.336345    0.005176    5.867383 ^ _213_/A (sky130_fd_sc_hd__inv_2)
    10    0.039399    0.195034    0.284876    6.152259 v _213_/Y (sky130_fd_sc_hd__inv_2)
                                                         _055_ (net)
                      0.195051    0.001920    6.154179 v _346_/B1 (sky130_fd_sc_hd__o21a_1)
     1    0.002006    0.057676    0.238751    6.392930 v _346_/X (sky130_fd_sc_hd__o21a_1)
                                                         _027_ (net)
                      0.057791    0.000144    6.393074 v _457_/D (sky130_fd_sc_hd__dfxtp_1)
                                              6.393074   data arrival time

                                 25.000000   25.000000   clock clk (rise edge)
                                  0.000000   25.000000   clock source latency
     1    0.019539    0.146837    0.100504   25.100504 ^ clk (in)
                                                         clk (net)
                      0.146870    0.000000   25.100504 ^ clkbuf_0_clk/A (sky130_fd_sc_hd__clkbuf_16)
     4    0.042376    0.096839    0.287798   25.388302 ^ clkbuf_0_clk/X (sky130_fd_sc_hd__clkbuf_16)
                                                         clknet_0_clk (net)
                      0.096942    0.001680   25.389982 ^ clkbuf_2_3__f_clk/A (sky130_fd_sc_hd__clkbuf_16)
    14    0.046259    0.102193    0.268797   25.658779 ^ clkbuf_2_3__f_clk/X (sky130_fd_sc_hd__clkbuf_16)
                                                         clknet_2_3__leaf_clk (net)
                      0.102316    0.002977   25.661757 ^ _457_/CLK (sky130_fd_sc_hd__dfxtp_1)
                                 -0.250000   25.411757   clock uncertainty
                                  0.000000   25.411757   clock reconvergence pessimism
                                 -0.255203   25.156555   library setup time
                                             25.156555   data required time
---------------------------------------------------------------------------------------------
                                             25.156555   data required time
                                             -6.393074   data arrival time
---------------------------------------------------------------------------------------------
                                             18.763481   slack (MET)


Startpoint: reset (input port clocked by clk)
Endpoint: _450_ (rising edge-triggered flip-flop clocked by clk)
Path Group: clk
Path Type: max

Fanout         Cap        Slew       Delay        Time   Description
---------------------------------------------------------------------------------------------
                                  0.000000    0.000000   clock clk (rise edge)
                                  0.000000    0.000000   clock network delay (propagated)
                                  5.000000    5.000000 ^ input external delay
     1    0.003262    0.035318    0.018279    5.018279 ^ reset (in)
                                                         reset (net)
                      0.035318    0.000000    5.018279 ^ input11/A (sky130_fd_sc_hd__buf_1)
     4    0.018347    0.353011    0.335819    5.354098 ^ input11/X (sky130_fd_sc_hd__buf_1)
                                                         net11 (net)
                      0.353012    0.000493    5.354591 ^ fanout82/A (sky130_fd_sc_hd__buf_2)
    10    0.042710    0.336260    0.507617    5.862208 ^ fanout82/X (sky130_fd_sc_hd__buf_2)
                                                         net82 (net)
                      0.336340    0.005031    5.867239 ^ _335_/B1 (sky130_fd_sc_hd__a21oi_1)
     2    0.009141    0.180316    0.221485    6.088724 v _335_/Y (sky130_fd_sc_hd__a21oi_1)
                                                         _145_ (net)
                      0.180316    0.000843    6.089567 v _339_/B1 (sky130_fd_sc_hd__o211a_1)
     1    0.002195    0.065503    0.269687    6.359254 v _339_/X (sky130_fd_sc_hd__o211a_1)
                                                         _020_ (net)
                      0.065503    0.000147    6.359401 v _450_/D (sky130_fd_sc_hd__dfxtp_1)
                                              6.359401   data arrival time

                                 25.000000   25.000000   clock clk (rise edge)
                                  0.000000   25.000000   clock source latency
     1    0.019539    0.146837    0.100504   25.100504 ^ clk (in)
                                                         clk (net)
                      0.146870    0.000000   25.100504 ^ clkbuf_0_clk/A (sky130_fd_sc_hd__clkbuf_16)
     4    0.042376    0.096839    0.287798   25.388302 ^ clkbuf_0_clk/X (sky130_fd_sc_hd__clkbuf_16)
                                                         clknet_0_clk (net)
                      0.096943    0.001698   25.389999 ^ clkbuf_2_2__f_clk/A (sky130_fd_sc_hd__clkbuf_16)
    13    0.045420    0.100882    0.267955   25.657955 ^ clkbuf_2_2__f_clk/X (sky130_fd_sc_hd__clkbuf_16)
                                                         clknet_2_2__leaf_clk (net)
                      0.100899    0.001453   25.659409 ^ _450_/CLK (sky130_fd_sc_hd__dfxtp_1)
                                 -0.250000   25.409409   clock uncertainty
                                  0.000000   25.409409   clock reconvergence pessimism
                                 -0.258788   25.150620   library setup time
                                             25.150620   data required time
---------------------------------------------------------------------------------------------
                                             25.150620   data required time
                                             -6.359401   data arrival time
---------------------------------------------------------------------------------------------
                                             18.791220   slack (MET)


Startpoint: reset (input port clocked by clk)
Endpoint: _452_ (rising edge-triggered flip-flop clocked by clk)
Path Group: clk
Path Type: max

Fanout         Cap        Slew       Delay        Time   Description
---------------------------------------------------------------------------------------------
                                  0.000000    0.000000   clock clk (rise edge)
                                  0.000000    0.000000   clock network delay (propagated)
                                  5.000000    5.000000 v input external delay
     1    0.003133    0.019737    0.010330    5.010330 v reset (in)
                                                         reset (net)
                      0.019737    0.000000    5.010330 v input11/A (sky130_fd_sc_hd__buf_1)
     4    0.017462    0.204532    0.257998    5.268328 v input11/X (sky130_fd_sc_hd__buf_1)
                                                         net11 (net)
                      0.204532    0.000469    5.268796 v fanout82/A (sky130_fd_sc_hd__buf_2)
    10    0.040566    0.191147    0.426676    5.695473 v fanout82/X (sky130_fd_sc_hd__buf_2)
                                                         net82 (net)
                      0.191161    0.001793    5.697266 v _259_/B (sky130_fd_sc_hd__or2_1)
     1    0.002001    0.089734    0.492106    6.189372 v _259_/X (sky130_fd_sc_hd__or2_1)
                                                         _022_ (net)
                      0.089734    0.000139    6.189511 v _452_/D (sky130_fd_sc_hd__dfxtp_1)
                                              6.189511   data arrival time

                                 25.000000   25.000000   clock clk (rise edge)
                                  0.000000   25.000000   clock source latency
     1    0.019539    0.146837    0.100504   25.100504 ^ clk (in)
                                                         clk (net)
                      0.146870    0.000000   25.100504 ^ clkbuf_0_clk/A (sky130_fd_sc_hd__clkbuf_16)
     4    0.042376    0.096839    0.287798   25.388302 ^ clkbuf_0_clk/X (sky130_fd_sc_hd__clkbuf_16)
                                                         clknet_0_clk (net)
                      0.096942    0.001680   25.389982 ^ clkbuf_2_3__f_clk/A (sky130_fd_sc_hd__clkbuf_16)
    14    0.046259    0.102193    0.268797   25.658779 ^ clkbuf_2_3__f_clk/X (sky130_fd_sc_hd__clkbuf_16)
                                                         clknet_2_3__leaf_clk (net)
                      0.102295    0.002727   25.661505 ^ _452_/CLK (sky130_fd_sc_hd__dfxtp_1)
                                 -0.250000   25.411507   clock uncertainty
                                  0.000000   25.411507   clock reconvergence pessimism
                                 -0.268479   25.143028   library setup time
                                             25.143028   data required time
---------------------------------------------------------------------------------------------
                                             25.143028   data required time
                                             -6.189511   data arrival time
---------------------------------------------------------------------------------------------
                                             18.953516   slack (MET)


Startpoint: reset (input port clocked by clk)
Endpoint: _476_ (rising edge-triggered flip-flop clocked by clk)
Path Group: clk
Path Type: max

Fanout         Cap        Slew       Delay        Time   Description
---------------------------------------------------------------------------------------------
                                  0.000000    0.000000   clock clk (rise edge)
                                  0.000000    0.000000   clock network delay (propagated)
                                  5.000000    5.000000 v input external delay
     1    0.003133    0.019737    0.010330    5.010330 v reset (in)
                                                         reset (net)
                      0.019737    0.000000    5.010330 v input11/A (sky130_fd_sc_hd__buf_1)
     4    0.017462    0.204532    0.257998    5.268328 v input11/X (sky130_fd_sc_hd__buf_1)
                                                         net11 (net)
                      0.204532    0.000469    5.268796 v fanout82/A (sky130_fd_sc_hd__buf_2)
    10    0.040566    0.191147    0.426676    5.695473 v fanout82/X (sky130_fd_sc_hd__buf_2)
                                                         net82 (net)
                      0.191306    0.004980    5.700452 v _418_/B1 (sky130_fd_sc_hd__a31o_1)
     1    0.002217    0.060864    0.370744    6.071197 v _418_/X (sky130_fd_sc_hd__a31o_1)
                                                         _046_ (net)
                      0.060864    0.000152    6.071349 v _476_/D (sky130_fd_sc_hd__dfxtp_1)
                                              6.071349   data arrival time

                                 25.000000   25.000000   clock clk (rise edge)
                                  0.000000   25.000000   clock source latency
     1    0.019539    0.146837    0.100504   25.100504 ^ clk (in)
                                                         clk (net)
                      0.146870    0.000000   25.100504 ^ clkbuf_0_clk/A (sky130_fd_sc_hd__clkbuf_16)
     4    0.042376    0.096839    0.287798   25.388302 ^ clkbuf_0_clk/X (sky130_fd_sc_hd__clkbuf_16)
                                                         clknet_0_clk (net)
                      0.096962    0.001997   25.390299 ^ clkbuf_2_1__f_clk/A (sky130_fd_sc_hd__clkbuf_16)
    14    0.047669    0.103868    0.270319   25.660618 ^ clkbuf_2_1__f_clk/X (sky130_fd_sc_hd__clkbuf_16)
                                                         clknet_2_1__leaf_clk (net)
                      0.103904    0.001844   25.662462 ^ _476_/CLK (sky130_fd_sc_hd__dfxtp_1)
                                 -0.250000   25.412462   clock uncertainty
                                  0.000000   25.412462   clock reconvergence pessimism
                                 -0.256052   25.156410   library setup time
                                             25.156410   data required time
---------------------------------------------------------------------------------------------
                                             25.156410   data required time
                                             -6.071349   data arrival time
---------------------------------------------------------------------------------------------
                                             19.085062   slack (MET)


Startpoint: reset (input port clocked by clk)
Endpoint: _456_ (rising edge-triggered flip-flop clocked by clk)
Path Group: clk
Path Type: max

Fanout         Cap        Slew       Delay        Time   Description
---------------------------------------------------------------------------------------------
                                  0.000000    0.000000   clock clk (rise edge)
                                  0.000000    0.000000   clock network delay (propagated)
                                  5.000000    5.000000 ^ input external delay
     1    0.003262    0.035318    0.018279    5.018279 ^ reset (in)
                                                         reset (net)
                      0.035318    0.000000    5.018279 ^ input11/A (sky130_fd_sc_hd__buf_1)
     4    0.018347    0.353011    0.335819    5.354098 ^ input11/X (sky130_fd_sc_hd__buf_1)
                                                         net11 (net)
                      0.353012    0.000493    5.354591 ^ fanout82/A (sky130_fd_sc_hd__buf_2)
    10    0.042710    0.336260    0.507617    5.862208 ^ fanout82/X (sky130_fd_sc_hd__buf_2)
                                                         net82 (net)
                      0.336279    0.002885    5.865093 ^ _286_/B (sky130_fd_sc_hd__nor2_1)
     1    0.002076    0.075411    0.145607    6.010700 v _286_/Y (sky130_fd_sc_hd__nor2_1)
                                                         _026_ (net)
                      0.075411    0.000141    6.010841 v _456_/D (sky130_fd_sc_hd__dfxtp_1)
                                              6.010841   data arrival time

                                 25.000000   25.000000   clock clk (rise edge)
                                  0.000000   25.000000   clock source latency
     1    0.019539    0.146837    0.100504   25.100504 ^ clk (in)
                                                         clk (net)
                      0.146870    0.000000   25.100504 ^ clkbuf_0_clk/A (sky130_fd_sc_hd__clkbuf_16)
     4    0.042376    0.096839    0.287798   25.388302 ^ clkbuf_0_clk/X (sky130_fd_sc_hd__clkbuf_16)
                                                         clknet_0_clk (net)
                      0.096942    0.001680   25.389982 ^ clkbuf_2_3__f_clk/A (sky130_fd_sc_hd__clkbuf_16)
    14    0.046259    0.102193    0.268797   25.658779 ^ clkbuf_2_3__f_clk/X (sky130_fd_sc_hd__clkbuf_16)
                                                         clknet_2_3__leaf_clk (net)
                      0.102273    0.002446   25.661224 ^ _456_/CLK (sky130_fd_sc_hd__dfxtp_1)
                                 -0.250000   25.411226   clock uncertainty
                                  0.000000   25.411226   clock reconvergence pessimism
                                 -0.262534   25.148691   library setup time
                                             25.148691   data required time
---------------------------------------------------------------------------------------------
                                             25.148691   data required time
                                             -6.010841   data arrival time
---------------------------------------------------------------------------------------------
                                             19.137852   slack (MET)


Startpoint: reset (input port clocked by clk)
Endpoint: _481_ (rising edge-triggered flip-flop clocked by clk)
Path Group: clk
Path Type: max

Fanout         Cap        Slew       Delay        Time   Description
---------------------------------------------------------------------------------------------
                                  0.000000    0.000000   clock clk (rise edge)
                                  0.000000    0.000000   clock network delay (propagated)
                                  5.000000    5.000000 ^ input external delay
     1    0.003262    0.035318    0.018279    5.018279 ^ reset (in)
                                                         reset (net)
                      0.035318    0.000000    5.018279 ^ input11/A (sky130_fd_sc_hd__buf_1)
     4    0.018347    0.353011    0.335819    5.354098 ^ input11/X (sky130_fd_sc_hd__buf_1)
                                                         net11 (net)
                      0.353021    0.001621    5.355719 ^ _429_/B1 (sky130_fd_sc_hd__a21oi_1)
     1    0.002653    0.124237    0.157088    5.512807 v _429_/Y (sky130_fd_sc_hd__a21oi_1)
                                                         _051_ (net)
                      0.124237    0.000173    5.512980 v _481_/D (sky130_fd_sc_hd__dfxtp_2)
                                              5.512980   data arrival time

                                 25.000000   25.000000   clock clk (rise edge)
                                  0.000000   25.000000   clock source latency
     1    0.019539    0.146837    0.100504   25.100504 ^ clk (in)
                                                         clk (net)
                      0.146870    0.000000   25.100504 ^ clkbuf_0_clk/A (sky130_fd_sc_hd__clkbuf_16)
     4    0.042376    0.096839    0.287798   25.388302 ^ clkbuf_0_clk/X (sky130_fd_sc_hd__clkbuf_16)
                                                         clknet_0_clk (net)
                      0.096942    0.001680   25.389982 ^ clkbuf_2_3__f_clk/A (sky130_fd_sc_hd__clkbuf_16)
    14    0.046259    0.102193    0.268797   25.658779 ^ clkbuf_2_3__f_clk/X (sky130_fd_sc_hd__clkbuf_16)
                                                         clknet_2_3__leaf_clk (net)
                      0.102256    0.002224   25.661003 ^ _481_/CLK (sky130_fd_sc_hd__dfxtp_2)
                                 -0.250000   25.411003   clock uncertainty
                                  0.000000   25.411003   clock reconvergence pessimism
                                 -0.288184   25.122820   library setup time
                                             25.122820   data required time
---------------------------------------------------------------------------------------------
                                             25.122820   data required time
                                             -5.512980   data arrival time
---------------------------------------------------------------------------------------------
                                             19.609840   slack (MET)


Startpoint: reset (input port clocked by clk)
Endpoint: _454_ (rising edge-triggered flip-flop clocked by clk)
Path Group: clk
Path Type: max

Fanout         Cap        Slew       Delay        Time   Description
---------------------------------------------------------------------------------------------
                                  0.000000    0.000000   clock clk (rise edge)
                                  0.000000    0.000000   clock network delay (propagated)
                                  5.000000    5.000000 ^ input external delay
     1    0.003262    0.035318    0.018279    5.018279 ^ reset (in)
                                                         reset (net)
                      0.035318    0.000000    5.018279 ^ input11/A (sky130_fd_sc_hd__buf_1)
     4    0.018347    0.353011    0.335819    5.354098 ^ input11/X (sky130_fd_sc_hd__buf_1)
                                                         net11 (net)
                      0.353015    0.000962    5.355061 ^ _342_/B (sky130_fd_sc_hd__nor2_1)
     1    0.002415    0.080223    0.154409    5.509470 v _342_/Y (sky130_fd_sc_hd__nor2_1)
                                                         _024_ (net)
                      0.080223    0.000173    5.509642 v _454_/D (sky130_fd_sc_hd__dfxtp_1)
                                              5.509642   data arrival time

                                 25.000000   25.000000   clock clk (rise edge)
                                  0.000000   25.000000   clock source latency
     1    0.019539    0.146837    0.100504   25.100504 ^ clk (in)
                                                         clk (net)
                      0.146870    0.000000   25.100504 ^ clkbuf_0_clk/A (sky130_fd_sc_hd__clkbuf_16)
     4    0.042376    0.096839    0.287798   25.388302 ^ clkbuf_0_clk/X (sky130_fd_sc_hd__clkbuf_16)
                                                         clknet_0_clk (net)
                      0.096942    0.001680   25.389982 ^ clkbuf_2_3__f_clk/A (sky130_fd_sc_hd__clkbuf_16)
    14    0.046259    0.102193    0.268797   25.658779 ^ clkbuf_2_3__f_clk/X (sky130_fd_sc_hd__clkbuf_16)
                                                         clknet_2_3__leaf_clk (net)
                      0.102273    0.002451   25.661230 ^ _454_/CLK (sky130_fd_sc_hd__dfxtp_1)
                                 -0.250000   25.411232   clock uncertainty
                                  0.000000   25.411232   clock reconvergence pessimism
                                 -0.264533   25.146698   library setup time
                                             25.146698   data required time
---------------------------------------------------------------------------------------------
                                             25.146698   data required time
                                             -5.509642   data arrival time
---------------------------------------------------------------------------------------------
                                             19.637054   slack (MET)


Startpoint: reset (input port clocked by clk)
Endpoint: _453_ (rising edge-triggered flip-flop clocked by clk)
Path Group: clk
Path Type: max

Fanout         Cap        Slew       Delay        Time   Description
---------------------------------------------------------------------------------------------
                                  0.000000    0.000000   clock clk (rise edge)
                                  0.000000    0.000000   clock network delay (propagated)
                                  5.000000    5.000000 ^ input external delay
     1    0.003262    0.035318    0.018279    5.018279 ^ reset (in)
                                                         reset (net)
                      0.035318    0.000000    5.018279 ^ input11/A (sky130_fd_sc_hd__buf_1)
     4    0.018347    0.353011    0.335819    5.354098 ^ input11/X (sky130_fd_sc_hd__buf_1)
                                                         net11 (net)
                      0.353017    0.001280    5.355379 ^ _341_/B (sky130_fd_sc_hd__nor2_1)
     1    0.002235    0.078991    0.151708    5.507086 v _341_/Y (sky130_fd_sc_hd__nor2_1)
                                                         _023_ (net)
                      0.078991    0.000160    5.507246 v _453_/D (sky130_fd_sc_hd__dfxtp_1)
                                              5.507246   data arrival time

                                 25.000000   25.000000   clock clk (rise edge)
                                  0.000000   25.000000   clock source latency
     1    0.019539    0.146837    0.100504   25.100504 ^ clk (in)
                                                         clk (net)
                      0.146870    0.000000   25.100504 ^ clkbuf_0_clk/A (sky130_fd_sc_hd__clkbuf_16)
     4    0.042376    0.096839    0.287798   25.388302 ^ clkbuf_0_clk/X (sky130_fd_sc_hd__clkbuf_16)
                                                         clknet_0_clk (net)
                      0.096942    0.001680   25.389982 ^ clkbuf_2_3__f_clk/A (sky130_fd_sc_hd__clkbuf_16)
    14    0.046259    0.102193    0.268797   25.658779 ^ clkbuf_2_3__f_clk/X (sky130_fd_sc_hd__clkbuf_16)
                                                         clknet_2_3__leaf_clk (net)
                      0.102258    0.002247   25.661026 ^ _453_/CLK (sky130_fd_sc_hd__dfxtp_1)
                                 -0.250000   25.411026   clock uncertainty
                                  0.000000   25.411026   clock reconvergence pessimism
                                 -0.264026   25.147001   library setup time
                                             25.147001   data required time
---------------------------------------------------------------------------------------------
                                             25.147001   data required time
                                             -5.507246   data arrival time
---------------------------------------------------------------------------------------------
                                             19.639755   slack (MET)



