
===========================================================================
report_checks -path_delay min (Hold)
============================================================================
======================= max_ss_100C_1v60 Corner ===================================

Startpoint: _469_ (rising edge-triggered flip-flop clocked by clk)
Endpoint: _469_ (rising edge-triggered flip-flop clocked by clk)
Path Group: clk
Path Type: min

Fanout         Cap        Slew       Delay        Time   Description
---------------------------------------------------------------------------------------------
                                  0.000000    0.000000   clock clk (rise edge)
                                  0.000000    0.000000   clock source latency
     1    0.019539    0.146837    0.100504    0.100504 ^ clk (in)
                                                         clk (net)
                      0.146870    0.000000    0.100504 ^ clkbuf_0_clk/A (sky130_fd_sc_hd__clkbuf_16)
     4    0.042376    0.096839    0.287799    0.388303 ^ clkbuf_0_clk/X (sky130_fd_sc_hd__clkbuf_16)
                                                         clknet_0_clk (net)
                      0.096961    0.001984    0.390287 ^ clkbuf_2_0__f_clk/A (sky130_fd_sc_hd__clkbuf_16)
    14    0.045642    0.101168    0.268173    0.658460 ^ clkbuf_2_0__f_clk/X (sky130_fd_sc_hd__clkbuf_16)
                                                         clknet_2_0__leaf_clk (net)
                      0.101208    0.001872    0.660333 ^ _469_/CLK (sky130_fd_sc_hd__dfxtp_1)
     6    0.016084    0.153740    0.680517    1.340850 v _469_/Q (sky130_fd_sc_hd__dfxtp_1)
                                                         net57 (net)
                      0.153740    0.000534    1.341384 v _402_/A (sky130_fd_sc_hd__nand2_1)
     1    0.001832    0.063198    0.113002    1.454386 ^ _402_/Y (sky130_fd_sc_hd__nand2_1)
                                                         _195_ (net)
                      0.063198    0.000125    1.454511 ^ _404_/B (sky130_fd_sc_hd__and3_1)
     1    0.002474    0.082542    0.280885    1.735396 ^ _404_/X (sky130_fd_sc_hd__and3_1)
                                                         _039_ (net)
                      0.082542    0.000097    1.735493 ^ _469_/D (sky130_fd_sc_hd__dfxtp_1)
                                              1.735493   data arrival time

                                  0.000000    0.000000   clock clk (rise edge)
                                  0.000000    0.000000   clock source latency
     1    0.019539    0.146837    0.100504    0.100504 ^ clk (in)
                                                         clk (net)
                      0.146870    0.000000    0.100504 ^ clkbuf_0_clk/A (sky130_fd_sc_hd__clkbuf_16)
     4    0.042376    0.096839    0.287799    0.388303 ^ clkbuf_0_clk/X (sky130_fd_sc_hd__clkbuf_16)
                                                         clknet_0_clk (net)
                      0.096961    0.001984    0.390287 ^ clkbuf_2_0__f_clk/A (sky130_fd_sc_hd__clkbuf_16)
    14    0.045642    0.101168    0.268173    0.658460 ^ clkbuf_2_0__f_clk/X (sky130_fd_sc_hd__clkbuf_16)
                                                         clknet_2_0__leaf_clk (net)
                      0.101208    0.001872    0.660333 ^ _469_/CLK (sky130_fd_sc_hd__dfxtp_1)
                                  0.250000    0.910333   clock uncertainty
                                  0.000000    0.910333   clock reconvergence pessimism
                                 -0.069977    0.840356   library hold time
                                              0.840356   data required time
---------------------------------------------------------------------------------------------
                                              0.840356   data required time
                                             -1.735493   data arrival time
---------------------------------------------------------------------------------------------
                                              0.895137   slack (MET)


Startpoint: _443_ (rising edge-triggered flip-flop clocked by clk)
Endpoint: _443_ (rising edge-triggered flip-flop clocked by clk)
Path Group: clk
Path Type: min

Fanout         Cap        Slew       Delay        Time   Description
---------------------------------------------------------------------------------------------
                                  0.000000    0.000000   clock clk (rise edge)
                                  0.000000    0.000000   clock source latency
     1    0.019539    0.146837    0.100504    0.100504 ^ clk (in)
                                                         clk (net)
                      0.146870    0.000000    0.100504 ^ clkbuf_0_clk/A (sky130_fd_sc_hd__clkbuf_16)
     4    0.042376    0.096839    0.287799    0.388303 ^ clkbuf_0_clk/X (sky130_fd_sc_hd__clkbuf_16)
                                                         clknet_0_clk (net)
                      0.096943    0.001697    0.390000 ^ clkbuf_2_2__f_clk/A (sky130_fd_sc_hd__clkbuf_16)
    13    0.045420    0.100882    0.267956    0.657956 ^ clkbuf_2_2__f_clk/X (sky130_fd_sc_hd__clkbuf_16)
                                                         clknet_2_2__leaf_clk (net)
                      0.101002    0.002921    0.660877 ^ _443_/CLK (sky130_fd_sc_hd__dfxtp_1)
     5    0.012743    0.126669    0.659365    1.320243 v _443_/Q (sky130_fd_sc_hd__dfxtp_1)
                                                         net43 (net)
                      0.126669    0.000362    1.320605 v _319_/A (sky130_fd_sc_hd__nand4_1)
     1    0.002968    0.089123    0.135225    1.455830 ^ _319_/Y (sky130_fd_sc_hd__nand4_1)
                                                         _136_ (net)
                      0.089123    0.000220    1.456050 ^ _320_/C (sky130_fd_sc_hd__and3_1)
     1    0.001824    0.074463    0.294843    1.750893 ^ _320_/X (sky130_fd_sc_hd__and3_1)
                                                         _013_ (net)
                      0.074463    0.000127    1.751020 ^ _443_/D (sky130_fd_sc_hd__dfxtp_1)
                                              1.751020   data arrival time

                                  0.000000    0.000000   clock clk (rise edge)
                                  0.000000    0.000000   clock source latency
     1    0.019539    0.146837    0.100504    0.100504 ^ clk (in)
                                                         clk (net)
                      0.146870    0.000000    0.100504 ^ clkbuf_0_clk/A (sky130_fd_sc_hd__clkbuf_16)
     4    0.042376    0.096839    0.287799    0.388303 ^ clkbuf_0_clk/X (sky130_fd_sc_hd__clkbuf_16)
                                                         clknet_0_clk (net)
                      0.096943    0.001697    0.390000 ^ clkbuf_2_2__f_clk/A (sky130_fd_sc_hd__clkbuf_16)
    13    0.045420    0.100882    0.267956    0.657956 ^ clkbuf_2_2__f_clk/X (sky130_fd_sc_hd__clkbuf_16)
                                                         clknet_2_2__leaf_clk (net)
                      0.101002    0.002921    0.660877 ^ _443_/CLK (sky130_fd_sc_hd__dfxtp_1)
                                  0.250000    0.910877   clock uncertainty
                                  0.000000    0.910877   clock reconvergence pessimism
                                 -0.068131    0.842746   library hold time
                                              0.842746   data required time
---------------------------------------------------------------------------------------------
                                              0.842746   data required time
                                             -1.751020   data arrival time
---------------------------------------------------------------------------------------------
                                              0.908274   slack (MET)


Startpoint: _466_ (rising edge-triggered flip-flop clocked by clk)
Endpoint: _466_ (rising edge-triggered flip-flop clocked by clk)
Path Group: clk
Path Type: min

Fanout         Cap        Slew       Delay        Time   Description
---------------------------------------------------------------------------------------------
                                  0.000000    0.000000   clock clk (rise edge)
                                  0.000000    0.000000   clock source latency
     1    0.019539    0.146837    0.100504    0.100504 ^ clk (in)
                                                         clk (net)
                      0.146870    0.000000    0.100504 ^ clkbuf_0_clk/A (sky130_fd_sc_hd__clkbuf_16)
     4    0.042376    0.096839    0.287799    0.388303 ^ clkbuf_0_clk/X (sky130_fd_sc_hd__clkbuf_16)
                                                         clknet_0_clk (net)
                      0.096962    0.001997    0.390300 ^ clkbuf_2_1__f_clk/A (sky130_fd_sc_hd__clkbuf_16)
    14    0.047669    0.103868    0.270318    0.660618 ^ clkbuf_2_1__f_clk/X (sky130_fd_sc_hd__clkbuf_16)
                                                         clknet_2_1__leaf_clk (net)
                      0.104023    0.003384    0.664002 ^ _466_/CLK (sky130_fd_sc_hd__dfxtp_1)
     6    0.017027    0.161599    0.687937    1.351940 v _466_/Q (sky130_fd_sc_hd__dfxtp_1)
                                                         net69 (net)
                      0.161600    0.000667    1.352607 v _392_/A (sky130_fd_sc_hd__nand2_1)
     1    0.002712    0.073147    0.127141    1.479748 ^ _392_/Y (sky130_fd_sc_hd__nand2_1)
                                                         _188_ (net)
                      0.073147    0.000160    1.479908 ^ _394_/B (sky130_fd_sc_hd__and3_1)
     1    0.001951    0.076113    0.277062    1.756970 ^ _394_/X (sky130_fd_sc_hd__and3_1)
                                                         _036_ (net)
                      0.076113    0.000133    1.757104 ^ _466_/D (sky130_fd_sc_hd__dfxtp_1)
                                              1.757104   data arrival time

                                  0.000000    0.000000   clock clk (rise edge)
                                  0.000000    0.000000   clock source latency
     1    0.019539    0.146837    0.100504    0.100504 ^ clk (in)
                                                         clk (net)
                      0.146870    0.000000    0.100504 ^ clkbuf_0_clk/A (sky130_fd_sc_hd__clkbuf_16)
     4    0.042376    0.096839    0.287799    0.388303 ^ clkbuf_0_clk/X (sky130_fd_sc_hd__clkbuf_16)
                                                         clknet_0_clk (net)
                      0.096962    0.001997    0.390300 ^ clkbuf_2_1__f_clk/A (sky130_fd_sc_hd__clkbuf_16)
    14    0.047669    0.103868    0.270318    0.660618 ^ clkbuf_2_1__f_clk/X (sky130_fd_sc_hd__clkbuf_16)
                                                         clknet_2_1__leaf_clk (net)
                      0.104023    0.003384    0.664002 ^ _466_/CLK (sky130_fd_sc_hd__dfxtp_1)
                                  0.250000    0.914002   clock uncertainty
                                  0.000000    0.914002   clock reconvergence pessimism
                                 -0.068034    0.845968   library hold time
                                              0.845968   data required time
---------------------------------------------------------------------------------------------
                                              0.845968   data required time
                                             -1.757104   data arrival time
---------------------------------------------------------------------------------------------
                                              0.911136   slack (MET)


Startpoint: _448_ (rising edge-triggered flip-flop clocked by clk)
Endpoint: _449_ (rising edge-triggered flip-flop clocked by clk)
Path Group: clk
Path Type: min

Fanout         Cap        Slew       Delay        Time   Description
---------------------------------------------------------------------------------------------
                                  0.000000    0.000000   clock clk (rise edge)
                                  0.000000    0.000000   clock source latency
     1    0.019539    0.146837    0.100504    0.100504 ^ clk (in)
                                                         clk (net)
                      0.146870    0.000000    0.100504 ^ clkbuf_0_clk/A (sky130_fd_sc_hd__clkbuf_16)
     4    0.042376    0.096839    0.287799    0.388303 ^ clkbuf_0_clk/X (sky130_fd_sc_hd__clkbuf_16)
                                                         clknet_0_clk (net)
                      0.096943    0.001697    0.390000 ^ clkbuf_2_2__f_clk/A (sky130_fd_sc_hd__clkbuf_16)
    13    0.045420    0.100882    0.267956    0.657956 ^ clkbuf_2_2__f_clk/X (sky130_fd_sc_hd__clkbuf_16)
                                                         clknet_2_2__leaf_clk (net)
                      0.100983    0.002702    0.660658 ^ _448_/CLK (sky130_fd_sc_hd__dfxtp_1)
     7    0.024288    0.222949    0.731385    1.392043 v _448_/Q (sky130_fd_sc_hd__dfxtp_1)
                                                         net33 (net)
                      0.222962    0.001865    1.393908 v _333_/A1 (sky130_fd_sc_hd__a21oi_1)
     1    0.002689    0.142480    0.263506    1.657414 ^ _333_/Y (sky130_fd_sc_hd__a21oi_1)
                                                         _144_ (net)
                      0.142480    0.000125    1.657539 ^ _334_/B (sky130_fd_sc_hd__nor2_1)
     1    0.002378    0.045908    0.094220    1.751759 v _334_/Y (sky130_fd_sc_hd__nor2_1)
                                                         _019_ (net)
                      0.045908    0.000152    1.751912 v _449_/D (sky130_fd_sc_hd__dfxtp_1)
                                              1.751912   data arrival time

                                  0.000000    0.000000   clock clk (rise edge)
                                  0.000000    0.000000   clock source latency
     1    0.019539    0.146837    0.100504    0.100504 ^ clk (in)
                                                         clk (net)
                      0.146870    0.000000    0.100504 ^ clkbuf_0_clk/A (sky130_fd_sc_hd__clkbuf_16)
     4    0.042376    0.096839    0.287799    0.388303 ^ clkbuf_0_clk/X (sky130_fd_sc_hd__clkbuf_16)
                                                         clknet_0_clk (net)
                      0.096943    0.001697    0.390000 ^ clkbuf_2_2__f_clk/A (sky130_fd_sc_hd__clkbuf_16)
    13    0.045420    0.100882    0.267956    0.657956 ^ clkbuf_2_2__f_clk/X (sky130_fd_sc_hd__clkbuf_16)
                                                         clknet_2_2__leaf_clk (net)
                      0.101000    0.002899    0.660855 ^ _449_/CLK (sky130_fd_sc_hd__dfxtp_1)
                                  0.250000    0.910855   clock uncertainty
                                  0.000000    0.910855   clock reconvergence pessimism
                                 -0.088583    0.822272   library hold time
                                              0.822272   data required time
---------------------------------------------------------------------------------------------
                                              0.822272   data required time
                                             -1.751912   data arrival time
---------------------------------------------------------------------------------------------
                                              0.929640   slack (MET)


Startpoint: _445_ (rising edge-triggered flip-flop clocked by clk)
Endpoint: _445_ (rising edge-triggered flip-flop clocked by clk)
Path Group: clk
Path Type: min

Fanout         Cap        Slew       Delay        Time   Description
---------------------------------------------------------------------------------------------
                                  0.000000    0.000000   clock clk (rise edge)
                                  0.000000    0.000000   clock source latency
     1    0.019539    0.146837    0.100504    0.100504 ^ clk (in)
                                                         clk (net)
                      0.146870    0.000000    0.100504 ^ clkbuf_0_clk/A (sky130_fd_sc_hd__clkbuf_16)
     4    0.042376    0.096839    0.287799    0.388303 ^ clkbuf_0_clk/X (sky130_fd_sc_hd__clkbuf_16)
                                                         clknet_0_clk (net)
                      0.096943    0.001697    0.390000 ^ clkbuf_2_2__f_clk/A (sky130_fd_sc_hd__clkbuf_16)
    13    0.045420    0.100882    0.267956    0.657956 ^ clkbuf_2_2__f_clk/X (sky130_fd_sc_hd__clkbuf_16)
                                                         clknet_2_2__leaf_clk (net)
                      0.100956    0.002348    0.660303 ^ _445_/CLK (sky130_fd_sc_hd__dfxtp_1)
     5    0.015490    0.148791    0.676550    1.336853 v _445_/Q (sky130_fd_sc_hd__dfxtp_1)
                                                         net30 (net)
                      0.148800    0.001288    1.338141 v _324_/A (sky130_fd_sc_hd__xnor2_1)
     1    0.003043    0.077952    0.280339    1.618480 ^ _324_/Y (sky130_fd_sc_hd__xnor2_1)
                                                         _139_ (net)
                      0.077952    0.000227    1.618707 ^ _325_/A2 (sky130_fd_sc_hd__a21oi_1)
     1    0.002314    0.076675    0.125301    1.744008 v _325_/Y (sky130_fd_sc_hd__a21oi_1)
                                                         _015_ (net)
                      0.076675    0.000095    1.744103 v _445_/D (sky130_fd_sc_hd__dfxtp_1)
                                              1.744103   data arrival time

                                  0.000000    0.000000   clock clk (rise edge)
                                  0.000000    0.000000   clock source latency
     1    0.019539    0.146837    0.100504    0.100504 ^ clk (in)
                                                         clk (net)
                      0.146870    0.000000    0.100504 ^ clkbuf_0_clk/A (sky130_fd_sc_hd__clkbuf_16)
     4    0.042376    0.096839    0.287799    0.388303 ^ clkbuf_0_clk/X (sky130_fd_sc_hd__clkbuf_16)
                                                         clknet_0_clk (net)
                      0.096943    0.001697    0.390000 ^ clkbuf_2_2__f_clk/A (sky130_fd_sc_hd__clkbuf_16)
    13    0.045420    0.100882    0.267956    0.657956 ^ clkbuf_2_2__f_clk/X (sky130_fd_sc_hd__clkbuf_16)
                                                         clknet_2_2__leaf_clk (net)
                      0.100956    0.002348    0.660303 ^ _445_/CLK (sky130_fd_sc_hd__dfxtp_1)
                                  0.250000    0.910304   clock uncertainty
                                  0.000000    0.910304   clock reconvergence pessimism
                                 -0.100224    0.810080   library hold time
                                              0.810080   data required time
---------------------------------------------------------------------------------------------
                                              0.810080   data required time
                                             -1.744103   data arrival time
---------------------------------------------------------------------------------------------
                                              0.934023   slack (MET)


Startpoint: _475_ (rising edge-triggered flip-flop clocked by clk)
Endpoint: _430_ (rising edge-triggered flip-flop clocked by clk)
Path Group: clk
Path Type: min

Fanout         Cap        Slew       Delay        Time   Description
---------------------------------------------------------------------------------------------
                                  0.000000    0.000000   clock clk (rise edge)
                                  0.000000    0.000000   clock source latency
     1    0.019539    0.146837    0.100504    0.100504 ^ clk (in)
                                                         clk (net)
                      0.146870    0.000000    0.100504 ^ clkbuf_0_clk/A (sky130_fd_sc_hd__clkbuf_16)
     4    0.042376    0.096839    0.287799    0.388303 ^ clkbuf_0_clk/X (sky130_fd_sc_hd__clkbuf_16)
                                                         clknet_0_clk (net)
                      0.096942    0.001680    0.389983 ^ clkbuf_2_3__f_clk/A (sky130_fd_sc_hd__clkbuf_16)
    14    0.046259    0.102193    0.268796    0.658779 ^ clkbuf_2_3__f_clk/X (sky130_fd_sc_hd__clkbuf_16)
                                                         clknet_2_3__leaf_clk (net)
                      0.102303    0.002826    0.661605 ^ _475_/CLK (sky130_fd_sc_hd__dfxtp_1)
     6    0.017592    0.272722    0.794146    1.455751 ^ _475_/Q (sky130_fd_sc_hd__dfxtp_1)
                                                         net74 (net)
                      0.272722    0.001050    1.456801 ^ _241_/A1 (sky130_fd_sc_hd__o31a_1)
     1    0.002463    0.072084    0.324776    1.781577 ^ _241_/X (sky130_fd_sc_hd__o31a_1)
                                                         _000_ (net)
                      0.072085    0.000166    1.781742 ^ _430_/D (sky130_fd_sc_hd__dfxtp_1)
                                              1.781742   data arrival time

                                  0.000000    0.000000   clock clk (rise edge)
                                  0.000000    0.000000   clock source latency
     1    0.019539    0.146837    0.100504    0.100504 ^ clk (in)
                                                         clk (net)
                      0.146870    0.000000    0.100504 ^ clkbuf_0_clk/A (sky130_fd_sc_hd__clkbuf_16)
     4    0.042376    0.096839    0.287799    0.388303 ^ clkbuf_0_clk/X (sky130_fd_sc_hd__clkbuf_16)
                                                         clknet_0_clk (net)
                      0.096942    0.001680    0.389983 ^ clkbuf_2_3__f_clk/A (sky130_fd_sc_hd__clkbuf_16)
    14    0.046259    0.102193    0.268796    0.658779 ^ clkbuf_2_3__f_clk/X (sky130_fd_sc_hd__clkbuf_16)
                                                         clknet_2_3__leaf_clk (net)
                      0.102297    0.002753    0.661532 ^ _430_/CLK (sky130_fd_sc_hd__dfxtp_1)
                                  0.250000    0.911532   clock uncertainty
                                  0.000000    0.911532   clock reconvergence pessimism
                                 -0.067372    0.844160   library hold time
                                              0.844160   data required time
---------------------------------------------------------------------------------------------
                                              0.844160   data required time
                                             -1.781742   data arrival time
---------------------------------------------------------------------------------------------
                                              0.937583   slack (MET)


Startpoint: _434_ (rising edge-triggered flip-flop clocked by clk)
Endpoint: _435_ (rising edge-triggered flip-flop clocked by clk)
Path Group: clk
Path Type: min

Fanout         Cap        Slew       Delay        Time   Description
---------------------------------------------------------------------------------------------
                                  0.000000    0.000000   clock clk (rise edge)
                                  0.000000    0.000000   clock source latency
     1    0.019539    0.146837    0.100504    0.100504 ^ clk (in)
                                                         clk (net)
                      0.146870    0.000000    0.100504 ^ clkbuf_0_clk/A (sky130_fd_sc_hd__clkbuf_16)
     4    0.042376    0.096839    0.287799    0.388303 ^ clkbuf_0_clk/X (sky130_fd_sc_hd__clkbuf_16)
                                                         clknet_0_clk (net)
                      0.096961    0.001984    0.390287 ^ clkbuf_2_0__f_clk/A (sky130_fd_sc_hd__clkbuf_16)
    14    0.045642    0.101168    0.268173    0.658460 ^ clkbuf_2_0__f_clk/X (sky130_fd_sc_hd__clkbuf_16)
                                                         clknet_2_0__leaf_clk (net)
                      0.101299    0.003058    0.661518 ^ _434_/CLK (sky130_fd_sc_hd__dfxtp_1)
     6    0.018128    0.170930    0.693331    1.354849 v _434_/Q (sky130_fd_sc_hd__dfxtp_1)
                                                         net28 (net)
                      0.170936    0.001217    1.356066 v _297_/B (sky130_fd_sc_hd__xnor2_1)
     1    0.003409    0.082725    0.269148    1.625214 ^ _297_/Y (sky130_fd_sc_hd__xnor2_1)
                                                         _122_ (net)
                      0.082726    0.000236    1.625450 ^ _298_/A2 (sky130_fd_sc_hd__a21oi_1)
     1    0.002251    0.080187    0.126392    1.751842 v _298_/Y (sky130_fd_sc_hd__a21oi_1)
                                                         _005_ (net)
                      0.080187    0.000160    1.752003 v _435_/D (sky130_fd_sc_hd__dfxtp_1)
                                              1.752003   data arrival time

                                  0.000000    0.000000   clock clk (rise edge)
                                  0.000000    0.000000   clock source latency
     1    0.019539    0.146837    0.100504    0.100504 ^ clk (in)
                                                         clk (net)
                      0.146870    0.000000    0.100504 ^ clkbuf_0_clk/A (sky130_fd_sc_hd__clkbuf_16)
     4    0.042376    0.096839    0.287799    0.388303 ^ clkbuf_0_clk/X (sky130_fd_sc_hd__clkbuf_16)
                                                         clknet_0_clk (net)
                      0.096961    0.001984    0.390287 ^ clkbuf_2_0__f_clk/A (sky130_fd_sc_hd__clkbuf_16)
    14    0.045642    0.101168    0.268173    0.658460 ^ clkbuf_2_0__f_clk/X (sky130_fd_sc_hd__clkbuf_16)
                                                         clknet_2_0__leaf_clk (net)
                      0.101293    0.002991    0.661452 ^ _435_/CLK (sky130_fd_sc_hd__dfxtp_1)
                                  0.250000    0.911452   clock uncertainty
                                  0.000000    0.911452   clock reconvergence pessimism
                                 -0.101470    0.809981   library hold time
                                              0.809981   data required time
---------------------------------------------------------------------------------------------
                                              0.809981   data required time
                                             -1.752003   data arrival time
---------------------------------------------------------------------------------------------
                                              0.942021   slack (MET)


Startpoint: _460_ (rising edge-triggered flip-flop clocked by clk)
Endpoint: _460_ (rising edge-triggered flip-flop clocked by clk)
Path Group: clk
Path Type: min

Fanout         Cap        Slew       Delay        Time   Description
---------------------------------------------------------------------------------------------
                                  0.000000    0.000000   clock clk (rise edge)
                                  0.000000    0.000000   clock source latency
     1    0.019539    0.146837    0.100504    0.100504 ^ clk (in)
                                                         clk (net)
                      0.146870    0.000000    0.100504 ^ clkbuf_0_clk/A (sky130_fd_sc_hd__clkbuf_16)
     4    0.042376    0.096839    0.287799    0.388303 ^ clkbuf_0_clk/X (sky130_fd_sc_hd__clkbuf_16)
                                                         clknet_0_clk (net)
                      0.096962    0.001997    0.390300 ^ clkbuf_2_1__f_clk/A (sky130_fd_sc_hd__clkbuf_16)
    14    0.047669    0.103868    0.270318    0.660618 ^ clkbuf_2_1__f_clk/X (sky130_fd_sc_hd__clkbuf_16)
                                                         clknet_2_1__leaf_clk (net)
                      0.104004    0.003178    0.663796 ^ _460_/CLK (sky130_fd_sc_hd__dfxtp_1)
     6    0.018831    0.176806    0.699113    1.362909 v _460_/Q (sky130_fd_sc_hd__dfxtp_1)
                                                         net63 (net)
                      0.176812    0.001214    1.364123 v _374_/A (sky130_fd_sc_hd__nand3_1)
     1    0.002469    0.086990    0.147172    1.511296 ^ _374_/Y (sky130_fd_sc_hd__nand3_1)
                                                         _176_ (net)
                      0.086990    0.000094    1.511389 ^ _376_/B (sky130_fd_sc_hd__and3_1)
     1    0.001826    0.074567    0.280434    1.791824 ^ _376_/X (sky130_fd_sc_hd__and3_1)
                                                         _030_ (net)
                      0.074567    0.000130    1.791953 ^ _460_/D (sky130_fd_sc_hd__dfxtp_1)
                                              1.791953   data arrival time

                                  0.000000    0.000000   clock clk (rise edge)
                                  0.000000    0.000000   clock source latency
     1    0.019539    0.146837    0.100504    0.100504 ^ clk (in)
                                                         clk (net)
                      0.146870    0.000000    0.100504 ^ clkbuf_0_clk/A (sky130_fd_sc_hd__clkbuf_16)
     4    0.042376    0.096839    0.287799    0.388303 ^ clkbuf_0_clk/X (sky130_fd_sc_hd__clkbuf_16)
                                                         clknet_0_clk (net)
                      0.096962    0.001997    0.390300 ^ clkbuf_2_1__f_clk/A (sky130_fd_sc_hd__clkbuf_16)
    14    0.047669    0.103868    0.270318    0.660618 ^ clkbuf_2_1__f_clk/X (sky130_fd_sc_hd__clkbuf_16)
                                                         clknet_2_1__leaf_clk (net)
                      0.104004    0.003178    0.663796 ^ _460_/CLK (sky130_fd_sc_hd__dfxtp_1)
                                  0.250000    0.913796   clock uncertainty
                                  0.000000    0.913796   clock reconvergence pessimism
                                 -0.067678    0.846118   library hold time
                                              0.846118   data required time
---------------------------------------------------------------------------------------------
                                              0.846118   data required time
                                             -1.791953   data arrival time
---------------------------------------------------------------------------------------------
                                              0.945835   slack (MET)


Startpoint: _449_ (rising edge-triggered flip-flop clocked by clk)
Endpoint: _442_ (rising edge-triggered flip-flop clocked by clk)
Path Group: clk
Path Type: min

Fanout         Cap        Slew       Delay        Time   Description
---------------------------------------------------------------------------------------------
                                  0.000000    0.000000   clock clk (rise edge)
                                  0.000000    0.000000   clock source latency
     1    0.019539    0.146837    0.100504    0.100504 ^ clk (in)
                                                         clk (net)
                      0.146870    0.000000    0.100504 ^ clkbuf_0_clk/A (sky130_fd_sc_hd__clkbuf_16)
     4    0.042376    0.096839    0.287799    0.388303 ^ clkbuf_0_clk/X (sky130_fd_sc_hd__clkbuf_16)
                                                         clknet_0_clk (net)
                      0.096943    0.001697    0.390000 ^ clkbuf_2_2__f_clk/A (sky130_fd_sc_hd__clkbuf_16)
    13    0.045420    0.100882    0.267956    0.657956 ^ clkbuf_2_2__f_clk/X (sky130_fd_sc_hd__clkbuf_16)
                                                         clknet_2_2__leaf_clk (net)
                      0.101000    0.002899    0.660855 ^ _449_/CLK (sky130_fd_sc_hd__dfxtp_1)
     6    0.017417    0.165022    0.688526    1.349381 v _449_/Q (sky130_fd_sc_hd__dfxtp_1)
                                                         net34 (net)
                      0.165033    0.001449    1.350830 v _295_/A (sky130_fd_sc_hd__nand3_2)
     5    0.022011    0.197845    0.234566    1.585396 ^ _295_/Y (sky130_fd_sc_hd__nand3_2)
                                                         _121_ (net)
                      0.197859    0.001377    1.586772 ^ _317_/A1 (sky130_fd_sc_hd__a21oi_1)
     1    0.002613    0.078463    0.169174    1.755946 v _317_/Y (sky130_fd_sc_hd__a21oi_1)
                                                         _012_ (net)
                      0.078463    0.000164    1.756110 v _442_/D (sky130_fd_sc_hd__dfxtp_1)
                                              1.756110   data arrival time

                                  0.000000    0.000000   clock clk (rise edge)
                                  0.000000    0.000000   clock source latency
     1    0.019539    0.146837    0.100504    0.100504 ^ clk (in)
                                                         clk (net)
                      0.146870    0.000000    0.100504 ^ clkbuf_0_clk/A (sky130_fd_sc_hd__clkbuf_16)
     4    0.042376    0.096839    0.287799    0.388303 ^ clkbuf_0_clk/X (sky130_fd_sc_hd__clkbuf_16)
                                                         clknet_0_clk (net)
                      0.096943    0.001697    0.390000 ^ clkbuf_2_2__f_clk/A (sky130_fd_sc_hd__clkbuf_16)
    13    0.045420    0.100882    0.267956    0.657956 ^ clkbuf_2_2__f_clk/X (sky130_fd_sc_hd__clkbuf_16)
                                                         clknet_2_2__leaf_clk (net)
                      0.100977    0.002618    0.660574 ^ _442_/CLK (sky130_fd_sc_hd__dfxtp_1)
                                  0.250000    0.910574   clock uncertainty
                                  0.000000    0.910574   clock reconvergence pessimism
                                 -0.100894    0.809680   library hold time
                                              0.809680   data required time
---------------------------------------------------------------------------------------------
                                              0.809680   data required time
                                             -1.756110   data arrival time
---------------------------------------------------------------------------------------------
                                              0.946430   slack (MET)


Startpoint: _449_ (rising edge-triggered flip-flop clocked by clk)
Endpoint: _444_ (rising edge-triggered flip-flop clocked by clk)
Path Group: clk
Path Type: min

Fanout         Cap        Slew       Delay        Time   Description
---------------------------------------------------------------------------------------------
                                  0.000000    0.000000   clock clk (rise edge)
                                  0.000000    0.000000   clock source latency
     1    0.019539    0.146837    0.100504    0.100504 ^ clk (in)
                                                         clk (net)
                      0.146870    0.000000    0.100504 ^ clkbuf_0_clk/A (sky130_fd_sc_hd__clkbuf_16)
     4    0.042376    0.096839    0.287799    0.388303 ^ clkbuf_0_clk/X (sky130_fd_sc_hd__clkbuf_16)
                                                         clknet_0_clk (net)
                      0.096943    0.001697    0.390000 ^ clkbuf_2_2__f_clk/A (sky130_fd_sc_hd__clkbuf_16)
    13    0.045420    0.100882    0.267956    0.657956 ^ clkbuf_2_2__f_clk/X (sky130_fd_sc_hd__clkbuf_16)
                                                         clknet_2_2__leaf_clk (net)
                      0.101000    0.002899    0.660855 ^ _449_/CLK (sky130_fd_sc_hd__dfxtp_1)
     6    0.017417    0.165022    0.688526    1.349381 v _449_/Q (sky130_fd_sc_hd__dfxtp_1)
                                                         net34 (net)
                      0.165033    0.001449    1.350830 v _295_/A (sky130_fd_sc_hd__nand3_2)
     5    0.022011    0.197845    0.234566    1.585396 ^ _295_/Y (sky130_fd_sc_hd__nand3_2)
                                                         _121_ (net)
                      0.197863    0.001541    1.586937 ^ _323_/A1 (sky130_fd_sc_hd__a21oi_1)
     1    0.002867    0.080086    0.172497    1.759434 v _323_/Y (sky130_fd_sc_hd__a21oi_1)
                                                         _014_ (net)
                      0.080086    0.000182    1.759615 v _444_/D (sky130_fd_sc_hd__dfxtp_1)
                                              1.759615   data arrival time

                                  0.000000    0.000000   clock clk (rise edge)
                                  0.000000    0.000000   clock source latency
     1    0.019539    0.146837    0.100504    0.100504 ^ clk (in)
                                                         clk (net)
                      0.146870    0.000000    0.100504 ^ clkbuf_0_clk/A (sky130_fd_sc_hd__clkbuf_16)
     4    0.042376    0.096839    0.287799    0.388303 ^ clkbuf_0_clk/X (sky130_fd_sc_hd__clkbuf_16)
                                                         clknet_0_clk (net)
                      0.096943    0.001697    0.390000 ^ clkbuf_2_2__f_clk/A (sky130_fd_sc_hd__clkbuf_16)
    13    0.045420    0.100882    0.267956    0.657956 ^ clkbuf_2_2__f_clk/X (sky130_fd_sc_hd__clkbuf_16)
                                                         clknet_2_2__leaf_clk (net)
                      0.100941    0.002144    0.660100 ^ _444_/CLK (sky130_fd_sc_hd__dfxtp_1)
                                  0.250000    0.910100   clock uncertainty
                                  0.000000    0.910100   clock reconvergence pessimism
                                 -0.101516    0.808584   library hold time
                                              0.808584   data required time
---------------------------------------------------------------------------------------------
                                              0.808584   data required time
                                             -1.759615   data arrival time
---------------------------------------------------------------------------------------------
                                              0.951032   slack (MET)


Startpoint: _433_ (rising edge-triggered flip-flop clocked by clk)
Endpoint: _455_ (rising edge-triggered flip-flop clocked by clk)
Path Group: clk
Path Type: min

Fanout         Cap        Slew       Delay        Time   Description
---------------------------------------------------------------------------------------------
                                  0.000000    0.000000   clock clk (rise edge)
                                  0.000000    0.000000   clock source latency
     1    0.019539    0.146837    0.100504    0.100504 ^ clk (in)
                                                         clk (net)
                      0.146870    0.000000    0.100504 ^ clkbuf_0_clk/A (sky130_fd_sc_hd__clkbuf_16)
     4    0.042376    0.096839    0.287799    0.388303 ^ clkbuf_0_clk/X (sky130_fd_sc_hd__clkbuf_16)
                                                         clknet_0_clk (net)
                      0.096942    0.001680    0.389983 ^ clkbuf_2_3__f_clk/A (sky130_fd_sc_hd__clkbuf_16)
    14    0.046259    0.102193    0.268796    0.658779 ^ clkbuf_2_3__f_clk/X (sky130_fd_sc_hd__clkbuf_16)
                                                         clknet_2_3__leaf_clk (net)
                      0.102277    0.002509    0.661288 ^ _433_/CLK (sky130_fd_sc_hd__dfxtp_1)
     8    0.027681    0.251687    0.752907    1.414194 v _433_/Q (sky130_fd_sc_hd__dfxtp_1)
                                                         net22 (net)
                      0.251690    0.001247    1.415441 v _343_/A (sky130_fd_sc_hd__and2_1)
     1    0.002041    0.060221    0.353916    1.769357 v _343_/X (sky130_fd_sc_hd__and2_1)
                                                         _025_ (net)
                      0.060221    0.000141    1.769498 v _455_/D (sky130_fd_sc_hd__dfxtp_1)
                                              1.769498   data arrival time

                                  0.000000    0.000000   clock clk (rise edge)
                                  0.000000    0.000000   clock source latency
     1    0.019539    0.146837    0.100504    0.100504 ^ clk (in)
                                                         clk (net)
                      0.146870    0.000000    0.100504 ^ clkbuf_0_clk/A (sky130_fd_sc_hd__clkbuf_16)
     4    0.042376    0.096839    0.287799    0.388303 ^ clkbuf_0_clk/X (sky130_fd_sc_hd__clkbuf_16)
                                                         clknet_0_clk (net)
                      0.096942    0.001680    0.389983 ^ clkbuf_2_3__f_clk/A (sky130_fd_sc_hd__clkbuf_16)
    14    0.046259    0.102193    0.268796    0.658779 ^ clkbuf_2_3__f_clk/X (sky130_fd_sc_hd__clkbuf_16)
                                                         clknet_2_3__leaf_clk (net)
                      0.102274    0.002460    0.661239 ^ _455_/CLK (sky130_fd_sc_hd__dfxtp_1)
                                  0.250000    0.911239   clock uncertainty
                                  0.000000    0.911239   clock reconvergence pessimism
                                 -0.093688    0.817551   library hold time
                                              0.817551   data required time
---------------------------------------------------------------------------------------------
                                              0.817551   data required time
                                             -1.769498   data arrival time
---------------------------------------------------------------------------------------------
                                              0.951947   slack (MET)


Startpoint: _464_ (rising edge-triggered flip-flop clocked by clk)
Endpoint: _464_ (rising edge-triggered flip-flop clocked by clk)
Path Group: clk
Path Type: min

Fanout         Cap        Slew       Delay        Time   Description
---------------------------------------------------------------------------------------------
                                  0.000000    0.000000   clock clk (rise edge)
                                  0.000000    0.000000   clock source latency
     1    0.019539    0.146837    0.100504    0.100504 ^ clk (in)
                                                         clk (net)
                      0.146870    0.000000    0.100504 ^ clkbuf_0_clk/A (sky130_fd_sc_hd__clkbuf_16)
     4    0.042376    0.096839    0.287799    0.388303 ^ clkbuf_0_clk/X (sky130_fd_sc_hd__clkbuf_16)
                                                         clknet_0_clk (net)
                      0.096961    0.001984    0.390287 ^ clkbuf_2_0__f_clk/A (sky130_fd_sc_hd__clkbuf_16)
    14    0.045642    0.101168    0.268173    0.658460 ^ clkbuf_2_0__f_clk/X (sky130_fd_sc_hd__clkbuf_16)
                                                         clknet_2_0__leaf_clk (net)
                      0.101203    0.001797    0.660257 ^ _464_/CLK (sky130_fd_sc_hd__dfxtp_1)
     6    0.021952    0.203249    0.716871    1.377128 v _464_/Q (sky130_fd_sc_hd__dfxtp_1)
                                                         net67 (net)
                      0.203255    0.001386    1.378514 v _386_/A (sky130_fd_sc_hd__nand2_1)
     1    0.002385    0.073119    0.140429    1.518943 ^ _386_/Y (sky130_fd_sc_hd__nand2_1)
                                                         _184_ (net)
                      0.073119    0.000148    1.519091 ^ _388_/B (sky130_fd_sc_hd__and3_1)
     1    0.001975    0.076412    0.277404    1.796495 ^ _388_/X (sky130_fd_sc_hd__and3_1)
                                                         _034_ (net)
                      0.076412    0.000092    1.796587 ^ _464_/D (sky130_fd_sc_hd__dfxtp_1)
                                              1.796587   data arrival time

                                  0.000000    0.000000   clock clk (rise edge)
                                  0.000000    0.000000   clock source latency
     1    0.019539    0.146837    0.100504    0.100504 ^ clk (in)
                                                         clk (net)
                      0.146870    0.000000    0.100504 ^ clkbuf_0_clk/A (sky130_fd_sc_hd__clkbuf_16)
     4    0.042376    0.096839    0.287799    0.388303 ^ clkbuf_0_clk/X (sky130_fd_sc_hd__clkbuf_16)
                                                         clknet_0_clk (net)
                      0.096961    0.001984    0.390287 ^ clkbuf_2_0__f_clk/A (sky130_fd_sc_hd__clkbuf_16)
    14    0.045642    0.101168    0.268173    0.658460 ^ clkbuf_2_0__f_clk/X (sky130_fd_sc_hd__clkbuf_16)
                                                         clknet_2_0__leaf_clk (net)
                      0.101203    0.001797    0.660257 ^ _464_/CLK (sky130_fd_sc_hd__dfxtp_1)
                                  0.250000    0.910257   clock uncertainty
                                  0.000000    0.910257   clock reconvergence pessimism
                                 -0.068552    0.841705   library hold time
                                              0.841705   data required time
---------------------------------------------------------------------------------------------
                                              0.841705   data required time
                                             -1.796587   data arrival time
---------------------------------------------------------------------------------------------
                                              0.954882   slack (MET)


Startpoint: _459_ (rising edge-triggered flip-flop clocked by clk)
Endpoint: _459_ (rising edge-triggered flip-flop clocked by clk)
Path Group: clk
Path Type: min

Fanout         Cap        Slew       Delay        Time   Description
---------------------------------------------------------------------------------------------
                                  0.000000    0.000000   clock clk (rise edge)
                                  0.000000    0.000000   clock source latency
     1    0.019539    0.146837    0.100504    0.100504 ^ clk (in)
                                                         clk (net)
                      0.146870    0.000000    0.100504 ^ clkbuf_0_clk/A (sky130_fd_sc_hd__clkbuf_16)
     4    0.042376    0.096839    0.287799    0.388303 ^ clkbuf_0_clk/X (sky130_fd_sc_hd__clkbuf_16)
                                                         clknet_0_clk (net)
                      0.096962    0.001997    0.390300 ^ clkbuf_2_1__f_clk/A (sky130_fd_sc_hd__clkbuf_16)
    14    0.047669    0.103868    0.270318    0.660618 ^ clkbuf_2_1__f_clk/X (sky130_fd_sc_hd__clkbuf_16)
                                                         clknet_2_1__leaf_clk (net)
                      0.103996    0.003091    0.663710 ^ _459_/CLK (sky130_fd_sc_hd__dfxtp_1)
     7    0.021471    0.199192    0.715177    1.378887 v _459_/Q (sky130_fd_sc_hd__dfxtp_1)
                                                         net62 (net)
                      0.199213    0.002106    1.380993 v _371_/B (sky130_fd_sc_hd__nand2_1)
     1    0.001892    0.076116    0.148278    1.529271 ^ _371_/Y (sky130_fd_sc_hd__nand2_1)
                                                         _174_ (net)
                      0.076116    0.000082    1.529353 ^ _373_/B (sky130_fd_sc_hd__and3_1)
     1    0.001883    0.075288    0.277228    1.806581 ^ _373_/X (sky130_fd_sc_hd__and3_1)
                                                         _029_ (net)
                      0.075288    0.000086    1.806667 ^ _459_/D (sky130_fd_sc_hd__dfxtp_1)
                                              1.806667   data arrival time

                                  0.000000    0.000000   clock clk (rise edge)
                                  0.000000    0.000000   clock source latency
     1    0.019539    0.146837    0.100504    0.100504 ^ clk (in)
                                                         clk (net)
                      0.146870    0.000000    0.100504 ^ clkbuf_0_clk/A (sky130_fd_sc_hd__clkbuf_16)
     4    0.042376    0.096839    0.287799    0.388303 ^ clkbuf_0_clk/X (sky130_fd_sc_hd__clkbuf_16)
                                                         clknet_0_clk (net)
                      0.096962    0.001997    0.390300 ^ clkbuf_2_1__f_clk/A (sky130_fd_sc_hd__clkbuf_16)
    14    0.047669    0.103868    0.270318    0.660618 ^ clkbuf_2_1__f_clk/X (sky130_fd_sc_hd__clkbuf_16)
                                                         clknet_2_1__leaf_clk (net)
                      0.103996    0.003091    0.663710 ^ _459_/CLK (sky130_fd_sc_hd__dfxtp_1)
                                  0.250000    0.913710   clock uncertainty
                                  0.000000    0.913710   clock reconvergence pessimism
                                 -0.067847    0.845863   library hold time
                                              0.845863   data required time
---------------------------------------------------------------------------------------------
                                              0.845863   data required time
                                             -1.806667   data arrival time
---------------------------------------------------------------------------------------------
                                              0.960804   slack (MET)


Startpoint: _473_ (rising edge-triggered flip-flop clocked by clk)
Endpoint: _473_ (rising edge-triggered flip-flop clocked by clk)
Path Group: clk
Path Type: min

Fanout         Cap        Slew       Delay        Time   Description
---------------------------------------------------------------------------------------------
                                  0.000000    0.000000   clock clk (rise edge)
                                  0.000000    0.000000   clock source latency
     1    0.019539    0.146837    0.100504    0.100504 ^ clk (in)
                                                         clk (net)
                      0.146870    0.000000    0.100504 ^ clkbuf_0_clk/A (sky130_fd_sc_hd__clkbuf_16)
     4    0.042376    0.096839    0.287799    0.388303 ^ clkbuf_0_clk/X (sky130_fd_sc_hd__clkbuf_16)
                                                         clknet_0_clk (net)
                      0.096961    0.001984    0.390287 ^ clkbuf_2_0__f_clk/A (sky130_fd_sc_hd__clkbuf_16)
    14    0.045642    0.101168    0.268173    0.658460 ^ clkbuf_2_0__f_clk/X (sky130_fd_sc_hd__clkbuf_16)
                                                         clknet_2_0__leaf_clk (net)
                      0.101278    0.002811    0.661271 ^ _473_/CLK (sky130_fd_sc_hd__dfxtp_1)
     3    0.011077    0.114359    0.647728    1.308999 v _473_/Q (sky130_fd_sc_hd__dfxtp_1)
                                                         net61 (net)
                      0.114362    0.000712    1.309711 v _414_/A (sky130_fd_sc_hd__xor2_1)
     1    0.002423    0.148740    0.249598    1.559309 ^ _414_/X (sky130_fd_sc_hd__xor2_1)
                                                         _203_ (net)
                      0.148740    0.000147    1.559457 ^ _415_/B (sky130_fd_sc_hd__and2_1)
     1    0.002026    0.069801    0.245823    1.805279 ^ _415_/X (sky130_fd_sc_hd__and2_1)
                                                         _043_ (net)
                      0.069801    0.000146    1.805425 ^ _473_/D (sky130_fd_sc_hd__dfxtp_1)
                                              1.805425   data arrival time

                                  0.000000    0.000000   clock clk (rise edge)
                                  0.000000    0.000000   clock source latency
     1    0.019539    0.146837    0.100504    0.100504 ^ clk (in)
                                                         clk (net)
                      0.146870    0.000000    0.100504 ^ clkbuf_0_clk/A (sky130_fd_sc_hd__clkbuf_16)
     4    0.042376    0.096839    0.287799    0.388303 ^ clkbuf_0_clk/X (sky130_fd_sc_hd__clkbuf_16)
                                                         clknet_0_clk (net)
                      0.096961    0.001984    0.390287 ^ clkbuf_2_0__f_clk/A (sky130_fd_sc_hd__clkbuf_16)
    14    0.045642    0.101168    0.268173    0.658460 ^ clkbuf_2_0__f_clk/X (sky130_fd_sc_hd__clkbuf_16)
                                                         clknet_2_0__leaf_clk (net)
                      0.101278    0.002811    0.661271 ^ _473_/CLK (sky130_fd_sc_hd__dfxtp_1)
                                  0.250000    0.911271   clock uncertainty
                                  0.000000    0.911271   clock reconvergence pessimism
                                 -0.067003    0.844268   library hold time
                                              0.844268   data required time
---------------------------------------------------------------------------------------------
                                              0.844268   data required time
                                             -1.805425   data arrival time
---------------------------------------------------------------------------------------------
                                              0.961157   slack (MET)


Startpoint: _462_ (rising edge-triggered flip-flop clocked by clk)
Endpoint: _462_ (rising edge-triggered flip-flop clocked by clk)
Path Group: clk
Path Type: min

Fanout         Cap        Slew       Delay        Time   Description
---------------------------------------------------------------------------------------------
                                  0.000000    0.000000   clock clk (rise edge)
                                  0.000000    0.000000   clock source latency
     1    0.019539    0.146837    0.100504    0.100504 ^ clk (in)
                                                         clk (net)
                      0.146870    0.000000    0.100504 ^ clkbuf_0_clk/A (sky130_fd_sc_hd__clkbuf_16)
     4    0.042376    0.096839    0.287799    0.388303 ^ clkbuf_0_clk/X (sky130_fd_sc_hd__clkbuf_16)
                                                         clknet_0_clk (net)
                      0.096962    0.001997    0.390300 ^ clkbuf_2_1__f_clk/A (sky130_fd_sc_hd__clkbuf_16)
    14    0.047669    0.103868    0.270318    0.660618 ^ clkbuf_2_1__f_clk/X (sky130_fd_sc_hd__clkbuf_16)
                                                         clknet_2_1__leaf_clk (net)
                      0.103910    0.001942    0.662561 ^ _462_/CLK (sky130_fd_sc_hd__dfxtp_1)
     8    0.022760    0.209809    0.723915    1.386476 v _462_/Q (sky130_fd_sc_hd__dfxtp_1)
                                                         net65 (net)
                      0.209809    0.000603    1.387079 v _380_/A (sky130_fd_sc_hd__nand2_1)
     1    0.001941    0.075261    0.137078    1.524156 ^ _380_/Y (sky130_fd_sc_hd__nand2_1)
                                                         _180_ (net)
                      0.075261    0.000139    1.524295 ^ _382_/B (sky130_fd_sc_hd__and3_1)
     1    0.002342    0.080906    0.283600    1.807895 ^ _382_/X (sky130_fd_sc_hd__and3_1)
                                                         _032_ (net)
                      0.080906    0.000167    1.808062 ^ _462_/D (sky130_fd_sc_hd__dfxtp_1)
                                              1.808062   data arrival time

                                  0.000000    0.000000   clock clk (rise edge)
                                  0.000000    0.000000   clock source latency
     1    0.019539    0.146837    0.100504    0.100504 ^ clk (in)
                                                         clk (net)
                      0.146870    0.000000    0.100504 ^ clkbuf_0_clk/A (sky130_fd_sc_hd__clkbuf_16)
     4    0.042376    0.096839    0.287799    0.388303 ^ clkbuf_0_clk/X (sky130_fd_sc_hd__clkbuf_16)
                                                         clknet_0_clk (net)
                      0.096962    0.001997    0.390300 ^ clkbuf_2_1__f_clk/A (sky130_fd_sc_hd__clkbuf_16)
    14    0.047669    0.103868    0.270318    0.660618 ^ clkbuf_2_1__f_clk/X (sky130_fd_sc_hd__clkbuf_16)
                                                         clknet_2_1__leaf_clk (net)
                      0.103910    0.001942    0.662561 ^ _462_/CLK (sky130_fd_sc_hd__dfxtp_1)
                                  0.250000    0.912561   clock uncertainty
                                  0.000000    0.912561   clock reconvergence pessimism
                                 -0.069167    0.843394   library hold time
                                              0.843394   data required time
---------------------------------------------------------------------------------------------
                                              0.843394   data required time
                                             -1.808062   data arrival time
---------------------------------------------------------------------------------------------
                                              0.964668   slack (MET)


Startpoint: _458_ (rising edge-triggered flip-flop clocked by clk)
Endpoint: _458_ (rising edge-triggered flip-flop clocked by clk)
Path Group: clk
Path Type: min

Fanout         Cap        Slew       Delay        Time   Description
---------------------------------------------------------------------------------------------
                                  0.000000    0.000000   clock clk (rise edge)
                                  0.000000    0.000000   clock source latency
     1    0.019539    0.146837    0.100504    0.100504 ^ clk (in)
                                                         clk (net)
                      0.146870    0.000000    0.100504 ^ clkbuf_0_clk/A (sky130_fd_sc_hd__clkbuf_16)
     4    0.042376    0.096839    0.287799    0.388303 ^ clkbuf_0_clk/X (sky130_fd_sc_hd__clkbuf_16)
                                                         clknet_0_clk (net)
                      0.096962    0.001997    0.390300 ^ clkbuf_2_1__f_clk/A (sky130_fd_sc_hd__clkbuf_16)
    14    0.047669    0.103868    0.270318    0.660618 ^ clkbuf_2_1__f_clk/X (sky130_fd_sc_hd__clkbuf_16)
                                                         clknet_2_1__leaf_clk (net)
                      0.103968    0.002761    0.663379 ^ _458_/CLK (sky130_fd_sc_hd__dfxtp_1)
     8    0.023499    0.216199    0.728123    1.391503 v _458_/Q (sky130_fd_sc_hd__dfxtp_1)
                                                         net55 (net)
                      0.216201    0.001018    1.392520 v _370_/A_N (sky130_fd_sc_hd__and2b_1)
     1    0.002631    0.069901    0.433093    1.825613 ^ _370_/X (sky130_fd_sc_hd__and2b_1)
                                                         _028_ (net)
                      0.069901    0.000170    1.825783 ^ _458_/D (sky130_fd_sc_hd__dfxtp_1)
                                              1.825783   data arrival time

                                  0.000000    0.000000   clock clk (rise edge)
                                  0.000000    0.000000   clock source latency
     1    0.019539    0.146837    0.100504    0.100504 ^ clk (in)
                                                         clk (net)
                      0.146870    0.000000    0.100504 ^ clkbuf_0_clk/A (sky130_fd_sc_hd__clkbuf_16)
     4    0.042376    0.096839    0.287799    0.388303 ^ clkbuf_0_clk/X (sky130_fd_sc_hd__clkbuf_16)
                                                         clknet_0_clk (net)
                      0.096962    0.001997    0.390300 ^ clkbuf_2_1__f_clk/A (sky130_fd_sc_hd__clkbuf_16)
    14    0.047669    0.103868    0.270318    0.660618 ^ clkbuf_2_1__f_clk/X (sky130_fd_sc_hd__clkbuf_16)
                                                         clknet_2_1__leaf_clk (net)
                      0.103968    0.002761    0.663379 ^ _458_/CLK (sky130_fd_sc_hd__dfxtp_1)
                                  0.250000    0.913379   clock uncertainty
                                  0.000000    0.913379   clock reconvergence pessimism
                                 -0.066599    0.846781   library hold time
                                              0.846781   data required time
---------------------------------------------------------------------------------------------
                                              0.846781   data required time
                                             -1.825783   data arrival time
---------------------------------------------------------------------------------------------
                                              0.979002   slack (MET)


Startpoint: _450_ (rising edge-triggered flip-flop clocked by clk)
Endpoint: _450_ (rising edge-triggered flip-flop clocked by clk)
Path Group: clk
Path Type: min

Fanout         Cap        Slew       Delay        Time   Description
---------------------------------------------------------------------------------------------
                                  0.000000    0.000000   clock clk (rise edge)
                                  0.000000    0.000000   clock source latency
     1    0.019539    0.146837    0.100504    0.100504 ^ clk (in)
                                                         clk (net)
                      0.146870    0.000000    0.100504 ^ clkbuf_0_clk/A (sky130_fd_sc_hd__clkbuf_16)
     4    0.042376    0.096839    0.287799    0.388303 ^ clkbuf_0_clk/X (sky130_fd_sc_hd__clkbuf_16)
                                                         clknet_0_clk (net)
                      0.096943    0.001697    0.390000 ^ clkbuf_2_2__f_clk/A (sky130_fd_sc_hd__clkbuf_16)
    13    0.045420    0.100882    0.267956    0.657956 ^ clkbuf_2_2__f_clk/X (sky130_fd_sc_hd__clkbuf_16)
                                                         clknet_2_2__leaf_clk (net)
                      0.100899    0.001453    0.659409 ^ _450_/CLK (sky130_fd_sc_hd__dfxtp_1)
     6    0.020568    0.191377    0.708699    1.368108 v _450_/Q (sky130_fd_sc_hd__dfxtp_1)
                                                         u_global.denial_counter[0] (net)
                      0.191377    0.000719    1.368827 v _339_/A1 (sky130_fd_sc_hd__o211a_1)
     1    0.002195    0.052299    0.442188    1.811015 v _339_/X (sky130_fd_sc_hd__o211a_1)
                                                         _020_ (net)
                      0.052299    0.000146    1.811161 v _450_/D (sky130_fd_sc_hd__dfxtp_1)
                                              1.811161   data arrival time

                                  0.000000    0.000000   clock clk (rise edge)
                                  0.000000    0.000000   clock source latency
     1    0.019539    0.146837    0.100504    0.100504 ^ clk (in)
                                                         clk (net)
                      0.146870    0.000000    0.100504 ^ clkbuf_0_clk/A (sky130_fd_sc_hd__clkbuf_16)
     4    0.042376    0.096839    0.287799    0.388303 ^ clkbuf_0_clk/X (sky130_fd_sc_hd__clkbuf_16)
                                                         clknet_0_clk (net)
                      0.096943    0.001697    0.390000 ^ clkbuf_2_2__f_clk/A (sky130_fd_sc_hd__clkbuf_16)
    13    0.045420    0.100882    0.267956    0.657956 ^ clkbuf_2_2__f_clk/X (sky130_fd_sc_hd__clkbuf_16)
                                                         clknet_2_2__leaf_clk (net)
                      0.100899    0.001453    0.659409 ^ _450_/CLK (sky130_fd_sc_hd__dfxtp_1)
                                  0.250000    0.909409   clock uncertainty
                                  0.000000    0.909409   clock reconvergence pessimism
                                 -0.091023    0.818386   library hold time
                                              0.818386   data required time
---------------------------------------------------------------------------------------------
                                              0.818386   data required time
                                             -1.811161   data arrival time
---------------------------------------------------------------------------------------------
                                              0.992775   slack (MET)


Startpoint: _446_ (rising edge-triggered flip-flop clocked by clk)
Endpoint: _446_ (rising edge-triggered flip-flop clocked by clk)
Path Group: clk
Path Type: min

Fanout         Cap        Slew       Delay        Time   Description
---------------------------------------------------------------------------------------------
                                  0.000000    0.000000   clock clk (rise edge)
                                  0.000000    0.000000   clock source latency
     1    0.019539    0.146837    0.100504    0.100504 ^ clk (in)
                                                         clk (net)
                      0.146870    0.000000    0.100504 ^ clkbuf_0_clk/A (sky130_fd_sc_hd__clkbuf_16)
     4    0.042376    0.096839    0.287799    0.388303 ^ clkbuf_0_clk/X (sky130_fd_sc_hd__clkbuf_16)
                                                         clknet_0_clk (net)
                      0.096943    0.001697    0.390000 ^ clkbuf_2_2__f_clk/A (sky130_fd_sc_hd__clkbuf_16)
    13    0.045420    0.100882    0.267956    0.657956 ^ clkbuf_2_2__f_clk/X (sky130_fd_sc_hd__clkbuf_16)
                                                         clknet_2_2__leaf_clk (net)
                      0.100967    0.002498    0.660454 ^ _446_/CLK (sky130_fd_sc_hd__dfxtp_1)
     4    0.011010    0.113693    0.647351    1.307806 v _446_/Q (sky130_fd_sc_hd__dfxtp_1)
                                                         net31 (net)
                      0.113693    0.000393    1.308199 v _326_/B1 (sky130_fd_sc_hd__a21oi_1)
     1    0.002215    0.128415    0.185987    1.494186 ^ _326_/Y (sky130_fd_sc_hd__a21oi_1)
                                                         _140_ (net)
                      0.128415    0.000106    1.494292 ^ _327_/B (sky130_fd_sc_hd__or2_1)
     1    0.002978    0.067672    0.186811    1.681103 ^ _327_/X (sky130_fd_sc_hd__or2_1)
                                                         _141_ (net)
                      0.067672    0.000207    1.681310 ^ _328_/A2 (sky130_fd_sc_hd__a21oi_1)
     1    0.002412    0.082302    0.122315    1.803625 v _328_/Y (sky130_fd_sc_hd__a21oi_1)
                                                         _016_ (net)
                      0.082302    0.000160    1.803785 v _446_/D (sky130_fd_sc_hd__dfxtp_1)
                                              1.803785   data arrival time

                                  0.000000    0.000000   clock clk (rise edge)
                                  0.000000    0.000000   clock source latency
     1    0.019539    0.146837    0.100504    0.100504 ^ clk (in)
                                                         clk (net)
                      0.146870    0.000000    0.100504 ^ clkbuf_0_clk/A (sky130_fd_sc_hd__clkbuf_16)
     4    0.042376    0.096839    0.287799    0.388303 ^ clkbuf_0_clk/X (sky130_fd_sc_hd__clkbuf_16)
                                                         clknet_0_clk (net)
                      0.096943    0.001697    0.390000 ^ clkbuf_2_2__f_clk/A (sky130_fd_sc_hd__clkbuf_16)
    13    0.045420    0.100882    0.267956    0.657956 ^ clkbuf_2_2__f_clk/X (sky130_fd_sc_hd__clkbuf_16)
                                                         clknet_2_2__leaf_clk (net)
                      0.100967    0.002498    0.660454 ^ _446_/CLK (sky130_fd_sc_hd__dfxtp_1)
                                  0.250000    0.910454   clock uncertainty
                                  0.000000    0.910454   clock reconvergence pessimism
                                 -0.102348    0.808107   library hold time
                                              0.808107   data required time
---------------------------------------------------------------------------------------------
                                              0.808107   data required time
                                             -1.803785   data arrival time
---------------------------------------------------------------------------------------------
                                              0.995679   slack (MET)


Startpoint: _436_ (rising edge-triggered flip-flop clocked by clk)
Endpoint: _436_ (rising edge-triggered flip-flop clocked by clk)
Path Group: clk
Path Type: min

Fanout         Cap        Slew       Delay        Time   Description
---------------------------------------------------------------------------------------------
                                  0.000000    0.000000   clock clk (rise edge)
                                  0.000000    0.000000   clock source latency
     1    0.019539    0.146837    0.100504    0.100504 ^ clk (in)
                                                         clk (net)
                      0.146870    0.000000    0.100504 ^ clkbuf_0_clk/A (sky130_fd_sc_hd__clkbuf_16)
     4    0.042376    0.096839    0.287799    0.388303 ^ clkbuf_0_clk/X (sky130_fd_sc_hd__clkbuf_16)
                                                         clknet_0_clk (net)
                      0.096943    0.001697    0.390000 ^ clkbuf_2_2__f_clk/A (sky130_fd_sc_hd__clkbuf_16)
    13    0.045420    0.100882    0.267956    0.657956 ^ clkbuf_2_2__f_clk/X (sky130_fd_sc_hd__clkbuf_16)
                                                         clknet_2_2__leaf_clk (net)
                      0.101013    0.003052    0.661008 ^ _436_/CLK (sky130_fd_sc_hd__dfxtp_1)
     4    0.008278    0.091236    0.628491    1.289499 v _436_/Q (sky130_fd_sc_hd__dfxtp_1)
                                                         net36 (net)
                      0.091236    0.000266    1.289764 v _299_/B1 (sky130_fd_sc_hd__a21oi_1)
     1    0.002587    0.139077    0.185833    1.475597 ^ _299_/Y (sky130_fd_sc_hd__a21oi_1)
                                                         _123_ (net)
                      0.139077    0.000158    1.475755 ^ _300_/B (sky130_fd_sc_hd__or2_1)
     1    0.003309    0.071979    0.195230    1.670985 ^ _300_/X (sky130_fd_sc_hd__or2_1)
                                                         _124_ (net)
                      0.071979    0.000237    1.671222 ^ _301_/A2 (sky130_fd_sc_hd__a21oi_1)
     1    0.003005    0.090766    0.131427    1.802649 v _301_/Y (sky130_fd_sc_hd__a21oi_1)
                                                         _006_ (net)
                      0.090766    0.000179    1.802828 v _436_/D (sky130_fd_sc_hd__dfxtp_1)
                                              1.802828   data arrival time

                                  0.000000    0.000000   clock clk (rise edge)
                                  0.000000    0.000000   clock source latency
     1    0.019539    0.146837    0.100504    0.100504 ^ clk (in)
                                                         clk (net)
                      0.146870    0.000000    0.100504 ^ clkbuf_0_clk/A (sky130_fd_sc_hd__clkbuf_16)
     4    0.042376    0.096839    0.287799    0.388303 ^ clkbuf_0_clk/X (sky130_fd_sc_hd__clkbuf_16)
                                                         clknet_0_clk (net)
                      0.096943    0.001697    0.390000 ^ clkbuf_2_2__f_clk/A (sky130_fd_sc_hd__clkbuf_16)
    13    0.045420    0.100882    0.267956    0.657956 ^ clkbuf_2_2__f_clk/X (sky130_fd_sc_hd__clkbuf_16)
                                                         clknet_2_2__leaf_clk (net)
                      0.101013    0.003052    0.661008 ^ _436_/CLK (sky130_fd_sc_hd__dfxtp_1)
                                  0.250000    0.911008   clock uncertainty
                                  0.000000    0.911008   clock reconvergence pessimism
                                 -0.105536    0.805472   library hold time
                                              0.805472   data required time
---------------------------------------------------------------------------------------------
                                              0.805472   data required time
                                             -1.802828   data arrival time
---------------------------------------------------------------------------------------------
                                              0.997356   slack (MET)


Startpoint: _465_ (rising edge-triggered flip-flop clocked by clk)
Endpoint: _465_ (rising edge-triggered flip-flop clocked by clk)
Path Group: clk
Path Type: min

Fanout         Cap        Slew       Delay        Time   Description
---------------------------------------------------------------------------------------------
                                  0.000000    0.000000   clock clk (rise edge)
                                  0.000000    0.000000   clock source latency
     1    0.019539    0.146837    0.100504    0.100504 ^ clk (in)
                                                         clk (net)
                      0.146870    0.000000    0.100504 ^ clkbuf_0_clk/A (sky130_fd_sc_hd__clkbuf_16)
     4    0.042376    0.096839    0.287799    0.388303 ^ clkbuf_0_clk/X (sky130_fd_sc_hd__clkbuf_16)
                                                         clknet_0_clk (net)
                      0.096962    0.001997    0.390300 ^ clkbuf_2_1__f_clk/A (sky130_fd_sc_hd__clkbuf_16)
    14    0.047669    0.103868    0.270318    0.660618 ^ clkbuf_2_1__f_clk/X (sky130_fd_sc_hd__clkbuf_16)
                                                         clknet_2_1__leaf_clk (net)
                      0.104031    0.003466    0.664084 ^ _465_/CLK (sky130_fd_sc_hd__dfxtp_1)
     4    0.011005    0.180293    0.727238    1.391322 ^ _465_/Q (sky130_fd_sc_hd__dfxtp_1)
                                                         net68 (net)
                      0.180293    0.000718    1.392040 ^ _390_/B1 (sky130_fd_sc_hd__a21o_1)
     1    0.002403    0.054958    0.179637    1.571677 ^ _390_/X (sky130_fd_sc_hd__a21o_1)
                                                         _187_ (net)
                      0.054958    0.000152    1.571830 ^ _391_/B (sky130_fd_sc_hd__and3b_1)
     1    0.001841    0.075181    0.275565    1.847395 ^ _391_/X (sky130_fd_sc_hd__and3b_1)
                                                         _035_ (net)
                      0.075181    0.000130    1.847525 ^ _465_/D (sky130_fd_sc_hd__dfxtp_1)
                                              1.847525   data arrival time

                                  0.000000    0.000000   clock clk (rise edge)
                                  0.000000    0.000000   clock source latency
     1    0.019539    0.146837    0.100504    0.100504 ^ clk (in)
                                                         clk (net)
                      0.146870    0.000000    0.100504 ^ clkbuf_0_clk/A (sky130_fd_sc_hd__clkbuf_16)
     4    0.042376    0.096839    0.287799    0.388303 ^ clkbuf_0_clk/X (sky130_fd_sc_hd__clkbuf_16)
                                                         clknet_0_clk (net)
                      0.096962    0.001997    0.390300 ^ clkbuf_2_1__f_clk/A (sky130_fd_sc_hd__clkbuf_16)
    14    0.047669    0.103868    0.270318    0.660618 ^ clkbuf_2_1__f_clk/X (sky130_fd_sc_hd__clkbuf_16)
                                                         clknet_2_1__leaf_clk (net)
                      0.104031    0.003466    0.664084 ^ _465_/CLK (sky130_fd_sc_hd__dfxtp_1)
                                  0.250000    0.914084   clock uncertainty
                                  0.000000    0.914084   clock reconvergence pessimism
                                 -0.067816    0.846268   library hold time
                                              0.846268   data required time
---------------------------------------------------------------------------------------------
                                              0.846268   data required time
                                             -1.847525   data arrival time
---------------------------------------------------------------------------------------------
                                              1.001257   slack (MET)


Startpoint: _474_ (rising edge-triggered flip-flop clocked by clk)
Endpoint: _481_ (rising edge-triggered flip-flop clocked by clk)
Path Group: clk
Path Type: min

Fanout         Cap        Slew       Delay        Time   Description
---------------------------------------------------------------------------------------------
                                  0.000000    0.000000   clock clk (rise edge)
                                  0.000000    0.000000   clock source latency
     1    0.019539    0.146837    0.100504    0.100504 ^ clk (in)
                                                         clk (net)
                      0.146870    0.000000    0.100504 ^ clkbuf_0_clk/A (sky130_fd_sc_hd__clkbuf_16)
     4    0.042376    0.096839    0.287799    0.388303 ^ clkbuf_0_clk/X (sky130_fd_sc_hd__clkbuf_16)
                                                         clknet_0_clk (net)
                      0.096942    0.001680    0.389983 ^ clkbuf_2_3__f_clk/A (sky130_fd_sc_hd__clkbuf_16)
    14    0.046259    0.102193    0.268796    0.658779 ^ clkbuf_2_3__f_clk/X (sky130_fd_sc_hd__clkbuf_16)
                                                         clknet_2_3__leaf_clk (net)
                      0.102307    0.002878    0.661657 ^ _474_/CLK (sky130_fd_sc_hd__dfxtp_1)
     4    0.013390    0.212811    0.751208    1.412865 ^ _474_/Q (sky130_fd_sc_hd__dfxtp_1)
                                                         net75 (net)
                      0.212817    0.001407    1.414272 ^ _242_/B (sky130_fd_sc_hd__nor2_1)
     3    0.012439    0.122088    0.196331    1.610603 v _242_/Y (sky130_fd_sc_hd__nor2_1)
                                                         _073_ (net)
                      0.122095    0.001042    1.611645 v _429_/A1 (sky130_fd_sc_hd__a21oi_1)
     1    0.002613    0.139651    0.217933    1.829578 ^ _429_/Y (sky130_fd_sc_hd__a21oi_1)
                                                         _051_ (net)
                      0.139651    0.000169    1.829748 ^ _481_/D (sky130_fd_sc_hd__dfxtp_2)
                                              1.829748   data arrival time

                                  0.000000    0.000000   clock clk (rise edge)
                                  0.000000    0.000000   clock source latency
     1    0.019539    0.146837    0.100504    0.100504 ^ clk (in)
                                                         clk (net)
                      0.146870    0.000000    0.100504 ^ clkbuf_0_clk/A (sky130_fd_sc_hd__clkbuf_16)
     4    0.042376    0.096839    0.287799    0.388303 ^ clkbuf_0_clk/X (sky130_fd_sc_hd__clkbuf_16)
                                                         clknet_0_clk (net)
                      0.096942    0.001680    0.389983 ^ clkbuf_2_3__f_clk/A (sky130_fd_sc_hd__clkbuf_16)
    14    0.046259    0.102193    0.268796    0.658779 ^ clkbuf_2_3__f_clk/X (sky130_fd_sc_hd__clkbuf_16)
                                                         clknet_2_3__leaf_clk (net)
                      0.102256    0.002224    0.661003 ^ _481_/CLK (sky130_fd_sc_hd__dfxtp_2)
                                  0.250000    0.911003   clock uncertainty
                                  0.000000    0.911003   clock reconvergence pessimism
                                 -0.082903    0.828101   library hold time
                                              0.828101   data required time
---------------------------------------------------------------------------------------------
                                              0.828101   data required time
                                             -1.829748   data arrival time
---------------------------------------------------------------------------------------------
                                              1.001647   slack (MET)


Startpoint: _470_ (rising edge-triggered flip-flop clocked by clk)
Endpoint: _470_ (rising edge-triggered flip-flop clocked by clk)
Path Group: clk
Path Type: min

Fanout         Cap        Slew       Delay        Time   Description
---------------------------------------------------------------------------------------------
                                  0.000000    0.000000   clock clk (rise edge)
                                  0.000000    0.000000   clock source latency
     1    0.019539    0.146837    0.100504    0.100504 ^ clk (in)
                                                         clk (net)
                      0.146870    0.000000    0.100504 ^ clkbuf_0_clk/A (sky130_fd_sc_hd__clkbuf_16)
     4    0.042376    0.096839    0.287799    0.388303 ^ clkbuf_0_clk/X (sky130_fd_sc_hd__clkbuf_16)
                                                         clknet_0_clk (net)
                      0.096961    0.001984    0.390287 ^ clkbuf_2_0__f_clk/A (sky130_fd_sc_hd__clkbuf_16)
    14    0.045642    0.101168    0.268173    0.658460 ^ clkbuf_2_0__f_clk/X (sky130_fd_sc_hd__clkbuf_16)
                                                         clknet_2_0__leaf_clk (net)
                      0.101201    0.001764    0.660224 ^ _470_/CLK (sky130_fd_sc_hd__dfxtp_1)
     4    0.010209    0.169190    0.717599    1.377823 ^ _470_/Q (sky130_fd_sc_hd__dfxtp_1)
                                                         net58 (net)
                      0.169190    0.000679    1.378503 ^ _405_/B1 (sky130_fd_sc_hd__a21o_1)
     1    0.002069    0.051127    0.171702    1.550205 ^ _405_/X (sky130_fd_sc_hd__a21o_1)
                                                         _197_ (net)
                      0.051127    0.000093    1.550297 ^ _407_/C (sky130_fd_sc_hd__and3b_1)
     1    0.002051    0.078265    0.293871    1.844168 ^ _407_/X (sky130_fd_sc_hd__and3b_1)
                                                         _040_ (net)
                      0.078265    0.000136    1.844304 ^ _470_/D (sky130_fd_sc_hd__dfxtp_1)
                                              1.844304   data arrival time

                                  0.000000    0.000000   clock clk (rise edge)
                                  0.000000    0.000000   clock source latency
     1    0.019539    0.146837    0.100504    0.100504 ^ clk (in)
                                                         clk (net)
                      0.146870    0.000000    0.100504 ^ clkbuf_0_clk/A (sky130_fd_sc_hd__clkbuf_16)
     4    0.042376    0.096839    0.287799    0.388303 ^ clkbuf_0_clk/X (sky130_fd_sc_hd__clkbuf_16)
                                                         clknet_0_clk (net)
                      0.096961    0.001984    0.390287 ^ clkbuf_2_0__f_clk/A (sky130_fd_sc_hd__clkbuf_16)
    14    0.045642    0.101168    0.268173    0.658460 ^ clkbuf_2_0__f_clk/X (sky130_fd_sc_hd__clkbuf_16)
                                                         clknet_2_0__leaf_clk (net)
                      0.101201    0.001764    0.660224 ^ _470_/CLK (sky130_fd_sc_hd__dfxtp_1)
                                  0.250000    0.910224   clock uncertainty
                                  0.000000    0.910224   clock reconvergence pessimism
                                 -0.068983    0.841241   library hold time
                                              0.841241   data required time
---------------------------------------------------------------------------------------------
                                              0.841241   data required time
                                             -1.844304   data arrival time
---------------------------------------------------------------------------------------------
                                              1.003064   slack (MET)


Startpoint: _437_ (rising edge-triggered flip-flop clocked by clk)
Endpoint: _437_ (rising edge-triggered flip-flop clocked by clk)
Path Group: clk
Path Type: min

Fanout         Cap        Slew       Delay        Time   Description
---------------------------------------------------------------------------------------------
                                  0.000000    0.000000   clock clk (rise edge)
                                  0.000000    0.000000   clock source latency
     1    0.019539    0.146837    0.100504    0.100504 ^ clk (in)
                                                         clk (net)
                      0.146870    0.000000    0.100504 ^ clkbuf_0_clk/A (sky130_fd_sc_hd__clkbuf_16)
     4    0.042376    0.096839    0.287799    0.388303 ^ clkbuf_0_clk/X (sky130_fd_sc_hd__clkbuf_16)
                                                         clknet_0_clk (net)
                      0.096961    0.001984    0.390287 ^ clkbuf_2_0__f_clk/A (sky130_fd_sc_hd__clkbuf_16)
    14    0.045642    0.101168    0.268173    0.658460 ^ clkbuf_2_0__f_clk/X (sky130_fd_sc_hd__clkbuf_16)
                                                         clknet_2_0__leaf_clk (net)
                      0.101285    0.002896    0.661356 ^ _437_/CLK (sky130_fd_sc_hd__dfxtp_1)
     5    0.017353    0.164354    0.688657    1.350013 v _437_/Q (sky130_fd_sc_hd__dfxtp_1)
                                                         net37 (net)
                      0.164355    0.000784    1.350797 v _302_/A (sky130_fd_sc_hd__nor2_1)
     1    0.001707    0.100067    0.179551    1.530349 ^ _302_/Y (sky130_fd_sc_hd__nor2_1)
                                                         _125_ (net)
                      0.100067    0.000120    1.530469 ^ _303_/B (sky130_fd_sc_hd__or2_1)
     1    0.003015    0.067977    0.174447    1.704916 ^ _303_/X (sky130_fd_sc_hd__or2_1)
                                                         _126_ (net)
                      0.067977    0.000210    1.705127 ^ _304_/A2 (sky130_fd_sc_hd__a21oi_1)
     1    0.002138    0.078460    0.119059    1.824186 v _304_/Y (sky130_fd_sc_hd__a21oi_1)
                                                         _007_ (net)
                      0.078460    0.000095    1.824281 v _437_/D (sky130_fd_sc_hd__dfxtp_1)
                                              1.824281   data arrival time

                                  0.000000    0.000000   clock clk (rise edge)
                                  0.000000    0.000000   clock source latency
     1    0.019539    0.146837    0.100504    0.100504 ^ clk (in)
                                                         clk (net)
                      0.146870    0.000000    0.100504 ^ clkbuf_0_clk/A (sky130_fd_sc_hd__clkbuf_16)
     4    0.042376    0.096839    0.287799    0.388303 ^ clkbuf_0_clk/X (sky130_fd_sc_hd__clkbuf_16)
                                                         clknet_0_clk (net)
                      0.096961    0.001984    0.390287 ^ clkbuf_2_0__f_clk/A (sky130_fd_sc_hd__clkbuf_16)
    14    0.045642    0.101168    0.268173    0.658460 ^ clkbuf_2_0__f_clk/X (sky130_fd_sc_hd__clkbuf_16)
                                                         clknet_2_0__leaf_clk (net)
                      0.101285    0.002896    0.661356 ^ _437_/CLK (sky130_fd_sc_hd__dfxtp_1)
                                  0.250000    0.911356   clock uncertainty
                                  0.000000    0.911356   clock reconvergence pessimism
                                 -0.100819    0.810537   library hold time
                                              0.810537   data required time
---------------------------------------------------------------------------------------------
                                              0.810537   data required time
                                             -1.824281   data arrival time
---------------------------------------------------------------------------------------------
                                              1.013744   slack (MET)


Startpoint: _474_ (rising edge-triggered flip-flop clocked by clk)
Endpoint: _478_ (rising edge-triggered flip-flop clocked by clk)
Path Group: clk
Path Type: min

Fanout         Cap        Slew       Delay        Time   Description
---------------------------------------------------------------------------------------------
                                  0.000000    0.000000   clock clk (rise edge)
                                  0.000000    0.000000   clock source latency
     1    0.019539    0.146837    0.100504    0.100504 ^ clk (in)
                                                         clk (net)
                      0.146870    0.000000    0.100504 ^ clkbuf_0_clk/A (sky130_fd_sc_hd__clkbuf_16)
     4    0.042376    0.096839    0.287799    0.388303 ^ clkbuf_0_clk/X (sky130_fd_sc_hd__clkbuf_16)
                                                         clknet_0_clk (net)
                      0.096942    0.001680    0.389983 ^ clkbuf_2_3__f_clk/A (sky130_fd_sc_hd__clkbuf_16)
    14    0.046259    0.102193    0.268796    0.658779 ^ clkbuf_2_3__f_clk/X (sky130_fd_sc_hd__clkbuf_16)
                                                         clknet_2_3__leaf_clk (net)
                      0.102307    0.002878    0.661657 ^ _474_/CLK (sky130_fd_sc_hd__dfxtp_1)
     4    0.013390    0.212811    0.751208    1.412865 ^ _474_/Q (sky130_fd_sc_hd__dfxtp_1)
                                                         net75 (net)
                      0.212817    0.001403    1.414268 ^ _345_/B (sky130_fd_sc_hd__or3_2)
     4    0.015057    0.134921    0.320823    1.735091 ^ _345_/X (sky130_fd_sc_hd__or3_2)
                                                         _150_ (net)
                      0.134929    0.001165    1.736256 ^ _421_/B (sky130_fd_sc_hd__nor3_1)
     1    0.002250    0.042584    0.106203    1.842458 v _421_/Y (sky130_fd_sc_hd__nor3_1)
                                                         _048_ (net)
                      0.042584    0.000091    1.842549 v _478_/D (sky130_fd_sc_hd__dfxtp_1)
                                              1.842549   data arrival time

                                  0.000000    0.000000   clock clk (rise edge)
                                  0.000000    0.000000   clock source latency
     1    0.019539    0.146837    0.100504    0.100504 ^ clk (in)
                                                         clk (net)
                      0.146870    0.000000    0.100504 ^ clkbuf_0_clk/A (sky130_fd_sc_hd__clkbuf_16)
     4    0.042376    0.096839    0.287799    0.388303 ^ clkbuf_0_clk/X (sky130_fd_sc_hd__clkbuf_16)
                                                         clknet_0_clk (net)
                      0.096962    0.001997    0.390300 ^ clkbuf_2_1__f_clk/A (sky130_fd_sc_hd__clkbuf_16)
    14    0.047669    0.103868    0.270318    0.660618 ^ clkbuf_2_1__f_clk/X (sky130_fd_sc_hd__clkbuf_16)
                                                         clknet_2_1__leaf_clk (net)
                      0.103910    0.001956    0.662575 ^ _478_/CLK (sky130_fd_sc_hd__dfxtp_1)
                                  0.250000    0.912575   clock uncertainty
                                  0.000000    0.912575   clock reconvergence pessimism
                                 -0.086627    0.825947   library hold time
                                              0.825947   data required time
---------------------------------------------------------------------------------------------
                                              0.825947   data required time
                                             -1.842549   data arrival time
---------------------------------------------------------------------------------------------
                                              1.016602   slack (MET)


Startpoint: _438_ (rising edge-triggered flip-flop clocked by clk)
Endpoint: _438_ (rising edge-triggered flip-flop clocked by clk)
Path Group: clk
Path Type: min

Fanout         Cap        Slew       Delay        Time   Description
---------------------------------------------------------------------------------------------
                                  0.000000    0.000000   clock clk (rise edge)
                                  0.000000    0.000000   clock source latency
     1    0.019539    0.146837    0.100504    0.100504 ^ clk (in)
                                                         clk (net)
                      0.146870    0.000000    0.100504 ^ clkbuf_0_clk/A (sky130_fd_sc_hd__clkbuf_16)
     4    0.042376    0.096839    0.287799    0.388303 ^ clkbuf_0_clk/X (sky130_fd_sc_hd__clkbuf_16)
                                                         clknet_0_clk (net)
                      0.096961    0.001984    0.390287 ^ clkbuf_2_0__f_clk/A (sky130_fd_sc_hd__clkbuf_16)
    14    0.045642    0.101168    0.268173    0.658460 ^ clkbuf_2_0__f_clk/X (sky130_fd_sc_hd__clkbuf_16)
                                                         clknet_2_0__leaf_clk (net)
                      0.101240    0.002332    0.660792 ^ _438_/CLK (sky130_fd_sc_hd__dfxtp_1)
     6    0.023827    0.218819    0.729326    1.390118 v _438_/Q (sky130_fd_sc_hd__dfxtp_1)
                                                         net38 (net)
                      0.218819    0.000744    1.390863 v _305_/A (sky130_fd_sc_hd__xnor2_1)
     1    0.003191    0.080587    0.314494    1.705357 ^ _305_/Y (sky130_fd_sc_hd__xnor2_1)
                                                         _127_ (net)
                      0.080587    0.000231    1.705588 ^ _306_/A2 (sky130_fd_sc_hd__a21oi_1)
     1    0.002235    0.079868    0.125361    1.830948 v _306_/Y (sky130_fd_sc_hd__a21oi_1)
                                                         _008_ (net)
                      0.079868    0.000147    1.831095 v _438_/D (sky130_fd_sc_hd__dfxtp_1)
                                              1.831095   data arrival time

                                  0.000000    0.000000   clock clk (rise edge)
                                  0.000000    0.000000   clock source latency
     1    0.019539    0.146837    0.100504    0.100504 ^ clk (in)
                                                         clk (net)
                      0.146870    0.000000    0.100504 ^ clkbuf_0_clk/A (sky130_fd_sc_hd__clkbuf_16)
     4    0.042376    0.096839    0.287799    0.388303 ^ clkbuf_0_clk/X (sky130_fd_sc_hd__clkbuf_16)
                                                         clknet_0_clk (net)
                      0.096961    0.001984    0.390287 ^ clkbuf_2_0__f_clk/A (sky130_fd_sc_hd__clkbuf_16)
    14    0.045642    0.101168    0.268173    0.658460 ^ clkbuf_2_0__f_clk/X (sky130_fd_sc_hd__clkbuf_16)
                                                         clknet_2_0__leaf_clk (net)
                      0.101240    0.002332    0.660792 ^ _438_/CLK (sky130_fd_sc_hd__dfxtp_1)
                                  0.250000    0.910792   clock uncertainty
                                  0.000000    0.910792   clock reconvergence pessimism
                                 -0.101362    0.809430   library hold time
                                              0.809430   data required time
---------------------------------------------------------------------------------------------
                                              0.809430   data required time
                                             -1.831095   data arrival time
---------------------------------------------------------------------------------------------
                                              1.021665   slack (MET)


Startpoint: _439_ (rising edge-triggered flip-flop clocked by clk)
Endpoint: _439_ (rising edge-triggered flip-flop clocked by clk)
Path Group: clk
Path Type: min

Fanout         Cap        Slew       Delay        Time   Description
---------------------------------------------------------------------------------------------
                                  0.000000    0.000000   clock clk (rise edge)
                                  0.000000    0.000000   clock source latency
     1    0.019539    0.146837    0.100504    0.100504 ^ clk (in)
                                                         clk (net)
                      0.146870    0.000000    0.100504 ^ clkbuf_0_clk/A (sky130_fd_sc_hd__clkbuf_16)
     4    0.042376    0.096839    0.287799    0.388303 ^ clkbuf_0_clk/X (sky130_fd_sc_hd__clkbuf_16)
                                                         clknet_0_clk (net)
                      0.096961    0.001984    0.390287 ^ clkbuf_2_0__f_clk/A (sky130_fd_sc_hd__clkbuf_16)
    14    0.045642    0.101168    0.268173    0.658460 ^ clkbuf_2_0__f_clk/X (sky130_fd_sc_hd__clkbuf_16)
                                                         clknet_2_0__leaf_clk (net)
                      0.101212    0.001940    0.660400 ^ _439_/CLK (sky130_fd_sc_hd__dfxtp_1)
     5    0.015793    0.151243    0.678881    1.339281 v _439_/Q (sky130_fd_sc_hd__dfxtp_1)
                                                         net39 (net)
                      0.151243    0.000680    1.339962 v _307_/B1 (sky130_fd_sc_hd__a21oi_1)
     1    0.001851    0.118738    0.192430    1.532391 ^ _307_/Y (sky130_fd_sc_hd__a21oi_1)
                                                         _128_ (net)
                      0.118738    0.000085    1.532476 ^ _308_/B (sky130_fd_sc_hd__or2_1)
     1    0.003027    0.068234    0.182982    1.715458 ^ _308_/X (sky130_fd_sc_hd__or2_1)
                                                         _129_ (net)
                      0.068234    0.000212    1.715670 ^ _309_/A2 (sky130_fd_sc_hd__a21oi_1)
     1    0.002012    0.076690    0.117592    1.833262 v _309_/Y (sky130_fd_sc_hd__a21oi_1)
                                                         _009_ (net)
                      0.076690    0.000140    1.833401 v _439_/D (sky130_fd_sc_hd__dfxtp_1)
                                              1.833401   data arrival time

                                  0.000000    0.000000   clock clk (rise edge)
                                  0.000000    0.000000   clock source latency
     1    0.019539    0.146837    0.100504    0.100504 ^ clk (in)
                                                         clk (net)
                      0.146870    0.000000    0.100504 ^ clkbuf_0_clk/A (sky130_fd_sc_hd__clkbuf_16)
     4    0.042376    0.096839    0.287799    0.388303 ^ clkbuf_0_clk/X (sky130_fd_sc_hd__clkbuf_16)
                                                         clknet_0_clk (net)
                      0.096961    0.001984    0.390287 ^ clkbuf_2_0__f_clk/A (sky130_fd_sc_hd__clkbuf_16)
    14    0.045642    0.101168    0.268173    0.658460 ^ clkbuf_2_0__f_clk/X (sky130_fd_sc_hd__clkbuf_16)
                                                         clknet_2_0__leaf_clk (net)
                      0.101212    0.001940    0.660400 ^ _439_/CLK (sky130_fd_sc_hd__dfxtp_1)
                                  0.250000    0.910400   clock uncertainty
                                  0.000000    0.910400   clock reconvergence pessimism
                                 -0.100168    0.810233   library hold time
                                              0.810233   data required time
---------------------------------------------------------------------------------------------
                                              0.810233   data required time
                                             -1.833401   data arrival time
---------------------------------------------------------------------------------------------
                                              1.023169   slack (MET)


Startpoint: _448_ (rising edge-triggered flip-flop clocked by clk)
Endpoint: _448_ (rising edge-triggered flip-flop clocked by clk)
Path Group: clk
Path Type: min

Fanout         Cap        Slew       Delay        Time   Description
---------------------------------------------------------------------------------------------
                                  0.000000    0.000000   clock clk (rise edge)
                                  0.000000    0.000000   clock source latency
     1    0.019539    0.146837    0.100504    0.100504 ^ clk (in)
                                                         clk (net)
                      0.146870    0.000000    0.100504 ^ clkbuf_0_clk/A (sky130_fd_sc_hd__clkbuf_16)
     4    0.042376    0.096839    0.287799    0.388303 ^ clkbuf_0_clk/X (sky130_fd_sc_hd__clkbuf_16)
                                                         clknet_0_clk (net)
                      0.096943    0.001697    0.390000 ^ clkbuf_2_2__f_clk/A (sky130_fd_sc_hd__clkbuf_16)
    13    0.045420    0.100882    0.267956    0.657956 ^ clkbuf_2_2__f_clk/X (sky130_fd_sc_hd__clkbuf_16)
                                                         clknet_2_2__leaf_clk (net)
                      0.100983    0.002702    0.660658 ^ _448_/CLK (sky130_fd_sc_hd__dfxtp_1)
     7    0.024288    0.222949    0.731385    1.392043 v _448_/Q (sky130_fd_sc_hd__dfxtp_1)
                                                         net33 (net)
                      0.222955    0.001492    1.393535 v _332_/A1 (sky130_fd_sc_hd__o211a_1)
     1    0.002079    0.051278    0.453372    1.846907 v _332_/X (sky130_fd_sc_hd__o211a_1)
                                                         _018_ (net)
                      0.051294    0.000149    1.847055 v _448_/D (sky130_fd_sc_hd__dfxtp_1)
                                              1.847055   data arrival time

                                  0.000000    0.000000   clock clk (rise edge)
                                  0.000000    0.000000   clock source latency
     1    0.019539    0.146837    0.100504    0.100504 ^ clk (in)
                                                         clk (net)
                      0.146870    0.000000    0.100504 ^ clkbuf_0_clk/A (sky130_fd_sc_hd__clkbuf_16)
     4    0.042376    0.096839    0.287799    0.388303 ^ clkbuf_0_clk/X (sky130_fd_sc_hd__clkbuf_16)
                                                         clknet_0_clk (net)
                      0.096943    0.001697    0.390000 ^ clkbuf_2_2__f_clk/A (sky130_fd_sc_hd__clkbuf_16)
    13    0.045420    0.100882    0.267956    0.657956 ^ clkbuf_2_2__f_clk/X (sky130_fd_sc_hd__clkbuf_16)
                                                         clknet_2_2__leaf_clk (net)
                      0.100983    0.002702    0.660658 ^ _448_/CLK (sky130_fd_sc_hd__dfxtp_1)
                                  0.250000    0.910658   clock uncertainty
                                  0.000000    0.910658   clock reconvergence pessimism
                                 -0.090623    0.820035   library hold time
                                              0.820035   data required time
---------------------------------------------------------------------------------------------
                                              0.820035   data required time
                                             -1.847055   data arrival time
---------------------------------------------------------------------------------------------
                                              1.027020   slack (MET)


Startpoint: _472_ (rising edge-triggered flip-flop clocked by clk)
Endpoint: _472_ (rising edge-triggered flip-flop clocked by clk)
Path Group: clk
Path Type: min

Fanout         Cap        Slew       Delay        Time   Description
---------------------------------------------------------------------------------------------
                                  0.000000    0.000000   clock clk (rise edge)
                                  0.000000    0.000000   clock source latency
     1    0.019539    0.146837    0.100504    0.100504 ^ clk (in)
                                                         clk (net)
                      0.146870    0.000000    0.100504 ^ clkbuf_0_clk/A (sky130_fd_sc_hd__clkbuf_16)
     4    0.042376    0.096839    0.287799    0.388303 ^ clkbuf_0_clk/X (sky130_fd_sc_hd__clkbuf_16)
                                                         clknet_0_clk (net)
                      0.096961    0.001984    0.390287 ^ clkbuf_2_0__f_clk/A (sky130_fd_sc_hd__clkbuf_16)
    14    0.045642    0.101168    0.268173    0.658460 ^ clkbuf_2_0__f_clk/X (sky130_fd_sc_hd__clkbuf_16)
                                                         clknet_2_0__leaf_clk (net)
                      0.101302    0.003095    0.661556 ^ _472_/CLK (sky130_fd_sc_hd__dfxtp_1)
     4    0.010514    0.173464    0.720769    1.382324 ^ _472_/Q (sky130_fd_sc_hd__dfxtp_1)
                                                         net60 (net)
                      0.173466    0.000973    1.383297 ^ _411_/A (sky130_fd_sc_hd__or2_1)
     1    0.001909    0.054061    0.199500    1.582797 ^ _411_/X (sky130_fd_sc_hd__or2_1)
                                                         _201_ (net)
                      0.054061    0.000087    1.582884 ^ _413_/C (sky130_fd_sc_hd__and3b_1)
     1    0.002879    0.088560    0.307357    1.890240 ^ _413_/X (sky130_fd_sc_hd__and3b_1)
                                                         _042_ (net)
                      0.088560    0.000197    1.890437 ^ _472_/D (sky130_fd_sc_hd__dfxtp_1)
                                              1.890437   data arrival time

                                  0.000000    0.000000   clock clk (rise edge)
                                  0.000000    0.000000   clock source latency
     1    0.019539    0.146837    0.100504    0.100504 ^ clk (in)
                                                         clk (net)
                      0.146870    0.000000    0.100504 ^ clkbuf_0_clk/A (sky130_fd_sc_hd__clkbuf_16)
     4    0.042376    0.096839    0.287799    0.388303 ^ clkbuf_0_clk/X (sky130_fd_sc_hd__clkbuf_16)
                                                         clknet_0_clk (net)
                      0.096961    0.001984    0.390287 ^ clkbuf_2_0__f_clk/A (sky130_fd_sc_hd__clkbuf_16)
    14    0.045642    0.101168    0.268173    0.658460 ^ clkbuf_2_0__f_clk/X (sky130_fd_sc_hd__clkbuf_16)
                                                         clknet_2_0__leaf_clk (net)
                      0.101302    0.003095    0.661556 ^ _472_/CLK (sky130_fd_sc_hd__dfxtp_1)
                                  0.250000    0.911556   clock uncertainty
                                  0.000000    0.911556   clock reconvergence pessimism
                                 -0.071361    0.840194   library hold time
                                              0.840194   data required time
---------------------------------------------------------------------------------------------
                                              0.840194   data required time
                                             -1.890437   data arrival time
---------------------------------------------------------------------------------------------
                                              1.050243   slack (MET)


Startpoint: _471_ (rising edge-triggered flip-flop clocked by clk)
Endpoint: _471_ (rising edge-triggered flip-flop clocked by clk)
Path Group: clk
Path Type: min

Fanout         Cap        Slew       Delay        Time   Description
---------------------------------------------------------------------------------------------
                                  0.000000    0.000000   clock clk (rise edge)
                                  0.000000    0.000000   clock source latency
     1    0.019539    0.146837    0.100504    0.100504 ^ clk (in)
                                                         clk (net)
                      0.146870    0.000000    0.100504 ^ clkbuf_0_clk/A (sky130_fd_sc_hd__clkbuf_16)
     4    0.042376    0.096839    0.287799    0.388303 ^ clkbuf_0_clk/X (sky130_fd_sc_hd__clkbuf_16)
                                                         clknet_0_clk (net)
                      0.096961    0.001984    0.390287 ^ clkbuf_2_0__f_clk/A (sky130_fd_sc_hd__clkbuf_16)
    14    0.045642    0.101168    0.268173    0.658460 ^ clkbuf_2_0__f_clk/X (sky130_fd_sc_hd__clkbuf_16)
                                                         clknet_2_0__leaf_clk (net)
                      0.101289    0.002945    0.661405 ^ _471_/CLK (sky130_fd_sc_hd__dfxtp_1)
     5    0.012335    0.198723    0.739952    1.401356 ^ _471_/Q (sky130_fd_sc_hd__dfxtp_1)
                                                         net59 (net)
                      0.198724    0.000889    1.402245 ^ _408_/A (sky130_fd_sc_hd__or2_1)
     1    0.001991    0.055843    0.211895    1.614140 ^ _408_/X (sky130_fd_sc_hd__or2_1)
                                                         _199_ (net)
                      0.055843    0.000138    1.614278 ^ _410_/C (sky130_fd_sc_hd__and3b_1)
     1    0.001914    0.076546    0.293668    1.907945 ^ _410_/X (sky130_fd_sc_hd__and3b_1)
                                                         _041_ (net)
                      0.076546    0.000087    1.908033 ^ _471_/D (sky130_fd_sc_hd__dfxtp_1)
                                              1.908033   data arrival time

                                  0.000000    0.000000   clock clk (rise edge)
                                  0.000000    0.000000   clock source latency
     1    0.019539    0.146837    0.100504    0.100504 ^ clk (in)
                                                         clk (net)
                      0.146870    0.000000    0.100504 ^ clkbuf_0_clk/A (sky130_fd_sc_hd__clkbuf_16)
     4    0.042376    0.096839    0.287799    0.388303 ^ clkbuf_0_clk/X (sky130_fd_sc_hd__clkbuf_16)
                                                         clknet_0_clk (net)
                      0.096961    0.001984    0.390287 ^ clkbuf_2_0__f_clk/A (sky130_fd_sc_hd__clkbuf_16)
    14    0.045642    0.101168    0.268173    0.658460 ^ clkbuf_2_0__f_clk/X (sky130_fd_sc_hd__clkbuf_16)
                                                         clknet_2_0__leaf_clk (net)
                      0.101289    0.002945    0.661405 ^ _471_/CLK (sky130_fd_sc_hd__dfxtp_1)
                                  0.250000    0.911405   clock uncertainty
                                  0.000000    0.911405   clock reconvergence pessimism
                                 -0.068570    0.842835   library hold time
                                              0.842835   data required time
---------------------------------------------------------------------------------------------
                                              0.842835   data required time
                                             -1.908033   data arrival time
---------------------------------------------------------------------------------------------
                                              1.065197   slack (MET)


Startpoint: _441_ (rising edge-triggered flip-flop clocked by clk)
Endpoint: _441_ (rising edge-triggered flip-flop clocked by clk)
Path Group: clk
Path Type: min

Fanout         Cap        Slew       Delay        Time   Description
---------------------------------------------------------------------------------------------
                                  0.000000    0.000000   clock clk (rise edge)
                                  0.000000    0.000000   clock source latency
     1    0.019539    0.146837    0.100504    0.100504 ^ clk (in)
                                                         clk (net)
                      0.146870    0.000000    0.100504 ^ clkbuf_0_clk/A (sky130_fd_sc_hd__clkbuf_16)
     4    0.042376    0.096839    0.287799    0.388303 ^ clkbuf_0_clk/X (sky130_fd_sc_hd__clkbuf_16)
                                                         clknet_0_clk (net)
                      0.096943    0.001697    0.390000 ^ clkbuf_2_2__f_clk/A (sky130_fd_sc_hd__clkbuf_16)
    13    0.045420    0.100882    0.267956    0.657956 ^ clkbuf_2_2__f_clk/X (sky130_fd_sc_hd__clkbuf_16)
                                                         clknet_2_2__leaf_clk (net)
                      0.101012    0.003041    0.660997 ^ _441_/CLK (sky130_fd_sc_hd__dfxtp_1)
     5    0.011235    0.115608    0.648814    1.309811 v _441_/Q (sky130_fd_sc_hd__dfxtp_1)
                                                         net41 (net)
                      0.115609    0.000595    1.310405 v _313_/B1 (sky130_fd_sc_hd__a31o_1)
     1    0.003399    0.067845    0.354177    1.664583 v _313_/X (sky130_fd_sc_hd__a31o_1)
                                                         _132_ (net)
                      0.067845    0.000221    1.664804 v _314_/B (sky130_fd_sc_hd__nand2b_1)
     1    0.003315    0.081410    0.109359    1.774163 ^ _314_/Y (sky130_fd_sc_hd__nand2b_1)
                                                         _133_ (net)
                      0.081410    0.000226    1.774390 ^ _315_/A2 (sky130_fd_sc_hd__a21oi_1)
     1    0.002231    0.079845    0.125629    1.900019 v _315_/Y (sky130_fd_sc_hd__a21oi_1)
                                                         _011_ (net)
                      0.079845    0.000150    1.900169 v _441_/D (sky130_fd_sc_hd__dfxtp_1)
                                              1.900169   data arrival time

                                  0.000000    0.000000   clock clk (rise edge)
                                  0.000000    0.000000   clock source latency
     1    0.019539    0.146837    0.100504    0.100504 ^ clk (in)
                                                         clk (net)
                      0.146870    0.000000    0.100504 ^ clkbuf_0_clk/A (sky130_fd_sc_hd__clkbuf_16)
     4    0.042376    0.096839    0.287799    0.388303 ^ clkbuf_0_clk/X (sky130_fd_sc_hd__clkbuf_16)
                                                         clknet_0_clk (net)
                      0.096943    0.001697    0.390000 ^ clkbuf_2_2__f_clk/A (sky130_fd_sc_hd__clkbuf_16)
    13    0.045420    0.100882    0.267956    0.657956 ^ clkbuf_2_2__f_clk/X (sky130_fd_sc_hd__clkbuf_16)
                                                         clknet_2_2__leaf_clk (net)
                      0.101012    0.003041    0.660997 ^ _441_/CLK (sky130_fd_sc_hd__dfxtp_1)
                                  0.250000    0.910997   clock uncertainty
                                  0.000000    0.910997   clock reconvergence pessimism
                                 -0.101408    0.809589   library hold time
                                              0.809589   data required time
---------------------------------------------------------------------------------------------
                                              0.809589   data required time
                                             -1.900169   data arrival time
---------------------------------------------------------------------------------------------
                                              1.090580   slack (MET)


Startpoint: _449_ (rising edge-triggered flip-flop clocked by clk)
Endpoint: _447_ (rising edge-triggered flip-flop clocked by clk)
Path Group: clk
Path Type: min

Fanout         Cap        Slew       Delay        Time   Description
---------------------------------------------------------------------------------------------
                                  0.000000    0.000000   clock clk (rise edge)
                                  0.000000    0.000000   clock source latency
     1    0.019539    0.146837    0.100504    0.100504 ^ clk (in)
                                                         clk (net)
                      0.146870    0.000000    0.100504 ^ clkbuf_0_clk/A (sky130_fd_sc_hd__clkbuf_16)
     4    0.042376    0.096839    0.287799    0.388303 ^ clkbuf_0_clk/X (sky130_fd_sc_hd__clkbuf_16)
                                                         clknet_0_clk (net)
                      0.096943    0.001697    0.390000 ^ clkbuf_2_2__f_clk/A (sky130_fd_sc_hd__clkbuf_16)
    13    0.045420    0.100882    0.267956    0.657956 ^ clkbuf_2_2__f_clk/X (sky130_fd_sc_hd__clkbuf_16)
                                                         clknet_2_2__leaf_clk (net)
                      0.101000    0.002899    0.660855 ^ _449_/CLK (sky130_fd_sc_hd__dfxtp_1)
     6    0.017417    0.165022    0.688526    1.349381 v _449_/Q (sky130_fd_sc_hd__dfxtp_1)
                                                         net34 (net)
                      0.165033    0.001456    1.350837 v _329_/A1 (sky130_fd_sc_hd__a21bo_1)
     1    0.003645    0.067514    0.351970    1.702806 v _329_/X (sky130_fd_sc_hd__a21bo_1)
                                                         _142_ (net)
                      0.067514    0.000258    1.703064 v _330_/B1 (sky130_fd_sc_hd__o211a_1)
     1    0.002335    0.053492    0.216605    1.919669 v _330_/X (sky130_fd_sc_hd__o211a_1)
                                                         _017_ (net)
                      0.053492    0.000156    1.919825 v _447_/D (sky130_fd_sc_hd__dfxtp_1)
                                              1.919825   data arrival time

                                  0.000000    0.000000   clock clk (rise edge)
                                  0.000000    0.000000   clock source latency
     1    0.019539    0.146837    0.100504    0.100504 ^ clk (in)
                                                         clk (net)
                      0.146870    0.000000    0.100504 ^ clkbuf_0_clk/A (sky130_fd_sc_hd__clkbuf_16)
     4    0.042376    0.096839    0.287799    0.388303 ^ clkbuf_0_clk/X (sky130_fd_sc_hd__clkbuf_16)
                                                         clknet_0_clk (net)
                      0.096943    0.001697    0.390000 ^ clkbuf_2_2__f_clk/A (sky130_fd_sc_hd__clkbuf_16)
    13    0.045420    0.100882    0.267956    0.657956 ^ clkbuf_2_2__f_clk/X (sky130_fd_sc_hd__clkbuf_16)
                                                         clknet_2_2__leaf_clk (net)
                      0.100980    0.002656    0.660612 ^ _447_/CLK (sky130_fd_sc_hd__dfxtp_1)
                                  0.250000    0.910612   clock uncertainty
                                  0.000000    0.910612   clock reconvergence pessimism
                                 -0.091455    0.819157   library hold time
                                              0.819157   data required time
---------------------------------------------------------------------------------------------
                                              0.819157   data required time
                                             -1.919825   data arrival time
---------------------------------------------------------------------------------------------
                                              1.100667   slack (MET)


Startpoint: _474_ (rising edge-triggered flip-flop clocked by clk)
Endpoint: _457_ (rising edge-triggered flip-flop clocked by clk)
Path Group: clk
Path Type: min

Fanout         Cap        Slew       Delay        Time   Description
---------------------------------------------------------------------------------------------
                                  0.000000    0.000000   clock clk (rise edge)
                                  0.000000    0.000000   clock source latency
     1    0.019539    0.146837    0.100504    0.100504 ^ clk (in)
                                                         clk (net)
                      0.146870    0.000000    0.100504 ^ clkbuf_0_clk/A (sky130_fd_sc_hd__clkbuf_16)
     4    0.042376    0.096839    0.287799    0.388303 ^ clkbuf_0_clk/X (sky130_fd_sc_hd__clkbuf_16)
                                                         clknet_0_clk (net)
                      0.096942    0.001680    0.389983 ^ clkbuf_2_3__f_clk/A (sky130_fd_sc_hd__clkbuf_16)
    14    0.046259    0.102193    0.268796    0.658779 ^ clkbuf_2_3__f_clk/X (sky130_fd_sc_hd__clkbuf_16)
                                                         clknet_2_3__leaf_clk (net)
                      0.102307    0.002878    0.661657 ^ _474_/CLK (sky130_fd_sc_hd__dfxtp_1)
     4    0.013390    0.212811    0.751208    1.412865 ^ _474_/Q (sky130_fd_sc_hd__dfxtp_1)
                                                         net75 (net)
                      0.212817    0.001403    1.414268 ^ _345_/B (sky130_fd_sc_hd__or3_2)
     4    0.015057    0.134921    0.320823    1.735091 ^ _345_/X (sky130_fd_sc_hd__or3_2)
                                                         _150_ (net)
                      0.134921    0.000426    1.735518 ^ _346_/A2 (sky130_fd_sc_hd__o21a_1)
     1    0.001922    0.057798    0.215597    1.951115 ^ _346_/X (sky130_fd_sc_hd__o21a_1)
                                                         _027_ (net)
                      0.057798    0.000137    1.951252 ^ _457_/D (sky130_fd_sc_hd__dfxtp_1)
                                              1.951252   data arrival time

                                  0.000000    0.000000   clock clk (rise edge)
                                  0.000000    0.000000   clock source latency
     1    0.019539    0.146837    0.100504    0.100504 ^ clk (in)
                                                         clk (net)
                      0.146870    0.000000    0.100504 ^ clkbuf_0_clk/A (sky130_fd_sc_hd__clkbuf_16)
     4    0.042376    0.096839    0.287799    0.388303 ^ clkbuf_0_clk/X (sky130_fd_sc_hd__clkbuf_16)
                                                         clknet_0_clk (net)
                      0.096942    0.001680    0.389983 ^ clkbuf_2_3__f_clk/A (sky130_fd_sc_hd__clkbuf_16)
    14    0.046259    0.102193    0.268796    0.658779 ^ clkbuf_2_3__f_clk/X (sky130_fd_sc_hd__clkbuf_16)
                                                         clknet_2_3__leaf_clk (net)
                      0.102316    0.002977    0.661756 ^ _457_/CLK (sky130_fd_sc_hd__dfxtp_1)
                                  0.250000    0.911756   clock uncertainty
                                  0.000000    0.911756   clock reconvergence pessimism
                                 -0.064047    0.847709   library hold time
                                              0.847709   data required time
---------------------------------------------------------------------------------------------
                                              0.847709   data required time
                                             -1.951252   data arrival time
---------------------------------------------------------------------------------------------
                                              1.103543   slack (MET)


Startpoint: _474_ (rising edge-triggered flip-flop clocked by clk)
Endpoint: _476_ (rising edge-triggered flip-flop clocked by clk)
Path Group: clk
Path Type: min

Fanout         Cap        Slew       Delay        Time   Description
---------------------------------------------------------------------------------------------
                                  0.000000    0.000000   clock clk (rise edge)
                                  0.000000    0.000000   clock source latency
     1    0.019539    0.146837    0.100504    0.100504 ^ clk (in)
                                                         clk (net)
                      0.146870    0.000000    0.100504 ^ clkbuf_0_clk/A (sky130_fd_sc_hd__clkbuf_16)
     4    0.042376    0.096839    0.287799    0.388303 ^ clkbuf_0_clk/X (sky130_fd_sc_hd__clkbuf_16)
                                                         clknet_0_clk (net)
                      0.096942    0.001680    0.389983 ^ clkbuf_2_3__f_clk/A (sky130_fd_sc_hd__clkbuf_16)
    14    0.046259    0.102193    0.268796    0.658779 ^ clkbuf_2_3__f_clk/X (sky130_fd_sc_hd__clkbuf_16)
                                                         clknet_2_3__leaf_clk (net)
                      0.102307    0.002878    0.661657 ^ _474_/CLK (sky130_fd_sc_hd__dfxtp_1)
     4    0.013390    0.212811    0.751208    1.412865 ^ _474_/Q (sky130_fd_sc_hd__dfxtp_1)
                                                         net75 (net)
                      0.212817    0.001407    1.414272 ^ _242_/B (sky130_fd_sc_hd__nor2_1)
     3    0.012439    0.122088    0.196331    1.610603 v _242_/Y (sky130_fd_sc_hd__nor2_1)
                                                         _073_ (net)
                      0.122094    0.000996    1.611599 v _418_/A1 (sky130_fd_sc_hd__a31o_1)
     1    0.002217    0.057306    0.332789    1.944387 v _418_/X (sky130_fd_sc_hd__a31o_1)
                                                         _046_ (net)
                      0.057306    0.000152    1.944539 v _476_/D (sky130_fd_sc_hd__dfxtp_1)
                                              1.944539   data arrival time

                                  0.000000    0.000000   clock clk (rise edge)
                                  0.000000    0.000000   clock source latency
     1    0.019539    0.146837    0.100504    0.100504 ^ clk (in)
                                                         clk (net)
                      0.146870    0.000000    0.100504 ^ clkbuf_0_clk/A (sky130_fd_sc_hd__clkbuf_16)
     4    0.042376    0.096839    0.287799    0.388303 ^ clkbuf_0_clk/X (sky130_fd_sc_hd__clkbuf_16)
                                                         clknet_0_clk (net)
                      0.096962    0.001997    0.390300 ^ clkbuf_2_1__f_clk/A (sky130_fd_sc_hd__clkbuf_16)
    14    0.047669    0.103868    0.270318    0.660618 ^ clkbuf_2_1__f_clk/X (sky130_fd_sc_hd__clkbuf_16)
                                                         clknet_2_1__leaf_clk (net)
                      0.103904    0.001843    0.662462 ^ _476_/CLK (sky130_fd_sc_hd__dfxtp_1)
                                  0.250000    0.912462   clock uncertainty
                                  0.000000    0.912462   clock reconvergence pessimism
                                 -0.092194    0.820268   library hold time
                                              0.820268   data required time
---------------------------------------------------------------------------------------------
                                              0.820268   data required time
                                             -1.944539   data arrival time
---------------------------------------------------------------------------------------------
                                              1.124272   slack (MET)


Startpoint: _468_ (rising edge-triggered flip-flop clocked by clk)
Endpoint: _468_ (rising edge-triggered flip-flop clocked by clk)
Path Group: clk
Path Type: min

Fanout         Cap        Slew       Delay        Time   Description
---------------------------------------------------------------------------------------------
                                  0.000000    0.000000   clock clk (rise edge)
                                  0.000000    0.000000   clock source latency
     1    0.019539    0.146837    0.100504    0.100504 ^ clk (in)
                                                         clk (net)
                      0.146870    0.000000    0.100504 ^ clkbuf_0_clk/A (sky130_fd_sc_hd__clkbuf_16)
     4    0.042376    0.096839    0.287799    0.388303 ^ clkbuf_0_clk/X (sky130_fd_sc_hd__clkbuf_16)
                                                         clknet_0_clk (net)
                      0.096961    0.001984    0.390287 ^ clkbuf_2_0__f_clk/A (sky130_fd_sc_hd__clkbuf_16)
    14    0.045642    0.101168    0.268173    0.658460 ^ clkbuf_2_0__f_clk/X (sky130_fd_sc_hd__clkbuf_16)
                                                         clknet_2_0__leaf_clk (net)
                      0.101188    0.001537    0.659998 ^ _468_/CLK (sky130_fd_sc_hd__dfxtp_1)
     6    0.019469    0.299497    0.812828    1.472826 ^ _468_/Q (sky130_fd_sc_hd__dfxtp_1)
                                                         net56 (net)
                      0.299497    0.001164    1.473990 ^ _399_/B1 (sky130_fd_sc_hd__a21o_1)
     1    0.002462    0.058530    0.218436    1.692426 ^ _399_/X (sky130_fd_sc_hd__a21o_1)
                                                         _193_ (net)
                      0.058549    0.000157    1.692583 ^ _401_/B (sky130_fd_sc_hd__and3b_1)
     1    0.001950    0.076485    0.278581    1.971164 ^ _401_/X (sky130_fd_sc_hd__and3b_1)
                                                         _038_ (net)
                      0.076485    0.000089    1.971253 ^ _468_/D (sky130_fd_sc_hd__dfxtp_1)
                                              1.971253   data arrival time

                                  0.000000    0.000000   clock clk (rise edge)
                                  0.000000    0.000000   clock source latency
     1    0.019539    0.146837    0.100504    0.100504 ^ clk (in)
                                                         clk (net)
                      0.146870    0.000000    0.100504 ^ clkbuf_0_clk/A (sky130_fd_sc_hd__clkbuf_16)
     4    0.042376    0.096839    0.287799    0.388303 ^ clkbuf_0_clk/X (sky130_fd_sc_hd__clkbuf_16)
                                                         clknet_0_clk (net)
                      0.096961    0.001984    0.390287 ^ clkbuf_2_0__f_clk/A (sky130_fd_sc_hd__clkbuf_16)
    14    0.045642    0.101168    0.268173    0.658460 ^ clkbuf_2_0__f_clk/X (sky130_fd_sc_hd__clkbuf_16)
                                                         clknet_2_0__leaf_clk (net)
                      0.101188    0.001537    0.659998 ^ _468_/CLK (sky130_fd_sc_hd__dfxtp_1)
                                  0.250000    0.909998   clock uncertainty
                                  0.000000    0.909998   clock reconvergence pessimism
                                 -0.068571    0.841426   library hold time
                                              0.841426   data required time
---------------------------------------------------------------------------------------------
                                              0.841426   data required time
                                             -1.971253   data arrival time
---------------------------------------------------------------------------------------------
                                              1.129827   slack (MET)


Startpoint: _463_ (rising edge-triggered flip-flop clocked by clk)
Endpoint: _463_ (rising edge-triggered flip-flop clocked by clk)
Path Group: clk
Path Type: min

Fanout         Cap        Slew       Delay        Time   Description
---------------------------------------------------------------------------------------------
                                  0.000000    0.000000   clock clk (rise edge)
                                  0.000000    0.000000   clock source latency
     1    0.019539    0.146837    0.100504    0.100504 ^ clk (in)
                                                         clk (net)
                      0.146870    0.000000    0.100504 ^ clkbuf_0_clk/A (sky130_fd_sc_hd__clkbuf_16)
     4    0.042376    0.096839    0.287799    0.388303 ^ clkbuf_0_clk/X (sky130_fd_sc_hd__clkbuf_16)
                                                         clknet_0_clk (net)
                      0.096962    0.001997    0.390300 ^ clkbuf_2_1__f_clk/A (sky130_fd_sc_hd__clkbuf_16)
    14    0.047669    0.103868    0.270318    0.660618 ^ clkbuf_2_1__f_clk/X (sky130_fd_sc_hd__clkbuf_16)
                                                         clknet_2_1__leaf_clk (net)
                      0.103913    0.001996    0.662615 ^ _463_/CLK (sky130_fd_sc_hd__dfxtp_1)
     6    0.021387    0.326826    0.833849    1.496464 ^ _463_/Q (sky130_fd_sc_hd__dfxtp_1)
                                                         net66 (net)
                      0.326826    0.001050    1.497514 ^ _384_/B1 (sky130_fd_sc_hd__a21o_1)
     1    0.001985    0.054431    0.220722    1.718236 ^ _384_/X (sky130_fd_sc_hd__a21o_1)
                                                         _183_ (net)
                      0.054431    0.000141    1.718377 ^ _385_/B (sky130_fd_sc_hd__and3b_1)
     1    0.002015    0.077362    0.277961    1.996338 ^ _385_/X (sky130_fd_sc_hd__and3b_1)
                                                         _033_ (net)
                      0.077362    0.000091    1.996430 ^ _463_/D (sky130_fd_sc_hd__dfxtp_1)
                                              1.996430   data arrival time

                                  0.000000    0.000000   clock clk (rise edge)
                                  0.000000    0.000000   clock source latency
     1    0.019539    0.146837    0.100504    0.100504 ^ clk (in)
                                                         clk (net)
                      0.146870    0.000000    0.100504 ^ clkbuf_0_clk/A (sky130_fd_sc_hd__clkbuf_16)
     4    0.042376    0.096839    0.287799    0.388303 ^ clkbuf_0_clk/X (sky130_fd_sc_hd__clkbuf_16)
                                                         clknet_0_clk (net)
                      0.096962    0.001997    0.390300 ^ clkbuf_2_1__f_clk/A (sky130_fd_sc_hd__clkbuf_16)
    14    0.047669    0.103868    0.270318    0.660618 ^ clkbuf_2_1__f_clk/X (sky130_fd_sc_hd__clkbuf_16)
                                                         clknet_2_1__leaf_clk (net)
                      0.103913    0.001996    0.662615 ^ _463_/CLK (sky130_fd_sc_hd__dfxtp_1)
                                  0.250000    0.912615   clock uncertainty
                                  0.000000    0.912615   clock reconvergence pessimism
                                 -0.068342    0.844272   library hold time
                                              0.844272   data required time
---------------------------------------------------------------------------------------------
                                              0.844272   data required time
                                             -1.996430   data arrival time
---------------------------------------------------------------------------------------------
                                              1.152157   slack (MET)


Startpoint: _467_ (rising edge-triggered flip-flop clocked by clk)
Endpoint: _467_ (rising edge-triggered flip-flop clocked by clk)
Path Group: clk
Path Type: min

Fanout         Cap        Slew       Delay        Time   Description
---------------------------------------------------------------------------------------------
                                  0.000000    0.000000   clock clk (rise edge)
                                  0.000000    0.000000   clock source latency
     1    0.019539    0.146837    0.100504    0.100504 ^ clk (in)
                                                         clk (net)
                      0.146870    0.000000    0.100504 ^ clkbuf_0_clk/A (sky130_fd_sc_hd__clkbuf_16)
     4    0.042376    0.096839    0.287799    0.388303 ^ clkbuf_0_clk/X (sky130_fd_sc_hd__clkbuf_16)
                                                         clknet_0_clk (net)
                      0.096962    0.001997    0.390300 ^ clkbuf_2_1__f_clk/A (sky130_fd_sc_hd__clkbuf_16)
    14    0.047669    0.103868    0.270318    0.660618 ^ clkbuf_2_1__f_clk/X (sky130_fd_sc_hd__clkbuf_16)
                                                         clknet_2_1__leaf_clk (net)
                      0.103884    0.001453    0.662071 ^ _467_/CLK (sky130_fd_sc_hd__dfxtp_1)
     5    0.017546    0.272059    0.794405    1.456477 ^ _467_/Q (sky130_fd_sc_hd__dfxtp_1)
                                                         net70 (net)
                      0.272062    0.001473    1.457950 ^ _396_/B1 (sky130_fd_sc_hd__a31o_1)
     1    0.003205    0.078843    0.246137    1.704088 ^ _396_/X (sky130_fd_sc_hd__a31o_1)
                                                         _191_ (net)
                      0.078843    0.000205    1.704293 ^ _397_/C (sky130_fd_sc_hd__and3_1)
     1    0.001945    0.076095    0.293231    1.997524 ^ _397_/X (sky130_fd_sc_hd__and3_1)
                                                         _037_ (net)
                      0.076095    0.000139    1.997663 ^ _467_/D (sky130_fd_sc_hd__dfxtp_1)
                                              1.997663   data arrival time

                                  0.000000    0.000000   clock clk (rise edge)
                                  0.000000    0.000000   clock source latency
     1    0.019539    0.146837    0.100504    0.100504 ^ clk (in)
                                                         clk (net)
                      0.146870    0.000000    0.100504 ^ clkbuf_0_clk/A (sky130_fd_sc_hd__clkbuf_16)
     4    0.042376    0.096839    0.287799    0.388303 ^ clkbuf_0_clk/X (sky130_fd_sc_hd__clkbuf_16)
                                                         clknet_0_clk (net)
                      0.096962    0.001997    0.390300 ^ clkbuf_2_1__f_clk/A (sky130_fd_sc_hd__clkbuf_16)
    14    0.047669    0.103868    0.270318    0.660618 ^ clkbuf_2_1__f_clk/X (sky130_fd_sc_hd__clkbuf_16)
                                                         clknet_2_1__leaf_clk (net)
                      0.103884    0.001453    0.662071 ^ _467_/CLK (sky130_fd_sc_hd__dfxtp_1)
                                  0.250000    0.912071   clock uncertainty
                                  0.000000    0.912071   clock reconvergence pessimism
                                 -0.068052    0.844019   library hold time
                                              0.844019   data required time
---------------------------------------------------------------------------------------------
                                              0.844019   data required time
                                             -1.997663   data arrival time
---------------------------------------------------------------------------------------------
                                              1.153644   slack (MET)


Startpoint: _461_ (rising edge-triggered flip-flop clocked by clk)
Endpoint: _461_ (rising edge-triggered flip-flop clocked by clk)
Path Group: clk
Path Type: min

Fanout         Cap        Slew       Delay        Time   Description
---------------------------------------------------------------------------------------------
                                  0.000000    0.000000   clock clk (rise edge)
                                  0.000000    0.000000   clock source latency
     1    0.019539    0.146837    0.100504    0.100504 ^ clk (in)
                                                         clk (net)
                      0.146870    0.000000    0.100504 ^ clkbuf_0_clk/A (sky130_fd_sc_hd__clkbuf_16)
     4    0.042376    0.096839    0.287799    0.388303 ^ clkbuf_0_clk/X (sky130_fd_sc_hd__clkbuf_16)
                                                         clknet_0_clk (net)
                      0.096962    0.001997    0.390300 ^ clkbuf_2_1__f_clk/A (sky130_fd_sc_hd__clkbuf_16)
    14    0.047669    0.103868    0.270318    0.660618 ^ clkbuf_2_1__f_clk/X (sky130_fd_sc_hd__clkbuf_16)
                                                         clknet_2_1__leaf_clk (net)
                      0.103957    0.002627    0.663245 ^ _461_/CLK (sky130_fd_sc_hd__dfxtp_1)
     5    0.020837    0.319001    0.828204    1.491450 ^ _461_/Q (sky130_fd_sc_hd__dfxtp_1)
                                                         net64 (net)
                      0.319001    0.001023    1.492473 ^ _378_/B1 (sky130_fd_sc_hd__a31o_1)
     1    0.002209    0.068229    0.247379    1.739853 ^ _378_/X (sky130_fd_sc_hd__a31o_1)
                                                         _179_ (net)
                      0.068229    0.000140    1.739992 ^ _379_/B (sky130_fd_sc_hd__and3b_1)
     1    0.001846    0.075035    0.280769    2.020761 ^ _379_/X (sky130_fd_sc_hd__and3b_1)
                                                         _031_ (net)
                      0.075035    0.000083    2.020844 ^ _461_/D (sky130_fd_sc_hd__dfxtp_1)
                                              2.020844   data arrival time

                                  0.000000    0.000000   clock clk (rise edge)
                                  0.000000    0.000000   clock source latency
     1    0.019539    0.146837    0.100504    0.100504 ^ clk (in)
                                                         clk (net)
                      0.146870    0.000000    0.100504 ^ clkbuf_0_clk/A (sky130_fd_sc_hd__clkbuf_16)
     4    0.042376    0.096839    0.287799    0.388303 ^ clkbuf_0_clk/X (sky130_fd_sc_hd__clkbuf_16)
                                                         clknet_0_clk (net)
                      0.096962    0.001997    0.390300 ^ clkbuf_2_1__f_clk/A (sky130_fd_sc_hd__clkbuf_16)
    14    0.047669    0.103868    0.270318    0.660618 ^ clkbuf_2_1__f_clk/X (sky130_fd_sc_hd__clkbuf_16)
                                                         clknet_2_1__leaf_clk (net)
                      0.103957    0.002627    0.663245 ^ _461_/CLK (sky130_fd_sc_hd__dfxtp_1)
                                  0.250000    0.913245   clock uncertainty
                                  0.000000    0.913245   clock reconvergence pessimism
                                 -0.067794    0.845451   library hold time
                                              0.845451   data required time
---------------------------------------------------------------------------------------------
                                              0.845451   data required time
                                             -2.020844   data arrival time
---------------------------------------------------------------------------------------------
                                              1.175392   slack (MET)


Startpoint: _440_ (rising edge-triggered flip-flop clocked by clk)
Endpoint: _440_ (rising edge-triggered flip-flop clocked by clk)
Path Group: clk
Path Type: min

Fanout         Cap        Slew       Delay        Time   Description
---------------------------------------------------------------------------------------------
                                  0.000000    0.000000   clock clk (rise edge)
                                  0.000000    0.000000   clock source latency
     1    0.019539    0.146837    0.100504    0.100504 ^ clk (in)
                                                         clk (net)
                      0.146870    0.000000    0.100504 ^ clkbuf_0_clk/A (sky130_fd_sc_hd__clkbuf_16)
     4    0.042376    0.096839    0.287799    0.388303 ^ clkbuf_0_clk/X (sky130_fd_sc_hd__clkbuf_16)
                                                         clknet_0_clk (net)
                      0.096961    0.001984    0.390287 ^ clkbuf_2_0__f_clk/A (sky130_fd_sc_hd__clkbuf_16)
    14    0.045642    0.101168    0.268173    0.658460 ^ clkbuf_2_0__f_clk/X (sky130_fd_sc_hd__clkbuf_16)
                                                         clknet_2_0__leaf_clk (net)
                      0.101305    0.003123    0.661584 ^ _440_/CLK (sky130_fd_sc_hd__dfxtp_1)
     6    0.016869    0.262302    0.786654    1.448238 ^ _440_/Q (sky130_fd_sc_hd__dfxtp_1)
                                                         net40 (net)
                      0.262302    0.000784    1.449022 ^ _310_/A1 (sky130_fd_sc_hd__a31o_1)
     1    0.001970    0.067383    0.325509    1.774530 ^ _310_/X (sky130_fd_sc_hd__a31o_1)
                                                         _130_ (net)
                      0.067383    0.000123    1.774653 ^ _311_/B1_N (sky130_fd_sc_hd__o21ba_1)
     1    0.001923    0.049407    0.247199    2.021852 v _311_/X (sky130_fd_sc_hd__o21ba_1)
                                                         _010_ (net)
                      0.049407    0.000137    2.021990 v _440_/D (sky130_fd_sc_hd__dfxtp_1)
                                              2.021990   data arrival time

                                  0.000000    0.000000   clock clk (rise edge)
                                  0.000000    0.000000   clock source latency
     1    0.019539    0.146837    0.100504    0.100504 ^ clk (in)
                                                         clk (net)
                      0.146870    0.000000    0.100504 ^ clkbuf_0_clk/A (sky130_fd_sc_hd__clkbuf_16)
     4    0.042376    0.096839    0.287799    0.388303 ^ clkbuf_0_clk/X (sky130_fd_sc_hd__clkbuf_16)
                                                         clknet_0_clk (net)
                      0.096961    0.001984    0.390287 ^ clkbuf_2_0__f_clk/A (sky130_fd_sc_hd__clkbuf_16)
    14    0.045642    0.101168    0.268173    0.658460 ^ clkbuf_2_0__f_clk/X (sky130_fd_sc_hd__clkbuf_16)
                                                         clknet_2_0__leaf_clk (net)
                      0.101305    0.003123    0.661584 ^ _440_/CLK (sky130_fd_sc_hd__dfxtp_1)
                                  0.250000    0.911583   clock uncertainty
                                  0.000000    0.911583   clock reconvergence pessimism
                                 -0.089833    0.821751   library hold time
                                              0.821751   data required time
---------------------------------------------------------------------------------------------
                                              0.821751   data required time
                                             -2.021990   data arrival time
---------------------------------------------------------------------------------------------
                                              1.200239   slack (MET)


Startpoint: _450_ (rising edge-triggered flip-flop clocked by clk)
Endpoint: _451_ (rising edge-triggered flip-flop clocked by clk)
Path Group: clk
Path Type: min

Fanout         Cap        Slew       Delay        Time   Description
---------------------------------------------------------------------------------------------
                                  0.000000    0.000000   clock clk (rise edge)
                                  0.000000    0.000000   clock source latency
     1    0.019539    0.146837    0.100504    0.100504 ^ clk (in)
                                                         clk (net)
                      0.146870    0.000000    0.100504 ^ clkbuf_0_clk/A (sky130_fd_sc_hd__clkbuf_16)
     4    0.042376    0.096839    0.287799    0.388303 ^ clkbuf_0_clk/X (sky130_fd_sc_hd__clkbuf_16)
                                                         clknet_0_clk (net)
                      0.096943    0.001697    0.390000 ^ clkbuf_2_2__f_clk/A (sky130_fd_sc_hd__clkbuf_16)
    13    0.045420    0.100882    0.267956    0.657956 ^ clkbuf_2_2__f_clk/X (sky130_fd_sc_hd__clkbuf_16)
                                                         clknet_2_2__leaf_clk (net)
                      0.100899    0.001453    0.659409 ^ _450_/CLK (sky130_fd_sc_hd__dfxtp_1)
     6    0.020568    0.191377    0.708699    1.368108 v _450_/Q (sky130_fd_sc_hd__dfxtp_1)
                                                         u_global.denial_counter[0] (net)
                      0.191377    0.000732    1.368840 v _337_/B1 (sky130_fd_sc_hd__o21a_1)
     1    0.002629    0.056328    0.243722    1.612562 v _337_/X (sky130_fd_sc_hd__o21a_1)
                                                         _147_ (net)
                      0.056328    0.000124    1.612686 v _340_/B1 (sky130_fd_sc_hd__o221a_1)
     1    0.002571    0.063792    0.411469    2.024155 v _340_/X (sky130_fd_sc_hd__o221a_1)
                                                         _021_ (net)
                      0.063792    0.000173    2.024328 v _451_/D (sky130_fd_sc_hd__dfxtp_1)
                                              2.024328   data arrival time

                                  0.000000    0.000000   clock clk (rise edge)
                                  0.000000    0.000000   clock source latency
     1    0.019539    0.146837    0.100504    0.100504 ^ clk (in)
                                                         clk (net)
                      0.146870    0.000000    0.100504 ^ clkbuf_0_clk/A (sky130_fd_sc_hd__clkbuf_16)
     4    0.042376    0.096839    0.287799    0.388303 ^ clkbuf_0_clk/X (sky130_fd_sc_hd__clkbuf_16)
                                                         clknet_0_clk (net)
                      0.096942    0.001680    0.389983 ^ clkbuf_2_3__f_clk/A (sky130_fd_sc_hd__clkbuf_16)
    14    0.046259    0.102193    0.268796    0.658779 ^ clkbuf_2_3__f_clk/X (sky130_fd_sc_hd__clkbuf_16)
                                                         clknet_2_3__leaf_clk (net)
                      0.102277    0.002511    0.661290 ^ _451_/CLK (sky130_fd_sc_hd__dfxtp_1)
                                  0.250000    0.911290   clock uncertainty
                                  0.000000    0.911290   clock reconvergence pessimism
                                 -0.095036    0.816254   library hold time
                                              0.816254   data required time
---------------------------------------------------------------------------------------------
                                              0.816254   data required time
                                             -2.024328   data arrival time
---------------------------------------------------------------------------------------------
                                              1.208074   slack (MET)


Startpoint: _431_ (rising edge-triggered flip-flop clocked by clk)
Endpoint: _431_ (rising edge-triggered flip-flop clocked by clk)
Path Group: clk
Path Type: min

Fanout         Cap        Slew       Delay        Time   Description
---------------------------------------------------------------------------------------------
                                  0.000000    0.000000   clock clk (rise edge)
                                  0.000000    0.000000   clock source latency
     1    0.019539    0.146837    0.100504    0.100504 ^ clk (in)
                                                         clk (net)
                      0.146870    0.000000    0.100504 ^ clkbuf_0_clk/A (sky130_fd_sc_hd__clkbuf_16)
     4    0.042376    0.096839    0.287799    0.388303 ^ clkbuf_0_clk/X (sky130_fd_sc_hd__clkbuf_16)
                                                         clknet_0_clk (net)
                      0.096943    0.001697    0.390000 ^ clkbuf_2_2__f_clk/A (sky130_fd_sc_hd__clkbuf_16)
    13    0.045420    0.100882    0.267956    0.657956 ^ clkbuf_2_2__f_clk/X (sky130_fd_sc_hd__clkbuf_16)
                                                         clknet_2_2__leaf_clk (net)
                      0.100935    0.002047    0.660003 ^ _431_/CLK (sky130_fd_sc_hd__dfxtp_2)
     7    0.026072    0.220533    0.787172    1.447174 ^ _431_/Q (sky130_fd_sc_hd__dfxtp_2)
                                                         net20 (net)
                      0.220536    0.001270    1.448444 ^ _253_/A1 (sky130_fd_sc_hd__a21o_1)
     2    0.005974    0.098775    0.295214    1.743658 ^ _253_/X (sky130_fd_sc_hd__a21o_1)
                                                         _084_ (net)
                      0.098775    0.000205    1.743862 ^ _256_/B1 (sky130_fd_sc_hd__a221oi_1)
     1    0.003140    0.072906    0.155288    1.899150 v _256_/Y (sky130_fd_sc_hd__a221oi_1)
                                                         _087_ (net)
                      0.072906    0.000209    1.899359 v _264_/A1 (sky130_fd_sc_hd__a21oi_1)
     1    0.002753    0.143467    0.200049    2.099408 ^ _264_/Y (sky130_fd_sc_hd__a21oi_1)
                                                         _001_ (net)
                      0.143467    0.000108    2.099516 ^ _431_/D (sky130_fd_sc_hd__dfxtp_2)
                                              2.099516   data arrival time

                                  0.000000    0.000000   clock clk (rise edge)
                                  0.000000    0.000000   clock source latency
     1    0.019539    0.146837    0.100504    0.100504 ^ clk (in)
                                                         clk (net)
                      0.146870    0.000000    0.100504 ^ clkbuf_0_clk/A (sky130_fd_sc_hd__clkbuf_16)
     4    0.042376    0.096839    0.287799    0.388303 ^ clkbuf_0_clk/X (sky130_fd_sc_hd__clkbuf_16)
                                                         clknet_0_clk (net)
                      0.096943    0.001697    0.390000 ^ clkbuf_2_2__f_clk/A (sky130_fd_sc_hd__clkbuf_16)
    13    0.045420    0.100882    0.267956    0.657956 ^ clkbuf_2_2__f_clk/X (sky130_fd_sc_hd__clkbuf_16)
                                                         clknet_2_2__leaf_clk (net)
                      0.100935    0.002047    0.660003 ^ _431_/CLK (sky130_fd_sc_hd__dfxtp_2)
                                  0.250000    0.910003   clock uncertainty
                                  0.000000    0.910003   clock reconvergence pessimism
                                 -0.083995    0.826008   library hold time
                                              0.826008   data required time
---------------------------------------------------------------------------------------------
                                              0.826008   data required time
                                             -2.099516   data arrival time
---------------------------------------------------------------------------------------------
                                              1.273508   slack (MET)


Startpoint: _474_ (rising edge-triggered flip-flop clocked by clk)
Endpoint: _477_ (rising edge-triggered flip-flop clocked by clk)
Path Group: clk
Path Type: min

Fanout         Cap        Slew       Delay        Time   Description
---------------------------------------------------------------------------------------------
                                  0.000000    0.000000   clock clk (rise edge)
                                  0.000000    0.000000   clock source latency
     1    0.019539    0.146837    0.100504    0.100504 ^ clk (in)
                                                         clk (net)
                      0.146870    0.000000    0.100504 ^ clkbuf_0_clk/A (sky130_fd_sc_hd__clkbuf_16)
     4    0.042376    0.096839    0.287799    0.388303 ^ clkbuf_0_clk/X (sky130_fd_sc_hd__clkbuf_16)
                                                         clknet_0_clk (net)
                      0.096942    0.001680    0.389983 ^ clkbuf_2_3__f_clk/A (sky130_fd_sc_hd__clkbuf_16)
    14    0.046259    0.102193    0.268796    0.658779 ^ clkbuf_2_3__f_clk/X (sky130_fd_sc_hd__clkbuf_16)
                                                         clknet_2_3__leaf_clk (net)
                      0.102307    0.002878    0.661657 ^ _474_/CLK (sky130_fd_sc_hd__dfxtp_1)
     4    0.013390    0.212811    0.751208    1.412865 ^ _474_/Q (sky130_fd_sc_hd__dfxtp_1)
                                                         net75 (net)
                      0.212817    0.001403    1.414268 ^ _345_/B (sky130_fd_sc_hd__or3_2)
     4    0.015057    0.134921    0.320823    1.735091 ^ _345_/X (sky130_fd_sc_hd__or3_2)
                                                         _150_ (net)
                      0.134930    0.001183    1.736274 ^ _362_/B1 (sky130_fd_sc_hd__a31o_1)
     2    0.009855    0.168174    0.267839    2.004113 ^ _362_/X (sky130_fd_sc_hd__a31o_1)
                                                         _166_ (net)
                      0.168174    0.000615    2.004727 ^ _419_/B (sky130_fd_sc_hd__nor2_1)
     1    0.002208    0.049483    0.102015    2.106742 v _419_/Y (sky130_fd_sc_hd__nor2_1)
                                                         _047_ (net)
                      0.049483    0.000155    2.106897 v _477_/D (sky130_fd_sc_hd__dfxtp_1)
                                              2.106897   data arrival time

                                  0.000000    0.000000   clock clk (rise edge)
                                  0.000000    0.000000   clock source latency
     1    0.019539    0.146837    0.100504    0.100504 ^ clk (in)
                                                         clk (net)
                      0.146870    0.000000    0.100504 ^ clkbuf_0_clk/A (sky130_fd_sc_hd__clkbuf_16)
     4    0.042376    0.096839    0.287799    0.388303 ^ clkbuf_0_clk/X (sky130_fd_sc_hd__clkbuf_16)
                                                         clknet_0_clk (net)
                      0.096962    0.001997    0.390300 ^ clkbuf_2_1__f_clk/A (sky130_fd_sc_hd__clkbuf_16)
    14    0.047669    0.103868    0.270318    0.660618 ^ clkbuf_2_1__f_clk/X (sky130_fd_sc_hd__clkbuf_16)
                                                         clknet_2_1__leaf_clk (net)
                      0.103954    0.002584    0.663202 ^ _477_/CLK (sky130_fd_sc_hd__dfxtp_1)
                                  0.250000    0.913202   clock uncertainty
                                  0.000000    0.913202   clock reconvergence pessimism
                                 -0.089225    0.823977   library hold time
                                              0.823977   data required time
---------------------------------------------------------------------------------------------
                                              0.823977   data required time
                                             -2.106897   data arrival time
---------------------------------------------------------------------------------------------
                                              1.282919   slack (MET)


Startpoint: _474_ (rising edge-triggered flip-flop clocked by clk)
Endpoint: _479_ (rising edge-triggered flip-flop clocked by clk)
Path Group: clk
Path Type: min

Fanout         Cap        Slew       Delay        Time   Description
---------------------------------------------------------------------------------------------
                                  0.000000    0.000000   clock clk (rise edge)
                                  0.000000    0.000000   clock source latency
     1    0.019539    0.146837    0.100504    0.100504 ^ clk (in)
                                                         clk (net)
                      0.146870    0.000000    0.100504 ^ clkbuf_0_clk/A (sky130_fd_sc_hd__clkbuf_16)
     4    0.042376    0.096839    0.287799    0.388303 ^ clkbuf_0_clk/X (sky130_fd_sc_hd__clkbuf_16)
                                                         clknet_0_clk (net)
                      0.096942    0.001680    0.389983 ^ clkbuf_2_3__f_clk/A (sky130_fd_sc_hd__clkbuf_16)
    14    0.046259    0.102193    0.268796    0.658779 ^ clkbuf_2_3__f_clk/X (sky130_fd_sc_hd__clkbuf_16)
                                                         clknet_2_3__leaf_clk (net)
                      0.102307    0.002878    0.661657 ^ _474_/CLK (sky130_fd_sc_hd__dfxtp_1)
     4    0.013390    0.212811    0.751208    1.412865 ^ _474_/Q (sky130_fd_sc_hd__dfxtp_1)
                                                         net75 (net)
                      0.212817    0.001403    1.414268 ^ _345_/B (sky130_fd_sc_hd__or3_2)
     4    0.015057    0.134921    0.320823    1.735091 ^ _345_/X (sky130_fd_sc_hd__or3_2)
                                                         _150_ (net)
                      0.134929    0.001133    1.736224 ^ _363_/B1 (sky130_fd_sc_hd__a31o_1)
     2    0.005812    0.111333    0.223874    1.960097 ^ _363_/X (sky130_fd_sc_hd__a31o_1)
                                                         _167_ (net)
                      0.111333    0.000330    1.960427 ^ _422_/B (sky130_fd_sc_hd__and2_1)
     1    0.002119    0.070928    0.233041    2.193468 ^ _422_/X (sky130_fd_sc_hd__and2_1)
                                                         _049_ (net)
                      0.070928    0.000145    2.193613 ^ _479_/D (sky130_fd_sc_hd__dfxtp_1)
                                              2.193613   data arrival time

                                  0.000000    0.000000   clock clk (rise edge)
                                  0.000000    0.000000   clock source latency
     1    0.019539    0.146837    0.100504    0.100504 ^ clk (in)
                                                         clk (net)
                      0.146870    0.000000    0.100504 ^ clkbuf_0_clk/A (sky130_fd_sc_hd__clkbuf_16)
     4    0.042376    0.096839    0.287799    0.388303 ^ clkbuf_0_clk/X (sky130_fd_sc_hd__clkbuf_16)
                                                         clknet_0_clk (net)
                      0.096962    0.001997    0.390300 ^ clkbuf_2_1__f_clk/A (sky130_fd_sc_hd__clkbuf_16)
    14    0.047669    0.103868    0.270318    0.660618 ^ clkbuf_2_1__f_clk/X (sky130_fd_sc_hd__clkbuf_16)
                                                         clknet_2_1__leaf_clk (net)
                      0.103973    0.002820    0.663438 ^ _479_/CLK (sky130_fd_sc_hd__dfxtp_1)
                                  0.250000    0.913438   clock uncertainty
                                  0.000000    0.913438   clock reconvergence pessimism
                                 -0.066837    0.846601   library hold time
                                              0.846601   data required time
---------------------------------------------------------------------------------------------
                                              0.846601   data required time
                                             -2.193613   data arrival time
---------------------------------------------------------------------------------------------
                                              1.347012   slack (MET)


Startpoint: _450_ (rising edge-triggered flip-flop clocked by clk)
Endpoint: _432_ (rising edge-triggered flip-flop clocked by clk)
Path Group: clk
Path Type: min

Fanout         Cap        Slew       Delay        Time   Description
---------------------------------------------------------------------------------------------
                                  0.000000    0.000000   clock clk (rise edge)
                                  0.000000    0.000000   clock source latency
     1    0.019539    0.146837    0.100504    0.100504 ^ clk (in)
                                                         clk (net)
                      0.146870    0.000000    0.100504 ^ clkbuf_0_clk/A (sky130_fd_sc_hd__clkbuf_16)
     4    0.042376    0.096839    0.287799    0.388303 ^ clkbuf_0_clk/X (sky130_fd_sc_hd__clkbuf_16)
                                                         clknet_0_clk (net)
                      0.096943    0.001697    0.390000 ^ clkbuf_2_2__f_clk/A (sky130_fd_sc_hd__clkbuf_16)
    13    0.045420    0.100882    0.267956    0.657956 ^ clkbuf_2_2__f_clk/X (sky130_fd_sc_hd__clkbuf_16)
                                                         clknet_2_2__leaf_clk (net)
                      0.100899    0.001453    0.659409 ^ _450_/CLK (sky130_fd_sc_hd__dfxtp_1)
     6    0.021365    0.326492    0.832362    1.491771 ^ _450_/Q (sky130_fd_sc_hd__dfxtp_1)
                                                         u_global.denial_counter[0] (net)
                      0.326492    0.000937    1.492708 ^ _265_/A (sky130_fd_sc_hd__or2_1)
     2    0.006395    0.113704    0.303668    1.796376 ^ _265_/X (sky130_fd_sc_hd__or2_1)
                                                         _094_ (net)
                      0.113704    0.000429    1.796805 ^ _267_/A2 (sky130_fd_sc_hd__o32a_1)
     1    0.003327    0.086743    0.304661    2.101466 ^ _267_/X (sky130_fd_sc_hd__o32a_1)
                                                         _096_ (net)
                      0.086743    0.000143    2.101609 ^ _268_/B (sky130_fd_sc_hd__nor2_1)
     1    0.003042    0.040254    0.078325    2.179934 v _268_/Y (sky130_fd_sc_hd__nor2_1)
                                                         _002_ (net)
                      0.040254    0.000122    2.180055 v _432_/D (sky130_fd_sc_hd__dfxtp_1)
                                              2.180055   data arrival time

                                  0.000000    0.000000   clock clk (rise edge)
                                  0.000000    0.000000   clock source latency
     1    0.019539    0.146837    0.100504    0.100504 ^ clk (in)
                                                         clk (net)
                      0.146870    0.000000    0.100504 ^ clkbuf_0_clk/A (sky130_fd_sc_hd__clkbuf_16)
     4    0.042376    0.096839    0.287799    0.388303 ^ clkbuf_0_clk/X (sky130_fd_sc_hd__clkbuf_16)
                                                         clknet_0_clk (net)
                      0.096942    0.001680    0.389983 ^ clkbuf_2_3__f_clk/A (sky130_fd_sc_hd__clkbuf_16)
    14    0.046259    0.102193    0.268796    0.658779 ^ clkbuf_2_3__f_clk/X (sky130_fd_sc_hd__clkbuf_16)
                                                         clknet_2_3__leaf_clk (net)
                      0.102242    0.002013    0.660792 ^ _432_/CLK (sky130_fd_sc_hd__dfxtp_1)
                                  0.250000    0.910792   clock uncertainty
                                  0.000000    0.910792   clock reconvergence pessimism
                                 -0.086148    0.824644   library hold time
                                              0.824644   data required time
---------------------------------------------------------------------------------------------
                                              0.824644   data required time
                                             -2.180055   data arrival time
---------------------------------------------------------------------------------------------
                                              1.355411   slack (MET)


Startpoint: _449_ (rising edge-triggered flip-flop clocked by clk)
Endpoint: _434_ (rising edge-triggered flip-flop clocked by clk)
Path Group: clk
Path Type: min

Fanout         Cap        Slew       Delay        Time   Description
---------------------------------------------------------------------------------------------
                                  0.000000    0.000000   clock clk (rise edge)
                                  0.000000    0.000000   clock source latency
     1    0.019539    0.146837    0.100504    0.100504 ^ clk (in)
                                                         clk (net)
                      0.146870    0.000000    0.100504 ^ clkbuf_0_clk/A (sky130_fd_sc_hd__clkbuf_16)
     4    0.042376    0.096839    0.287799    0.388303 ^ clkbuf_0_clk/X (sky130_fd_sc_hd__clkbuf_16)
                                                         clknet_0_clk (net)
                      0.096943    0.001697    0.390000 ^ clkbuf_2_2__f_clk/A (sky130_fd_sc_hd__clkbuf_16)
    13    0.045420    0.100882    0.267956    0.657956 ^ clkbuf_2_2__f_clk/X (sky130_fd_sc_hd__clkbuf_16)
                                                         clknet_2_2__leaf_clk (net)
                      0.101000    0.002899    0.660855 ^ _449_/CLK (sky130_fd_sc_hd__dfxtp_1)
     6    0.017417    0.165022    0.688526    1.349381 v _449_/Q (sky130_fd_sc_hd__dfxtp_1)
                                                         net34 (net)
                      0.165033    0.001449    1.350830 v _295_/A (sky130_fd_sc_hd__nand3_2)
     5    0.022011    0.197845    0.234566    1.585396 ^ _295_/Y (sky130_fd_sc_hd__nand3_2)
                                                         _121_ (net)
                      0.197853    0.001018    1.586414 ^ fanout79/A (sky130_fd_sc_hd__buf_2)
    10    0.045176    0.352812    0.457953    2.044366 ^ fanout79/X (sky130_fd_sc_hd__buf_2)
                                                         net79 (net)
                      0.353108    0.006600    2.050967 ^ _296_/A2 (sky130_fd_sc_hd__a21oi_1)
     1    0.002049    0.079548    0.218320    2.269287 v _296_/Y (sky130_fd_sc_hd__a21oi_1)
                                                         _004_ (net)
                      0.079550    0.000141    2.269428 v _434_/D (sky130_fd_sc_hd__dfxtp_1)
                                              2.269428   data arrival time

                                  0.000000    0.000000   clock clk (rise edge)
                                  0.000000    0.000000   clock source latency
     1    0.019539    0.146837    0.100504    0.100504 ^ clk (in)
                                                         clk (net)
                      0.146870    0.000000    0.100504 ^ clkbuf_0_clk/A (sky130_fd_sc_hd__clkbuf_16)
     4    0.042376    0.096839    0.287799    0.388303 ^ clkbuf_0_clk/X (sky130_fd_sc_hd__clkbuf_16)
                                                         clknet_0_clk (net)
                      0.096961    0.001984    0.390287 ^ clkbuf_2_0__f_clk/A (sky130_fd_sc_hd__clkbuf_16)
    14    0.045642    0.101168    0.268173    0.658460 ^ clkbuf_2_0__f_clk/X (sky130_fd_sc_hd__clkbuf_16)
                                                         clknet_2_0__leaf_clk (net)
                      0.101299    0.003058    0.661518 ^ _434_/CLK (sky130_fd_sc_hd__dfxtp_1)
                                  0.250000    0.911518   clock uncertainty
                                  0.000000    0.911518   clock reconvergence pessimism
                                 -0.101228    0.810290   library hold time
                                              0.810290   data required time
---------------------------------------------------------------------------------------------
                                              0.810290   data required time
                                             -2.269428   data arrival time
---------------------------------------------------------------------------------------------
                                              1.459137   slack (MET)


Startpoint: _444_ (rising edge-triggered flip-flop clocked by clk)
Endpoint: _433_ (rising edge-triggered flip-flop clocked by clk)
Path Group: clk
Path Type: min

Fanout         Cap        Slew       Delay        Time   Description
---------------------------------------------------------------------------------------------
                                  0.000000    0.000000   clock clk (rise edge)
                                  0.000000    0.000000   clock source latency
     1    0.019539    0.146837    0.100504    0.100504 ^ clk (in)
                                                         clk (net)
                      0.146870    0.000000    0.100504 ^ clkbuf_0_clk/A (sky130_fd_sc_hd__clkbuf_16)
     4    0.042376    0.096839    0.287799    0.388303 ^ clkbuf_0_clk/X (sky130_fd_sc_hd__clkbuf_16)
                                                         clknet_0_clk (net)
                      0.096943    0.001697    0.390000 ^ clkbuf_2_2__f_clk/A (sky130_fd_sc_hd__clkbuf_16)
    13    0.045420    0.100882    0.267956    0.657956 ^ clkbuf_2_2__f_clk/X (sky130_fd_sc_hd__clkbuf_16)
                                                         clknet_2_2__leaf_clk (net)
                      0.100941    0.002144    0.660100 ^ _444_/CLK (sky130_fd_sc_hd__dfxtp_1)
     6    0.017960    0.277897    0.797513    1.457613 ^ _444_/Q (sky130_fd_sc_hd__dfxtp_1)
                                                         net29 (net)
                      0.277897    0.000827    1.458440 ^ _273_/A (sky130_fd_sc_hd__or3_1)
     1    0.004973    0.090290    0.285020    1.743460 ^ _273_/X (sky130_fd_sc_hd__or3_1)
                                                         _101_ (net)
                      0.090290    0.000371    1.743831 ^ _276_/A3 (sky130_fd_sc_hd__a31o_1)
     2    0.006207    0.116683    0.345109    2.088940 ^ _276_/X (sky130_fd_sc_hd__a31o_1)
                                                         _104_ (net)
                      0.116683    0.000366    2.089307 ^ _278_/B (sky130_fd_sc_hd__and2b_1)
     1    0.003870    0.084445    0.255010    2.344316 ^ _278_/X (sky130_fd_sc_hd__and2b_1)
                                                         _003_ (net)
                      0.084445    0.000258    2.344574 ^ _433_/D (sky130_fd_sc_hd__dfxtp_1)
                                              2.344574   data arrival time

                                  0.000000    0.000000   clock clk (rise edge)
                                  0.000000    0.000000   clock source latency
     1    0.019539    0.146837    0.100504    0.100504 ^ clk (in)
                                                         clk (net)
                      0.146870    0.000000    0.100504 ^ clkbuf_0_clk/A (sky130_fd_sc_hd__clkbuf_16)
     4    0.042376    0.096839    0.287799    0.388303 ^ clkbuf_0_clk/X (sky130_fd_sc_hd__clkbuf_16)
                                                         clknet_0_clk (net)
                      0.096942    0.001680    0.389983 ^ clkbuf_2_3__f_clk/A (sky130_fd_sc_hd__clkbuf_16)
    14    0.046259    0.102193    0.268796    0.658779 ^ clkbuf_2_3__f_clk/X (sky130_fd_sc_hd__clkbuf_16)
                                                         clknet_2_3__leaf_clk (net)
                      0.102277    0.002509    0.661288 ^ _433_/CLK (sky130_fd_sc_hd__dfxtp_1)
                                  0.250000    0.911288   clock uncertainty
                                  0.000000    0.911288   clock reconvergence pessimism
                                 -0.070249    0.841038   library hold time
                                              0.841038   data required time
---------------------------------------------------------------------------------------------
                                              0.841038   data required time
                                             -2.344574   data arrival time
---------------------------------------------------------------------------------------------
                                              1.503536   slack (MET)


Startpoint: _481_ (rising edge-triggered flip-flop clocked by clk)
Endpoint: _456_ (rising edge-triggered flip-flop clocked by clk)
Path Group: clk
Path Type: min

Fanout         Cap        Slew       Delay        Time   Description
---------------------------------------------------------------------------------------------
                                  0.000000    0.000000   clock clk (rise edge)
                                  0.000000    0.000000   clock source latency
     1    0.019539    0.146837    0.100504    0.100504 ^ clk (in)
                                                         clk (net)
                      0.146870    0.000000    0.100504 ^ clkbuf_0_clk/A (sky130_fd_sc_hd__clkbuf_16)
     4    0.042376    0.096839    0.287799    0.388303 ^ clkbuf_0_clk/X (sky130_fd_sc_hd__clkbuf_16)
                                                         clknet_0_clk (net)
                      0.096942    0.001680    0.389983 ^ clkbuf_2_3__f_clk/A (sky130_fd_sc_hd__clkbuf_16)
    14    0.046259    0.102193    0.268796    0.658779 ^ clkbuf_2_3__f_clk/X (sky130_fd_sc_hd__clkbuf_16)
                                                         clknet_2_3__leaf_clk (net)
                      0.102256    0.002224    0.661003 ^ _481_/CLK (sky130_fd_sc_hd__dfxtp_2)
     8    0.024804    0.124575    0.696897    1.357900 v _481_/Q (sky130_fd_sc_hd__dfxtp_2)
                                                         net23 (net)
                      0.124581    0.001017    1.358917 v hold3/A (sky130_fd_sc_hd__dlygate4sd3_1)
     1    0.005297    0.130886    1.186638    2.545555 v hold3/X (sky130_fd_sc_hd__dlygate4sd3_1)
                                                         net85 (net)
                      0.130886    0.000381    2.545936 v _210_/A (sky130_fd_sc_hd__inv_2)
     1    0.003049    0.048251    0.089865    2.635801 ^ _210_/Y (sky130_fd_sc_hd__inv_2)
                                                         _052_ (net)
                      0.048251    0.000212    2.636013 ^ _286_/A (sky130_fd_sc_hd__nor2_1)
     1    0.002076    0.038711    0.062897    2.698910 v _286_/Y (sky130_fd_sc_hd__nor2_1)
                                                         _026_ (net)
                      0.038711    0.000141    2.699050 v _456_/D (sky130_fd_sc_hd__dfxtp_1)
                                              2.699050   data arrival time

                                  0.000000    0.000000   clock clk (rise edge)
                                  0.000000    0.000000   clock source latency
     1    0.019539    0.146837    0.100504    0.100504 ^ clk (in)
                                                         clk (net)
                      0.146870    0.000000    0.100504 ^ clkbuf_0_clk/A (sky130_fd_sc_hd__clkbuf_16)
     4    0.042376    0.096839    0.287799    0.388303 ^ clkbuf_0_clk/X (sky130_fd_sc_hd__clkbuf_16)
                                                         clknet_0_clk (net)
                      0.096942    0.001680    0.389983 ^ clkbuf_2_3__f_clk/A (sky130_fd_sc_hd__clkbuf_16)
    14    0.046259    0.102193    0.268796    0.658779 ^ clkbuf_2_3__f_clk/X (sky130_fd_sc_hd__clkbuf_16)
                                                         clknet_2_3__leaf_clk (net)
                      0.102273    0.002446    0.661225 ^ _456_/CLK (sky130_fd_sc_hd__dfxtp_1)
                                  0.250000    0.911225   clock uncertainty
                                  0.000000    0.911225   clock reconvergence pessimism
                                 -0.085557    0.825668   library hold time
                                              0.825668   data required time
---------------------------------------------------------------------------------------------
                                              0.825668   data required time
                                             -2.699050   data arrival time
---------------------------------------------------------------------------------------------
                                              1.873382   slack (MET)


Startpoint: _480_ (rising edge-triggered flip-flop clocked by clk)
Endpoint: _452_ (rising edge-triggered flip-flop clocked by clk)
Path Group: clk
Path Type: min

Fanout         Cap        Slew       Delay        Time   Description
---------------------------------------------------------------------------------------------
                                  0.000000    0.000000   clock clk (rise edge)
                                  0.000000    0.000000   clock source latency
     1    0.019539    0.146837    0.100504    0.100504 ^ clk (in)
                                                         clk (net)
                      0.146870    0.000000    0.100504 ^ clkbuf_0_clk/A (sky130_fd_sc_hd__clkbuf_16)
     4    0.042376    0.096839    0.287799    0.388303 ^ clkbuf_0_clk/X (sky130_fd_sc_hd__clkbuf_16)
                                                         clknet_0_clk (net)
                      0.096942    0.001680    0.389983 ^ clkbuf_2_3__f_clk/A (sky130_fd_sc_hd__clkbuf_16)
    14    0.046259    0.102193    0.268796    0.658779 ^ clkbuf_2_3__f_clk/X (sky130_fd_sc_hd__clkbuf_16)
                                                         clknet_2_3__leaf_clk (net)
                      0.102273    0.002456    0.661235 ^ _480_/CLK (sky130_fd_sc_hd__dfxtp_2)
     9    0.034123    0.281896    0.832442    1.493677 ^ _480_/Q (sky130_fd_sc_hd__dfxtp_2)
                                                         net19 (net)
                      0.281896    0.000998    1.494675 ^ hold12/A (sky130_fd_sc_hd__dlygate4sd3_1)
     1    0.002545    0.088773    1.116479    2.611155 ^ hold12/X (sky130_fd_sc_hd__dlygate4sd3_1)
                                                         net94 (net)
                      0.088773    0.000158    2.611313 ^ _259_/A (sky130_fd_sc_hd__or2_1)
     1    0.001917    0.054447    0.160939    2.772251 ^ _259_/X (sky130_fd_sc_hd__or2_1)
                                                         _022_ (net)
                      0.054447    0.000133    2.772384 ^ _452_/D (sky130_fd_sc_hd__dfxtp_1)
                                              2.772384   data arrival time

                                  0.000000    0.000000   clock clk (rise edge)
                                  0.000000    0.000000   clock source latency
     1    0.019539    0.146837    0.100504    0.100504 ^ clk (in)
                                                         clk (net)
                      0.146870    0.000000    0.100504 ^ clkbuf_0_clk/A (sky130_fd_sc_hd__clkbuf_16)
     4    0.042376    0.096839    0.287799    0.388303 ^ clkbuf_0_clk/X (sky130_fd_sc_hd__clkbuf_16)
                                                         clknet_0_clk (net)
                      0.096942    0.001680    0.389983 ^ clkbuf_2_3__f_clk/A (sky130_fd_sc_hd__clkbuf_16)
    14    0.046259    0.102193    0.268796    0.658779 ^ clkbuf_2_3__f_clk/X (sky130_fd_sc_hd__clkbuf_16)
                                                         clknet_2_3__leaf_clk (net)
                      0.102295    0.002728    0.661507 ^ _452_/CLK (sky130_fd_sc_hd__dfxtp_1)
                                  0.250000    0.911507   clock uncertainty
                                  0.000000    0.911507   clock reconvergence pessimism
                                 -0.063271    0.848236   library hold time
                                              0.848236   data required time
---------------------------------------------------------------------------------------------
                                              0.848236   data required time
                                             -2.772384   data arrival time
---------------------------------------------------------------------------------------------
                                              1.924148   slack (MET)


Startpoint: _432_ (rising edge-triggered flip-flop clocked by clk)
Endpoint: _454_ (rising edge-triggered flip-flop clocked by clk)
Path Group: clk
Path Type: min

Fanout         Cap        Slew       Delay        Time   Description
---------------------------------------------------------------------------------------------
                                  0.000000    0.000000   clock clk (rise edge)
                                  0.000000    0.000000   clock source latency
     1    0.019539    0.146837    0.100504    0.100504 ^ clk (in)
                                                         clk (net)
                      0.146870    0.000000    0.100504 ^ clkbuf_0_clk/A (sky130_fd_sc_hd__clkbuf_16)
     4    0.042376    0.096839    0.287799    0.388303 ^ clkbuf_0_clk/X (sky130_fd_sc_hd__clkbuf_16)
                                                         clknet_0_clk (net)
                      0.096942    0.001680    0.389983 ^ clkbuf_2_3__f_clk/A (sky130_fd_sc_hd__clkbuf_16)
    14    0.046259    0.102193    0.268796    0.658779 ^ clkbuf_2_3__f_clk/X (sky130_fd_sc_hd__clkbuf_16)
                                                         clknet_2_3__leaf_clk (net)
                      0.102242    0.002013    0.660792 ^ _432_/CLK (sky130_fd_sc_hd__dfxtp_1)
     4    0.008759    0.095175    0.632288    1.293080 v _432_/Q (sky130_fd_sc_hd__dfxtp_1)
                                                         net21 (net)
                      0.095175    0.000408    1.293489 v hold11/A (sky130_fd_sc_hd__dlygate4sd3_1)
     1    0.004395    0.124410    1.162046    2.455535 v hold11/X (sky130_fd_sc_hd__dlygate4sd3_1)
                                                         net93 (net)
                      0.124410    0.000204    2.455739 v _211_/A (sky130_fd_sc_hd__inv_2)
     6    0.021180    0.161348    0.184567    2.640306 ^ _211_/Y (sky130_fd_sc_hd__inv_2)
                                                         _053_ (net)
                      0.161372    0.001616    2.641923 ^ _342_/A (sky130_fd_sc_hd__nor2_1)
     1    0.002415    0.054780    0.114323    2.756246 v _342_/Y (sky130_fd_sc_hd__nor2_1)
                                                         _024_ (net)
                      0.054780    0.000173    2.756419 v _454_/D (sky130_fd_sc_hd__dfxtp_1)
                                              2.756419   data arrival time

                                  0.000000    0.000000   clock clk (rise edge)
                                  0.000000    0.000000   clock source latency
     1    0.019539    0.146837    0.100504    0.100504 ^ clk (in)
                                                         clk (net)
                      0.146870    0.000000    0.100504 ^ clkbuf_0_clk/A (sky130_fd_sc_hd__clkbuf_16)
     4    0.042376    0.096839    0.287799    0.388303 ^ clkbuf_0_clk/X (sky130_fd_sc_hd__clkbuf_16)
                                                         clknet_0_clk (net)
                      0.096942    0.001680    0.389983 ^ clkbuf_2_3__f_clk/A (sky130_fd_sc_hd__clkbuf_16)
    14    0.046259    0.102193    0.268796    0.658779 ^ clkbuf_2_3__f_clk/X (sky130_fd_sc_hd__clkbuf_16)
                                                         clknet_2_3__leaf_clk (net)
                      0.102273    0.002453    0.661232 ^ _454_/CLK (sky130_fd_sc_hd__dfxtp_1)
                                  0.250000    0.911232   clock uncertainty
                                  0.000000    0.911232   clock reconvergence pessimism
                                 -0.091631    0.819601   library hold time
                                              0.819601   data required time
---------------------------------------------------------------------------------------------
                                              0.819601   data required time
                                             -2.756419   data arrival time
---------------------------------------------------------------------------------------------
                                              1.936818   slack (MET)


Startpoint: _475_ (rising edge-triggered flip-flop clocked by clk)
Endpoint: _475_ (rising edge-triggered flip-flop clocked by clk)
Path Group: clk
Path Type: min

Fanout         Cap        Slew       Delay        Time   Description
---------------------------------------------------------------------------------------------
                                  0.000000    0.000000   clock clk (rise edge)
                                  0.000000    0.000000   clock source latency
     1    0.019539    0.146837    0.100504    0.100504 ^ clk (in)
                                                         clk (net)
                      0.146870    0.000000    0.100504 ^ clkbuf_0_clk/A (sky130_fd_sc_hd__clkbuf_16)
     4    0.042376    0.096839    0.287799    0.388303 ^ clkbuf_0_clk/X (sky130_fd_sc_hd__clkbuf_16)
                                                         clknet_0_clk (net)
                      0.096942    0.001680    0.389983 ^ clkbuf_2_3__f_clk/A (sky130_fd_sc_hd__clkbuf_16)
    14    0.046259    0.102193    0.268796    0.658779 ^ clkbuf_2_3__f_clk/X (sky130_fd_sc_hd__clkbuf_16)
                                                         clknet_2_3__leaf_clk (net)
                      0.102303    0.002826    0.661605 ^ _475_/CLK (sky130_fd_sc_hd__dfxtp_1)
     6    0.017592    0.272722    0.794146    1.455751 ^ _475_/Q (sky130_fd_sc_hd__dfxtp_1)
                                                         net74 (net)
                      0.272722    0.000827    1.456579 ^ hold14/A (sky130_fd_sc_hd__dlygate4sd3_1)
     1    0.002639    0.089832    1.114990    2.571569 ^ hold14/X (sky130_fd_sc_hd__dlygate4sd3_1)
                                                         net96 (net)
                      0.089832    0.000123    2.571692 ^ _417_/A1 (sky130_fd_sc_hd__o21a_1)
     1    0.002149    0.060538    0.230992    2.802684 ^ _417_/X (sky130_fd_sc_hd__o21a_1)
                                                         _045_ (net)
                      0.060538    0.000142    2.802826 ^ _475_/D (sky130_fd_sc_hd__dfxtp_1)
                                              2.802826   data arrival time

                                  0.000000    0.000000   clock clk (rise edge)
                                  0.000000    0.000000   clock source latency
     1    0.019539    0.146837    0.100504    0.100504 ^ clk (in)
                                                         clk (net)
                      0.146870    0.000000    0.100504 ^ clkbuf_0_clk/A (sky130_fd_sc_hd__clkbuf_16)
     4    0.042376    0.096839    0.287799    0.388303 ^ clkbuf_0_clk/X (sky130_fd_sc_hd__clkbuf_16)
                                                         clknet_0_clk (net)
                      0.096942    0.001680    0.389983 ^ clkbuf_2_3__f_clk/A (sky130_fd_sc_hd__clkbuf_16)
    14    0.046259    0.102193    0.268796    0.658779 ^ clkbuf_2_3__f_clk/X (sky130_fd_sc_hd__clkbuf_16)
                                                         clknet_2_3__leaf_clk (net)
                      0.102303    0.002826    0.661605 ^ _475_/CLK (sky130_fd_sc_hd__dfxtp_1)
                                  0.250000    0.911605   clock uncertainty
                                  0.000000    0.911605   clock reconvergence pessimism
                                 -0.064686    0.846919   library hold time
                                              0.846919   data required time
---------------------------------------------------------------------------------------------
                                              0.846919   data required time
                                             -2.802826   data arrival time
---------------------------------------------------------------------------------------------
                                              1.955907   slack (MET)


Startpoint: _475_ (rising edge-triggered flip-flop clocked by clk)
Endpoint: _480_ (rising edge-triggered flip-flop clocked by clk)
Path Group: clk
Path Type: min

Fanout         Cap        Slew       Delay        Time   Description
---------------------------------------------------------------------------------------------
                                  0.000000    0.000000   clock clk (rise edge)
                                  0.000000    0.000000   clock source latency
     1    0.019539    0.146837    0.100504    0.100504 ^ clk (in)
                                                         clk (net)
                      0.146870    0.000000    0.100504 ^ clkbuf_0_clk/A (sky130_fd_sc_hd__clkbuf_16)
     4    0.042376    0.096839    0.287799    0.388303 ^ clkbuf_0_clk/X (sky130_fd_sc_hd__clkbuf_16)
                                                         clknet_0_clk (net)
                      0.096942    0.001680    0.389983 ^ clkbuf_2_3__f_clk/A (sky130_fd_sc_hd__clkbuf_16)
    14    0.046259    0.102193    0.268796    0.658779 ^ clkbuf_2_3__f_clk/X (sky130_fd_sc_hd__clkbuf_16)
                                                         clknet_2_3__leaf_clk (net)
                      0.102303    0.002826    0.661605 ^ _475_/CLK (sky130_fd_sc_hd__dfxtp_1)
     6    0.016667    0.158692    0.684530    1.346135 v _475_/Q (sky130_fd_sc_hd__dfxtp_1)
                                                         net74 (net)
                      0.158702    0.001385    1.347520 v _427_/A1 (sky130_fd_sc_hd__o31ai_1)
     1    0.002172    0.096015    0.416153    1.763673 ^ _427_/Y (sky130_fd_sc_hd__o31ai_1)
                                                         _050_ (net)
                      0.096015    0.000090    1.763763 ^ hold5/A (sky130_fd_sc_hd__dlygate4sd3_1)
     1    0.001818    0.080503    1.036401    2.800164 ^ hold5/X (sky130_fd_sc_hd__dlygate4sd3_1)
                                                         net87 (net)
                      0.080503    0.000129    2.800292 ^ _480_/D (sky130_fd_sc_hd__dfxtp_2)
                                              2.800292   data arrival time

                                  0.000000    0.000000   clock clk (rise edge)
                                  0.000000    0.000000   clock source latency
     1    0.019539    0.146837    0.100504    0.100504 ^ clk (in)
                                                         clk (net)
                      0.146870    0.000000    0.100504 ^ clkbuf_0_clk/A (sky130_fd_sc_hd__clkbuf_16)
     4    0.042376    0.096839    0.287799    0.388303 ^ clkbuf_0_clk/X (sky130_fd_sc_hd__clkbuf_16)
                                                         clknet_0_clk (net)
                      0.096942    0.001680    0.389983 ^ clkbuf_2_3__f_clk/A (sky130_fd_sc_hd__clkbuf_16)
    14    0.046259    0.102193    0.268796    0.658779 ^ clkbuf_2_3__f_clk/X (sky130_fd_sc_hd__clkbuf_16)
                                                         clknet_2_3__leaf_clk (net)
                      0.102273    0.002456    0.661235 ^ _480_/CLK (sky130_fd_sc_hd__dfxtp_2)
                                  0.250000    0.911235   clock uncertainty
                                  0.000000    0.911235   clock reconvergence pessimism
                                 -0.069231    0.842003   library hold time
                                              0.842003   data required time
---------------------------------------------------------------------------------------------
                                              0.842003   data required time
                                             -2.800292   data arrival time
---------------------------------------------------------------------------------------------
                                              1.958289   slack (MET)


Startpoint: _474_ (rising edge-triggered flip-flop clocked by clk)
Endpoint: _474_ (rising edge-triggered flip-flop clocked by clk)
Path Group: clk
Path Type: min

Fanout         Cap        Slew       Delay        Time   Description
---------------------------------------------------------------------------------------------
                                  0.000000    0.000000   clock clk (rise edge)
                                  0.000000    0.000000   clock source latency
     1    0.019539    0.146837    0.100504    0.100504 ^ clk (in)
                                                         clk (net)
                      0.146870    0.000000    0.100504 ^ clkbuf_0_clk/A (sky130_fd_sc_hd__clkbuf_16)
     4    0.042376    0.096839    0.287799    0.388303 ^ clkbuf_0_clk/X (sky130_fd_sc_hd__clkbuf_16)
                                                         clknet_0_clk (net)
                      0.096942    0.001680    0.389983 ^ clkbuf_2_3__f_clk/A (sky130_fd_sc_hd__clkbuf_16)
    14    0.046259    0.102193    0.268796    0.658779 ^ clkbuf_2_3__f_clk/X (sky130_fd_sc_hd__clkbuf_16)
                                                         clknet_2_3__leaf_clk (net)
                      0.102307    0.002878    0.661657 ^ _474_/CLK (sky130_fd_sc_hd__dfxtp_1)
     4    0.013390    0.212811    0.751208    1.412865 ^ _474_/Q (sky130_fd_sc_hd__dfxtp_1)
                                                         net75 (net)
                      0.212814    0.001164    1.414029 ^ hold4/A (sky130_fd_sc_hd__dlygate4sd3_1)
     2    0.007166    0.150299    1.155140    2.569169 ^ hold4/X (sky130_fd_sc_hd__dlygate4sd3_1)
                                                         net86 (net)
                      0.150299    0.000325    2.569494 ^ _416_/A1 (sky130_fd_sc_hd__o21a_1)
     1    0.002330    0.062822    0.256875    2.826369 ^ _416_/X (sky130_fd_sc_hd__o21a_1)
                                                         _044_ (net)
                      0.062822    0.000167    2.826535 ^ _474_/D (sky130_fd_sc_hd__dfxtp_1)
                                              2.826535   data arrival time

                                  0.000000    0.000000   clock clk (rise edge)
                                  0.000000    0.000000   clock source latency
     1    0.019539    0.146837    0.100504    0.100504 ^ clk (in)
                                                         clk (net)
                      0.146870    0.000000    0.100504 ^ clkbuf_0_clk/A (sky130_fd_sc_hd__clkbuf_16)
     4    0.042376    0.096839    0.287799    0.388303 ^ clkbuf_0_clk/X (sky130_fd_sc_hd__clkbuf_16)
                                                         clknet_0_clk (net)
                      0.096942    0.001680    0.389983 ^ clkbuf_2_3__f_clk/A (sky130_fd_sc_hd__clkbuf_16)
    14    0.046259    0.102193    0.268796    0.658779 ^ clkbuf_2_3__f_clk/X (sky130_fd_sc_hd__clkbuf_16)
                                                         clknet_2_3__leaf_clk (net)
                      0.102307    0.002878    0.661657 ^ _474_/CLK (sky130_fd_sc_hd__dfxtp_1)
                                  0.250000    0.911657   clock uncertainty
                                  0.000000    0.911657   clock reconvergence pessimism
                                 -0.065217    0.846440   library hold time
                                              0.846440   data required time
---------------------------------------------------------------------------------------------
                                              0.846440   data required time
                                             -2.826535   data arrival time
---------------------------------------------------------------------------------------------
                                              1.980095   slack (MET)


Startpoint: _431_ (rising edge-triggered flip-flop clocked by clk)
Endpoint: _453_ (rising edge-triggered flip-flop clocked by clk)
Path Group: clk
Path Type: min

Fanout         Cap        Slew       Delay        Time   Description
---------------------------------------------------------------------------------------------
                                  0.000000    0.000000   clock clk (rise edge)
                                  0.000000    0.000000   clock source latency
     1    0.019539    0.146837    0.100504    0.100504 ^ clk (in)
                                                         clk (net)
                      0.146870    0.000000    0.100504 ^ clkbuf_0_clk/A (sky130_fd_sc_hd__clkbuf_16)
     4    0.042376    0.096839    0.287799    0.388303 ^ clkbuf_0_clk/X (sky130_fd_sc_hd__clkbuf_16)
                                                         clknet_0_clk (net)
                      0.096943    0.001697    0.390000 ^ clkbuf_2_2__f_clk/A (sky130_fd_sc_hd__clkbuf_16)
    13    0.045420    0.100882    0.267956    0.657956 ^ clkbuf_2_2__f_clk/X (sky130_fd_sc_hd__clkbuf_16)
                                                         clknet_2_2__leaf_clk (net)
                      0.100935    0.002047    0.660003 ^ _431_/CLK (sky130_fd_sc_hd__dfxtp_2)
     7    0.024957    0.124999    0.696141    1.356144 v _431_/Q (sky130_fd_sc_hd__dfxtp_2)
                                                         net20 (net)
                      0.125023    0.001742    1.357886 v hold8/A (sky130_fd_sc_hd__dlygate4sd3_1)
     1    0.006457    0.141919    1.199996    2.557882 v hold8/X (sky130_fd_sc_hd__dlygate4sd3_1)
                                                         net90 (net)
                      0.141919    0.000503    2.558385 v _212_/A (sky130_fd_sc_hd__inv_2)
     4    0.013574    0.113689    0.153753    2.712139 ^ _212_/Y (sky130_fd_sc_hd__inv_2)
                                                         _054_ (net)
                      0.113692    0.000750    2.712888 ^ _341_/A (sky130_fd_sc_hd__nor2_1)
     1    0.002235    0.045899    0.092891    2.805779 v _341_/Y (sky130_fd_sc_hd__nor2_1)
                                                         _023_ (net)
                      0.045899    0.000160    2.805939 v _453_/D (sky130_fd_sc_hd__dfxtp_1)
                                              2.805939   data arrival time

                                  0.000000    0.000000   clock clk (rise edge)
                                  0.000000    0.000000   clock source latency
     1    0.019539    0.146837    0.100504    0.100504 ^ clk (in)
                                                         clk (net)
                      0.146870    0.000000    0.100504 ^ clkbuf_0_clk/A (sky130_fd_sc_hd__clkbuf_16)
     4    0.042376    0.096839    0.287799    0.388303 ^ clkbuf_0_clk/X (sky130_fd_sc_hd__clkbuf_16)
                                                         clknet_0_clk (net)
                      0.096942    0.001680    0.389983 ^ clkbuf_2_3__f_clk/A (sky130_fd_sc_hd__clkbuf_16)
    14    0.046259    0.102193    0.268796    0.658779 ^ clkbuf_2_3__f_clk/X (sky130_fd_sc_hd__clkbuf_16)
                                                         clknet_2_3__leaf_clk (net)
                      0.102258    0.002248    0.661027 ^ _453_/CLK (sky130_fd_sc_hd__dfxtp_1)
                                  0.250000    0.911027   clock uncertainty
                                  0.000000    0.911027   clock reconvergence pessimism
                                 -0.088278    0.822749   library hold time
                                              0.822749   data required time
---------------------------------------------------------------------------------------------
                                              0.822749   data required time
                                             -2.805939   data arrival time
---------------------------------------------------------------------------------------------
                                              1.983190   slack (MET)


Startpoint: _430_ (rising edge-triggered flip-flop clocked by clk)
Endpoint: fsm_error (output port clocked by clk)
Path Group: clk
Path Type: min

Fanout         Cap        Slew       Delay        Time   Description
---------------------------------------------------------------------------------------------
                                  0.000000    0.000000   clock clk (rise edge)
                                  0.000000    0.000000   clock source latency
     1    0.019539    0.146837    0.100504    0.100504 ^ clk (in)
                                                         clk (net)
                      0.146870    0.000000    0.100504 ^ clkbuf_0_clk/A (sky130_fd_sc_hd__clkbuf_16)
     4    0.042376    0.096839    0.287799    0.388303 ^ clkbuf_0_clk/X (sky130_fd_sc_hd__clkbuf_16)
                                                         clknet_0_clk (net)
                      0.096942    0.001680    0.389983 ^ clkbuf_2_3__f_clk/A (sky130_fd_sc_hd__clkbuf_16)
    14    0.046259    0.102193    0.268796    0.658779 ^ clkbuf_2_3__f_clk/X (sky130_fd_sc_hd__clkbuf_16)
                                                         clknet_2_3__leaf_clk (net)
                      0.102297    0.002753    0.661532 ^ _430_/CLK (sky130_fd_sc_hd__dfxtp_1)
     2    0.004215    0.059346    0.600493    1.262024 v _430_/Q (sky130_fd_sc_hd__dfxtp_1)
                                                         net17 (net)
                      0.059346    0.000232    1.262256 v output17/A (sky130_fd_sc_hd__buf_2)
     1    0.034639    0.167713    0.340173    1.602429 v output17/X (sky130_fd_sc_hd__buf_2)
                                                         fsm_error (net)
                      0.167728    0.001690    1.604119 v fsm_error (out)
                                              1.604119   data arrival time

                                  0.000000    0.000000   clock clk (rise edge)
                                  0.000000    0.000000   clock network delay (propagated)
                                  0.250000    0.250000   clock uncertainty
                                  0.000000    0.250000   clock reconvergence pessimism
                                 -5.000000   -4.750000   output external delay
                                             -4.750000   data required time
---------------------------------------------------------------------------------------------
                                             -4.750000   data required time
                                             -1.604119   data arrival time
---------------------------------------------------------------------------------------------
                                              6.354119   slack (MET)


Startpoint: _457_ (rising edge-triggered flip-flop clocked by clk)
Endpoint: group_error (output port clocked by clk)
Path Group: clk
Path Type: min

Fanout         Cap        Slew       Delay        Time   Description
---------------------------------------------------------------------------------------------
                                  0.000000    0.000000   clock clk (rise edge)
                                  0.000000    0.000000   clock source latency
     1    0.019539    0.146837    0.100504    0.100504 ^ clk (in)
                                                         clk (net)
                      0.146870    0.000000    0.100504 ^ clkbuf_0_clk/A (sky130_fd_sc_hd__clkbuf_16)
     4    0.042376    0.096839    0.287799    0.388303 ^ clkbuf_0_clk/X (sky130_fd_sc_hd__clkbuf_16)
                                                         clknet_0_clk (net)
                      0.096942    0.001680    0.389983 ^ clkbuf_2_3__f_clk/A (sky130_fd_sc_hd__clkbuf_16)
    14    0.046259    0.102193    0.268796    0.658779 ^ clkbuf_2_3__f_clk/X (sky130_fd_sc_hd__clkbuf_16)
                                                         clknet_2_3__leaf_clk (net)
                      0.102316    0.002977    0.661756 ^ _457_/CLK (sky130_fd_sc_hd__dfxtp_1)
     2    0.005460    0.068900    0.609554    1.271310 v _457_/Q (sky130_fd_sc_hd__dfxtp_1)
                                                         net44 (net)
                      0.068900    0.000298    1.271608 v output44/A (sky130_fd_sc_hd__buf_2)
     1    0.034637    0.167659    0.344542    1.616150 v output44/X (sky130_fd_sc_hd__buf_2)
                                                         group_error (net)
                      0.167674    0.001690    1.617841 v group_error (out)
                                              1.617841   data arrival time

                                  0.000000    0.000000   clock clk (rise edge)
                                  0.000000    0.000000   clock network delay (propagated)
                                  0.250000    0.250000   clock uncertainty
                                  0.000000    0.250000   clock reconvergence pessimism
                                 -5.000000   -4.750000   output external delay
                                             -4.750000   data required time
---------------------------------------------------------------------------------------------
                                             -4.750000   data required time
                                             -1.617841   data arrival time
---------------------------------------------------------------------------------------------
                                              6.367841   slack (MET)


Startpoint: _436_ (rising edge-triggered flip-flop clocked by clk)
Endpoint: global_timeout_count[2] (output port clocked by clk)
Path Group: clk
Path Type: min

Fanout         Cap        Slew       Delay        Time   Description
---------------------------------------------------------------------------------------------
                                  0.000000    0.000000   clock clk (rise edge)
                                  0.000000    0.000000   clock source latency
     1    0.019539    0.146837    0.100504    0.100504 ^ clk (in)
                                                         clk (net)
                      0.146870    0.000000    0.100504 ^ clkbuf_0_clk/A (sky130_fd_sc_hd__clkbuf_16)
     4    0.042376    0.096839    0.287799    0.388303 ^ clkbuf_0_clk/X (sky130_fd_sc_hd__clkbuf_16)
                                                         clknet_0_clk (net)
                      0.096943    0.001697    0.390000 ^ clkbuf_2_2__f_clk/A (sky130_fd_sc_hd__clkbuf_16)
    13    0.045420    0.100882    0.267956    0.657956 ^ clkbuf_2_2__f_clk/X (sky130_fd_sc_hd__clkbuf_16)
                                                         clknet_2_2__leaf_clk (net)
                      0.101013    0.003052    0.661008 ^ _436_/CLK (sky130_fd_sc_hd__dfxtp_1)
     4    0.008278    0.091236    0.628491    1.289499 v _436_/Q (sky130_fd_sc_hd__dfxtp_1)
                                                         net36 (net)
                      0.091236    0.000313    1.289811 v output36/A (sky130_fd_sc_hd__buf_2)
     1    0.034190    0.165822    0.353725    1.643536 v output36/X (sky130_fd_sc_hd__buf_2)
                                                         global_timeout_count[2] (net)
                      0.165835    0.001554    1.645090 v global_timeout_count[2] (out)
                                              1.645090   data arrival time

                                  0.000000    0.000000   clock clk (rise edge)
                                  0.000000    0.000000   clock network delay (propagated)
                                  0.250000    0.250000   clock uncertainty
                                  0.000000    0.250000   clock reconvergence pessimism
                                 -5.000000   -4.750000   output external delay
                                             -4.750000   data required time
---------------------------------------------------------------------------------------------
                                             -4.750000   data required time
                                             -1.645090   data arrival time
---------------------------------------------------------------------------------------------
                                              6.395090   slack (MET)


Startpoint: _432_ (rising edge-triggered flip-flop clocked by clk)
Endpoint: global_state_bits[2] (output port clocked by clk)
Path Group: clk
Path Type: min

Fanout         Cap        Slew       Delay        Time   Description
---------------------------------------------------------------------------------------------
                                  0.000000    0.000000   clock clk (rise edge)
                                  0.000000    0.000000   clock source latency
     1    0.019539    0.146837    0.100504    0.100504 ^ clk (in)
                                                         clk (net)
                      0.146870    0.000000    0.100504 ^ clkbuf_0_clk/A (sky130_fd_sc_hd__clkbuf_16)
     4    0.042376    0.096839    0.287799    0.388303 ^ clkbuf_0_clk/X (sky130_fd_sc_hd__clkbuf_16)
                                                         clknet_0_clk (net)
                      0.096942    0.001680    0.389983 ^ clkbuf_2_3__f_clk/A (sky130_fd_sc_hd__clkbuf_16)
    14    0.046259    0.102193    0.268796    0.658779 ^ clkbuf_2_3__f_clk/X (sky130_fd_sc_hd__clkbuf_16)
                                                         clknet_2_3__leaf_clk (net)
                      0.102242    0.002013    0.660792 ^ _432_/CLK (sky130_fd_sc_hd__dfxtp_1)
     4    0.008759    0.095175    0.632288    1.293080 v _432_/Q (sky130_fd_sc_hd__dfxtp_1)
                                                         net21 (net)
                      0.095175    0.000453    1.293533 v output21/A (sky130_fd_sc_hd__buf_2)
     1    0.033951    0.164892    0.354827    1.648360 v output21/X (sky130_fd_sc_hd__buf_2)
                                                         global_state_bits[2] (net)
                      0.164905    0.001592    1.649952 v global_state_bits[2] (out)
                                              1.649952   data arrival time

                                  0.000000    0.000000   clock clk (rise edge)
                                  0.000000    0.000000   clock network delay (propagated)
                                  0.250000    0.250000   clock uncertainty
                                  0.000000    0.250000   clock reconvergence pessimism
                                 -5.000000   -4.750000   output external delay
                                             -4.750000   data required time
---------------------------------------------------------------------------------------------
                                             -4.750000   data required time
                                             -1.649952   data arrival time
---------------------------------------------------------------------------------------------
                                              6.399953   slack (MET)


Startpoint: _470_ (rising edge-triggered flip-flop clocked by clk)
Endpoint: group_timeout_count[12] (output port clocked by clk)
Path Group: clk
Path Type: min

Fanout         Cap        Slew       Delay        Time   Description
---------------------------------------------------------------------------------------------
                                  0.000000    0.000000   clock clk (rise edge)
                                  0.000000    0.000000   clock source latency
     1    0.019539    0.146837    0.100504    0.100504 ^ clk (in)
                                                         clk (net)
                      0.146870    0.000000    0.100504 ^ clkbuf_0_clk/A (sky130_fd_sc_hd__clkbuf_16)
     4    0.042376    0.096839    0.287799    0.388303 ^ clkbuf_0_clk/X (sky130_fd_sc_hd__clkbuf_16)
                                                         clknet_0_clk (net)
                      0.096961    0.001984    0.390287 ^ clkbuf_2_0__f_clk/A (sky130_fd_sc_hd__clkbuf_16)
    14    0.045642    0.101168    0.268173    0.658460 ^ clkbuf_2_0__f_clk/X (sky130_fd_sc_hd__clkbuf_16)
                                                         clknet_2_0__leaf_clk (net)
                      0.101201    0.001764    0.660224 ^ _470_/CLK (sky130_fd_sc_hd__dfxtp_1)
     4    0.009649    0.102609    0.637866    1.298090 v _470_/Q (sky130_fd_sc_hd__dfxtp_1)
                                                         net58 (net)
                      0.102611    0.000576    1.298666 v output58/A (sky130_fd_sc_hd__buf_2)
     1    0.034209    0.165952    0.359164    1.657830 v output58/X (sky130_fd_sc_hd__buf_2)
                                                         group_timeout_count[12] (net)
                      0.165968    0.001705    1.659535 v group_timeout_count[12] (out)
                                              1.659535   data arrival time

                                  0.000000    0.000000   clock clk (rise edge)
                                  0.000000    0.000000   clock network delay (propagated)
                                  0.250000    0.250000   clock uncertainty
                                  0.000000    0.250000   clock reconvergence pessimism
                                 -5.000000   -4.750000   output external delay
                                             -4.750000   data required time
---------------------------------------------------------------------------------------------
                                             -4.750000   data required time
                                             -1.659535   data arrival time
---------------------------------------------------------------------------------------------
                                              6.409535   slack (MET)


Startpoint: _447_ (rising edge-triggered flip-flop clocked by clk)
Endpoint: global_timeout_count[13] (output port clocked by clk)
Path Group: clk
Path Type: min

Fanout         Cap        Slew       Delay        Time   Description
---------------------------------------------------------------------------------------------
                                  0.000000    0.000000   clock clk (rise edge)
                                  0.000000    0.000000   clock source latency
     1    0.019539    0.146837    0.100504    0.100504 ^ clk (in)
                                                         clk (net)
                      0.146870    0.000000    0.100504 ^ clkbuf_0_clk/A (sky130_fd_sc_hd__clkbuf_16)
     4    0.042376    0.096839    0.287799    0.388303 ^ clkbuf_0_clk/X (sky130_fd_sc_hd__clkbuf_16)
                                                         clknet_0_clk (net)
                      0.096943    0.001697    0.390000 ^ clkbuf_2_2__f_clk/A (sky130_fd_sc_hd__clkbuf_16)
    13    0.045420    0.100882    0.267956    0.657956 ^ clkbuf_2_2__f_clk/X (sky130_fd_sc_hd__clkbuf_16)
                                                         clknet_2_2__leaf_clk (net)
                      0.100980    0.002656    0.660612 ^ _447_/CLK (sky130_fd_sc_hd__dfxtp_1)
     4    0.009571    0.101888    0.637388    1.297999 v _447_/Q (sky130_fd_sc_hd__dfxtp_1)
                                                         net32 (net)
                      0.101888    0.000378    1.298377 v output32/A (sky130_fd_sc_hd__buf_2)
     1    0.034456    0.166946    0.359569    1.657946 v output32/X (sky130_fd_sc_hd__buf_2)
                                                         global_timeout_count[13] (net)
                      0.166963    0.001755    1.659701 v global_timeout_count[13] (out)
                                              1.659701   data arrival time

                                  0.000000    0.000000   clock clk (rise edge)
                                  0.000000    0.000000   clock network delay (propagated)
                                  0.250000    0.250000   clock uncertainty
                                  0.000000    0.250000   clock reconvergence pessimism
                                 -5.000000   -4.750000   output external delay
                                             -4.750000   data required time
---------------------------------------------------------------------------------------------
                                             -4.750000   data required time
                                             -1.659701   data arrival time
---------------------------------------------------------------------------------------------
                                              6.409700   slack (MET)


Startpoint: _472_ (rising edge-triggered flip-flop clocked by clk)
Endpoint: group_timeout_count[14] (output port clocked by clk)
Path Group: clk
Path Type: min

Fanout         Cap        Slew       Delay        Time   Description
---------------------------------------------------------------------------------------------
                                  0.000000    0.000000   clock clk (rise edge)
                                  0.000000    0.000000   clock source latency
     1    0.019539    0.146837    0.100504    0.100504 ^ clk (in)
                                                         clk (net)
                      0.146870    0.000000    0.100504 ^ clkbuf_0_clk/A (sky130_fd_sc_hd__clkbuf_16)
     4    0.042376    0.096839    0.287799    0.388303 ^ clkbuf_0_clk/X (sky130_fd_sc_hd__clkbuf_16)
                                                         clknet_0_clk (net)
                      0.096961    0.001984    0.390287 ^ clkbuf_2_0__f_clk/A (sky130_fd_sc_hd__clkbuf_16)
    14    0.045642    0.101168    0.268173    0.658460 ^ clkbuf_2_0__f_clk/X (sky130_fd_sc_hd__clkbuf_16)
                                                         clknet_2_0__leaf_clk (net)
                      0.101302    0.003095    0.661556 ^ _472_/CLK (sky130_fd_sc_hd__dfxtp_1)
     4    0.010119    0.106500    0.641079    1.302635 v _472_/Q (sky130_fd_sc_hd__dfxtp_1)
                                                         net60 (net)
                      0.106508    0.000975    1.303610 v output60/A (sky130_fd_sc_hd__buf_2)
     1    0.034290    0.166288    0.361288    1.664897 v output60/X (sky130_fd_sc_hd__buf_2)
                                                         group_timeout_count[14] (net)
                      0.166304    0.001731    1.666628 v group_timeout_count[14] (out)
                                              1.666628   data arrival time

                                  0.000000    0.000000   clock clk (rise edge)
                                  0.000000    0.000000   clock network delay (propagated)
                                  0.250000    0.250000   clock uncertainty
                                  0.000000    0.250000   clock reconvergence pessimism
                                 -5.000000   -4.750000   output external delay
                                             -4.750000   data required time
---------------------------------------------------------------------------------------------
                                             -4.750000   data required time
                                             -1.666628   data arrival time
---------------------------------------------------------------------------------------------
                                              6.416628   slack (MET)


Startpoint: _446_ (rising edge-triggered flip-flop clocked by clk)
Endpoint: global_timeout_count[12] (output port clocked by clk)
Path Group: clk
Path Type: min

Fanout         Cap        Slew       Delay        Time   Description
---------------------------------------------------------------------------------------------
                                  0.000000    0.000000   clock clk (rise edge)
                                  0.000000    0.000000   clock source latency
     1    0.019539    0.146837    0.100504    0.100504 ^ clk (in)
                                                         clk (net)
                      0.146870    0.000000    0.100504 ^ clkbuf_0_clk/A (sky130_fd_sc_hd__clkbuf_16)
     4    0.042376    0.096839    0.287799    0.388303 ^ clkbuf_0_clk/X (sky130_fd_sc_hd__clkbuf_16)
                                                         clknet_0_clk (net)
                      0.096943    0.001697    0.390000 ^ clkbuf_2_2__f_clk/A (sky130_fd_sc_hd__clkbuf_16)
    13    0.045420    0.100882    0.267956    0.657956 ^ clkbuf_2_2__f_clk/X (sky130_fd_sc_hd__clkbuf_16)
                                                         clknet_2_2__leaf_clk (net)
                      0.100967    0.002498    0.660454 ^ _446_/CLK (sky130_fd_sc_hd__dfxtp_1)
     4    0.011010    0.113693    0.647351    1.307806 v _446_/Q (sky130_fd_sc_hd__dfxtp_1)
                                                         net31 (net)
                      0.113694    0.000460    1.308266 v output31/A (sky130_fd_sc_hd__buf_2)
     1    0.033979    0.165028    0.363848    1.672114 v output31/X (sky130_fd_sc_hd__buf_2)
                                                         global_timeout_count[12] (net)
                      0.165042    0.001592    1.673706 v global_timeout_count[12] (out)
                                              1.673706   data arrival time

                                  0.000000    0.000000   clock clk (rise edge)
                                  0.000000    0.000000   clock network delay (propagated)
                                  0.250000    0.250000   clock uncertainty
                                  0.000000    0.250000   clock reconvergence pessimism
                                 -5.000000   -4.750000   output external delay
                                             -4.750000   data required time
---------------------------------------------------------------------------------------------
                                             -4.750000   data required time
                                             -1.673706   data arrival time
---------------------------------------------------------------------------------------------
                                              6.423706   slack (MET)


Startpoint: _465_ (rising edge-triggered flip-flop clocked by clk)
Endpoint: group_timeout_count[7] (output port clocked by clk)
Path Group: clk
Path Type: min

Fanout         Cap        Slew       Delay        Time   Description
---------------------------------------------------------------------------------------------
                                  0.000000    0.000000   clock clk (rise edge)
                                  0.000000    0.000000   clock source latency
     1    0.019539    0.146837    0.100504    0.100504 ^ clk (in)
                                                         clk (net)
                      0.146870    0.000000    0.100504 ^ clkbuf_0_clk/A (sky130_fd_sc_hd__clkbuf_16)
     4    0.042376    0.096839    0.287799    0.388303 ^ clkbuf_0_clk/X (sky130_fd_sc_hd__clkbuf_16)
                                                         clknet_0_clk (net)
                      0.096962    0.001997    0.390300 ^ clkbuf_2_1__f_clk/A (sky130_fd_sc_hd__clkbuf_16)
    14    0.047669    0.103868    0.270318    0.660618 ^ clkbuf_2_1__f_clk/X (sky130_fd_sc_hd__clkbuf_16)
                                                         clknet_2_1__leaf_clk (net)
                      0.104031    0.003466    0.664084 ^ _465_/CLK (sky130_fd_sc_hd__dfxtp_1)
     4    0.010572    0.110207    0.645514    1.309598 v _465_/Q (sky130_fd_sc_hd__dfxtp_1)
                                                         net68 (net)
                      0.110211    0.000818    1.310416 v output68/A (sky130_fd_sc_hd__buf_2)
     1    0.034236    0.166066    0.362927    1.673343 v output68/X (sky130_fd_sc_hd__buf_2)
                                                         group_timeout_count[7] (net)
                      0.166081    0.001689    1.675033 v group_timeout_count[7] (out)
                                              1.675033   data arrival time

                                  0.000000    0.000000   clock clk (rise edge)
                                  0.000000    0.000000   clock network delay (propagated)
                                  0.250000    0.250000   clock uncertainty
                                  0.000000    0.250000   clock reconvergence pessimism
                                 -5.000000   -4.750000   output external delay
                                             -4.750000   data required time
---------------------------------------------------------------------------------------------
                                             -4.750000   data required time
                                             -1.675033   data arrival time
---------------------------------------------------------------------------------------------
                                              6.425033   slack (MET)


Startpoint: _473_ (rising edge-triggered flip-flop clocked by clk)
Endpoint: group_timeout_count[15] (output port clocked by clk)
Path Group: clk
Path Type: min

Fanout         Cap        Slew       Delay        Time   Description
---------------------------------------------------------------------------------------------
                                  0.000000    0.000000   clock clk (rise edge)
                                  0.000000    0.000000   clock source latency
     1    0.019539    0.146837    0.100504    0.100504 ^ clk (in)
                                                         clk (net)
                      0.146870    0.000000    0.100504 ^ clkbuf_0_clk/A (sky130_fd_sc_hd__clkbuf_16)
     4    0.042376    0.096839    0.287799    0.388303 ^ clkbuf_0_clk/X (sky130_fd_sc_hd__clkbuf_16)
                                                         clknet_0_clk (net)
                      0.096961    0.001984    0.390287 ^ clkbuf_2_0__f_clk/A (sky130_fd_sc_hd__clkbuf_16)
    14    0.045642    0.101168    0.268173    0.658460 ^ clkbuf_2_0__f_clk/X (sky130_fd_sc_hd__clkbuf_16)
                                                         clknet_2_0__leaf_clk (net)
                      0.101278    0.002811    0.661271 ^ _473_/CLK (sky130_fd_sc_hd__dfxtp_1)
     3    0.011077    0.114359    0.647728    1.308999 v _473_/Q (sky130_fd_sc_hd__dfxtp_1)
                                                         net61 (net)
                      0.114364    0.000847    1.309846 v output61/A (sky130_fd_sc_hd__buf_2)
     1    0.034435    0.166837    0.365632    1.675478 v output61/X (sky130_fd_sc_hd__buf_2)
                                                         group_timeout_count[15] (net)
                      0.166851    0.001599    1.677077 v group_timeout_count[15] (out)
                                              1.677077   data arrival time

                                  0.000000    0.000000   clock clk (rise edge)
                                  0.000000    0.000000   clock network delay (propagated)
                                  0.250000    0.250000   clock uncertainty
                                  0.000000    0.250000   clock reconvergence pessimism
                                 -5.000000   -4.750000   output external delay
                                             -4.750000   data required time
---------------------------------------------------------------------------------------------
                                             -4.750000   data required time
                                             -1.677077   data arrival time
---------------------------------------------------------------------------------------------
                                              6.427077   slack (MET)


Startpoint: _441_ (rising edge-triggered flip-flop clocked by clk)
Endpoint: global_timeout_count[7] (output port clocked by clk)
Path Group: clk
Path Type: min

Fanout         Cap        Slew       Delay        Time   Description
---------------------------------------------------------------------------------------------
                                  0.000000    0.000000   clock clk (rise edge)
                                  0.000000    0.000000   clock source latency
     1    0.019539    0.146837    0.100504    0.100504 ^ clk (in)
                                                         clk (net)
                      0.146870    0.000000    0.100504 ^ clkbuf_0_clk/A (sky130_fd_sc_hd__clkbuf_16)
     4    0.042376    0.096839    0.287799    0.388303 ^ clkbuf_0_clk/X (sky130_fd_sc_hd__clkbuf_16)
                                                         clknet_0_clk (net)
                      0.096943    0.001697    0.390000 ^ clkbuf_2_2__f_clk/A (sky130_fd_sc_hd__clkbuf_16)
    13    0.045420    0.100882    0.267956    0.657956 ^ clkbuf_2_2__f_clk/X (sky130_fd_sc_hd__clkbuf_16)
                                                         clknet_2_2__leaf_clk (net)
                      0.101012    0.003041    0.660997 ^ _441_/CLK (sky130_fd_sc_hd__dfxtp_1)
     5    0.011235    0.115608    0.648814    1.309811 v _441_/Q (sky130_fd_sc_hd__dfxtp_1)
                                                         net41 (net)
                      0.115609    0.000527    1.310338 v output41/A (sky130_fd_sc_hd__buf_2)
     1    0.034377    0.166607    0.366050    1.676388 v output41/X (sky130_fd_sc_hd__buf_2)
                                                         global_timeout_count[7] (net)
                      0.166621    0.001595    1.677984 v global_timeout_count[7] (out)
                                              1.677984   data arrival time

                                  0.000000    0.000000   clock clk (rise edge)
                                  0.000000    0.000000   clock network delay (propagated)
                                  0.250000    0.250000   clock uncertainty
                                  0.000000    0.250000   clock reconvergence pessimism
                                 -5.000000   -4.750000   output external delay
                                             -4.750000   data required time
---------------------------------------------------------------------------------------------
                                             -4.750000   data required time
                                             -1.677984   data arrival time
---------------------------------------------------------------------------------------------
                                              6.427984   slack (MET)


Startpoint: _471_ (rising edge-triggered flip-flop clocked by clk)
Endpoint: group_timeout_count[13] (output port clocked by clk)
Path Group: clk
Path Type: min

Fanout         Cap        Slew       Delay        Time   Description
---------------------------------------------------------------------------------------------
                                  0.000000    0.000000   clock clk (rise edge)
                                  0.000000    0.000000   clock source latency
     1    0.019539    0.146837    0.100504    0.100504 ^ clk (in)
                                                         clk (net)
                      0.146870    0.000000    0.100504 ^ clkbuf_0_clk/A (sky130_fd_sc_hd__clkbuf_16)
     4    0.042376    0.096839    0.287799    0.388303 ^ clkbuf_0_clk/X (sky130_fd_sc_hd__clkbuf_16)
                                                         clknet_0_clk (net)
                      0.096961    0.001984    0.390287 ^ clkbuf_2_0__f_clk/A (sky130_fd_sc_hd__clkbuf_16)
    14    0.045642    0.101168    0.268173    0.658460 ^ clkbuf_2_0__f_clk/X (sky130_fd_sc_hd__clkbuf_16)
                                                         clknet_2_0__leaf_clk (net)
                      0.101289    0.002945    0.661405 ^ _471_/CLK (sky130_fd_sc_hd__dfxtp_1)
     5    0.011859    0.120808    0.653174    1.314579 v _471_/Q (sky130_fd_sc_hd__dfxtp_1)
                                                         net59 (net)
                      0.120813    0.000923    1.315502 v output59/A (sky130_fd_sc_hd__buf_2)
     1    0.034247    0.166119    0.368090    1.683593 v output59/X (sky130_fd_sc_hd__buf_2)
                                                         group_timeout_count[13] (net)
                      0.166134    0.001667    1.685259 v group_timeout_count[13] (out)
                                              1.685259   data arrival time

                                  0.000000    0.000000   clock clk (rise edge)
                                  0.000000    0.000000   clock network delay (propagated)
                                  0.250000    0.250000   clock uncertainty
                                  0.000000    0.250000   clock reconvergence pessimism
                                 -5.000000   -4.750000   output external delay
                                             -4.750000   data required time
---------------------------------------------------------------------------------------------
                                             -4.750000   data required time
                                             -1.685259   data arrival time
---------------------------------------------------------------------------------------------
                                              6.435260   slack (MET)


Startpoint: _443_ (rising edge-triggered flip-flop clocked by clk)
Endpoint: global_timeout_count[9] (output port clocked by clk)
Path Group: clk
Path Type: min

Fanout         Cap        Slew       Delay        Time   Description
---------------------------------------------------------------------------------------------
                                  0.000000    0.000000   clock clk (rise edge)
                                  0.000000    0.000000   clock source latency
     1    0.019539    0.146837    0.100504    0.100504 ^ clk (in)
                                                         clk (net)
                      0.146870    0.000000    0.100504 ^ clkbuf_0_clk/A (sky130_fd_sc_hd__clkbuf_16)
     4    0.042376    0.096839    0.287799    0.388303 ^ clkbuf_0_clk/X (sky130_fd_sc_hd__clkbuf_16)
                                                         clknet_0_clk (net)
                      0.096943    0.001697    0.390000 ^ clkbuf_2_2__f_clk/A (sky130_fd_sc_hd__clkbuf_16)
    13    0.045420    0.100882    0.267956    0.657956 ^ clkbuf_2_2__f_clk/X (sky130_fd_sc_hd__clkbuf_16)
                                                         clknet_2_2__leaf_clk (net)
                      0.101002    0.002921    0.660877 ^ _443_/CLK (sky130_fd_sc_hd__dfxtp_1)
     5    0.012743    0.126669    0.659365    1.320243 v _443_/Q (sky130_fd_sc_hd__dfxtp_1)
                                                         net43 (net)
                      0.126669    0.000422    1.320664 v output43/A (sky130_fd_sc_hd__buf_2)
     1    0.034449    0.166909    0.371600    1.692264 v output43/X (sky130_fd_sc_hd__buf_2)
                                                         global_timeout_count[9] (net)
                      0.166922    0.001613    1.693877 v global_timeout_count[9] (out)
                                              1.693877   data arrival time

                                  0.000000    0.000000   clock clk (rise edge)
                                  0.000000    0.000000   clock network delay (propagated)
                                  0.250000    0.250000   clock uncertainty
                                  0.000000    0.250000   clock reconvergence pessimism
                                 -5.000000   -4.750000   output external delay
                                             -4.750000   data required time
---------------------------------------------------------------------------------------------
                                             -4.750000   data required time
                                             -1.693877   data arrival time
---------------------------------------------------------------------------------------------
                                              6.443877   slack (MET)


Startpoint: _474_ (rising edge-triggered flip-flop clocked by clk)
Endpoint: sticky_tamper (output port clocked by clk)
Path Group: clk
Path Type: min

Fanout         Cap        Slew       Delay        Time   Description
---------------------------------------------------------------------------------------------
                                  0.000000    0.000000   clock clk (rise edge)
                                  0.000000    0.000000   clock source latency
     1    0.019539    0.146837    0.100504    0.100504 ^ clk (in)
                                                         clk (net)
                      0.146870    0.000000    0.100504 ^ clkbuf_0_clk/A (sky130_fd_sc_hd__clkbuf_16)
     4    0.042376    0.096839    0.287799    0.388303 ^ clkbuf_0_clk/X (sky130_fd_sc_hd__clkbuf_16)
                                                         clknet_0_clk (net)
                      0.096942    0.001680    0.389983 ^ clkbuf_2_3__f_clk/A (sky130_fd_sc_hd__clkbuf_16)
    14    0.046259    0.102193    0.268796    0.658779 ^ clkbuf_2_3__f_clk/X (sky130_fd_sc_hd__clkbuf_16)
                                                         clknet_2_3__leaf_clk (net)
                      0.102307    0.002878    0.661657 ^ _474_/CLK (sky130_fd_sc_hd__dfxtp_1)
     4    0.012760    0.126950    0.659637    1.321294 v _474_/Q (sky130_fd_sc_hd__dfxtp_1)
                                                         net75 (net)
                      0.126953    0.000825    1.322119 v output75/A (sky130_fd_sc_hd__buf_2)
     1    0.034626    0.167632    0.372253    1.694372 v output75/X (sky130_fd_sc_hd__buf_2)
                                                         sticky_tamper (net)
                      0.167647    0.001690    1.696062 v sticky_tamper (out)
                                              1.696062   data arrival time

                                  0.000000    0.000000   clock clk (rise edge)
                                  0.000000    0.000000   clock network delay (propagated)
                                  0.250000    0.250000   clock uncertainty
                                  0.000000    0.250000   clock reconvergence pessimism
                                 -5.000000   -4.750000   output external delay
                                             -4.750000   data required time
---------------------------------------------------------------------------------------------
                                             -4.750000   data required time
                                             -1.696062   data arrival time
---------------------------------------------------------------------------------------------
                                              6.446062   slack (MET)


Startpoint: _478_ (rising edge-triggered flip-flop clocked by clk)
Endpoint: group_state_bits[2] (output port clocked by clk)
Path Group: clk
Path Type: min

Fanout         Cap        Slew       Delay        Time   Description
---------------------------------------------------------------------------------------------
                                  0.000000    0.000000   clock clk (rise edge)
                                  0.000000    0.000000   clock source latency
     1    0.019539    0.146837    0.100504    0.100504 ^ clk (in)
                                                         clk (net)
                      0.146870    0.000000    0.100504 ^ clkbuf_0_clk/A (sky130_fd_sc_hd__clkbuf_16)
     4    0.042376    0.096839    0.287799    0.388303 ^ clkbuf_0_clk/X (sky130_fd_sc_hd__clkbuf_16)
                                                         clknet_0_clk (net)
                      0.096962    0.001997    0.390300 ^ clkbuf_2_1__f_clk/A (sky130_fd_sc_hd__clkbuf_16)
    14    0.047669    0.103868    0.270318    0.660618 ^ clkbuf_2_1__f_clk/X (sky130_fd_sc_hd__clkbuf_16)
                                                         clknet_2_1__leaf_clk (net)
                      0.103910    0.001956    0.662575 ^ _478_/CLK (sky130_fd_sc_hd__dfxtp_1)
     5    0.013345    0.130816    0.664501    1.327075 v _478_/Q (sky130_fd_sc_hd__dfxtp_1)
                                                         net48 (net)
                      0.130823    0.001114    1.328189 v output48/A (sky130_fd_sc_hd__buf_2)
     1    0.034557    0.167358    0.373909    1.702098 v output48/X (sky130_fd_sc_hd__buf_2)
                                                         group_state_bits[2] (net)
                      0.167373    0.001672    1.703770 v group_state_bits[2] (out)
                                              1.703770   data arrival time

                                  0.000000    0.000000   clock clk (rise edge)
                                  0.000000    0.000000   clock network delay (propagated)
                                  0.250000    0.250000   clock uncertainty
                                  0.000000    0.250000   clock reconvergence pessimism
                                 -5.000000   -4.750000   output external delay
                                             -4.750000   data required time
---------------------------------------------------------------------------------------------
                                             -4.750000   data required time
                                             -1.703770   data arrival time
---------------------------------------------------------------------------------------------
                                              6.453770   slack (MET)


Startpoint: _476_ (rising edge-triggered flip-flop clocked by clk)
Endpoint: group_state_bits[0] (output port clocked by clk)
Path Group: clk
Path Type: min

Fanout         Cap        Slew       Delay        Time   Description
---------------------------------------------------------------------------------------------
                                  0.000000    0.000000   clock clk (rise edge)
                                  0.000000    0.000000   clock source latency
     1    0.019539    0.146837    0.100504    0.100504 ^ clk (in)
                                                         clk (net)
                      0.146870    0.000000    0.100504 ^ clkbuf_0_clk/A (sky130_fd_sc_hd__clkbuf_16)
     4    0.042376    0.096839    0.287799    0.388303 ^ clkbuf_0_clk/X (sky130_fd_sc_hd__clkbuf_16)
                                                         clknet_0_clk (net)
                      0.096962    0.001997    0.390300 ^ clkbuf_2_1__f_clk/A (sky130_fd_sc_hd__clkbuf_16)
    14    0.047669    0.103868    0.270318    0.660618 ^ clkbuf_2_1__f_clk/X (sky130_fd_sc_hd__clkbuf_16)
                                                         clknet_2_1__leaf_clk (net)
                      0.103904    0.001843    0.662462 ^ _476_/CLK (sky130_fd_sc_hd__dfxtp_1)
     5    0.014267    0.138511    0.670360    1.332821 v _476_/Q (sky130_fd_sc_hd__dfxtp_1)
                                                         net46 (net)
                      0.138516    0.000951    1.333772 v output46/A (sky130_fd_sc_hd__buf_2)
     1    0.034563    0.167395    0.377639    1.711411 v output46/X (sky130_fd_sc_hd__buf_2)
                                                         group_state_bits[0] (net)
                      0.167410    0.001672    1.713083 v group_state_bits[0] (out)
                                              1.713083   data arrival time

                                  0.000000    0.000000   clock clk (rise edge)
                                  0.000000    0.000000   clock network delay (propagated)
                                  0.250000    0.250000   clock uncertainty
                                  0.000000    0.250000   clock reconvergence pessimism
                                 -5.000000   -4.750000   output external delay
                                             -4.750000   data required time
---------------------------------------------------------------------------------------------
                                             -4.750000   data required time
                                             -1.713083   data arrival time
---------------------------------------------------------------------------------------------
                                              6.463083   slack (MET)


Startpoint: _479_ (rising edge-triggered flip-flop clocked by clk)
Endpoint: group_state_bits[3] (output port clocked by clk)
Path Group: clk
Path Type: min

Fanout         Cap        Slew       Delay        Time   Description
---------------------------------------------------------------------------------------------
                                  0.000000    0.000000   clock clk (rise edge)
                                  0.000000    0.000000   clock source latency
     1    0.019539    0.146837    0.100504    0.100504 ^ clk (in)
                                                         clk (net)
                      0.146870    0.000000    0.100504 ^ clkbuf_0_clk/A (sky130_fd_sc_hd__clkbuf_16)
     4    0.042376    0.096839    0.287799    0.388303 ^ clkbuf_0_clk/X (sky130_fd_sc_hd__clkbuf_16)
                                                         clknet_0_clk (net)
                      0.096962    0.001997    0.390300 ^ clkbuf_2_1__f_clk/A (sky130_fd_sc_hd__clkbuf_16)
    14    0.047669    0.103868    0.270318    0.660618 ^ clkbuf_2_1__f_clk/X (sky130_fd_sc_hd__clkbuf_16)
                                                         clknet_2_1__leaf_clk (net)
                      0.103973    0.002820    0.663438 ^ _479_/CLK (sky130_fd_sc_hd__dfxtp_1)
     6    0.014246    0.138302    0.670378    1.333816 v _479_/Q (sky130_fd_sc_hd__dfxtp_1)
                                                         net49 (net)
                      0.138303    0.000664    1.334480 v output49/A (sky130_fd_sc_hd__buf_2)
     1    0.034553    0.167352    0.377504    1.711984 v output49/X (sky130_fd_sc_hd__buf_2)
                                                         group_state_bits[3] (net)
                      0.167367    0.001671    1.713655 v group_state_bits[3] (out)
                                              1.713655   data arrival time

                                  0.000000    0.000000   clock clk (rise edge)
                                  0.000000    0.000000   clock network delay (propagated)
                                  0.250000    0.250000   clock uncertainty
                                  0.000000    0.250000   clock reconvergence pessimism
                                 -5.000000   -4.750000   output external delay
                                             -4.750000   data required time
---------------------------------------------------------------------------------------------
                                             -4.750000   data required time
                                             -1.713655   data arrival time
---------------------------------------------------------------------------------------------
                                              6.463655   slack (MET)


Startpoint: _445_ (rising edge-triggered flip-flop clocked by clk)
Endpoint: global_timeout_count[11] (output port clocked by clk)
Path Group: clk
Path Type: min

Fanout         Cap        Slew       Delay        Time   Description
---------------------------------------------------------------------------------------------
                                  0.000000    0.000000   clock clk (rise edge)
                                  0.000000    0.000000   clock source latency
     1    0.019539    0.146837    0.100504    0.100504 ^ clk (in)
                                                         clk (net)
                      0.146870    0.000000    0.100504 ^ clkbuf_0_clk/A (sky130_fd_sc_hd__clkbuf_16)
     4    0.042376    0.096839    0.287799    0.388303 ^ clkbuf_0_clk/X (sky130_fd_sc_hd__clkbuf_16)
                                                         clknet_0_clk (net)
                      0.096943    0.001697    0.390000 ^ clkbuf_2_2__f_clk/A (sky130_fd_sc_hd__clkbuf_16)
    13    0.045420    0.100882    0.267956    0.657956 ^ clkbuf_2_2__f_clk/X (sky130_fd_sc_hd__clkbuf_16)
                                                         clknet_2_2__leaf_clk (net)
                      0.100956    0.002348    0.660303 ^ _445_/CLK (sky130_fd_sc_hd__dfxtp_1)
     5    0.015490    0.148791    0.676550    1.336853 v _445_/Q (sky130_fd_sc_hd__dfxtp_1)
                                                         net30 (net)
                      0.148792    0.000683    1.337536 v output30/A (sky130_fd_sc_hd__buf_2)
     1    0.034131    0.165691    0.381223    1.718759 v output30/X (sky130_fd_sc_hd__buf_2)
                                                         global_timeout_count[11] (net)
                      0.165706    0.001645    1.720404 v global_timeout_count[11] (out)
                                              1.720404   data arrival time

                                  0.000000    0.000000   clock clk (rise edge)
                                  0.000000    0.000000   clock network delay (propagated)
                                  0.250000    0.250000   clock uncertainty
                                  0.000000    0.250000   clock reconvergence pessimism
                                 -5.000000   -4.750000   output external delay
                                             -4.750000   data required time
---------------------------------------------------------------------------------------------
                                             -4.750000   data required time
                                             -1.720404   data arrival time
---------------------------------------------------------------------------------------------
                                              6.470404   slack (MET)


Startpoint: _435_ (rising edge-triggered flip-flop clocked by clk)
Endpoint: global_timeout_count[1] (output port clocked by clk)
Path Group: clk
Path Type: min

Fanout         Cap        Slew       Delay        Time   Description
---------------------------------------------------------------------------------------------
                                  0.000000    0.000000   clock clk (rise edge)
                                  0.000000    0.000000   clock source latency
     1    0.019539    0.146837    0.100504    0.100504 ^ clk (in)
                                                         clk (net)
                      0.146870    0.000000    0.100504 ^ clkbuf_0_clk/A (sky130_fd_sc_hd__clkbuf_16)
     4    0.042376    0.096839    0.287799    0.388303 ^ clkbuf_0_clk/X (sky130_fd_sc_hd__clkbuf_16)
                                                         clknet_0_clk (net)
                      0.096961    0.001984    0.390287 ^ clkbuf_2_0__f_clk/A (sky130_fd_sc_hd__clkbuf_16)
    14    0.045642    0.101168    0.268173    0.658460 ^ clkbuf_2_0__f_clk/X (sky130_fd_sc_hd__clkbuf_16)
                                                         clknet_2_0__leaf_clk (net)
                      0.101293    0.002991    0.661452 ^ _435_/CLK (sky130_fd_sc_hd__dfxtp_1)
     5    0.015509    0.148834    0.677218    1.338670 v _435_/Q (sky130_fd_sc_hd__dfxtp_1)
                                                         net35 (net)
                      0.148834    0.000461    1.339131 v output35/A (sky130_fd_sc_hd__buf_2)
     1    0.034379    0.166660    0.382078    1.721210 v output35/X (sky130_fd_sc_hd__buf_2)
                                                         global_timeout_count[1] (net)
                      0.166674    0.001596    1.722805 v global_timeout_count[1] (out)
                                              1.722805   data arrival time

                                  0.000000    0.000000   clock clk (rise edge)
                                  0.000000    0.000000   clock network delay (propagated)
                                  0.250000    0.250000   clock uncertainty
                                  0.000000    0.250000   clock reconvergence pessimism
                                 -5.000000   -4.750000   output external delay
                                             -4.750000   data required time
---------------------------------------------------------------------------------------------
                                             -4.750000   data required time
                                             -1.722805   data arrival time
---------------------------------------------------------------------------------------------
                                              6.472805   slack (MET)


Startpoint: _439_ (rising edge-triggered flip-flop clocked by clk)
Endpoint: global_timeout_count[5] (output port clocked by clk)
Path Group: clk
Path Type: min

Fanout         Cap        Slew       Delay        Time   Description
---------------------------------------------------------------------------------------------
                                  0.000000    0.000000   clock clk (rise edge)
                                  0.000000    0.000000   clock source latency
     1    0.019539    0.146837    0.100504    0.100504 ^ clk (in)
                                                         clk (net)
                      0.146870    0.000000    0.100504 ^ clkbuf_0_clk/A (sky130_fd_sc_hd__clkbuf_16)
     4    0.042376    0.096839    0.287799    0.388303 ^ clkbuf_0_clk/X (sky130_fd_sc_hd__clkbuf_16)
                                                         clknet_0_clk (net)
                      0.096961    0.001984    0.390287 ^ clkbuf_2_0__f_clk/A (sky130_fd_sc_hd__clkbuf_16)
    14    0.045642    0.101168    0.268173    0.658460 ^ clkbuf_2_0__f_clk/X (sky130_fd_sc_hd__clkbuf_16)
                                                         clknet_2_0__leaf_clk (net)
                      0.101212    0.001940    0.660400 ^ _439_/CLK (sky130_fd_sc_hd__dfxtp_1)
     5    0.015793    0.151243    0.678881    1.339281 v _439_/Q (sky130_fd_sc_hd__dfxtp_1)
                                                         net39 (net)
                      0.151244    0.000782    1.340064 v output39/A (sky130_fd_sc_hd__buf_2)
     1    0.034387    0.166694    0.383263    1.723327 v output39/X (sky130_fd_sc_hd__buf_2)
                                                         global_timeout_count[5] (net)
                      0.166707    0.001597    1.724924 v global_timeout_count[5] (out)
                                              1.724924   data arrival time

                                  0.000000    0.000000   clock clk (rise edge)
                                  0.000000    0.000000   clock network delay (propagated)
                                  0.250000    0.250000   clock uncertainty
                                  0.000000    0.250000   clock reconvergence pessimism
                                 -5.000000   -4.750000   output external delay
                                             -4.750000   data required time
---------------------------------------------------------------------------------------------
                                             -4.750000   data required time
                                             -1.724924   data arrival time
---------------------------------------------------------------------------------------------
                                              6.474924   slack (MET)


Startpoint: _469_ (rising edge-triggered flip-flop clocked by clk)
Endpoint: group_timeout_count[11] (output port clocked by clk)
Path Group: clk
Path Type: min

Fanout         Cap        Slew       Delay        Time   Description
---------------------------------------------------------------------------------------------
                                  0.000000    0.000000   clock clk (rise edge)
                                  0.000000    0.000000   clock source latency
     1    0.019539    0.146837    0.100504    0.100504 ^ clk (in)
                                                         clk (net)
                      0.146870    0.000000    0.100504 ^ clkbuf_0_clk/A (sky130_fd_sc_hd__clkbuf_16)
     4    0.042376    0.096839    0.287799    0.388303 ^ clkbuf_0_clk/X (sky130_fd_sc_hd__clkbuf_16)
                                                         clknet_0_clk (net)
                      0.096961    0.001984    0.390287 ^ clkbuf_2_0__f_clk/A (sky130_fd_sc_hd__clkbuf_16)
    14    0.045642    0.101168    0.268173    0.658460 ^ clkbuf_2_0__f_clk/X (sky130_fd_sc_hd__clkbuf_16)
                                                         clknet_2_0__leaf_clk (net)
                      0.101208    0.001872    0.660333 ^ _469_/CLK (sky130_fd_sc_hd__dfxtp_1)
     6    0.016084    0.153740    0.680517    1.340850 v _469_/Q (sky130_fd_sc_hd__dfxtp_1)
                                                         net57 (net)
                      0.153745    0.001111    1.341961 v output57/A (sky130_fd_sc_hd__buf_2)
     1    0.034505    0.167213    0.384725    1.726686 v output57/X (sky130_fd_sc_hd__buf_2)
                                                         group_timeout_count[11] (net)
                      0.167231    0.001776    1.728462 v group_timeout_count[11] (out)
                                              1.728462   data arrival time

                                  0.000000    0.000000   clock clk (rise edge)
                                  0.000000    0.000000   clock network delay (propagated)
                                  0.250000    0.250000   clock uncertainty
                                  0.000000    0.250000   clock reconvergence pessimism
                                 -5.000000   -4.750000   output external delay
                                             -4.750000   data required time
---------------------------------------------------------------------------------------------
                                             -4.750000   data required time
                                             -1.728462   data arrival time
---------------------------------------------------------------------------------------------
                                              6.478462   slack (MET)


Startpoint: _431_ (rising edge-triggered flip-flop clocked by clk)
Endpoint: global_state_bits[1] (output port clocked by clk)
Path Group: clk
Path Type: min

Fanout         Cap        Slew       Delay        Time   Description
---------------------------------------------------------------------------------------------
                                  0.000000    0.000000   clock clk (rise edge)
                                  0.000000    0.000000   clock source latency
     1    0.019539    0.146837    0.100504    0.100504 ^ clk (in)
                                                         clk (net)
                      0.146870    0.000000    0.100504 ^ clkbuf_0_clk/A (sky130_fd_sc_hd__clkbuf_16)
     4    0.042376    0.096839    0.287799    0.388303 ^ clkbuf_0_clk/X (sky130_fd_sc_hd__clkbuf_16)
                                                         clknet_0_clk (net)
                      0.096943    0.001697    0.390000 ^ clkbuf_2_2__f_clk/A (sky130_fd_sc_hd__clkbuf_16)
    13    0.045420    0.100882    0.267956    0.657956 ^ clkbuf_2_2__f_clk/X (sky130_fd_sc_hd__clkbuf_16)
                                                         clknet_2_2__leaf_clk (net)
                      0.100935    0.002047    0.660003 ^ _431_/CLK (sky130_fd_sc_hd__dfxtp_2)
     7    0.024957    0.124999    0.696141    1.356144 v _431_/Q (sky130_fd_sc_hd__dfxtp_2)
                                                         net20 (net)
                      0.125051    0.002386    1.358530 v output20/A (sky130_fd_sc_hd__buf_2)
     1    0.034110    0.165577    0.369708    1.728238 v output20/X (sky130_fd_sc_hd__buf_2)
                                                         global_state_bits[1] (net)
                      0.165592    0.001645    1.729882 v global_state_bits[1] (out)
                                              1.729882   data arrival time

                                  0.000000    0.000000   clock clk (rise edge)
                                  0.000000    0.000000   clock network delay (propagated)
                                  0.250000    0.250000   clock uncertainty
                                  0.000000    0.250000   clock reconvergence pessimism
                                 -5.000000   -4.750000   output external delay
                                             -4.750000   data required time
---------------------------------------------------------------------------------------------
                                             -4.750000   data required time
                                             -1.729882   data arrival time
---------------------------------------------------------------------------------------------
                                              6.479883   slack (MET)


Startpoint: _481_ (rising edge-triggered flip-flop clocked by clk)
Endpoint: global_state_bits[4] (output port clocked by clk)
Path Group: clk
Path Type: min

Fanout         Cap        Slew       Delay        Time   Description
---------------------------------------------------------------------------------------------
                                  0.000000    0.000000   clock clk (rise edge)
                                  0.000000    0.000000   clock source latency
     1    0.019539    0.146837    0.100504    0.100504 ^ clk (in)
                                                         clk (net)
                      0.146870    0.000000    0.100504 ^ clkbuf_0_clk/A (sky130_fd_sc_hd__clkbuf_16)
     4    0.042376    0.096839    0.287799    0.388303 ^ clkbuf_0_clk/X (sky130_fd_sc_hd__clkbuf_16)
                                                         clknet_0_clk (net)
                      0.096942    0.001680    0.389983 ^ clkbuf_2_3__f_clk/A (sky130_fd_sc_hd__clkbuf_16)
    14    0.046259    0.102193    0.268796    0.658779 ^ clkbuf_2_3__f_clk/X (sky130_fd_sc_hd__clkbuf_16)
                                                         clknet_2_3__leaf_clk (net)
                      0.102256    0.002224    0.661003 ^ _481_/CLK (sky130_fd_sc_hd__dfxtp_2)
     8    0.024804    0.124575    0.696897    1.357900 v _481_/Q (sky130_fd_sc_hd__dfxtp_2)
                                                         net23 (net)
                      0.124582    0.001090    1.358990 v output23/A (sky130_fd_sc_hd__buf_2)
     1    0.034216    0.165986    0.369847    1.728837 v output23/X (sky130_fd_sc_hd__buf_2)
                                                         global_state_bits[4] (net)
                      0.166000    0.001610    1.730447 v global_state_bits[4] (out)
                                              1.730447   data arrival time

                                  0.000000    0.000000   clock clk (rise edge)
                                  0.000000    0.000000   clock network delay (propagated)
                                  0.250000    0.250000   clock uncertainty
                                  0.000000    0.250000   clock reconvergence pessimism
                                 -5.000000   -4.750000   output external delay
                                             -4.750000   data required time
---------------------------------------------------------------------------------------------
                                             -4.750000   data required time
                                             -1.730447   data arrival time
---------------------------------------------------------------------------------------------
                                              6.480447   slack (MET)


Startpoint: _440_ (rising edge-triggered flip-flop clocked by clk)
Endpoint: global_timeout_count[6] (output port clocked by clk)
Path Group: clk
Path Type: min

Fanout         Cap        Slew       Delay        Time   Description
---------------------------------------------------------------------------------------------
                                  0.000000    0.000000   clock clk (rise edge)
                                  0.000000    0.000000   clock source latency
     1    0.019539    0.146837    0.100504    0.100504 ^ clk (in)
                                                         clk (net)
                      0.146870    0.000000    0.100504 ^ clkbuf_0_clk/A (sky130_fd_sc_hd__clkbuf_16)
     4    0.042376    0.096839    0.287799    0.388303 ^ clkbuf_0_clk/X (sky130_fd_sc_hd__clkbuf_16)
                                                         clknet_0_clk (net)
                      0.096961    0.001984    0.390287 ^ clkbuf_2_0__f_clk/A (sky130_fd_sc_hd__clkbuf_16)
    14    0.045642    0.101168    0.268173    0.658460 ^ clkbuf_2_0__f_clk/X (sky130_fd_sc_hd__clkbuf_16)
                                                         clknet_2_0__leaf_clk (net)
                      0.101305    0.003123    0.661584 ^ _440_/CLK (sky130_fd_sc_hd__dfxtp_1)
     6    0.016246    0.155042    0.681764    1.343347 v _440_/Q (sky130_fd_sc_hd__dfxtp_1)
                                                         net40 (net)
                      0.155042    0.000664    1.344012 v output40/A (sky130_fd_sc_hd__buf_2)
     1    0.034433    0.166890    0.385227    1.729238 v output40/X (sky130_fd_sc_hd__buf_2)
                                                         global_timeout_count[6] (net)
                      0.166903    0.001623    1.730861 v global_timeout_count[6] (out)
                                              1.730861   data arrival time

                                  0.000000    0.000000   clock clk (rise edge)
                                  0.000000    0.000000   clock network delay (propagated)
                                  0.250000    0.250000   clock uncertainty
                                  0.000000    0.250000   clock reconvergence pessimism
                                 -5.000000   -4.750000   output external delay
                                             -4.750000   data required time
---------------------------------------------------------------------------------------------
                                             -4.750000   data required time
                                             -1.730861   data arrival time
---------------------------------------------------------------------------------------------
                                              6.480861   slack (MET)


Startpoint: _475_ (rising edge-triggered flip-flop clocked by clk)
Endpoint: sticky_illegal (output port clocked by clk)
Path Group: clk
Path Type: min

Fanout         Cap        Slew       Delay        Time   Description
---------------------------------------------------------------------------------------------
                                  0.000000    0.000000   clock clk (rise edge)
                                  0.000000    0.000000   clock source latency
     1    0.019539    0.146837    0.100504    0.100504 ^ clk (in)
                                                         clk (net)
                      0.146870    0.000000    0.100504 ^ clkbuf_0_clk/A (sky130_fd_sc_hd__clkbuf_16)
     4    0.042376    0.096839    0.287799    0.388303 ^ clkbuf_0_clk/X (sky130_fd_sc_hd__clkbuf_16)
                                                         clknet_0_clk (net)
                      0.096942    0.001680    0.389983 ^ clkbuf_2_3__f_clk/A (sky130_fd_sc_hd__clkbuf_16)
    14    0.046259    0.102193    0.268796    0.658779 ^ clkbuf_2_3__f_clk/X (sky130_fd_sc_hd__clkbuf_16)
                                                         clknet_2_3__leaf_clk (net)
                      0.102303    0.002826    0.661605 ^ _475_/CLK (sky130_fd_sc_hd__dfxtp_1)
     6    0.016667    0.158692    0.684530    1.346135 v _475_/Q (sky130_fd_sc_hd__dfxtp_1)
                                                         net74 (net)
                      0.158693    0.000743    1.346878 v output74/A (sky130_fd_sc_hd__buf_2)
     1    0.034635    0.167710    0.387585    1.734463 v output74/X (sky130_fd_sc_hd__buf_2)
                                                         sticky_illegal (net)
                      0.167725    0.001691    1.736154 v sticky_illegal (out)
                                              1.736154   data arrival time

                                  0.000000    0.000000   clock clk (rise edge)
                                  0.000000    0.000000   clock network delay (propagated)
                                  0.250000    0.250000   clock uncertainty
                                  0.000000    0.250000   clock reconvergence pessimism
                                 -5.000000   -4.750000   output external delay
                                             -4.750000   data required time
---------------------------------------------------------------------------------------------
                                             -4.750000   data required time
                                             -1.736154   data arrival time
---------------------------------------------------------------------------------------------
                                              6.486154   slack (MET)


Startpoint: _467_ (rising edge-triggered flip-flop clocked by clk)
Endpoint: group_timeout_count[9] (output port clocked by clk)
Path Group: clk
Path Type: min

Fanout         Cap        Slew       Delay        Time   Description
---------------------------------------------------------------------------------------------
                                  0.000000    0.000000   clock clk (rise edge)
                                  0.000000    0.000000   clock source latency
     1    0.019539    0.146837    0.100504    0.100504 ^ clk (in)
                                                         clk (net)
                      0.146870    0.000000    0.100504 ^ clkbuf_0_clk/A (sky130_fd_sc_hd__clkbuf_16)
     4    0.042376    0.096839    0.287799    0.388303 ^ clkbuf_0_clk/X (sky130_fd_sc_hd__clkbuf_16)
                                                         clknet_0_clk (net)
                      0.096962    0.001997    0.390300 ^ clkbuf_2_1__f_clk/A (sky130_fd_sc_hd__clkbuf_16)
    14    0.047669    0.103868    0.270318    0.660618 ^ clkbuf_2_1__f_clk/X (sky130_fd_sc_hd__clkbuf_16)
                                                         clknet_2_1__leaf_clk (net)
                      0.103884    0.001453    0.662071 ^ _467_/CLK (sky130_fd_sc_hd__dfxtp_1)
     5    0.016785    0.159687    0.685990    1.348062 v _467_/Q (sky130_fd_sc_hd__dfxtp_1)
                                                         net70 (net)
                      0.159696    0.001357    1.349418 v output70/A (sky130_fd_sc_hd__buf_2)
     1    0.034136    0.165724    0.386500    1.735918 v output70/X (sky130_fd_sc_hd__buf_2)
                                                         group_timeout_count[9] (net)
                      0.165739    0.001643    1.737561 v group_timeout_count[9] (out)
                                              1.737561   data arrival time

                                  0.000000    0.000000   clock clk (rise edge)
                                  0.000000    0.000000   clock network delay (propagated)
                                  0.250000    0.250000   clock uncertainty
                                  0.000000    0.250000   clock reconvergence pessimism
                                 -5.000000   -4.750000   output external delay
                                             -4.750000   data required time
---------------------------------------------------------------------------------------------
                                             -4.750000   data required time
                                             -1.737561   data arrival time
---------------------------------------------------------------------------------------------
                                              6.487561   slack (MET)


Startpoint: _444_ (rising edge-triggered flip-flop clocked by clk)
Endpoint: global_timeout_count[10] (output port clocked by clk)
Path Group: clk
Path Type: min

Fanout         Cap        Slew       Delay        Time   Description
---------------------------------------------------------------------------------------------
                                  0.000000    0.000000   clock clk (rise edge)
                                  0.000000    0.000000   clock source latency
     1    0.019539    0.146837    0.100504    0.100504 ^ clk (in)
                                                         clk (net)
                      0.146870    0.000000    0.100504 ^ clkbuf_0_clk/A (sky130_fd_sc_hd__clkbuf_16)
     4    0.042376    0.096839    0.287799    0.388303 ^ clkbuf_0_clk/X (sky130_fd_sc_hd__clkbuf_16)
                                                         clknet_0_clk (net)
                      0.096943    0.001697    0.390000 ^ clkbuf_2_2__f_clk/A (sky130_fd_sc_hd__clkbuf_16)
    13    0.045420    0.100882    0.267956    0.657956 ^ clkbuf_2_2__f_clk/X (sky130_fd_sc_hd__clkbuf_16)
                                                         clknet_2_2__leaf_clk (net)
                      0.100941    0.002144    0.660100 ^ _444_/CLK (sky130_fd_sc_hd__dfxtp_1)
     6    0.017125    0.162454    0.687010    1.347111 v _444_/Q (sky130_fd_sc_hd__dfxtp_1)
                                                         net29 (net)
                      0.162456    0.000887    1.347997 v output29/A (sky130_fd_sc_hd__buf_2)
     1    0.034380    0.166683    0.388650    1.736647 v output29/X (sky130_fd_sc_hd__buf_2)
                                                         global_timeout_count[10] (net)
                      0.166696    0.001596    1.738243 v global_timeout_count[10] (out)
                                              1.738243   data arrival time

                                  0.000000    0.000000   clock clk (rise edge)
                                  0.000000    0.000000   clock network delay (propagated)
                                  0.250000    0.250000   clock uncertainty
                                  0.000000    0.250000   clock reconvergence pessimism
                                 -5.000000   -4.750000   output external delay
                                             -4.750000   data required time
---------------------------------------------------------------------------------------------
                                             -4.750000   data required time
                                             -1.738243   data arrival time
---------------------------------------------------------------------------------------------
                                              6.488243   slack (MET)


Startpoint: _449_ (rising edge-triggered flip-flop clocked by clk)
Endpoint: global_timeout_count[15] (output port clocked by clk)
Path Group: clk
Path Type: min

Fanout         Cap        Slew       Delay        Time   Description
---------------------------------------------------------------------------------------------
                                  0.000000    0.000000   clock clk (rise edge)
                                  0.000000    0.000000   clock source latency
     1    0.019539    0.146837    0.100504    0.100504 ^ clk (in)
                                                         clk (net)
                      0.146870    0.000000    0.100504 ^ clkbuf_0_clk/A (sky130_fd_sc_hd__clkbuf_16)
     4    0.042376    0.096839    0.287799    0.388303 ^ clkbuf_0_clk/X (sky130_fd_sc_hd__clkbuf_16)
                                                         clknet_0_clk (net)
                      0.096943    0.001697    0.390000 ^ clkbuf_2_2__f_clk/A (sky130_fd_sc_hd__clkbuf_16)
    13    0.045420    0.100882    0.267956    0.657956 ^ clkbuf_2_2__f_clk/X (sky130_fd_sc_hd__clkbuf_16)
                                                         clknet_2_2__leaf_clk (net)
                      0.101000    0.002899    0.660855 ^ _449_/CLK (sky130_fd_sc_hd__dfxtp_1)
     6    0.017417    0.165022    0.688526    1.349381 v _449_/Q (sky130_fd_sc_hd__dfxtp_1)
                                                         net34 (net)
                      0.165030    0.001334    1.350715 v output34/A (sky130_fd_sc_hd__buf_2)
     1    0.034258    0.166214    0.389470    1.740185 v output34/X (sky130_fd_sc_hd__buf_2)
                                                         global_timeout_count[15] (net)
                      0.166229    0.001635    1.741819 v global_timeout_count[15] (out)
                                              1.741819   data arrival time

                                  0.000000    0.000000   clock clk (rise edge)
                                  0.000000    0.000000   clock network delay (propagated)
                                  0.250000    0.250000   clock uncertainty
                                  0.000000    0.250000   clock reconvergence pessimism
                                 -5.000000   -4.750000   output external delay
                                             -4.750000   data required time
---------------------------------------------------------------------------------------------
                                             -4.750000   data required time
                                             -1.741819   data arrival time
---------------------------------------------------------------------------------------------
                                              6.491820   slack (MET)


Startpoint: _466_ (rising edge-triggered flip-flop clocked by clk)
Endpoint: group_timeout_count[8] (output port clocked by clk)
Path Group: clk
Path Type: min

Fanout         Cap        Slew       Delay        Time   Description
---------------------------------------------------------------------------------------------
                                  0.000000    0.000000   clock clk (rise edge)
                                  0.000000    0.000000   clock source latency
     1    0.019539    0.146837    0.100504    0.100504 ^ clk (in)
                                                         clk (net)
                      0.146870    0.000000    0.100504 ^ clkbuf_0_clk/A (sky130_fd_sc_hd__clkbuf_16)
     4    0.042376    0.096839    0.287799    0.388303 ^ clkbuf_0_clk/X (sky130_fd_sc_hd__clkbuf_16)
                                                         clknet_0_clk (net)
                      0.096962    0.001997    0.390300 ^ clkbuf_2_1__f_clk/A (sky130_fd_sc_hd__clkbuf_16)
    14    0.047669    0.103868    0.270318    0.660618 ^ clkbuf_2_1__f_clk/X (sky130_fd_sc_hd__clkbuf_16)
                                                         clknet_2_1__leaf_clk (net)
                      0.104023    0.003384    0.664002 ^ _466_/CLK (sky130_fd_sc_hd__dfxtp_1)
     6    0.017027    0.161599    0.687937    1.351940 v _466_/Q (sky130_fd_sc_hd__dfxtp_1)
                                                         net69 (net)
                      0.161600    0.000691    1.352630 v output69/A (sky130_fd_sc_hd__buf_2)
     1    0.034193    0.165971    0.387560    1.740190 v output69/X (sky130_fd_sc_hd__buf_2)
                                                         group_timeout_count[8] (net)
                      0.165987    0.001704    1.741893 v group_timeout_count[8] (out)
                                              1.741893   data arrival time

                                  0.000000    0.000000   clock clk (rise edge)
                                  0.000000    0.000000   clock network delay (propagated)
                                  0.250000    0.250000   clock uncertainty
                                  0.000000    0.250000   clock reconvergence pessimism
                                 -5.000000   -4.750000   output external delay
                                             -4.750000   data required time
---------------------------------------------------------------------------------------------
                                             -4.750000   data required time
                                             -1.741893   data arrival time
---------------------------------------------------------------------------------------------
                                              6.491893   slack (MET)


Startpoint: _437_ (rising edge-triggered flip-flop clocked by clk)
Endpoint: global_timeout_count[3] (output port clocked by clk)
Path Group: clk
Path Type: min

Fanout         Cap        Slew       Delay        Time   Description
---------------------------------------------------------------------------------------------
                                  0.000000    0.000000   clock clk (rise edge)
                                  0.000000    0.000000   clock source latency
     1    0.019539    0.146837    0.100504    0.100504 ^ clk (in)
                                                         clk (net)
                      0.146870    0.000000    0.100504 ^ clkbuf_0_clk/A (sky130_fd_sc_hd__clkbuf_16)
     4    0.042376    0.096839    0.287799    0.388303 ^ clkbuf_0_clk/X (sky130_fd_sc_hd__clkbuf_16)
                                                         clknet_0_clk (net)
                      0.096961    0.001984    0.390287 ^ clkbuf_2_0__f_clk/A (sky130_fd_sc_hd__clkbuf_16)
    14    0.045642    0.101168    0.268173    0.658460 ^ clkbuf_2_0__f_clk/X (sky130_fd_sc_hd__clkbuf_16)
                                                         clknet_2_0__leaf_clk (net)
                      0.101285    0.002896    0.661356 ^ _437_/CLK (sky130_fd_sc_hd__dfxtp_1)
     5    0.017353    0.164354    0.688657    1.350013 v _437_/Q (sky130_fd_sc_hd__dfxtp_1)
                                                         net37 (net)
                      0.164358    0.001023    1.351036 v output37/A (sky130_fd_sc_hd__buf_2)
     1    0.034386    0.166709    0.389584    1.740620 v output37/X (sky130_fd_sc_hd__buf_2)
                                                         global_timeout_count[3] (net)
                      0.166722    0.001597    1.742217 v global_timeout_count[3] (out)
                                              1.742217   data arrival time

                                  0.000000    0.000000   clock clk (rise edge)
                                  0.000000    0.000000   clock network delay (propagated)
                                  0.250000    0.250000   clock uncertainty
                                  0.000000    0.250000   clock reconvergence pessimism
                                 -5.000000   -4.750000   output external delay
                                             -4.750000   data required time
---------------------------------------------------------------------------------------------
                                             -4.750000   data required time
                                             -1.742217   data arrival time
---------------------------------------------------------------------------------------------
                                              6.492217   slack (MET)


Startpoint: _434_ (rising edge-triggered flip-flop clocked by clk)
Endpoint: global_timeout_count[0] (output port clocked by clk)
Path Group: clk
Path Type: min

Fanout         Cap        Slew       Delay        Time   Description
---------------------------------------------------------------------------------------------
                                  0.000000    0.000000   clock clk (rise edge)
                                  0.000000    0.000000   clock source latency
     1    0.019539    0.146837    0.100504    0.100504 ^ clk (in)
                                                         clk (net)
                      0.146870    0.000000    0.100504 ^ clkbuf_0_clk/A (sky130_fd_sc_hd__clkbuf_16)
     4    0.042376    0.096839    0.287799    0.388303 ^ clkbuf_0_clk/X (sky130_fd_sc_hd__clkbuf_16)
                                                         clknet_0_clk (net)
                      0.096961    0.001984    0.390287 ^ clkbuf_2_0__f_clk/A (sky130_fd_sc_hd__clkbuf_16)
    14    0.045642    0.101168    0.268173    0.658460 ^ clkbuf_2_0__f_clk/X (sky130_fd_sc_hd__clkbuf_16)
                                                         clknet_2_0__leaf_clk (net)
                      0.101299    0.003058    0.661518 ^ _434_/CLK (sky130_fd_sc_hd__dfxtp_1)
     6    0.018128    0.170930    0.693331    1.354849 v _434_/Q (sky130_fd_sc_hd__dfxtp_1)
                                                         net28 (net)
                      0.170936    0.001188    1.356037 v output28/A (sky130_fd_sc_hd__buf_2)
     1    0.034384    0.166709    0.392742    1.748779 v output28/X (sky130_fd_sc_hd__buf_2)
                                                         global_timeout_count[0] (net)
                      0.166723    0.001606    1.750385 v global_timeout_count[0] (out)
                                              1.750385   data arrival time

                                  0.000000    0.000000   clock clk (rise edge)
                                  0.000000    0.000000   clock network delay (propagated)
                                  0.250000    0.250000   clock uncertainty
                                  0.000000    0.250000   clock reconvergence pessimism
                                 -5.000000   -4.750000   output external delay
                                             -4.750000   data required time
---------------------------------------------------------------------------------------------
                                             -4.750000   data required time
                                             -1.750385   data arrival time
---------------------------------------------------------------------------------------------
                                              6.500385   slack (MET)


Startpoint: _442_ (rising edge-triggered flip-flop clocked by clk)
Endpoint: global_timeout_count[8] (output port clocked by clk)
Path Group: clk
Path Type: min

Fanout         Cap        Slew       Delay        Time   Description
---------------------------------------------------------------------------------------------
                                  0.000000    0.000000   clock clk (rise edge)
                                  0.000000    0.000000   clock source latency
     1    0.019539    0.146837    0.100504    0.100504 ^ clk (in)
                                                         clk (net)
                      0.146870    0.000000    0.100504 ^ clkbuf_0_clk/A (sky130_fd_sc_hd__clkbuf_16)
     4    0.042376    0.096839    0.287799    0.388303 ^ clkbuf_0_clk/X (sky130_fd_sc_hd__clkbuf_16)
                                                         clknet_0_clk (net)
                      0.096943    0.001697    0.390000 ^ clkbuf_2_2__f_clk/A (sky130_fd_sc_hd__clkbuf_16)
    13    0.045420    0.100882    0.267956    0.657956 ^ clkbuf_2_2__f_clk/X (sky130_fd_sc_hd__clkbuf_16)
                                                         clknet_2_2__leaf_clk (net)
                      0.100977    0.002618    0.660574 ^ _442_/CLK (sky130_fd_sc_hd__dfxtp_1)
     6    0.018314    0.172429    0.694533    1.355108 v _442_/Q (sky130_fd_sc_hd__dfxtp_1)
                                                         net42 (net)
                      0.172431    0.000890    1.355997 v output42/A (sky130_fd_sc_hd__buf_2)
     1    0.034399    0.166769    0.393517    1.749514 v output42/X (sky130_fd_sc_hd__buf_2)
                                                         global_timeout_count[8] (net)
                      0.166782    0.001597    1.751111 v global_timeout_count[8] (out)
                                              1.751111   data arrival time

                                  0.000000    0.000000   clock clk (rise edge)
                                  0.000000    0.000000   clock network delay (propagated)
                                  0.250000    0.250000   clock uncertainty
                                  0.000000    0.250000   clock reconvergence pessimism
                                 -5.000000   -4.750000   output external delay
                                             -4.750000   data required time
---------------------------------------------------------------------------------------------
                                             -4.750000   data required time
                                             -1.751111   data arrival time
---------------------------------------------------------------------------------------------
                                              6.501112   slack (MET)


Startpoint: _468_ (rising edge-triggered flip-flop clocked by clk)
Endpoint: group_timeout_count[10] (output port clocked by clk)
Path Group: clk
Path Type: min

Fanout         Cap        Slew       Delay        Time   Description
---------------------------------------------------------------------------------------------
                                  0.000000    0.000000   clock clk (rise edge)
                                  0.000000    0.000000   clock source latency
     1    0.019539    0.146837    0.100504    0.100504 ^ clk (in)
                                                         clk (net)
                      0.146870    0.000000    0.100504 ^ clkbuf_0_clk/A (sky130_fd_sc_hd__clkbuf_16)
     4    0.042376    0.096839    0.287799    0.388303 ^ clkbuf_0_clk/X (sky130_fd_sc_hd__clkbuf_16)
                                                         clknet_0_clk (net)
                      0.096961    0.001984    0.390287 ^ clkbuf_2_0__f_clk/A (sky130_fd_sc_hd__clkbuf_16)
    14    0.045642    0.101168    0.268173    0.658460 ^ clkbuf_2_0__f_clk/X (sky130_fd_sc_hd__clkbuf_16)
                                                         clknet_2_0__leaf_clk (net)
                      0.101188    0.001537    0.659998 ^ _468_/CLK (sky130_fd_sc_hd__dfxtp_1)
     6    0.018713    0.175870    0.696884    1.356881 v _468_/Q (sky130_fd_sc_hd__dfxtp_1)
                                                         net56 (net)
                      0.175878    0.001385    1.358267 v output56/A (sky130_fd_sc_hd__buf_2)
     1    0.034217    0.166065    0.394563    1.752829 v output56/X (sky130_fd_sc_hd__buf_2)
                                                         group_timeout_count[10] (net)
                      0.166079    0.001643    1.754473 v group_timeout_count[10] (out)
                                              1.754473   data arrival time

                                  0.000000    0.000000   clock clk (rise edge)
                                  0.000000    0.000000   clock network delay (propagated)
                                  0.250000    0.250000   clock uncertainty
                                  0.000000    0.250000   clock reconvergence pessimism
                                 -5.000000   -4.750000   output external delay
                                             -4.750000   data required time
---------------------------------------------------------------------------------------------
                                             -4.750000   data required time
                                             -1.754473   data arrival time
---------------------------------------------------------------------------------------------
                                              6.504473   slack (MET)


Startpoint: _477_ (rising edge-triggered flip-flop clocked by clk)
Endpoint: group_state_bits[1] (output port clocked by clk)
Path Group: clk
Path Type: min

Fanout         Cap        Slew       Delay        Time   Description
---------------------------------------------------------------------------------------------
                                  0.000000    0.000000   clock clk (rise edge)
                                  0.000000    0.000000   clock source latency
     1    0.019539    0.146837    0.100504    0.100504 ^ clk (in)
                                                         clk (net)
                      0.146870    0.000000    0.100504 ^ clkbuf_0_clk/A (sky130_fd_sc_hd__clkbuf_16)
     4    0.042376    0.096839    0.287799    0.388303 ^ clkbuf_0_clk/X (sky130_fd_sc_hd__clkbuf_16)
                                                         clknet_0_clk (net)
                      0.096962    0.001997    0.390300 ^ clkbuf_2_1__f_clk/A (sky130_fd_sc_hd__clkbuf_16)
    14    0.047669    0.103868    0.270318    0.660618 ^ clkbuf_2_1__f_clk/X (sky130_fd_sc_hd__clkbuf_16)
                                                         clknet_2_1__leaf_clk (net)
                      0.103954    0.002584    0.663202 ^ _477_/CLK (sky130_fd_sc_hd__dfxtp_1)
     6    0.018329    0.172627    0.695808    1.359010 v _477_/Q (sky130_fd_sc_hd__dfxtp_1)
                                                         net47 (net)
                      0.172629    0.000941    1.359951 v output47/A (sky130_fd_sc_hd__buf_2)
     1    0.034553    0.167398    0.394057    1.754008 v output47/X (sky130_fd_sc_hd__buf_2)
                                                         group_state_bits[1] (net)
                      0.167413    0.001671    1.755679 v group_state_bits[1] (out)
                                              1.755679   data arrival time

                                  0.000000    0.000000   clock clk (rise edge)
                                  0.000000    0.000000   clock network delay (propagated)
                                  0.250000    0.250000   clock uncertainty
                                  0.000000    0.250000   clock reconvergence pessimism
                                 -5.000000   -4.750000   output external delay
                                             -4.750000   data required time
---------------------------------------------------------------------------------------------
                                             -4.750000   data required time
                                             -1.755679   data arrival time
---------------------------------------------------------------------------------------------
                                              6.505679   slack (MET)


Startpoint: _460_ (rising edge-triggered flip-flop clocked by clk)
Endpoint: group_timeout_count[2] (output port clocked by clk)
Path Group: clk
Path Type: min

Fanout         Cap        Slew       Delay        Time   Description
---------------------------------------------------------------------------------------------
                                  0.000000    0.000000   clock clk (rise edge)
                                  0.000000    0.000000   clock source latency
     1    0.019539    0.146837    0.100504    0.100504 ^ clk (in)
                                                         clk (net)
                      0.146870    0.000000    0.100504 ^ clkbuf_0_clk/A (sky130_fd_sc_hd__clkbuf_16)
     4    0.042376    0.096839    0.287799    0.388303 ^ clkbuf_0_clk/X (sky130_fd_sc_hd__clkbuf_16)
                                                         clknet_0_clk (net)
                      0.096962    0.001997    0.390300 ^ clkbuf_2_1__f_clk/A (sky130_fd_sc_hd__clkbuf_16)
    14    0.047669    0.103868    0.270318    0.660618 ^ clkbuf_2_1__f_clk/X (sky130_fd_sc_hd__clkbuf_16)
                                                         clknet_2_1__leaf_clk (net)
                      0.104004    0.003178    0.663796 ^ _460_/CLK (sky130_fd_sc_hd__dfxtp_1)
     6    0.018831    0.176806    0.699113    1.362909 v _460_/Q (sky130_fd_sc_hd__dfxtp_1)
                                                         net63 (net)
                      0.176809    0.001006    1.363915 v output63/A (sky130_fd_sc_hd__buf_2)
     1    0.034404    0.166836    0.395538    1.759453 v output63/X (sky130_fd_sc_hd__buf_2)
                                                         group_timeout_count[2] (net)
                      0.166853    0.001750    1.761203 v group_timeout_count[2] (out)
                                              1.761203   data arrival time

                                  0.000000    0.000000   clock clk (rise edge)
                                  0.000000    0.000000   clock network delay (propagated)
                                  0.250000    0.250000   clock uncertainty
                                  0.000000    0.250000   clock reconvergence pessimism
                                 -5.000000   -4.750000   output external delay
                                             -4.750000   data required time
---------------------------------------------------------------------------------------------
                                             -4.750000   data required time
                                             -1.761203   data arrival time
---------------------------------------------------------------------------------------------
                                              6.511203   slack (MET)


Startpoint: _480_ (rising edge-triggered flip-flop clocked by clk)
Endpoint: global_state_bits[0] (output port clocked by clk)
Path Group: clk
Path Type: min

Fanout         Cap        Slew       Delay        Time   Description
---------------------------------------------------------------------------------------------
                                  0.000000    0.000000   clock clk (rise edge)
                                  0.000000    0.000000   clock source latency
     1    0.019539    0.146837    0.100504    0.100504 ^ clk (in)
                                                         clk (net)
                      0.146870    0.000000    0.100504 ^ clkbuf_0_clk/A (sky130_fd_sc_hd__clkbuf_16)
     4    0.042376    0.096839    0.287799    0.388303 ^ clkbuf_0_clk/X (sky130_fd_sc_hd__clkbuf_16)
                                                         clknet_0_clk (net)
                      0.096942    0.001680    0.389983 ^ clkbuf_2_3__f_clk/A (sky130_fd_sc_hd__clkbuf_16)
    14    0.046259    0.102193    0.268796    0.658779 ^ clkbuf_2_3__f_clk/X (sky130_fd_sc_hd__clkbuf_16)
                                                         clknet_2_3__leaf_clk (net)
                      0.102273    0.002456    0.661235 ^ _480_/CLK (sky130_fd_sc_hd__dfxtp_2)
     9    0.032668    0.155754    0.721261    1.382496 v _480_/Q (sky130_fd_sc_hd__dfxtp_2)
                                                         net19 (net)
                      0.155765    0.001464    1.383961 v output19/A (sky130_fd_sc_hd__buf_2)
     1    0.034046    0.165354    0.384333    1.768294 v output19/X (sky130_fd_sc_hd__buf_2)
                                                         global_state_bits[0] (net)
                      0.165368    0.001617    1.769910 v global_state_bits[0] (out)
                                              1.769910   data arrival time

                                  0.000000    0.000000   clock clk (rise edge)
                                  0.000000    0.000000   clock network delay (propagated)
                                  0.250000    0.250000   clock uncertainty
                                  0.000000    0.250000   clock reconvergence pessimism
                                 -5.000000   -4.750000   output external delay
                                             -4.750000   data required time
---------------------------------------------------------------------------------------------
                                             -4.750000   data required time
                                             -1.769910   data arrival time
---------------------------------------------------------------------------------------------
                                              6.519910   slack (MET)


Startpoint: _461_ (rising edge-triggered flip-flop clocked by clk)
Endpoint: group_timeout_count[3] (output port clocked by clk)
Path Group: clk
Path Type: min

Fanout         Cap        Slew       Delay        Time   Description
---------------------------------------------------------------------------------------------
                                  0.000000    0.000000   clock clk (rise edge)
                                  0.000000    0.000000   clock source latency
     1    0.019539    0.146837    0.100504    0.100504 ^ clk (in)
                                                         clk (net)
                      0.146870    0.000000    0.100504 ^ clkbuf_0_clk/A (sky130_fd_sc_hd__clkbuf_16)
     4    0.042376    0.096839    0.287799    0.388303 ^ clkbuf_0_clk/X (sky130_fd_sc_hd__clkbuf_16)
                                                         clknet_0_clk (net)
                      0.096962    0.001997    0.390300 ^ clkbuf_2_1__f_clk/A (sky130_fd_sc_hd__clkbuf_16)
    14    0.047669    0.103868    0.270318    0.660618 ^ clkbuf_2_1__f_clk/X (sky130_fd_sc_hd__clkbuf_16)
                                                         clknet_2_1__leaf_clk (net)
                      0.103957    0.002627    0.663245 ^ _461_/CLK (sky130_fd_sc_hd__dfxtp_1)
     5    0.020041    0.187015    0.706613    1.369859 v _461_/Q (sky130_fd_sc_hd__dfxtp_1)
                                                         net64 (net)
                      0.187019    0.001130    1.370989 v output64/A (sky130_fd_sc_hd__buf_2)
     1    0.034550    0.167421    0.400955    1.771944 v output64/X (sky130_fd_sc_hd__buf_2)
                                                         group_timeout_count[3] (net)
                      0.167437    0.001708    1.773653 v group_timeout_count[3] (out)
                                              1.773653   data arrival time

                                  0.000000    0.000000   clock clk (rise edge)
                                  0.000000    0.000000   clock network delay (propagated)
                                  0.250000    0.250000   clock uncertainty
                                  0.000000    0.250000   clock reconvergence pessimism
                                 -5.000000   -4.750000   output external delay
                                             -4.750000   data required time
---------------------------------------------------------------------------------------------
                                             -4.750000   data required time
                                             -1.773653   data arrival time
---------------------------------------------------------------------------------------------
                                              6.523653   slack (MET)


Startpoint: _463_ (rising edge-triggered flip-flop clocked by clk)
Endpoint: group_timeout_count[5] (output port clocked by clk)
Path Group: clk
Path Type: min

Fanout         Cap        Slew       Delay        Time   Description
---------------------------------------------------------------------------------------------
                                  0.000000    0.000000   clock clk (rise edge)
                                  0.000000    0.000000   clock source latency
     1    0.019539    0.146837    0.100504    0.100504 ^ clk (in)
                                                         clk (net)
                      0.146870    0.000000    0.100504 ^ clkbuf_0_clk/A (sky130_fd_sc_hd__clkbuf_16)
     4    0.042376    0.096839    0.287799    0.388303 ^ clkbuf_0_clk/X (sky130_fd_sc_hd__clkbuf_16)
                                                         clknet_0_clk (net)
                      0.096962    0.001997    0.390300 ^ clkbuf_2_1__f_clk/A (sky130_fd_sc_hd__clkbuf_16)
    14    0.047669    0.103868    0.270318    0.660618 ^ clkbuf_2_1__f_clk/X (sky130_fd_sc_hd__clkbuf_16)
                                                         clknet_2_1__leaf_clk (net)
                      0.103913    0.001996    0.662615 ^ _463_/CLK (sky130_fd_sc_hd__dfxtp_1)
     6    0.020644    0.192064    0.710427    1.373041 v _463_/Q (sky130_fd_sc_hd__dfxtp_1)
                                                         net66 (net)
                      0.192069    0.001270    1.374311 v output66/A (sky130_fd_sc_hd__buf_2)
     1    0.034085    0.165559    0.401959    1.776270 v output66/X (sky130_fd_sc_hd__buf_2)
                                                         group_timeout_count[5] (net)
                      0.165574    0.001625    1.777894 v group_timeout_count[5] (out)
                                              1.777894   data arrival time

                                  0.000000    0.000000   clock clk (rise edge)
                                  0.000000    0.000000   clock network delay (propagated)
                                  0.250000    0.250000   clock uncertainty
                                  0.000000    0.250000   clock reconvergence pessimism
                                 -5.000000   -4.750000   output external delay
                                             -4.750000   data required time
---------------------------------------------------------------------------------------------
                                             -4.750000   data required time
                                             -1.777894   data arrival time
---------------------------------------------------------------------------------------------
                                              6.527894   slack (MET)


Startpoint: _459_ (rising edge-triggered flip-flop clocked by clk)
Endpoint: group_timeout_count[1] (output port clocked by clk)
Path Group: clk
Path Type: min

Fanout         Cap        Slew       Delay        Time   Description
---------------------------------------------------------------------------------------------
                                  0.000000    0.000000   clock clk (rise edge)
                                  0.000000    0.000000   clock source latency
     1    0.019539    0.146837    0.100504    0.100504 ^ clk (in)
                                                         clk (net)
                      0.146870    0.000000    0.100504 ^ clkbuf_0_clk/A (sky130_fd_sc_hd__clkbuf_16)
     4    0.042376    0.096839    0.287799    0.388303 ^ clkbuf_0_clk/X (sky130_fd_sc_hd__clkbuf_16)
                                                         clknet_0_clk (net)
                      0.096962    0.001997    0.390300 ^ clkbuf_2_1__f_clk/A (sky130_fd_sc_hd__clkbuf_16)
    14    0.047669    0.103868    0.270318    0.660618 ^ clkbuf_2_1__f_clk/X (sky130_fd_sc_hd__clkbuf_16)
                                                         clknet_2_1__leaf_clk (net)
                      0.103996    0.003091    0.663710 ^ _459_/CLK (sky130_fd_sc_hd__dfxtp_1)
     7    0.021471    0.199192    0.715177    1.378887 v _459_/Q (sky130_fd_sc_hd__dfxtp_1)
                                                         net62 (net)
                      0.199213    0.002120    1.381007 v output62/A (sky130_fd_sc_hd__buf_2)
     1    0.034753    0.168277    0.407394    1.788401 v output62/X (sky130_fd_sc_hd__buf_2)
                                                         group_timeout_count[1] (net)
                      0.168296    0.001842    1.790242 v group_timeout_count[1] (out)
                                              1.790242   data arrival time

                                  0.000000    0.000000   clock clk (rise edge)
                                  0.000000    0.000000   clock network delay (propagated)
                                  0.250000    0.250000   clock uncertainty
                                  0.000000    0.250000   clock reconvergence pessimism
                                 -5.000000   -4.750000   output external delay
                                             -4.750000   data required time
---------------------------------------------------------------------------------------------
                                             -4.750000   data required time
                                             -1.790242   data arrival time
---------------------------------------------------------------------------------------------
                                              6.540242   slack (MET)


Startpoint: _464_ (rising edge-triggered flip-flop clocked by clk)
Endpoint: group_timeout_count[6] (output port clocked by clk)
Path Group: clk
Path Type: min

Fanout         Cap        Slew       Delay        Time   Description
---------------------------------------------------------------------------------------------
                                  0.000000    0.000000   clock clk (rise edge)
                                  0.000000    0.000000   clock source latency
     1    0.019539    0.146837    0.100504    0.100504 ^ clk (in)
                                                         clk (net)
                      0.146870    0.000000    0.100504 ^ clkbuf_0_clk/A (sky130_fd_sc_hd__clkbuf_16)
     4    0.042376    0.096839    0.287799    0.388303 ^ clkbuf_0_clk/X (sky130_fd_sc_hd__clkbuf_16)
                                                         clknet_0_clk (net)
                      0.096961    0.001984    0.390287 ^ clkbuf_2_0__f_clk/A (sky130_fd_sc_hd__clkbuf_16)
    14    0.045642    0.101168    0.268173    0.658460 ^ clkbuf_2_0__f_clk/X (sky130_fd_sc_hd__clkbuf_16)
                                                         clknet_2_0__leaf_clk (net)
                      0.101203    0.001797    0.660257 ^ _464_/CLK (sky130_fd_sc_hd__dfxtp_1)
     6    0.021952    0.203249    0.716871    1.377128 v _464_/Q (sky130_fd_sc_hd__dfxtp_1)
                                                         net67 (net)
                      0.203268    0.002029    1.379157 v output67/A (sky130_fd_sc_hd__buf_2)
     1    0.034791    0.168415    0.409511    1.788669 v output67/X (sky130_fd_sc_hd__buf_2)
                                                         group_timeout_count[6] (net)
                      0.168432    0.001772    1.790441 v group_timeout_count[6] (out)
                                              1.790441   data arrival time

                                  0.000000    0.000000   clock clk (rise edge)
                                  0.000000    0.000000   clock network delay (propagated)
                                  0.250000    0.250000   clock uncertainty
                                  0.000000    0.250000   clock reconvergence pessimism
                                 -5.000000   -4.750000   output external delay
                                             -4.750000   data required time
---------------------------------------------------------------------------------------------
                                             -4.750000   data required time
                                             -1.790441   data arrival time
---------------------------------------------------------------------------------------------
                                              6.540441   slack (MET)


Startpoint: _462_ (rising edge-triggered flip-flop clocked by clk)
Endpoint: group_timeout_count[4] (output port clocked by clk)
Path Group: clk
Path Type: min

Fanout         Cap        Slew       Delay        Time   Description
---------------------------------------------------------------------------------------------
                                  0.000000    0.000000   clock clk (rise edge)
                                  0.000000    0.000000   clock source latency
     1    0.019539    0.146837    0.100504    0.100504 ^ clk (in)
                                                         clk (net)
                      0.146870    0.000000    0.100504 ^ clkbuf_0_clk/A (sky130_fd_sc_hd__clkbuf_16)
     4    0.042376    0.096839    0.287799    0.388303 ^ clkbuf_0_clk/X (sky130_fd_sc_hd__clkbuf_16)
                                                         clknet_0_clk (net)
                      0.096962    0.001997    0.390300 ^ clkbuf_2_1__f_clk/A (sky130_fd_sc_hd__clkbuf_16)
    14    0.047669    0.103868    0.270318    0.660618 ^ clkbuf_2_1__f_clk/X (sky130_fd_sc_hd__clkbuf_16)
                                                         clknet_2_1__leaf_clk (net)
                      0.103910    0.001942    0.662561 ^ _462_/CLK (sky130_fd_sc_hd__dfxtp_1)
     8    0.022760    0.209809    0.723915    1.386476 v _462_/Q (sky130_fd_sc_hd__dfxtp_1)
                                                         net65 (net)
                      0.209810    0.000970    1.387446 v output65/A (sky130_fd_sc_hd__buf_2)
     1    0.034271    0.166328    0.411096    1.798541 v output65/X (sky130_fd_sc_hd__buf_2)
                                                         group_timeout_count[4] (net)
                      0.166343    0.001647    1.800189 v group_timeout_count[4] (out)
                                              1.800189   data arrival time

                                  0.000000    0.000000   clock clk (rise edge)
                                  0.000000    0.000000   clock network delay (propagated)
                                  0.250000    0.250000   clock uncertainty
                                  0.000000    0.250000   clock reconvergence pessimism
                                 -5.000000   -4.750000   output external delay
                                             -4.750000   data required time
---------------------------------------------------------------------------------------------
                                             -4.750000   data required time
                                             -1.800189   data arrival time
---------------------------------------------------------------------------------------------
                                              6.550189   slack (MET)


Startpoint: _438_ (rising edge-triggered flip-flop clocked by clk)
Endpoint: global_timeout_count[4] (output port clocked by clk)
Path Group: clk
Path Type: min

Fanout         Cap        Slew       Delay        Time   Description
---------------------------------------------------------------------------------------------
                                  0.000000    0.000000   clock clk (rise edge)
                                  0.000000    0.000000   clock source latency
     1    0.019539    0.146837    0.100504    0.100504 ^ clk (in)
                                                         clk (net)
                      0.146870    0.000000    0.100504 ^ clkbuf_0_clk/A (sky130_fd_sc_hd__clkbuf_16)
     4    0.042376    0.096839    0.287799    0.388303 ^ clkbuf_0_clk/X (sky130_fd_sc_hd__clkbuf_16)
                                                         clknet_0_clk (net)
                      0.096961    0.001984    0.390287 ^ clkbuf_2_0__f_clk/A (sky130_fd_sc_hd__clkbuf_16)
    14    0.045642    0.101168    0.268173    0.658460 ^ clkbuf_2_0__f_clk/X (sky130_fd_sc_hd__clkbuf_16)
                                                         clknet_2_0__leaf_clk (net)
                      0.101240    0.002332    0.660792 ^ _438_/CLK (sky130_fd_sc_hd__dfxtp_1)
     6    0.023827    0.218819    0.729326    1.390118 v _438_/Q (sky130_fd_sc_hd__dfxtp_1)
                                                         net38 (net)
                      0.218820    0.000827    1.390945 v output38/A (sky130_fd_sc_hd__buf_2)
     1    0.034434    0.166974    0.415999    1.806944 v output38/X (sky130_fd_sc_hd__buf_2)
                                                         global_timeout_count[4] (net)
                      0.166987    0.001599    1.808543 v global_timeout_count[4] (out)
                                              1.808543   data arrival time

                                  0.000000    0.000000   clock clk (rise edge)
                                  0.000000    0.000000   clock network delay (propagated)
                                  0.250000    0.250000   clock uncertainty
                                  0.000000    0.250000   clock reconvergence pessimism
                                 -5.000000   -4.750000   output external delay
                                             -4.750000   data required time
---------------------------------------------------------------------------------------------
                                             -4.750000   data required time
                                             -1.808543   data arrival time
---------------------------------------------------------------------------------------------
                                              6.558543   slack (MET)


Startpoint: _458_ (rising edge-triggered flip-flop clocked by clk)
Endpoint: group_timeout_count[0] (output port clocked by clk)
Path Group: clk
Path Type: min

Fanout         Cap        Slew       Delay        Time   Description
---------------------------------------------------------------------------------------------
                                  0.000000    0.000000   clock clk (rise edge)
                                  0.000000    0.000000   clock source latency
     1    0.019539    0.146837    0.100504    0.100504 ^ clk (in)
                                                         clk (net)
                      0.146870    0.000000    0.100504 ^ clkbuf_0_clk/A (sky130_fd_sc_hd__clkbuf_16)
     4    0.042376    0.096839    0.287799    0.388303 ^ clkbuf_0_clk/X (sky130_fd_sc_hd__clkbuf_16)
                                                         clknet_0_clk (net)
                      0.096962    0.001997    0.390300 ^ clkbuf_2_1__f_clk/A (sky130_fd_sc_hd__clkbuf_16)
    14    0.047669    0.103868    0.270318    0.660618 ^ clkbuf_2_1__f_clk/X (sky130_fd_sc_hd__clkbuf_16)
                                                         clknet_2_1__leaf_clk (net)
                      0.103968    0.002761    0.663379 ^ _458_/CLK (sky130_fd_sc_hd__dfxtp_1)
     8    0.023499    0.216199    0.728123    1.391503 v _458_/Q (sky130_fd_sc_hd__dfxtp_1)
                                                         net55 (net)
                      0.216201    0.001011    1.392514 v output55/A (sky130_fd_sc_hd__buf_2)
     1    0.035205    0.170116    0.416960    1.809474 v output55/X (sky130_fd_sc_hd__buf_2)
                                                         group_timeout_count[0] (net)
                      0.170137    0.001943    1.811417 v group_timeout_count[0] (out)
                                              1.811417   data arrival time

                                  0.000000    0.000000   clock clk (rise edge)
                                  0.000000    0.000000   clock network delay (propagated)
                                  0.250000    0.250000   clock uncertainty
                                  0.000000    0.250000   clock reconvergence pessimism
                                 -5.000000   -4.750000   output external delay
                                             -4.750000   data required time
---------------------------------------------------------------------------------------------
                                             -4.750000   data required time
                                             -1.811417   data arrival time
---------------------------------------------------------------------------------------------
                                              6.561418   slack (MET)


Startpoint: _448_ (rising edge-triggered flip-flop clocked by clk)
Endpoint: global_timeout_count[14] (output port clocked by clk)
Path Group: clk
Path Type: min

Fanout         Cap        Slew       Delay        Time   Description
---------------------------------------------------------------------------------------------
                                  0.000000    0.000000   clock clk (rise edge)
                                  0.000000    0.000000   clock source latency
     1    0.019539    0.146837    0.100504    0.100504 ^ clk (in)
                                                         clk (net)
                      0.146870    0.000000    0.100504 ^ clkbuf_0_clk/A (sky130_fd_sc_hd__clkbuf_16)
     4    0.042376    0.096839    0.287799    0.388303 ^ clkbuf_0_clk/X (sky130_fd_sc_hd__clkbuf_16)
                                                         clknet_0_clk (net)
                      0.096943    0.001697    0.390000 ^ clkbuf_2_2__f_clk/A (sky130_fd_sc_hd__clkbuf_16)
    13    0.045420    0.100882    0.267956    0.657956 ^ clkbuf_2_2__f_clk/X (sky130_fd_sc_hd__clkbuf_16)
                                                         clknet_2_2__leaf_clk (net)
                      0.100983    0.002702    0.660658 ^ _448_/CLK (sky130_fd_sc_hd__dfxtp_1)
     7    0.024288    0.222949    0.731385    1.392043 v _448_/Q (sky130_fd_sc_hd__dfxtp_1)
                                                         net33 (net)
                      0.222954    0.001391    1.393434 v output33/A (sky130_fd_sc_hd__buf_2)
     1    0.034159    0.165900    0.417077    1.810511 v output33/X (sky130_fd_sc_hd__buf_2)
                                                         global_timeout_count[14] (net)
                      0.165914    0.001643    1.812154 v global_timeout_count[14] (out)
                                              1.812154   data arrival time

                                  0.000000    0.000000   clock clk (rise edge)
                                  0.000000    0.000000   clock network delay (propagated)
                                  0.250000    0.250000   clock uncertainty
                                  0.000000    0.250000   clock reconvergence pessimism
                                 -5.000000   -4.750000   output external delay
                                             -4.750000   data required time
---------------------------------------------------------------------------------------------
                                             -4.750000   data required time
                                             -1.812154   data arrival time
---------------------------------------------------------------------------------------------
                                              6.562154   slack (MET)


Startpoint: _433_ (rising edge-triggered flip-flop clocked by clk)
Endpoint: global_state_bits[3] (output port clocked by clk)
Path Group: clk
Path Type: min

Fanout         Cap        Slew       Delay        Time   Description
---------------------------------------------------------------------------------------------
                                  0.000000    0.000000   clock clk (rise edge)
                                  0.000000    0.000000   clock source latency
     1    0.019539    0.146837    0.100504    0.100504 ^ clk (in)
                                                         clk (net)
                      0.146870    0.000000    0.100504 ^ clkbuf_0_clk/A (sky130_fd_sc_hd__clkbuf_16)
     4    0.042376    0.096839    0.287799    0.388303 ^ clkbuf_0_clk/X (sky130_fd_sc_hd__clkbuf_16)
                                                         clknet_0_clk (net)
                      0.096942    0.001680    0.389983 ^ clkbuf_2_3__f_clk/A (sky130_fd_sc_hd__clkbuf_16)
    14    0.046259    0.102193    0.268796    0.658779 ^ clkbuf_2_3__f_clk/X (sky130_fd_sc_hd__clkbuf_16)
                                                         clknet_2_3__leaf_clk (net)
                      0.102277    0.002509    0.661288 ^ _433_/CLK (sky130_fd_sc_hd__dfxtp_1)
     8    0.027681    0.251687    0.752907    1.414194 v _433_/Q (sky130_fd_sc_hd__dfxtp_1)
                                                         net22 (net)
                      0.251716    0.002738    1.416933 v output22/A (sky130_fd_sc_hd__buf_2)
     1    0.034282    0.166539    0.431062    1.847995 v output22/X (sky130_fd_sc_hd__buf_2)
                                                         global_state_bits[3] (net)
                      0.166555    0.001695    1.849690 v global_state_bits[3] (out)
                                              1.849690   data arrival time

                                  0.000000    0.000000   clock clk (rise edge)
                                  0.000000    0.000000   clock network delay (propagated)
                                  0.250000    0.250000   clock uncertainty
                                  0.000000    0.250000   clock reconvergence pessimism
                                 -5.000000   -4.750000   output external delay
                                             -4.750000   data required time
---------------------------------------------------------------------------------------------
                                             -4.750000   data required time
                                             -1.849690   data arrival time
---------------------------------------------------------------------------------------------
                                              6.599690   slack (MET)


Startpoint: _481_ (rising edge-triggered flip-flop clocked by clk)
Endpoint: global_state_escalated (output port clocked by clk)
Path Group: clk
Path Type: min

Fanout         Cap        Slew       Delay        Time   Description
---------------------------------------------------------------------------------------------
                                  0.000000    0.000000   clock clk (rise edge)
                                  0.000000    0.000000   clock source latency
     1    0.019539    0.146837    0.100504    0.100504 ^ clk (in)
                                                         clk (net)
                      0.146870    0.000000    0.100504 ^ clkbuf_0_clk/A (sky130_fd_sc_hd__clkbuf_16)
     4    0.042376    0.096839    0.287799    0.388303 ^ clkbuf_0_clk/X (sky130_fd_sc_hd__clkbuf_16)
                                                         clknet_0_clk (net)
                      0.096942    0.001680    0.389983 ^ clkbuf_2_3__f_clk/A (sky130_fd_sc_hd__clkbuf_16)
    14    0.046259    0.102193    0.268796    0.658779 ^ clkbuf_2_3__f_clk/X (sky130_fd_sc_hd__clkbuf_16)
                                                         clknet_2_3__leaf_clk (net)
                      0.102256    0.002224    0.661003 ^ _481_/CLK (sky130_fd_sc_hd__dfxtp_2)
     8    0.024804    0.124575    0.696897    1.357900 v _481_/Q (sky130_fd_sc_hd__dfxtp_2)
                                                         net23 (net)
                      0.124577    0.000717    1.358617 v _236_/A (sky130_fd_sc_hd__and3_1)
     2    0.006121    0.091852    0.347651    1.706268 v _236_/X (sky130_fd_sc_hd__and3_1)
                                                         net25 (net)
                      0.091853    0.000491    1.706759 v output25/A (sky130_fd_sc_hd__buf_2)
     1    0.034209    0.165930    0.354000    2.060759 v output25/X (sky130_fd_sc_hd__buf_2)
                                                         global_state_escalated (net)
                      0.165945    0.001670    2.062429 v global_state_escalated (out)
                                              2.062429   data arrival time

                                  0.000000    0.000000   clock clk (rise edge)
                                  0.000000    0.000000   clock network delay (propagated)
                                  0.250000    0.250000   clock uncertainty
                                  0.000000    0.250000   clock reconvergence pessimism
                                 -5.000000   -4.750000   output external delay
                                             -4.750000   data required time
---------------------------------------------------------------------------------------------
                                             -4.750000   data required time
                                             -2.062429   data arrival time
---------------------------------------------------------------------------------------------
                                              6.812429   slack (MET)


Startpoint: _479_ (rising edge-triggered flip-flop clocked by clk)
Endpoint: group_state_suspended (output port clocked by clk)
Path Group: clk
Path Type: min

Fanout         Cap        Slew       Delay        Time   Description
---------------------------------------------------------------------------------------------
                                  0.000000    0.000000   clock clk (rise edge)
                                  0.000000    0.000000   clock source latency
     1    0.019539    0.146837    0.100504    0.100504 ^ clk (in)
                                                         clk (net)
                      0.146870    0.000000    0.100504 ^ clkbuf_0_clk/A (sky130_fd_sc_hd__clkbuf_16)
     4    0.042376    0.096839    0.287799    0.388303 ^ clkbuf_0_clk/X (sky130_fd_sc_hd__clkbuf_16)
                                                         clknet_0_clk (net)
                      0.096962    0.001997    0.390300 ^ clkbuf_2_1__f_clk/A (sky130_fd_sc_hd__clkbuf_16)
    14    0.047669    0.103868    0.270318    0.660618 ^ clkbuf_2_1__f_clk/X (sky130_fd_sc_hd__clkbuf_16)
                                                         clknet_2_1__leaf_clk (net)
                      0.103973    0.002820    0.663438 ^ _479_/CLK (sky130_fd_sc_hd__dfxtp_1)
     6    0.014246    0.138302    0.670378    1.333816 v _479_/Q (sky130_fd_sc_hd__dfxtp_1)
                                                         net49 (net)
                      0.138302    0.000378    1.334194 v _234_/D_N (sky130_fd_sc_hd__or4b_1)
     2    0.008766    0.142549    0.388966    1.723160 ^ _234_/X (sky130_fd_sc_hd__or4b_1)
                                                         _069_ (net)
                      0.142549    0.000538    1.723697 ^ _235_/A (sky130_fd_sc_hd__inv_2)
     2    0.004864    0.042039    0.086724    1.810421 v _235_/Y (sky130_fd_sc_hd__inv_2)
                                                         net52 (net)
                      0.042040    0.000240    1.810661 v output52/A (sky130_fd_sc_hd__buf_2)
     1    0.034574    0.167534    0.332046    2.142707 v output52/X (sky130_fd_sc_hd__buf_2)
                                                         group_state_suspended (net)
                      0.167549    0.001672    2.144380 v group_state_suspended (out)
                                              2.144380   data arrival time

                                  0.000000    0.000000   clock clk (rise edge)
                                  0.000000    0.000000   clock network delay (propagated)
                                  0.250000    0.250000   clock uncertainty
                                  0.000000    0.250000   clock reconvergence pessimism
                                 -5.000000   -4.750000   output external delay
                                             -4.750000   data required time
---------------------------------------------------------------------------------------------
                                             -4.750000   data required time
                                             -2.144380   data arrival time
---------------------------------------------------------------------------------------------
                                              6.894380   slack (MET)


Startpoint: _478_ (rising edge-triggered flip-flop clocked by clk)
Endpoint: group_state_disabled (output port clocked by clk)
Path Group: clk
Path Type: min

Fanout         Cap        Slew       Delay        Time   Description
---------------------------------------------------------------------------------------------
                                  0.000000    0.000000   clock clk (rise edge)
                                  0.000000    0.000000   clock source latency
     1    0.019539    0.146837    0.100504    0.100504 ^ clk (in)
                                                         clk (net)
                      0.146870    0.000000    0.100504 ^ clkbuf_0_clk/A (sky130_fd_sc_hd__clkbuf_16)
     4    0.042376    0.096839    0.287799    0.388303 ^ clkbuf_0_clk/X (sky130_fd_sc_hd__clkbuf_16)
                                                         clknet_0_clk (net)
                      0.096962    0.001997    0.390300 ^ clkbuf_2_1__f_clk/A (sky130_fd_sc_hd__clkbuf_16)
    14    0.047669    0.103868    0.270318    0.660618 ^ clkbuf_2_1__f_clk/X (sky130_fd_sc_hd__clkbuf_16)
                                                         clknet_2_1__leaf_clk (net)
                      0.103910    0.001956    0.662575 ^ _478_/CLK (sky130_fd_sc_hd__dfxtp_1)
     5    0.014061    0.222340    0.758922    1.421496 ^ _478_/Q (sky130_fd_sc_hd__dfxtp_1)
                                                         net48 (net)
                      0.222342    0.001165    1.422661 ^ _220_/C (sky130_fd_sc_hd__or4b_2)
     4    0.015096    0.150799    0.340804    1.763466 ^ _220_/X (sky130_fd_sc_hd__or4b_2)
                                                         _060_ (net)
                      0.150803    0.001031    1.764497 ^ _221_/A (sky130_fd_sc_hd__inv_2)
     2    0.007379    0.051768    0.100261    1.864758 v _221_/Y (sky130_fd_sc_hd__inv_2)
                                                         net50 (net)
                      0.051771    0.000426    1.865184 v output50/A (sky130_fd_sc_hd__buf_2)
     1    0.034639    0.167748    0.336702    2.201885 v output50/X (sky130_fd_sc_hd__buf_2)
                                                         group_state_disabled (net)
                      0.167763    0.001690    2.203575 v group_state_disabled (out)
                                              2.203575   data arrival time

                                  0.000000    0.000000   clock clk (rise edge)
                                  0.000000    0.000000   clock network delay (propagated)
                                  0.250000    0.250000   clock uncertainty
                                  0.000000    0.250000   clock reconvergence pessimism
                                 -5.000000   -4.750000   output external delay
                                             -4.750000   data required time
---------------------------------------------------------------------------------------------
                                             -4.750000   data required time
                                             -2.203575   data arrival time
---------------------------------------------------------------------------------------------
                                              6.953575   slack (MET)


Startpoint: _478_ (rising edge-triggered flip-flop clocked by clk)
Endpoint: group_locked (output port clocked by clk)
Path Group: clk
Path Type: min

Fanout         Cap        Slew       Delay        Time   Description
---------------------------------------------------------------------------------------------
                                  0.000000    0.000000   clock clk (rise edge)
                                  0.000000    0.000000   clock source latency
     1    0.019539    0.146837    0.100504    0.100504 ^ clk (in)
                                                         clk (net)
                      0.146870    0.000000    0.100504 ^ clkbuf_0_clk/A (sky130_fd_sc_hd__clkbuf_16)
     4    0.042376    0.096839    0.287799    0.388303 ^ clkbuf_0_clk/X (sky130_fd_sc_hd__clkbuf_16)
                                                         clknet_0_clk (net)
                      0.096962    0.001997    0.390300 ^ clkbuf_2_1__f_clk/A (sky130_fd_sc_hd__clkbuf_16)
    14    0.047669    0.103868    0.270318    0.660618 ^ clkbuf_2_1__f_clk/X (sky130_fd_sc_hd__clkbuf_16)
                                                         clknet_2_1__leaf_clk (net)
                      0.103910    0.001956    0.662575 ^ _478_/CLK (sky130_fd_sc_hd__dfxtp_1)
     5    0.014061    0.222340    0.758922    1.421496 ^ _478_/Q (sky130_fd_sc_hd__dfxtp_1)
                                                         net48 (net)
                      0.222340    0.000700    1.422197 ^ _218_/C (sky130_fd_sc_hd__or4b_2)
     4    0.016974    0.164978    0.352490    1.774686 ^ _218_/X (sky130_fd_sc_hd__or4b_2)
                                                         _059_ (net)
                      0.165000    0.001952    1.776638 ^ _219_/A (sky130_fd_sc_hd__inv_2)
     2    0.010096    0.063502    0.115910    1.892548 v _219_/Y (sky130_fd_sc_hd__inv_2)
                                                         net45 (net)
                      0.063507    0.000605    1.893153 v output45/A (sky130_fd_sc_hd__buf_2)
     1    0.035283    0.170314    0.343965    2.237118 v output45/X (sky130_fd_sc_hd__buf_2)
                                                         group_locked (net)
                      0.170335    0.001940    2.239059 v group_locked (out)
                                              2.239059   data arrival time

                                  0.000000    0.000000   clock clk (rise edge)
                                  0.000000    0.000000   clock network delay (propagated)
                                  0.250000    0.250000   clock uncertainty
                                  0.000000    0.250000   clock reconvergence pessimism
                                 -5.000000   -4.750000   output external delay
                                             -4.750000   data required time
---------------------------------------------------------------------------------------------
                                             -4.750000   data required time
                                             -2.239059   data arrival time
---------------------------------------------------------------------------------------------
                                              6.989059   slack (MET)


Startpoint: _431_ (rising edge-triggered flip-flop clocked by clk)
Endpoint: global_state_safe_mode (output port clocked by clk)
Path Group: clk
Path Type: min

Fanout         Cap        Slew       Delay        Time   Description
---------------------------------------------------------------------------------------------
                                  0.000000    0.000000   clock clk (rise edge)
                                  0.000000    0.000000   clock source latency
     1    0.019539    0.146837    0.100504    0.100504 ^ clk (in)
                                                         clk (net)
                      0.146870    0.000000    0.100504 ^ clkbuf_0_clk/A (sky130_fd_sc_hd__clkbuf_16)
     4    0.042376    0.096839    0.287799    0.388303 ^ clkbuf_0_clk/X (sky130_fd_sc_hd__clkbuf_16)
                                                         clknet_0_clk (net)
                      0.096943    0.001697    0.390000 ^ clkbuf_2_2__f_clk/A (sky130_fd_sc_hd__clkbuf_16)
    13    0.045420    0.100882    0.267956    0.657956 ^ clkbuf_2_2__f_clk/X (sky130_fd_sc_hd__clkbuf_16)
                                                         clknet_2_2__leaf_clk (net)
                      0.100935    0.002047    0.660003 ^ _431_/CLK (sky130_fd_sc_hd__dfxtp_2)
     7    0.026072    0.220533    0.787172    1.447174 ^ _431_/Q (sky130_fd_sc_hd__dfxtp_2)
                                                         net20 (net)
                      0.220553    0.002236    1.449410 ^ _224_/B (sky130_fd_sc_hd__or4b_2)
     3    0.012526    0.129606    0.325186    1.774596 ^ _224_/X (sky130_fd_sc_hd__or4b_2)
                                                         _063_ (net)
                      0.129607    0.000676    1.775272 ^ _225_/A (sky130_fd_sc_hd__inv_2)
     4    0.016624    0.082973    0.124283    1.899555 v _225_/Y (sky130_fd_sc_hd__inv_2)
                                                         net27 (net)
                      0.082992    0.001190    1.900745 v output27/A (sky130_fd_sc_hd__buf_2)
     1    0.034151    0.165685    0.349547    2.250293 v output27/X (sky130_fd_sc_hd__buf_2)
                                                         global_state_safe_mode (net)
                      0.165700    0.001658    2.251951 v global_state_safe_mode (out)
                                              2.251951   data arrival time

                                  0.000000    0.000000   clock clk (rise edge)
                                  0.000000    0.000000   clock network delay (propagated)
                                  0.250000    0.250000   clock uncertainty
                                  0.000000    0.250000   clock reconvergence pessimism
                                 -5.000000   -4.750000   output external delay
                                             -4.750000   data required time
---------------------------------------------------------------------------------------------
                                             -4.750000   data required time
                                             -2.251951   data arrival time
---------------------------------------------------------------------------------------------
                                              7.001951   slack (MET)


Startpoint: _431_ (rising edge-triggered flip-flop clocked by clk)
Endpoint: global_state_boot (output port clocked by clk)
Path Group: clk
Path Type: min

Fanout         Cap        Slew       Delay        Time   Description
---------------------------------------------------------------------------------------------
                                  0.000000    0.000000   clock clk (rise edge)
                                  0.000000    0.000000   clock source latency
     1    0.019539    0.146837    0.100504    0.100504 ^ clk (in)
                                                         clk (net)
                      0.146870    0.000000    0.100504 ^ clkbuf_0_clk/A (sky130_fd_sc_hd__clkbuf_16)
     4    0.042376    0.096839    0.287799    0.388303 ^ clkbuf_0_clk/X (sky130_fd_sc_hd__clkbuf_16)
                                                         clknet_0_clk (net)
                      0.096943    0.001697    0.390000 ^ clkbuf_2_2__f_clk/A (sky130_fd_sc_hd__clkbuf_16)
    13    0.045420    0.100882    0.267956    0.657956 ^ clkbuf_2_2__f_clk/X (sky130_fd_sc_hd__clkbuf_16)
                                                         clknet_2_2__leaf_clk (net)
                      0.100935    0.002047    0.660003 ^ _431_/CLK (sky130_fd_sc_hd__dfxtp_2)
     7    0.026072    0.220533    0.787172    1.447174 ^ _431_/Q (sky130_fd_sc_hd__dfxtp_2)
                                                         net20 (net)
                      0.220553    0.002261    1.449436 ^ _232_/A (sky130_fd_sc_hd__or3b_2)
     4    0.016200    0.157393    0.341248    1.790684 ^ _232_/X (sky130_fd_sc_hd__or3b_2)
                                                         _068_ (net)
                      0.157398    0.001093    1.791777 ^ _233_/A (sky130_fd_sc_hd__inv_2)
     4    0.018037    0.090963    0.142438    1.934215 v _233_/Y (sky130_fd_sc_hd__inv_2)
                                                         net24 (net)
                      0.090966    0.000603    1.934818 v output24/A (sky130_fd_sc_hd__buf_2)
     1    0.034044    0.165265    0.353080    2.287898 v output24/X (sky130_fd_sc_hd__buf_2)
                                                         global_state_boot (net)
                      0.165279    0.001619    2.289516 v global_state_boot (out)
                                              2.289516   data arrival time

                                  0.000000    0.000000   clock clk (rise edge)
                                  0.000000    0.000000   clock network delay (propagated)
                                  0.250000    0.250000   clock uncertainty
                                  0.000000    0.250000   clock reconvergence pessimism
                                 -5.000000   -4.750000   output external delay
                                             -4.750000   data required time
---------------------------------------------------------------------------------------------
                                             -4.750000   data required time
                                             -2.289516   data arrival time
---------------------------------------------------------------------------------------------
                                              7.039516   slack (MET)


Startpoint: _479_ (rising edge-triggered flip-flop clocked by clk)
Endpoint: group_suspended (output port clocked by clk)
Path Group: clk
Path Type: min

Fanout         Cap        Slew       Delay        Time   Description
---------------------------------------------------------------------------------------------
                                  0.000000    0.000000   clock clk (rise edge)
                                  0.000000    0.000000   clock source latency
     1    0.019539    0.146837    0.100504    0.100504 ^ clk (in)
                                                         clk (net)
                      0.146870    0.000000    0.100504 ^ clkbuf_0_clk/A (sky130_fd_sc_hd__clkbuf_16)
     4    0.042376    0.096839    0.287799    0.388303 ^ clkbuf_0_clk/X (sky130_fd_sc_hd__clkbuf_16)
                                                         clknet_0_clk (net)
                      0.096962    0.001997    0.390300 ^ clkbuf_2_1__f_clk/A (sky130_fd_sc_hd__clkbuf_16)
    14    0.047669    0.103868    0.270318    0.660618 ^ clkbuf_2_1__f_clk/X (sky130_fd_sc_hd__clkbuf_16)
                                                         clknet_2_1__leaf_clk (net)
                      0.103973    0.002820    0.663438 ^ _479_/CLK (sky130_fd_sc_hd__dfxtp_1)
     6    0.014246    0.138302    0.670378    1.333816 v _479_/Q (sky130_fd_sc_hd__dfxtp_1)
                                                         net49 (net)
                      0.138302    0.000378    1.334194 v _234_/D_N (sky130_fd_sc_hd__or4b_1)
     2    0.008766    0.142549    0.388966    1.723160 ^ _234_/X (sky130_fd_sc_hd__or4b_1)
                                                         _069_ (net)
                      0.142549    0.000538    1.723697 ^ _235_/A (sky130_fd_sc_hd__inv_2)
     2    0.004864    0.042039    0.086724    1.810421 v _235_/Y (sky130_fd_sc_hd__inv_2)
                                                         net52 (net)
                      0.042039    0.000164    1.810585 v _484_/A (sky130_fd_sc_hd__clkbuf_1)
     1    0.002517    0.047528    0.144575    1.955159 v _484_/X (sky130_fd_sc_hd__clkbuf_1)
                                                         net54 (net)
                      0.047528    0.000159    1.955318 v output54/A (sky130_fd_sc_hd__buf_2)
     1    0.034639    0.167768    0.334757    2.290075 v output54/X (sky130_fd_sc_hd__buf_2)
                                                         group_suspended (net)
                      0.167784    0.001690    2.291765 v group_suspended (out)
                                              2.291765   data arrival time

                                  0.000000    0.000000   clock clk (rise edge)
                                  0.000000    0.000000   clock network delay (propagated)
                                  0.250000    0.250000   clock uncertainty
                                  0.000000    0.250000   clock reconvergence pessimism
                                 -5.000000   -4.750000   output external delay
                                             -4.750000   data required time
---------------------------------------------------------------------------------------------
                                             -4.750000   data required time
                                             -2.291765   data arrival time
---------------------------------------------------------------------------------------------
                                              7.041765   slack (MET)


Startpoint: _479_ (rising edge-triggered flip-flop clocked by clk)
Endpoint: group_state_unlocked (output port clocked by clk)
Path Group: clk
Path Type: min

Fanout         Cap        Slew       Delay        Time   Description
---------------------------------------------------------------------------------------------
                                  0.000000    0.000000   clock clk (rise edge)
                                  0.000000    0.000000   clock source latency
     1    0.019539    0.146837    0.100504    0.100504 ^ clk (in)
                                                         clk (net)
                      0.146870    0.000000    0.100504 ^ clkbuf_0_clk/A (sky130_fd_sc_hd__clkbuf_16)
     4    0.042376    0.096839    0.287799    0.388303 ^ clkbuf_0_clk/X (sky130_fd_sc_hd__clkbuf_16)
                                                         clknet_0_clk (net)
                      0.096962    0.001997    0.390300 ^ clkbuf_2_1__f_clk/A (sky130_fd_sc_hd__clkbuf_16)
    14    0.047669    0.103868    0.270318    0.660618 ^ clkbuf_2_1__f_clk/X (sky130_fd_sc_hd__clkbuf_16)
                                                         clknet_2_1__leaf_clk (net)
                      0.103973    0.002820    0.663438 ^ _479_/CLK (sky130_fd_sc_hd__dfxtp_1)
     6    0.014879    0.233943    0.767510    1.430948 ^ _479_/Q (sky130_fd_sc_hd__dfxtp_1)
                                                         net49 (net)
                      0.233943    0.000840    1.431788 ^ _216_/C (sky130_fd_sc_hd__or4b_2)
     5    0.019884    0.189314    0.375151    1.806939 ^ _216_/X (sky130_fd_sc_hd__or4b_2)
                                                         _058_ (net)
                      0.189320    0.001363    1.808302 ^ _217_/A (sky130_fd_sc_hd__inv_2)
     6    0.020942    0.101836    0.166801    1.975103 v _217_/Y (sky130_fd_sc_hd__inv_2)
                                                         net53 (net)
                      0.101870    0.001765    1.976868 v output53/A (sky130_fd_sc_hd__buf_2)
     1    0.034338    0.166476    0.359187    2.336055 v output53/X (sky130_fd_sc_hd__buf_2)
                                                         group_state_unlocked (net)
                      0.166493    0.001756    2.337811 v group_state_unlocked (out)
                                              2.337811   data arrival time

                                  0.000000    0.000000   clock clk (rise edge)
                                  0.000000    0.000000   clock network delay (propagated)
                                  0.250000    0.250000   clock uncertainty
                                  0.000000    0.250000   clock reconvergence pessimism
                                 -5.000000   -4.750000   output external delay
                                             -4.750000   data required time
---------------------------------------------------------------------------------------------
                                             -4.750000   data required time
                                             -2.337811   data arrival time
---------------------------------------------------------------------------------------------
                                              7.087811   slack (MET)


Startpoint: _480_ (rising edge-triggered flip-flop clocked by clk)
Endpoint: global_state_locked (output port clocked by clk)
Path Group: clk
Path Type: min

Fanout         Cap        Slew       Delay        Time   Description
---------------------------------------------------------------------------------------------
                                  0.000000    0.000000   clock clk (rise edge)
                                  0.000000    0.000000   clock source latency
     1    0.019539    0.146837    0.100504    0.100504 ^ clk (in)
                                                         clk (net)
                      0.146870    0.000000    0.100504 ^ clkbuf_0_clk/A (sky130_fd_sc_hd__clkbuf_16)
     4    0.042376    0.096839    0.287799    0.388303 ^ clkbuf_0_clk/X (sky130_fd_sc_hd__clkbuf_16)
                                                         clknet_0_clk (net)
                      0.096942    0.001680    0.389983 ^ clkbuf_2_3__f_clk/A (sky130_fd_sc_hd__clkbuf_16)
    14    0.046259    0.102193    0.268796    0.658779 ^ clkbuf_2_3__f_clk/X (sky130_fd_sc_hd__clkbuf_16)
                                                         clknet_2_3__leaf_clk (net)
                      0.102273    0.002456    0.661235 ^ _480_/CLK (sky130_fd_sc_hd__dfxtp_2)
     9    0.034123    0.281896    0.832442    1.493677 ^ _480_/Q (sky130_fd_sc_hd__dfxtp_2)
                                                         net19 (net)
                      0.281908    0.002123    1.495800 ^ _230_/A (sky130_fd_sc_hd__or3_2)
     4    0.017949    0.154895    0.370489    1.866289 ^ _230_/X (sky130_fd_sc_hd__or3_2)
                                                         _067_ (net)
                      0.154902    0.001258    1.867547 ^ _231_/A (sky130_fd_sc_hd__inv_2)
     4    0.019060    0.091302    0.144983    2.012530 v _231_/Y (sky130_fd_sc_hd__inv_2)
                                                         net26 (net)
                      0.091326    0.001431    2.013961 v output26/A (sky130_fd_sc_hd__buf_2)
     1    0.033989    0.165040    0.353085    2.367045 v output26/X (sky130_fd_sc_hd__buf_2)
                                                         global_state_locked (net)
                      0.165054    0.001604    2.368650 v global_state_locked (out)
                                              2.368650   data arrival time

                                  0.000000    0.000000   clock clk (rise edge)
                                  0.000000    0.000000   clock network delay (propagated)
                                  0.250000    0.250000   clock uncertainty
                                  0.000000    0.250000   clock reconvergence pessimism
                                 -5.000000   -4.750000   output external delay
                                             -4.750000   data required time
---------------------------------------------------------------------------------------------
                                             -4.750000   data required time
                                             -2.368650   data arrival time
---------------------------------------------------------------------------------------------
                                              7.118650   slack (MET)


Startpoint: _478_ (rising edge-triggered flip-flop clocked by clk)
Endpoint: group_state_locked (output port clocked by clk)
Path Group: clk
Path Type: min

Fanout         Cap        Slew       Delay        Time   Description
---------------------------------------------------------------------------------------------
                                  0.000000    0.000000   clock clk (rise edge)
                                  0.000000    0.000000   clock source latency
     1    0.019539    0.146837    0.100504    0.100504 ^ clk (in)
                                                         clk (net)
                      0.146870    0.000000    0.100504 ^ clkbuf_0_clk/A (sky130_fd_sc_hd__clkbuf_16)
     4    0.042376    0.096839    0.287799    0.388303 ^ clkbuf_0_clk/X (sky130_fd_sc_hd__clkbuf_16)
                                                         clknet_0_clk (net)
                      0.096962    0.001997    0.390300 ^ clkbuf_2_1__f_clk/A (sky130_fd_sc_hd__clkbuf_16)
    14    0.047669    0.103868    0.270318    0.660618 ^ clkbuf_2_1__f_clk/X (sky130_fd_sc_hd__clkbuf_16)
                                                         clknet_2_1__leaf_clk (net)
                      0.103910    0.001956    0.662575 ^ _478_/CLK (sky130_fd_sc_hd__dfxtp_1)
     5    0.014061    0.222340    0.758922    1.421496 ^ _478_/Q (sky130_fd_sc_hd__dfxtp_1)
                                                         net48 (net)
                      0.222340    0.000700    1.422197 ^ _218_/C (sky130_fd_sc_hd__or4b_2)
     4    0.016974    0.164978    0.352490    1.774686 ^ _218_/X (sky130_fd_sc_hd__or4b_2)
                                                         _059_ (net)
                      0.165000    0.001952    1.776638 ^ _219_/A (sky130_fd_sc_hd__inv_2)
     2    0.010096    0.063502    0.115910    1.892548 v _219_/Y (sky130_fd_sc_hd__inv_2)
                                                         net45 (net)
                      0.063507    0.000590    1.893138 v _483_/A (sky130_fd_sc_hd__clkbuf_1)
     1    0.001790    0.040575    0.147309    2.040447 v _483_/X (sky130_fd_sc_hd__clkbuf_1)
                                                         net51 (net)
                      0.040575    0.000081    2.040528 v output51/A (sky130_fd_sc_hd__buf_2)
     1    0.034193    0.166044    0.330132    2.370660 v output51/X (sky130_fd_sc_hd__buf_2)
                                                         group_state_locked (net)
                      0.166060    0.001704    2.372364 v group_state_locked (out)
                                              2.372364   data arrival time

                                  0.000000    0.000000   clock clk (rise edge)
                                  0.000000    0.000000   clock network delay (propagated)
                                  0.250000    0.250000   clock uncertainty
                                  0.000000    0.250000   clock reconvergence pessimism
                                 -5.000000   -4.750000   output external delay
                                             -4.750000   data required time
---------------------------------------------------------------------------------------------
                                             -4.750000   data required time
                                             -2.372364   data arrival time
---------------------------------------------------------------------------------------------
                                              7.122364   slack (MET)


Startpoint: _481_ (rising edge-triggered flip-flop clocked by clk)
Endpoint: safe_led (output port clocked by clk)
Path Group: clk
Path Type: min

Fanout         Cap        Slew       Delay        Time   Description
---------------------------------------------------------------------------------------------
                                  0.000000    0.000000   clock clk (rise edge)
                                  0.000000    0.000000   clock source latency
     1    0.019539    0.146837    0.100504    0.100504 ^ clk (in)
                                                         clk (net)
                      0.146870    0.000000    0.100504 ^ clkbuf_0_clk/A (sky130_fd_sc_hd__clkbuf_16)
     4    0.042376    0.096839    0.287799    0.388303 ^ clkbuf_0_clk/X (sky130_fd_sc_hd__clkbuf_16)
                                                         clknet_0_clk (net)
                      0.096942    0.001680    0.389983 ^ clkbuf_2_3__f_clk/A (sky130_fd_sc_hd__clkbuf_16)
    14    0.046259    0.102193    0.268796    0.658779 ^ clkbuf_2_3__f_clk/X (sky130_fd_sc_hd__clkbuf_16)
                                                         clknet_2_3__leaf_clk (net)
                      0.102256    0.002224    0.661003 ^ _481_/CLK (sky130_fd_sc_hd__dfxtp_2)
     8    0.025717    0.217644    0.786581    1.447585 ^ _481_/Q (sky130_fd_sc_hd__dfxtp_2)
                                                         net23 (net)
                      0.217644    0.000743    1.448327 ^ _236_/A (sky130_fd_sc_hd__and3_1)
     2    0.006377    0.133498    0.378277    1.826604 ^ _236_/X (sky130_fd_sc_hd__and3_1)
                                                         net25 (net)
                      0.133498    0.000435    1.827039 ^ _237_/B (sky130_fd_sc_hd__or2_1)
     2    0.004615    0.089075    0.206875    2.033914 ^ _237_/X (sky130_fd_sc_hd__or2_1)
                                                         net72 (net)
                      0.089075    0.000289    2.034203 ^ output72/A (sky130_fd_sc_hd__buf_2)
     1    0.034124    0.271301    0.350890    2.385092 ^ output72/X (sky130_fd_sc_hd__buf_2)
                                                         safe_led (net)
                      0.271307    0.001646    2.386738 ^ safe_led (out)
                                              2.386738   data arrival time

                                  0.000000    0.000000   clock clk (rise edge)
                                  0.000000    0.000000   clock network delay (propagated)
                                  0.250000    0.250000   clock uncertainty
                                  0.000000    0.250000   clock reconvergence pessimism
                                 -5.000000   -4.750000   output external delay
                                             -4.750000   data required time
---------------------------------------------------------------------------------------------
                                             -4.750000   data required time
                                             -2.386738   data arrival time
---------------------------------------------------------------------------------------------
                                              7.136738   slack (MET)


Startpoint: _481_ (rising edge-triggered flip-flop clocked by clk)
Endpoint: debug_enable (output port clocked by clk)
Path Group: clk
Path Type: min

Fanout         Cap        Slew       Delay        Time   Description
---------------------------------------------------------------------------------------------
                                  0.000000    0.000000   clock clk (rise edge)
                                  0.000000    0.000000   clock source latency
     1    0.019539    0.146837    0.100504    0.100504 ^ clk (in)
                                                         clk (net)
                      0.146870    0.000000    0.100504 ^ clkbuf_0_clk/A (sky130_fd_sc_hd__clkbuf_16)
     4    0.042376    0.096839    0.287799    0.388303 ^ clkbuf_0_clk/X (sky130_fd_sc_hd__clkbuf_16)
                                                         clknet_0_clk (net)
                      0.096942    0.001680    0.389983 ^ clkbuf_2_3__f_clk/A (sky130_fd_sc_hd__clkbuf_16)
    14    0.046259    0.102193    0.268796    0.658779 ^ clkbuf_2_3__f_clk/X (sky130_fd_sc_hd__clkbuf_16)
                                                         clknet_2_3__leaf_clk (net)
                      0.102256    0.002224    0.661003 ^ _481_/CLK (sky130_fd_sc_hd__dfxtp_2)
     8    0.025717    0.217644    0.786581    1.447585 ^ _481_/Q (sky130_fd_sc_hd__dfxtp_2)
                                                         net23 (net)
                      0.217645    0.000938    1.448523 ^ _227_/A (sky130_fd_sc_hd__or3b_2)
     4    0.016484    0.159246    0.341650    1.790173 ^ _227_/X (sky130_fd_sc_hd__or3b_2)
                                                         _065_ (net)
                      0.159250    0.001095    1.791268 ^ _228_/A (sky130_fd_sc_hd__inv_2)
     8    0.041979    0.183648    0.214638    2.005905 v _228_/Y (sky130_fd_sc_hd__inv_2)
                                                         net16 (net)
                      0.183790    0.004257    2.010162 v output16/A (sky130_fd_sc_hd__buf_2)
     1    0.034172    0.165913    0.398198    2.408360 v output16/X (sky130_fd_sc_hd__buf_2)
                                                         debug_enable (net)
                      0.165929    0.001694    2.410054 v debug_enable (out)
                                              2.410054   data arrival time

                                  0.000000    0.000000   clock clk (rise edge)
                                  0.000000    0.000000   clock network delay (propagated)
                                  0.250000    0.250000   clock uncertainty
                                  0.000000    0.250000   clock reconvergence pessimism
                                 -5.000000   -4.750000   output external delay
                                             -4.750000   data required time
---------------------------------------------------------------------------------------------
                                             -4.750000   data required time
                                             -2.410054   data arrival time
---------------------------------------------------------------------------------------------
                                              7.160054   slack (MET)


Startpoint: _479_ (rising edge-triggered flip-flop clocked by clk)
Endpoint: group_unlocked (output port clocked by clk)
Path Group: clk
Path Type: min

Fanout         Cap        Slew       Delay        Time   Description
---------------------------------------------------------------------------------------------
                                  0.000000    0.000000   clock clk (rise edge)
                                  0.000000    0.000000   clock source latency
     1    0.019539    0.146837    0.100504    0.100504 ^ clk (in)
                                                         clk (net)
                      0.146870    0.000000    0.100504 ^ clkbuf_0_clk/A (sky130_fd_sc_hd__clkbuf_16)
     4    0.042376    0.096839    0.287799    0.388303 ^ clkbuf_0_clk/X (sky130_fd_sc_hd__clkbuf_16)
                                                         clknet_0_clk (net)
                      0.096962    0.001997    0.390300 ^ clkbuf_2_1__f_clk/A (sky130_fd_sc_hd__clkbuf_16)
    14    0.047669    0.103868    0.270318    0.660618 ^ clkbuf_2_1__f_clk/X (sky130_fd_sc_hd__clkbuf_16)
                                                         clknet_2_1__leaf_clk (net)
                      0.103973    0.002820    0.663438 ^ _479_/CLK (sky130_fd_sc_hd__dfxtp_1)
     6    0.014879    0.233943    0.767510    1.430948 ^ _479_/Q (sky130_fd_sc_hd__dfxtp_1)
                                                         net49 (net)
                      0.233943    0.000840    1.431788 ^ _216_/C (sky130_fd_sc_hd__or4b_2)
     5    0.019884    0.189314    0.375151    1.806939 ^ _216_/X (sky130_fd_sc_hd__or4b_2)
                                                         _058_ (net)
                      0.189320    0.001363    1.808302 ^ _217_/A (sky130_fd_sc_hd__inv_2)
     6    0.020942    0.101836    0.166801    1.975103 v _217_/Y (sky130_fd_sc_hd__inv_2)
                                                         net53 (net)
                      0.101867    0.001711    1.976814 v _485_/A (sky130_fd_sc_hd__clkbuf_1)
     1    0.002488    0.047332    0.171882    2.148696 v _485_/X (sky130_fd_sc_hd__clkbuf_1)
                                                         net71 (net)
                      0.047332    0.000157    2.148853 v output71/A (sky130_fd_sc_hd__buf_2)
     1    0.033999    0.165215    0.332685    2.481538 v output71/X (sky130_fd_sc_hd__buf_2)
                                                         group_unlocked (net)
                      0.165228    0.001591    2.483129 v group_unlocked (out)
                                              2.483129   data arrival time

                                  0.000000    0.000000   clock clk (rise edge)
                                  0.000000    0.000000   clock network delay (propagated)
                                  0.250000    0.250000   clock uncertainty
                                  0.000000    0.250000   clock reconvergence pessimism
                                 -5.000000   -4.750000   output external delay
                                             -4.750000   data required time
---------------------------------------------------------------------------------------------
                                             -4.750000   data required time
                                             -2.483129   data arrival time
---------------------------------------------------------------------------------------------
                                              7.233130   slack (MET)


Startpoint: _481_ (rising edge-triggered flip-flop clocked by clk)
Endpoint: security_breach (output port clocked by clk)
Path Group: clk
Path Type: min

Fanout         Cap        Slew       Delay        Time   Description
---------------------------------------------------------------------------------------------
                                  0.000000    0.000000   clock clk (rise edge)
                                  0.000000    0.000000   clock source latency
     1    0.019539    0.146837    0.100504    0.100504 ^ clk (in)
                                                         clk (net)
                      0.146870    0.000000    0.100504 ^ clkbuf_0_clk/A (sky130_fd_sc_hd__clkbuf_16)
     4    0.042376    0.096839    0.287799    0.388303 ^ clkbuf_0_clk/X (sky130_fd_sc_hd__clkbuf_16)
                                                         clknet_0_clk (net)
                      0.096942    0.001680    0.389983 ^ clkbuf_2_3__f_clk/A (sky130_fd_sc_hd__clkbuf_16)
    14    0.046259    0.102193    0.268796    0.658779 ^ clkbuf_2_3__f_clk/X (sky130_fd_sc_hd__clkbuf_16)
                                                         clknet_2_3__leaf_clk (net)
                      0.102256    0.002224    0.661003 ^ _481_/CLK (sky130_fd_sc_hd__dfxtp_2)
     8    0.025717    0.217644    0.786581    1.447585 ^ _481_/Q (sky130_fd_sc_hd__dfxtp_2)
                                                         net23 (net)
                      0.217644    0.000743    1.448327 ^ _236_/A (sky130_fd_sc_hd__and3_1)
     2    0.006377    0.133498    0.378277    1.826604 ^ _236_/X (sky130_fd_sc_hd__and3_1)
                                                         net25 (net)
                      0.133498    0.000435    1.827039 ^ _237_/B (sky130_fd_sc_hd__or2_1)
     2    0.004615    0.089075    0.206875    2.033914 ^ _237_/X (sky130_fd_sc_hd__or2_1)
                                                         net72 (net)
                      0.089075    0.000303    2.034217 ^ _486_/A (sky130_fd_sc_hd__clkbuf_1)
     1    0.002106    0.060837    0.149087    2.183303 ^ _486_/X (sky130_fd_sc_hd__clkbuf_1)
                                                         net73 (net)
                      0.060837    0.000150    2.183454 ^ output73/A (sky130_fd_sc_hd__buf_2)
     1    0.034030    0.270559    0.337367    2.520820 ^ output73/X (sky130_fd_sc_hd__buf_2)
                                                         security_breach (net)
                      0.270564    0.001619    2.522439 ^ security_breach (out)
                                              2.522439   data arrival time

                                  0.000000    0.000000   clock clk (rise edge)
                                  0.000000    0.000000   clock network delay (propagated)
                                  0.250000    0.250000   clock uncertainty
                                  0.000000    0.250000   clock reconvergence pessimism
                                 -5.000000   -4.750000   output external delay
                                             -4.750000   data required time
---------------------------------------------------------------------------------------------
                                             -4.750000   data required time
                                             -2.522439   data arrival time
---------------------------------------------------------------------------------------------
                                              7.272439   slack (MET)


Startpoint: _481_ (rising edge-triggered flip-flop clocked by clk)
Endpoint: global_state_authorized (output port clocked by clk)
Path Group: clk
Path Type: min

Fanout         Cap        Slew       Delay        Time   Description
---------------------------------------------------------------------------------------------
                                  0.000000    0.000000   clock clk (rise edge)
                                  0.000000    0.000000   clock source latency
     1    0.019539    0.146837    0.100504    0.100504 ^ clk (in)
                                                         clk (net)
                      0.146870    0.000000    0.100504 ^ clkbuf_0_clk/A (sky130_fd_sc_hd__clkbuf_16)
     4    0.042376    0.096839    0.287799    0.388303 ^ clkbuf_0_clk/X (sky130_fd_sc_hd__clkbuf_16)
                                                         clknet_0_clk (net)
                      0.096942    0.001680    0.389983 ^ clkbuf_2_3__f_clk/A (sky130_fd_sc_hd__clkbuf_16)
    14    0.046259    0.102193    0.268796    0.658779 ^ clkbuf_2_3__f_clk/X (sky130_fd_sc_hd__clkbuf_16)
                                                         clknet_2_3__leaf_clk (net)
                      0.102256    0.002224    0.661003 ^ _481_/CLK (sky130_fd_sc_hd__dfxtp_2)
     8    0.025717    0.217644    0.786581    1.447585 ^ _481_/Q (sky130_fd_sc_hd__dfxtp_2)
                                                         net23 (net)
                      0.217645    0.000938    1.448523 ^ _227_/A (sky130_fd_sc_hd__or3b_2)
     4    0.016484    0.159246    0.341650    1.790173 ^ _227_/X (sky130_fd_sc_hd__or3b_2)
                                                         _065_ (net)
                      0.159250    0.001095    1.791268 ^ _228_/A (sky130_fd_sc_hd__inv_2)
     8    0.041979    0.183648    0.214638    2.005905 v _228_/Y (sky130_fd_sc_hd__inv_2)
                                                         net16 (net)
                      0.183702    0.002653    2.008559 v _482_/A (sky130_fd_sc_hd__clkbuf_1)
     1    0.001776    0.041078    0.203903    2.212462 v _482_/X (sky130_fd_sc_hd__clkbuf_1)
                                                         net18 (net)
                      0.041078    0.000081    2.212543 v output18/A (sky130_fd_sc_hd__buf_2)
     1    0.034630    0.167764    0.331772    2.544315 v output18/X (sky130_fd_sc_hd__buf_2)
                                                         global_state_authorized (net)
                      0.167779    0.001690    2.546005 v global_state_authorized (out)
                                              2.546005   data arrival time

                                  0.000000    0.000000   clock clk (rise edge)
                                  0.000000    0.000000   clock network delay (propagated)
                                  0.250000    0.250000   clock uncertainty
                                  0.000000    0.250000   clock reconvergence pessimism
                                 -5.000000   -4.750000   output external delay
                                             -4.750000   data required time
---------------------------------------------------------------------------------------------
                                             -4.750000   data required time
                                             -2.546005   data arrival time
---------------------------------------------------------------------------------------------
                                              7.296005   slack (MET)


Startpoint: _481_ (rising edge-triggered flip-flop clocked by clk)
Endpoint: unlock_enable (output port clocked by clk)
Path Group: clk
Path Type: min

Fanout         Cap        Slew       Delay        Time   Description
---------------------------------------------------------------------------------------------
                                  0.000000    0.000000   clock clk (rise edge)
                                  0.000000    0.000000   clock source latency
     1    0.019539    0.146837    0.100504    0.100504 ^ clk (in)
                                                         clk (net)
                      0.146870    0.000000    0.100504 ^ clkbuf_0_clk/A (sky130_fd_sc_hd__clkbuf_16)
     4    0.042376    0.096839    0.287799    0.388303 ^ clkbuf_0_clk/X (sky130_fd_sc_hd__clkbuf_16)
                                                         clknet_0_clk (net)
                      0.096942    0.001680    0.389983 ^ clkbuf_2_3__f_clk/A (sky130_fd_sc_hd__clkbuf_16)
    14    0.046259    0.102193    0.268796    0.658779 ^ clkbuf_2_3__f_clk/X (sky130_fd_sc_hd__clkbuf_16)
                                                         clknet_2_3__leaf_clk (net)
                      0.102256    0.002224    0.661003 ^ _481_/CLK (sky130_fd_sc_hd__dfxtp_2)
     8    0.025717    0.217644    0.786581    1.447585 ^ _481_/Q (sky130_fd_sc_hd__dfxtp_2)
                                                         net23 (net)
                      0.217645    0.000938    1.448523 ^ _227_/A (sky130_fd_sc_hd__or3b_2)
     4    0.016484    0.159246    0.341650    1.790173 ^ _227_/X (sky130_fd_sc_hd__or3b_2)
                                                         _065_ (net)
                      0.159250    0.001095    1.791268 ^ _228_/A (sky130_fd_sc_hd__inv_2)
     8    0.041979    0.183648    0.214638    2.005905 v _228_/Y (sky130_fd_sc_hd__inv_2)
                                                         net16 (net)
                      0.183697    0.002537    2.008442 v _487_/A (sky130_fd_sc_hd__clkbuf_1)
     1    0.002354    0.046479    0.209515    2.217957 v _487_/X (sky130_fd_sc_hd__clkbuf_1)
                                                         net76 (net)
                      0.046503    0.000151    2.218108 v output76/A (sky130_fd_sc_hd__buf_2)
     1    0.034639    0.167773    0.334287    2.552396 v output76/X (sky130_fd_sc_hd__buf_2)
                                                         unlock_enable (net)
                      0.167789    0.001690    2.554085 v unlock_enable (out)
                                              2.554085   data arrival time

                                  0.000000    0.000000   clock clk (rise edge)
                                  0.000000    0.000000   clock network delay (propagated)
                                  0.250000    0.250000   clock uncertainty
                                  0.000000    0.250000   clock reconvergence pessimism
                                 -5.000000   -4.750000   output external delay
                                             -4.750000   data required time
---------------------------------------------------------------------------------------------
                                             -4.750000   data required time
                                             -2.554085   data arrival time
---------------------------------------------------------------------------------------------
                                              7.304085   slack (MET)



