
===========================================================================
report_checks -path_delay max (Setup)
============================================================================
======================= max_ss_100C_1v60 Corner ===================================

Startpoint: u_secure_boot_cp
            (rising edge-triggered flip-flop clocked by wb_clk_i)
Endpoint: io_out[23] (output port clocked by wb_clk_i)
Path Group: wb_clk_i
Path Type: max

Fanout         Cap        Slew       Delay        Time   Description
---------------------------------------------------------------------------------------------
                                  0.000000    0.000000   clock wb_clk_i (rise edge)
                                  0.000000    0.000000   clock source latency
     1    0.362935    2.584903    2.012610    2.012610 ^ wb_clk_i (in)
                                                         wb_clk_i (net)
                      2.784662    0.000000    2.012610 ^ u_secure_boot_cp/wb_clk_i (secure_boot_control_plane)
     1    0.419965    1.983447    3.276505    5.289114 ^ u_secure_boot_cp/safe_led (secure_boot_control_plane)
                                                         io_out[23] (net)
                      2.266276    0.567927    5.857042 ^ io_out[23] (out)
                                              5.857042   data arrival time

                                 25.000000   25.000000   clock wb_clk_i (rise edge)
                                  0.000000   25.000000   clock network delay (propagated)
                                 -0.250000   24.750000   clock uncertainty
                                  0.000000   24.750000   clock reconvergence pessimism
                                 -5.000000   19.750000   output external delay
                                             19.750000   data required time
---------------------------------------------------------------------------------------------
                                             19.750000   data required time
                                             -5.857042   data arrival time
---------------------------------------------------------------------------------------------
                                             13.892959   slack (MET)


Startpoint: u_secure_boot_cp
            (rising edge-triggered flip-flop clocked by wb_clk_i)
Endpoint: io_out[22] (output port clocked by wb_clk_i)
Path Group: wb_clk_i
Path Type: max

Fanout         Cap        Slew       Delay        Time   Description
---------------------------------------------------------------------------------------------
                                  0.000000    0.000000   clock wb_clk_i (rise edge)
                                  0.000000    0.000000   clock source latency
     1    0.362935    2.584903    2.012610    2.012610 ^ wb_clk_i (in)
                                                         wb_clk_i (net)
                      2.784662    0.000000    2.012610 ^ u_secure_boot_cp/wb_clk_i (secure_boot_control_plane)
     1    0.465461    2.171324    2.889272    4.901882 ^ u_secure_boot_cp/debug_enable (secure_boot_control_plane)
                                                         io_out[22] (net)
                      2.530500    0.669895    5.571777 ^ io_out[22] (out)
                                              5.571777   data arrival time

                                 25.000000   25.000000   clock wb_clk_i (rise edge)
                                  0.000000   25.000000   clock network delay (propagated)
                                 -0.250000   24.750000   clock uncertainty
                                  0.000000   24.750000   clock reconvergence pessimism
                                 -5.000000   19.750000   output external delay
                                             19.750000   data required time
---------------------------------------------------------------------------------------------
                                             19.750000   data required time
                                             -5.571777   data arrival time
---------------------------------------------------------------------------------------------
                                             14.178223   slack (MET)


Startpoint: u_secure_boot_cp
            (rising edge-triggered flip-flop clocked by wb_clk_i)
Endpoint: io_out[25] (output port clocked by wb_clk_i)
Path Group: wb_clk_i
Path Type: max

Fanout         Cap        Slew       Delay        Time   Description
---------------------------------------------------------------------------------------------
                                  0.000000    0.000000   clock wb_clk_i (rise edge)
                                  0.000000    0.000000   clock source latency
     1    0.362935    2.584903    2.012610    2.012610 ^ wb_clk_i (in)
                                                         wb_clk_i (net)
                      2.784662    0.000000    2.012610 ^ u_secure_boot_cp/wb_clk_i (secure_boot_control_plane)
     1    0.359599    1.714431    3.447947    5.460557 ^ u_secure_boot_cp/security_breach (secure_boot_control_plane)
                                                         io_out[25] (net)
                      1.724672    0.108067    5.568624 ^ io_out[25] (out)
                                              5.568624   data arrival time

                                 25.000000   25.000000   clock wb_clk_i (rise edge)
                                  0.000000   25.000000   clock network delay (propagated)
                                 -0.250000   24.750000   clock uncertainty
                                  0.000000   24.750000   clock reconvergence pessimism
                                 -5.000000   19.750000   output external delay
                                             19.750000   data required time
---------------------------------------------------------------------------------------------
                                             19.750000   data required time
                                             -5.568624   data arrival time
---------------------------------------------------------------------------------------------
                                             14.181376   slack (MET)


Startpoint: u_secure_boot_cp
            (rising edge-triggered flip-flop clocked by wb_clk_i)
Endpoint: wbs_dat_o[14] (output port clocked by wb_clk_i)
Path Group: wb_clk_i
Path Type: max

Fanout         Cap        Slew       Delay        Time   Description
---------------------------------------------------------------------------------------------
                                  0.000000    0.000000   clock wb_clk_i (rise edge)
                                  0.000000    0.000000   clock source latency
     1    0.362935    2.584903    2.012610    2.012610 ^ wb_clk_i (in)
                                                         wb_clk_i (net)
                      2.784662    0.000000    2.012610 ^ u_secure_boot_cp/wb_clk_i (secure_boot_control_plane)
     1    0.591581    2.704954    2.051411    4.064020 ^ u_secure_boot_cp/wb_dat_o[14] (secure_boot_control_plane)
                                                         wbs_dat_o[14] (net)
                      3.699906    1.315250    5.379270 ^ wbs_dat_o[14] (out)
                                              5.379270   data arrival time

                                 25.000000   25.000000   clock wb_clk_i (rise edge)
                                  0.000000   25.000000   clock network delay (propagated)
                                 -0.250000   24.750000   clock uncertainty
                                  0.000000   24.750000   clock reconvergence pessimism
                                 -5.000000   19.750000   output external delay
                                             19.750000   data required time
---------------------------------------------------------------------------------------------
                                             19.750000   data required time
                                             -5.379270   data arrival time
---------------------------------------------------------------------------------------------
                                             14.370729   slack (MET)


Startpoint: u_secure_boot_cp
            (rising edge-triggered flip-flop clocked by wb_clk_i)
Endpoint: io_out[21] (output port clocked by wb_clk_i)
Path Group: wb_clk_i
Path Type: max

Fanout         Cap        Slew       Delay        Time   Description
---------------------------------------------------------------------------------------------
                                  0.000000    0.000000   clock wb_clk_i (rise edge)
                                  0.000000    0.000000   clock source latency
     1    0.362935    2.584903    2.012610    2.012610 ^ wb_clk_i (in)
                                                         wb_clk_i (net)
                      2.784662    0.000000    2.012610 ^ u_secure_boot_cp/wb_clk_i (secure_boot_control_plane)
     1    0.352931    1.659919    2.737185    4.749794 ^ u_secure_boot_cp/unlock_enable (secure_boot_control_plane)
                                                         io_out[21] (net)
                      1.879144    0.455744    5.205538 ^ io_out[21] (out)
                                              5.205538   data arrival time

                                 25.000000   25.000000   clock wb_clk_i (rise edge)
                                  0.000000   25.000000   clock network delay (propagated)
                                 -0.250000   24.750000   clock uncertainty
                                  0.000000   24.750000   clock reconvergence pessimism
                                 -5.000000   19.750000   output external delay
                                             19.750000   data required time
---------------------------------------------------------------------------------------------
                                             19.750000   data required time
                                             -5.205538   data arrival time
---------------------------------------------------------------------------------------------
                                             14.544461   slack (MET)


Startpoint: u_secure_boot_cp
            (rising edge-triggered flip-flop clocked by wb_clk_i)
Endpoint: wbs_dat_o[11] (output port clocked by wb_clk_i)
Path Group: wb_clk_i
Path Type: max

Fanout         Cap        Slew       Delay        Time   Description
---------------------------------------------------------------------------------------------
                                  0.000000    0.000000   clock wb_clk_i (rise edge)
                                  0.000000    0.000000   clock source latency
     1    0.362935    2.584903    2.012610    2.012610 ^ wb_clk_i (in)
                                                         wb_clk_i (net)
                      2.784662    0.000000    2.012610 ^ u_secure_boot_cp/wb_clk_i (secure_boot_control_plane)
     1    0.542819    2.501738    2.020907    4.033517 ^ u_secure_boot_cp/wb_dat_o[11] (secure_boot_control_plane)
                                                         wbs_dat_o[11] (net)
                      3.332754    1.147137    5.180654 ^ wbs_dat_o[11] (out)
                                              5.180654   data arrival time

                                 25.000000   25.000000   clock wb_clk_i (rise edge)
                                  0.000000   25.000000   clock network delay (propagated)
                                 -0.250000   24.750000   clock uncertainty
                                  0.000000   24.750000   clock reconvergence pessimism
                                 -5.000000   19.750000   output external delay
                                             19.750000   data required time
---------------------------------------------------------------------------------------------
                                             19.750000   data required time
                                             -5.180654   data arrival time
---------------------------------------------------------------------------------------------
                                             14.569345   slack (MET)


Startpoint: u_secure_boot_cp
            (rising edge-triggered flip-flop clocked by wb_clk_i)
Endpoint: io_out[27] (output port clocked by wb_clk_i)
Path Group: wb_clk_i
Path Type: max

Fanout         Cap        Slew       Delay        Time   Description
---------------------------------------------------------------------------------------------
                                  0.000000    0.000000   clock wb_clk_i (rise edge)
                                  0.000000    0.000000   clock source latency
     1    0.362935    2.584903    2.012610    2.012610 ^ wb_clk_i (in)
                                                         wb_clk_i (net)
                      2.784662    0.000000    2.012610 ^ u_secure_boot_cp/wb_clk_i (secure_boot_control_plane)
     1    0.325937    1.555644    2.912582    4.925192 ^ u_secure_boot_cp/group_suspended (secure_boot_control_plane)
                                                         io_out[27] (net)
                      1.563190    0.088713    5.013906 ^ io_out[27] (out)
                                              5.013906   data arrival time

                                 25.000000   25.000000   clock wb_clk_i (rise edge)
                                  0.000000   25.000000   clock network delay (propagated)
                                 -0.250000   24.750000   clock uncertainty
                                  0.000000   24.750000   clock reconvergence pessimism
                                 -5.000000   19.750000   output external delay
                                             19.750000   data required time
---------------------------------------------------------------------------------------------
                                             19.750000   data required time
                                             -5.013906   data arrival time
---------------------------------------------------------------------------------------------
                                             14.736094   slack (MET)


Startpoint: u_secure_boot_cp
            (rising edge-triggered flip-flop clocked by wb_clk_i)
Endpoint: wbs_dat_o[15] (output port clocked by wb_clk_i)
Path Group: wb_clk_i
Path Type: max

Fanout         Cap        Slew       Delay        Time   Description
---------------------------------------------------------------------------------------------
                                  0.000000    0.000000   clock wb_clk_i (rise edge)
                                  0.000000    0.000000   clock source latency
     1    0.362935    2.584903    2.012610    2.012610 ^ wb_clk_i (in)
                                                         wb_clk_i (net)
                      2.784662    0.000000    2.012610 ^ u_secure_boot_cp/wb_clk_i (secure_boot_control_plane)
     1    0.562174    2.684465    2.703241    4.715850 ^ u_secure_boot_cp/wb_dat_o[15] (secure_boot_control_plane)
                                                         wbs_dat_o[15] (net)
                      2.715145    0.232280    4.948131 ^ wbs_dat_o[15] (out)
                                              4.948131   data arrival time

                                 25.000000   25.000000   clock wb_clk_i (rise edge)
                                  0.000000   25.000000   clock network delay (propagated)
                                 -0.250000   24.750000   clock uncertainty
                                  0.000000   24.750000   clock reconvergence pessimism
                                 -5.000000   19.750000   output external delay
                                             19.750000   data required time
---------------------------------------------------------------------------------------------
                                             19.750000   data required time
                                             -4.948131   data arrival time
---------------------------------------------------------------------------------------------
                                             14.801868   slack (MET)


Startpoint: u_secure_boot_cp
            (rising edge-triggered flip-flop clocked by wb_clk_i)
Endpoint: user_irq[0] (output port clocked by wb_clk_i)
Path Group: wb_clk_i
Path Type: max

Fanout         Cap        Slew       Delay        Time   Description
---------------------------------------------------------------------------------------------
                                  0.000000    0.000000   clock wb_clk_i (rise edge)
                                  0.000000    0.000000   clock source latency
     1    0.362935    2.584903    2.012610    2.012610 ^ wb_clk_i (in)
                                                         wb_clk_i (net)
                      2.784662    0.000000    2.012610 ^ u_secure_boot_cp/wb_clk_i (secure_boot_control_plane)
     1    0.407359    1.914881    2.332926    4.345536 ^ u_secure_boot_cp/user_irq (secure_boot_control_plane)
                                                         user_irq[0] (net)
                      2.173096    0.530971    4.876507 ^ user_irq[0] (out)
                                              4.876507   data arrival time

                                 25.000000   25.000000   clock wb_clk_i (rise edge)
                                  0.000000   25.000000   clock network delay (propagated)
                                 -0.250000   24.750000   clock uncertainty
                                  0.000000   24.750000   clock reconvergence pessimism
                                 -5.000000   19.750000   output external delay
                                             19.750000   data required time
---------------------------------------------------------------------------------------------
                                             19.750000   data required time
                                             -4.876507   data arrival time
---------------------------------------------------------------------------------------------
                                             14.873492   slack (MET)


Startpoint: u_secure_boot_cp
            (rising edge-triggered flip-flop clocked by wb_clk_i)
Endpoint: io_out[26] (output port clocked by wb_clk_i)
Path Group: wb_clk_i
Path Type: max

Fanout         Cap        Slew       Delay        Time   Description
---------------------------------------------------------------------------------------------
                                  0.000000    0.000000   clock wb_clk_i (rise edge)
                                  0.000000    0.000000   clock source latency
     1    0.362935    2.584903    2.012610    2.012610 ^ wb_clk_i (in)
                                                         wb_clk_i (net)
                      2.784662    0.000000    2.012610 ^ u_secure_boot_cp/wb_clk_i (secure_boot_control_plane)
     1    0.321006    1.536619    2.756716    4.769326 ^ u_secure_boot_cp/group_unlocked (secure_boot_control_plane)
                                                         io_out[26] (net)
                      1.545257    0.094129    4.863454 ^ io_out[26] (out)
                                              4.863454   data arrival time

                                 25.000000   25.000000   clock wb_clk_i (rise edge)
                                  0.000000   25.000000   clock network delay (propagated)
                                 -0.250000   24.750000   clock uncertainty
                                  0.000000   24.750000   clock reconvergence pessimism
                                 -5.000000   19.750000   output external delay
                                             19.750000   data required time
---------------------------------------------------------------------------------------------
                                             19.750000   data required time
                                             -4.863454   data arrival time
---------------------------------------------------------------------------------------------
                                             14.886546   slack (MET)


Startpoint: u_secure_boot_cp
            (rising edge-triggered flip-flop clocked by wb_clk_i)
Endpoint: wbs_dat_o[12] (output port clocked by wb_clk_i)
Path Group: wb_clk_i
Path Type: max

Fanout         Cap        Slew       Delay        Time   Description
---------------------------------------------------------------------------------------------
                                  0.000000    0.000000   clock wb_clk_i (rise edge)
                                  0.000000    0.000000   clock source latency
     1    0.362935    2.584903    2.012610    2.012610 ^ wb_clk_i (in)
                                                         wb_clk_i (net)
                      2.784662    0.000000    2.012610 ^ u_secure_boot_cp/wb_clk_i (secure_boot_control_plane)
     1    0.466488    2.224236    2.359091    4.371700 ^ u_secure_boot_cp/wb_dat_o[12] (secure_boot_control_plane)
                                                         wbs_dat_o[12] (net)
                      2.354597    0.420518    4.792218 ^ wbs_dat_o[12] (out)
                                              4.792218   data arrival time

                                 25.000000   25.000000   clock wb_clk_i (rise edge)
                                  0.000000   25.000000   clock network delay (propagated)
                                 -0.250000   24.750000   clock uncertainty
                                  0.000000   24.750000   clock reconvergence pessimism
                                 -5.000000   19.750000   output external delay
                                             19.750000   data required time
---------------------------------------------------------------------------------------------
                                             19.750000   data required time
                                             -4.792218   data arrival time
---------------------------------------------------------------------------------------------
                                             14.957781   slack (MET)


Startpoint: u_secure_boot_cp
            (rising edge-triggered flip-flop clocked by wb_clk_i)
Endpoint: wbs_dat_o[10] (output port clocked by wb_clk_i)
Path Group: wb_clk_i
Path Type: max

Fanout         Cap        Slew       Delay        Time   Description
---------------------------------------------------------------------------------------------
                                  0.000000    0.000000   clock wb_clk_i (rise edge)
                                  0.000000    0.000000   clock source latency
     1    0.362935    2.584903    2.012610    2.012610 ^ wb_clk_i (in)
                                                         wb_clk_i (net)
                      2.784662    0.000000    2.012610 ^ u_secure_boot_cp/wb_clk_i (secure_boot_control_plane)
     1    0.470344    2.241042    2.371227    4.383837 ^ u_secure_boot_cp/wb_dat_o[10] (secure_boot_control_plane)
                                                         wbs_dat_o[10] (net)
                      2.356369    0.398395    4.782232 ^ wbs_dat_o[10] (out)
                                              4.782232   data arrival time

                                 25.000000   25.000000   clock wb_clk_i (rise edge)
                                  0.000000   25.000000   clock network delay (propagated)
                                 -0.250000   24.750000   clock uncertainty
                                  0.000000   24.750000   clock reconvergence pessimism
                                 -5.000000   19.750000   output external delay
                                             19.750000   data required time
---------------------------------------------------------------------------------------------
                                             19.750000   data required time
                                             -4.782232   data arrival time
---------------------------------------------------------------------------------------------
                                             14.967768   slack (MET)


Startpoint: u_secure_boot_cp
            (rising edge-triggered flip-flop clocked by wb_clk_i)
Endpoint: wbs_dat_o[3] (output port clocked by wb_clk_i)
Path Group: wb_clk_i
Path Type: max

Fanout         Cap        Slew       Delay        Time   Description
---------------------------------------------------------------------------------------------
                                  0.000000    0.000000   clock wb_clk_i (rise edge)
                                  0.000000    0.000000   clock source latency
     1    0.362935    2.584903    2.012610    2.012610 ^ wb_clk_i (in)
                                                         wb_clk_i (net)
                      2.784662    0.000000    2.012610 ^ u_secure_boot_cp/wb_clk_i (secure_boot_control_plane)
     1    0.471002    2.225442    2.027361    4.039970 ^ u_secure_boot_cp/wb_dat_o[3] (secure_boot_control_plane)
                                                         wbs_dat_o[3] (net)
                      2.579887    0.683821    4.723791 ^ wbs_dat_o[3] (out)
                                              4.723791   data arrival time

                                 25.000000   25.000000   clock wb_clk_i (rise edge)
                                  0.000000   25.000000   clock network delay (propagated)
                                 -0.250000   24.750000   clock uncertainty
                                  0.000000   24.750000   clock reconvergence pessimism
                                 -5.000000   19.750000   output external delay
                                             19.750000   data required time
---------------------------------------------------------------------------------------------
                                             19.750000   data required time
                                             -4.723791   data arrival time
---------------------------------------------------------------------------------------------
                                             15.026208   slack (MET)


Startpoint: u_secure_boot_cp
            (rising edge-triggered flip-flop clocked by wb_clk_i)
Endpoint: wbs_dat_o[2] (output port clocked by wb_clk_i)
Path Group: wb_clk_i
Path Type: max

Fanout         Cap        Slew       Delay        Time   Description
---------------------------------------------------------------------------------------------
                                  0.000000    0.000000   clock wb_clk_i (rise edge)
                                  0.000000    0.000000   clock source latency
     1    0.362935    2.584903    2.012610    2.012610 ^ wb_clk_i (in)
                                                         wb_clk_i (net)
                      2.784662    0.000000    2.012610 ^ u_secure_boot_cp/wb_clk_i (secure_boot_control_plane)
     1    0.450194    2.124711    2.005201    4.017811 ^ u_secure_boot_cp/wb_dat_o[2] (secure_boot_control_plane)
                                                         wbs_dat_o[2] (net)
                      2.454032    0.640162    4.657973 ^ wbs_dat_o[2] (out)
                                              4.657973   data arrival time

                                 25.000000   25.000000   clock wb_clk_i (rise edge)
                                  0.000000   25.000000   clock network delay (propagated)
                                 -0.250000   24.750000   clock uncertainty
                                  0.000000   24.750000   clock reconvergence pessimism
                                 -5.000000   19.750000   output external delay
                                             19.750000   data required time
---------------------------------------------------------------------------------------------
                                             19.750000   data required time
                                             -4.657973   data arrival time
---------------------------------------------------------------------------------------------
                                             15.092028   slack (MET)


Startpoint: u_secure_boot_cp
            (rising edge-triggered flip-flop clocked by wb_clk_i)
Endpoint: wbs_dat_o[21] (output port clocked by wb_clk_i)
Path Group: wb_clk_i
Path Type: max

Fanout         Cap        Slew       Delay        Time   Description
---------------------------------------------------------------------------------------------
                                  0.000000    0.000000   clock wb_clk_i (rise edge)
                                  0.000000    0.000000   clock source latency
     1    0.362935    2.584903    2.012610    2.012610 ^ wb_clk_i (in)
                                                         wb_clk_i (net)
                      2.784662    0.000000    2.012610 ^ u_secure_boot_cp/wb_clk_i (secure_boot_control_plane)
     1    0.451012    2.123475    1.939597    3.952207 ^ u_secure_boot_cp/wb_dat_o[21] (secure_boot_control_plane)
                                                         wbs_dat_o[21] (net)
                      2.483544    0.674597    4.626803 ^ wbs_dat_o[21] (out)
                                              4.626803   data arrival time

                                 25.000000   25.000000   clock wb_clk_i (rise edge)
                                  0.000000   25.000000   clock network delay (propagated)
                                 -0.250000   24.750000   clock uncertainty
                                  0.000000   24.750000   clock reconvergence pessimism
                                 -5.000000   19.750000   output external delay
                                             19.750000   data required time
---------------------------------------------------------------------------------------------
                                             19.750000   data required time
                                             -4.626803   data arrival time
---------------------------------------------------------------------------------------------
                                             15.123196   slack (MET)


Startpoint: u_secure_boot_cp
            (rising edge-triggered flip-flop clocked by wb_clk_i)
Endpoint: wbs_dat_o[8] (output port clocked by wb_clk_i)
Path Group: wb_clk_i
Path Type: max

Fanout         Cap        Slew       Delay        Time   Description
---------------------------------------------------------------------------------------------
                                  0.000000    0.000000   clock wb_clk_i (rise edge)
                                  0.000000    0.000000   clock source latency
     1    0.362935    2.584903    2.012610    2.012610 ^ wb_clk_i (in)
                                                         wb_clk_i (net)
                      2.784662    0.000000    2.012610 ^ u_secure_boot_cp/wb_clk_i (secure_boot_control_plane)
     1    0.429552    2.050839    2.096209    4.108819 ^ u_secure_boot_cp/wb_dat_o[8] (secure_boot_control_plane)
                                                         wbs_dat_o[8] (net)
                      2.243379    0.482032    4.590851 ^ wbs_dat_o[8] (out)
                                              4.590851   data arrival time

                                 25.000000   25.000000   clock wb_clk_i (rise edge)
                                  0.000000   25.000000   clock network delay (propagated)
                                 -0.250000   24.750000   clock uncertainty
                                  0.000000   24.750000   clock reconvergence pessimism
                                 -5.000000   19.750000   output external delay
                                             19.750000   data required time
---------------------------------------------------------------------------------------------
                                             19.750000   data required time
                                             -4.590851   data arrival time
---------------------------------------------------------------------------------------------
                                             15.159149   slack (MET)


Startpoint: u_secure_boot_cp
            (rising edge-triggered flip-flop clocked by wb_clk_i)
Endpoint: wbs_ack_o (output port clocked by wb_clk_i)
Path Group: wb_clk_i
Path Type: max

Fanout         Cap        Slew       Delay        Time   Description
---------------------------------------------------------------------------------------------
                                  0.000000    0.000000   clock wb_clk_i (rise edge)
                                  0.000000    0.000000   clock source latency
     1    0.362935    2.584903    2.012610    2.012610 ^ wb_clk_i (in)
                                                         wb_clk_i (net)
                      2.784662    0.000000    2.012610 ^ u_secure_boot_cp/wb_clk_i (secure_boot_control_plane)
     1    0.405449    1.931804    2.232251    4.244861 ^ u_secure_boot_cp/wb_ack_o (secure_boot_control_plane)
                                                         wbs_ack_o (net)
                      2.028604    0.338507    4.583368 ^ wbs_ack_o (out)
                                              4.583368   data arrival time

                                 25.000000   25.000000   clock wb_clk_i (rise edge)
                                  0.000000   25.000000   clock network delay (propagated)
                                 -0.250000   24.750000   clock uncertainty
                                  0.000000   24.750000   clock reconvergence pessimism
                                 -5.000000   19.750000   output external delay
                                             19.750000   data required time
---------------------------------------------------------------------------------------------
                                             19.750000   data required time
                                             -4.583368   data arrival time
---------------------------------------------------------------------------------------------
                                             15.166631   slack (MET)


Startpoint: u_secure_boot_cp
            (rising edge-triggered flip-flop clocked by wb_clk_i)
Endpoint: wbs_dat_o[5] (output port clocked by wb_clk_i)
Path Group: wb_clk_i
Path Type: max

Fanout         Cap        Slew       Delay        Time   Description
---------------------------------------------------------------------------------------------
                                  0.000000    0.000000   clock wb_clk_i (rise edge)
                                  0.000000    0.000000   clock source latency
     1    0.362935    2.584903    2.012610    2.012610 ^ wb_clk_i (in)
                                                         wb_clk_i (net)
                      2.784662    0.000000    2.012610 ^ u_secure_boot_cp/wb_clk_i (secure_boot_control_plane)
     1    0.406828    1.942552    2.039183    4.051793 ^ u_secure_boot_cp/wb_dat_o[5] (secure_boot_control_plane)
                                                         wbs_dat_o[5] (net)
                      2.129962    0.462745    4.514538 ^ wbs_dat_o[5] (out)
                                              4.514538   data arrival time

                                 25.000000   25.000000   clock wb_clk_i (rise edge)
                                  0.000000   25.000000   clock network delay (propagated)
                                 -0.250000   24.750000   clock uncertainty
                                  0.000000   24.750000   clock reconvergence pessimism
                                 -5.000000   19.750000   output external delay
                                             19.750000   data required time
---------------------------------------------------------------------------------------------
                                             19.750000   data required time
                                             -4.514538   data arrival time
---------------------------------------------------------------------------------------------
                                             15.235461   slack (MET)


Startpoint: u_secure_boot_cp
            (rising edge-triggered flip-flop clocked by wb_clk_i)
Endpoint: wbs_dat_o[9] (output port clocked by wb_clk_i)
Path Group: wb_clk_i
Path Type: max

Fanout         Cap        Slew       Delay        Time   Description
---------------------------------------------------------------------------------------------
                                  0.000000    0.000000   clock wb_clk_i (rise edge)
                                  0.000000    0.000000   clock source latency
     1    0.362935    2.584903    2.012610    2.012610 ^ wb_clk_i (in)
                                                         wb_clk_i (net)
                      2.784662    0.000000    2.012610 ^ u_secure_boot_cp/wb_clk_i (secure_boot_control_plane)
     1    0.405373    1.932785    2.030868    4.043478 ^ u_secure_boot_cp/wb_dat_o[9] (secure_boot_control_plane)
                                                         wbs_dat_o[9] (net)
                      2.121374    0.462523    4.506001 ^ wbs_dat_o[9] (out)
                                              4.506001   data arrival time

                                 25.000000   25.000000   clock wb_clk_i (rise edge)
                                  0.000000   25.000000   clock network delay (propagated)
                                 -0.250000   24.750000   clock uncertainty
                                  0.000000   24.750000   clock reconvergence pessimism
                                 -5.000000   19.750000   output external delay
                                             19.750000   data required time
---------------------------------------------------------------------------------------------
                                             19.750000   data required time
                                             -4.506001   data arrival time
---------------------------------------------------------------------------------------------
                                             15.243999   slack (MET)


Startpoint: u_secure_boot_cp
            (rising edge-triggered flip-flop clocked by wb_clk_i)
Endpoint: wbs_dat_o[4] (output port clocked by wb_clk_i)
Path Group: wb_clk_i
Path Type: max

Fanout         Cap        Slew       Delay        Time   Description
---------------------------------------------------------------------------------------------
                                  0.000000    0.000000   clock wb_clk_i (rise edge)
                                  0.000000    0.000000   clock source latency
     1    0.362935    2.584903    2.012610    2.012610 ^ wb_clk_i (in)
                                                         wb_clk_i (net)
                      2.784662    0.000000    2.012610 ^ u_secure_boot_cp/wb_clk_i (secure_boot_control_plane)
     1    0.428827    2.043412    2.318156    4.330765 ^ u_secure_boot_cp/wb_dat_o[4] (secure_boot_control_plane)
                                                         wbs_dat_o[4] (net)
                      2.063887    0.165343    4.496109 ^ wbs_dat_o[4] (out)
                                              4.496109   data arrival time

                                 25.000000   25.000000   clock wb_clk_i (rise edge)
                                  0.000000   25.000000   clock network delay (propagated)
                                 -0.250000   24.750000   clock uncertainty
                                  0.000000   24.750000   clock reconvergence pessimism
                                 -5.000000   19.750000   output external delay
                                             19.750000   data required time
---------------------------------------------------------------------------------------------
                                             19.750000   data required time
                                             -4.496109   data arrival time
---------------------------------------------------------------------------------------------
                                             15.253891   slack (MET)


Startpoint: u_secure_boot_cp
            (rising edge-triggered flip-flop clocked by wb_clk_i)
Endpoint: wbs_dat_o[0] (output port clocked by wb_clk_i)
Path Group: wb_clk_i
Path Type: max

Fanout         Cap        Slew       Delay        Time   Description
---------------------------------------------------------------------------------------------
                                  0.000000    0.000000   clock wb_clk_i (rise edge)
                                  0.000000    0.000000   clock source latency
     1    0.362935    2.584903    2.012610    2.012610 ^ wb_clk_i (in)
                                                         wb_clk_i (net)
                      2.784662    0.000000    2.012610 ^ u_secure_boot_cp/wb_clk_i (secure_boot_control_plane)
     1    0.383531    1.824111    2.142212    4.154822 ^ u_secure_boot_cp/wb_dat_o[0] (secure_boot_control_plane)
                                                         wbs_dat_o[0] (net)
                      1.916269    0.319555    4.474377 ^ wbs_dat_o[0] (out)
                                              4.474377   data arrival time

                                 25.000000   25.000000   clock wb_clk_i (rise edge)
                                  0.000000   25.000000   clock network delay (propagated)
                                 -0.250000   24.750000   clock uncertainty
                                  0.000000   24.750000   clock reconvergence pessimism
                                 -5.000000   19.750000   output external delay
                                             19.750000   data required time
---------------------------------------------------------------------------------------------
                                             19.750000   data required time
                                             -4.474377   data arrival time
---------------------------------------------------------------------------------------------
                                             15.275623   slack (MET)


Startpoint: u_secure_boot_cp
            (rising edge-triggered flip-flop clocked by wb_clk_i)
Endpoint: wbs_dat_o[1] (output port clocked by wb_clk_i)
Path Group: wb_clk_i
Path Type: max

Fanout         Cap        Slew       Delay        Time   Description
---------------------------------------------------------------------------------------------
                                  0.000000    0.000000   clock wb_clk_i (rise edge)
                                  0.000000    0.000000   clock source latency
     1    0.362935    2.584903    2.012610    2.012610 ^ wb_clk_i (in)
                                                         wb_clk_i (net)
                      2.784662    0.000000    2.012610 ^ u_secure_boot_cp/wb_clk_i (secure_boot_control_plane)
     1    0.384749    1.830612    2.132518    4.145128 ^ u_secure_boot_cp/wb_dat_o[1] (secure_boot_control_plane)
                                                         wbs_dat_o[1] (net)
                      1.925617    0.325129    4.470257 ^ wbs_dat_o[1] (out)
                                              4.470257   data arrival time

                                 25.000000   25.000000   clock wb_clk_i (rise edge)
                                  0.000000   25.000000   clock network delay (propagated)
                                 -0.250000   24.750000   clock uncertainty
                                  0.000000   24.750000   clock reconvergence pessimism
                                 -5.000000   19.750000   output external delay
                                             19.750000   data required time
---------------------------------------------------------------------------------------------
                                             19.750000   data required time
                                             -4.470257   data arrival time
---------------------------------------------------------------------------------------------
                                             15.279742   slack (MET)


Startpoint: u_secure_boot_cp
            (rising edge-triggered flip-flop clocked by wb_clk_i)
Endpoint: io_out[24] (output port clocked by wb_clk_i)
Path Group: wb_clk_i
Path Type: max

Fanout         Cap        Slew       Delay        Time   Description
---------------------------------------------------------------------------------------------
                                  0.000000    0.000000   clock wb_clk_i (rise edge)
                                  0.000000    0.000000   clock source latency
     1    0.362935    2.584903    2.012610    2.012610 ^ wb_clk_i (in)
                                                         wb_clk_i (net)
                      2.784662    0.000000    2.012610 ^ u_secure_boot_cp/wb_clk_i (secure_boot_control_plane)
     1    0.384307    1.836954    2.337576    4.350186 ^ u_secure_boot_cp/fsm_error (secure_boot_control_plane)
                                                         io_out[24] (net)
                      1.848318    0.117885    4.468071 ^ io_out[24] (out)
                                              4.468071   data arrival time

                                 25.000000   25.000000   clock wb_clk_i (rise edge)
                                  0.000000   25.000000   clock network delay (propagated)
                                 -0.250000   24.750000   clock uncertainty
                                  0.000000   24.750000   clock reconvergence pessimism
                                 -5.000000   19.750000   output external delay
                                             19.750000   data required time
---------------------------------------------------------------------------------------------
                                             19.750000   data required time
                                             -4.468071   data arrival time
---------------------------------------------------------------------------------------------
                                             15.281929   slack (MET)


Startpoint: u_secure_boot_cp
            (rising edge-triggered flip-flop clocked by wb_clk_i)
Endpoint: wbs_dat_o[28] (output port clocked by wb_clk_i)
Path Group: wb_clk_i
Path Type: max

Fanout         Cap        Slew       Delay        Time   Description
---------------------------------------------------------------------------------------------
                                  0.000000    0.000000   clock wb_clk_i (rise edge)
                                  0.000000    0.000000   clock source latency
     1    0.362935    2.584903    2.012610    2.012610 ^ wb_clk_i (in)
                                                         wb_clk_i (net)
                      2.784662    0.000000    2.012610 ^ u_secure_boot_cp/wb_clk_i (secure_boot_control_plane)
     1    0.389749    1.842563    1.910734    3.923343 ^ u_secure_boot_cp/wb_dat_o[28] (secure_boot_control_plane)
                                                         wbs_dat_o[28] (net)
                      2.096803    0.521300    4.444644 ^ wbs_dat_o[28] (out)
                                              4.444644   data arrival time

                                 25.000000   25.000000   clock wb_clk_i (rise edge)
                                  0.000000   25.000000   clock network delay (propagated)
                                 -0.250000   24.750000   clock uncertainty
                                  0.000000   24.750000   clock reconvergence pessimism
                                 -5.000000   19.750000   output external delay
                                             19.750000   data required time
---------------------------------------------------------------------------------------------
                                             19.750000   data required time
                                             -4.444644   data arrival time
---------------------------------------------------------------------------------------------
                                             15.305356   slack (MET)


Startpoint: u_secure_boot_cp
            (rising edge-triggered flip-flop clocked by wb_clk_i)
Endpoint: wbs_dat_o[13] (output port clocked by wb_clk_i)
Path Group: wb_clk_i
Path Type: max

Fanout         Cap        Slew       Delay        Time   Description
---------------------------------------------------------------------------------------------
                                  0.000000    0.000000   clock wb_clk_i (rise edge)
                                  0.000000    0.000000   clock source latency
     1    0.362935    2.584903    2.012610    2.012610 ^ wb_clk_i (in)
                                                         wb_clk_i (net)
                      2.784662    0.000000    2.012610 ^ u_secure_boot_cp/wb_clk_i (secure_boot_control_plane)
     1    0.382646    1.829530    1.991665    4.004275 ^ u_secure_boot_cp/wb_dat_o[13] (secure_boot_control_plane)
                                                         wbs_dat_o[13] (net)
                      1.988296    0.414568    4.418842 ^ wbs_dat_o[13] (out)
                                              4.418842   data arrival time

                                 25.000000   25.000000   clock wb_clk_i (rise edge)
                                  0.000000   25.000000   clock network delay (propagated)
                                 -0.250000   24.750000   clock uncertainty
                                  0.000000   24.750000   clock reconvergence pessimism
                                 -5.000000   19.750000   output external delay
                                             19.750000   data required time
---------------------------------------------------------------------------------------------
                                             19.750000   data required time
                                             -4.418842   data arrival time
---------------------------------------------------------------------------------------------
                                             15.331158   slack (MET)


Startpoint: u_secure_boot_cp
            (rising edge-triggered flip-flop clocked by wb_clk_i)
Endpoint: wbs_dat_o[6] (output port clocked by wb_clk_i)
Path Group: wb_clk_i
Path Type: max

Fanout         Cap        Slew       Delay        Time   Description
---------------------------------------------------------------------------------------------
                                  0.000000    0.000000   clock wb_clk_i (rise edge)
                                  0.000000    0.000000   clock source latency
     1    0.362935    2.584903    2.012610    2.012610 ^ wb_clk_i (in)
                                                         wb_clk_i (net)
                      2.784662    0.000000    2.012610 ^ u_secure_boot_cp/wb_clk_i (secure_boot_control_plane)
     1    0.370425    1.761784    2.096663    4.109272 ^ u_secure_boot_cp/wb_dat_o[6] (secure_boot_control_plane)
                                                         wbs_dat_o[6] (net)
                      1.850320    0.307698    4.416970 ^ wbs_dat_o[6] (out)
                                              4.416970   data arrival time

                                 25.000000   25.000000   clock wb_clk_i (rise edge)
                                  0.000000   25.000000   clock network delay (propagated)
                                 -0.250000   24.750000   clock uncertainty
                                  0.000000   24.750000   clock reconvergence pessimism
                                 -5.000000   19.750000   output external delay
                                             19.750000   data required time
---------------------------------------------------------------------------------------------
                                             19.750000   data required time
                                             -4.416970   data arrival time
---------------------------------------------------------------------------------------------
                                             15.333030   slack (MET)


Startpoint: u_secure_boot_cp
            (rising edge-triggered flip-flop clocked by wb_clk_i)
Endpoint: wbs_dat_o[7] (output port clocked by wb_clk_i)
Path Group: wb_clk_i
Path Type: max

Fanout         Cap        Slew       Delay        Time   Description
---------------------------------------------------------------------------------------------
                                  0.000000    0.000000   clock wb_clk_i (rise edge)
                                  0.000000    0.000000   clock source latency
     1    0.362935    2.584903    2.012610    2.012610 ^ wb_clk_i (in)
                                                         wb_clk_i (net)
                      2.784662    0.000000    2.012610 ^ u_secure_boot_cp/wb_clk_i (secure_boot_control_plane)
     1    0.366695    1.743371    2.082292    4.094902 ^ u_secure_boot_cp/wb_dat_o[7] (secure_boot_control_plane)
                                                         wbs_dat_o[7] (net)
                      1.832349    0.306556    4.401457 ^ wbs_dat_o[7] (out)
                                              4.401457   data arrival time

                                 25.000000   25.000000   clock wb_clk_i (rise edge)
                                  0.000000   25.000000   clock network delay (propagated)
                                 -0.250000   24.750000   clock uncertainty
                                  0.000000   24.750000   clock reconvergence pessimism
                                 -5.000000   19.750000   output external delay
                                             19.750000   data required time
---------------------------------------------------------------------------------------------
                                             19.750000   data required time
                                             -4.401457   data arrival time
---------------------------------------------------------------------------------------------
                                             15.348542   slack (MET)


Startpoint: u_secure_boot_cp
            (rising edge-triggered flip-flop clocked by wb_clk_i)
Endpoint: wbs_dat_o[31] (output port clocked by wb_clk_i)
Path Group: wb_clk_i
Path Type: max

Fanout         Cap        Slew       Delay        Time   Description
---------------------------------------------------------------------------------------------
                                  0.000000    0.000000   clock wb_clk_i (rise edge)
                                  0.000000    0.000000   clock source latency
     1    0.362935    2.584903    2.012610    2.012610 ^ wb_clk_i (in)
                                                         wb_clk_i (net)
                      2.784662    0.000000    2.012610 ^ u_secure_boot_cp/wb_clk_i (secure_boot_control_plane)
     1    0.380793    1.803580    1.884201    3.896811 ^ u_secure_boot_cp/wb_dat_o[31] (secure_boot_control_plane)
                                                         wbs_dat_o[31] (net)
                      2.035769    0.492981    4.389792 ^ wbs_dat_o[31] (out)
                                              4.389792   data arrival time

                                 25.000000   25.000000   clock wb_clk_i (rise edge)
                                  0.000000   25.000000   clock network delay (propagated)
                                 -0.250000   24.750000   clock uncertainty
                                  0.000000   24.750000   clock reconvergence pessimism
                                 -5.000000   19.750000   output external delay
                                             19.750000   data required time
---------------------------------------------------------------------------------------------
                                             19.750000   data required time
                                             -4.389792   data arrival time
---------------------------------------------------------------------------------------------
                                             15.360208   slack (MET)


Startpoint: u_secure_boot_cp
            (rising edge-triggered flip-flop clocked by wb_clk_i)
Endpoint: wbs_dat_o[23] (output port clocked by wb_clk_i)
Path Group: wb_clk_i
Path Type: max

Fanout         Cap        Slew       Delay        Time   Description
---------------------------------------------------------------------------------------------
                                  0.000000    0.000000   clock wb_clk_i (rise edge)
                                  0.000000    0.000000   clock source latency
     1    0.362935    2.584903    2.012610    2.012610 ^ wb_clk_i (in)
                                                         wb_clk_i (net)
                      2.784662    0.000000    2.012610 ^ u_secure_boot_cp/wb_clk_i (secure_boot_control_plane)
     1    0.336724    1.612054    2.096094    4.108704 ^ u_secure_boot_cp/wb_dat_o[23] (secure_boot_control_plane)
                                                         wbs_dat_o[23] (net)
                      1.692513    0.280289    4.388993 ^ wbs_dat_o[23] (out)
                                              4.388993   data arrival time

                                 25.000000   25.000000   clock wb_clk_i (rise edge)
                                  0.000000   25.000000   clock network delay (propagated)
                                 -0.250000   24.750000   clock uncertainty
                                  0.000000   24.750000   clock reconvergence pessimism
                                 -5.000000   19.750000   output external delay
                                             19.750000   data required time
---------------------------------------------------------------------------------------------
                                             19.750000   data required time
                                             -4.388993   data arrival time
---------------------------------------------------------------------------------------------
                                             15.361007   slack (MET)


Startpoint: u_secure_boot_cp
            (rising edge-triggered flip-flop clocked by wb_clk_i)
Endpoint: wbs_dat_o[19] (output port clocked by wb_clk_i)
Path Group: wb_clk_i
Path Type: max

Fanout         Cap        Slew       Delay        Time   Description
---------------------------------------------------------------------------------------------
                                  0.000000    0.000000   clock wb_clk_i (rise edge)
                                  0.000000    0.000000   clock source latency
     1    0.362935    2.584903    2.012610    2.012610 ^ wb_clk_i (in)
                                                         wb_clk_i (net)
                      2.784662    0.000000    2.012610 ^ u_secure_boot_cp/wb_clk_i (secure_boot_control_plane)
     1    0.343407    1.642779    2.092237    4.104846 ^ u_secure_boot_cp/wb_dat_o[19] (secure_boot_control_plane)
                                                         wbs_dat_o[19] (net)
                      1.722758    0.283596    4.388442 ^ wbs_dat_o[19] (out)
                                              4.388442   data arrival time

                                 25.000000   25.000000   clock wb_clk_i (rise edge)
                                  0.000000   25.000000   clock network delay (propagated)
                                 -0.250000   24.750000   clock uncertainty
                                  0.000000   24.750000   clock reconvergence pessimism
                                 -5.000000   19.750000   output external delay
                                             19.750000   data required time
---------------------------------------------------------------------------------------------
                                             19.750000   data required time
                                             -4.388442   data arrival time
---------------------------------------------------------------------------------------------
                                             15.361558   slack (MET)


Startpoint: u_secure_boot_cp
            (rising edge-triggered flip-flop clocked by wb_clk_i)
Endpoint: wbs_dat_o[25] (output port clocked by wb_clk_i)
Path Group: wb_clk_i
Path Type: max

Fanout         Cap        Slew       Delay        Time   Description
---------------------------------------------------------------------------------------------
                                  0.000000    0.000000   clock wb_clk_i (rise edge)
                                  0.000000    0.000000   clock source latency
     1    0.362935    2.584903    2.012610    2.012610 ^ wb_clk_i (in)
                                                         wb_clk_i (net)
                      2.784662    0.000000    2.012610 ^ u_secure_boot_cp/wb_clk_i (secure_boot_control_plane)
     1    0.331135    1.584941    2.075145    4.087754 ^ u_secure_boot_cp/wb_dat_o[25] (secure_boot_control_plane)
                                                         wbs_dat_o[25] (net)
                      1.666069    0.278902    4.366656 ^ wbs_dat_o[25] (out)
                                              4.366656   data arrival time

                                 25.000000   25.000000   clock wb_clk_i (rise edge)
                                  0.000000   25.000000   clock network delay (propagated)
                                 -0.250000   24.750000   clock uncertainty
                                  0.000000   24.750000   clock reconvergence pessimism
                                 -5.000000   19.750000   output external delay
                                             19.750000   data required time
---------------------------------------------------------------------------------------------
                                             19.750000   data required time
                                             -4.366656   data arrival time
---------------------------------------------------------------------------------------------
                                             15.383343   slack (MET)


Startpoint: u_secure_boot_cp
            (rising edge-triggered flip-flop clocked by wb_clk_i)
Endpoint: wbs_dat_o[18] (output port clocked by wb_clk_i)
Path Group: wb_clk_i
Path Type: max

Fanout         Cap        Slew       Delay        Time   Description
---------------------------------------------------------------------------------------------
                                  0.000000    0.000000   clock wb_clk_i (rise edge)
                                  0.000000    0.000000   clock source latency
     1    0.362935    2.584903    2.012610    2.012610 ^ wb_clk_i (in)
                                                         wb_clk_i (net)
                      2.784662    0.000000    2.012610 ^ u_secure_boot_cp/wb_clk_i (secure_boot_control_plane)
     1    0.342436    1.621626    1.923890    3.936499 ^ u_secure_boot_cp/wb_dat_o[18] (secure_boot_control_plane)
                                                         wbs_dat_o[18] (net)
                      1.817690    0.427159    4.363658 ^ wbs_dat_o[18] (out)
                                              4.363658   data arrival time

                                 25.000000   25.000000   clock wb_clk_i (rise edge)
                                  0.000000   25.000000   clock network delay (propagated)
                                 -0.250000   24.750000   clock uncertainty
                                  0.000000   24.750000   clock reconvergence pessimism
                                 -5.000000   19.750000   output external delay
                                             19.750000   data required time
---------------------------------------------------------------------------------------------
                                             19.750000   data required time
                                             -4.363658   data arrival time
---------------------------------------------------------------------------------------------
                                             15.386341   slack (MET)


Startpoint: u_secure_boot_cp
            (rising edge-triggered flip-flop clocked by wb_clk_i)
Endpoint: wbs_dat_o[16] (output port clocked by wb_clk_i)
Path Group: wb_clk_i
Path Type: max

Fanout         Cap        Slew       Delay        Time   Description
---------------------------------------------------------------------------------------------
                                  0.000000    0.000000   clock wb_clk_i (rise edge)
                                  0.000000    0.000000   clock source latency
     1    0.362935    2.584903    2.012610    2.012610 ^ wb_clk_i (in)
                                                         wb_clk_i (net)
                      2.784662    0.000000    2.012610 ^ u_secure_boot_cp/wb_clk_i (secure_boot_control_plane)
     1    0.348839    1.662491    2.061092    4.073701 ^ u_secure_boot_cp/wb_dat_o[16] (secure_boot_control_plane)
                                                         wbs_dat_o[16] (net)
                      1.744905    0.288447    4.362149 ^ wbs_dat_o[16] (out)
                                              4.362149   data arrival time

                                 25.000000   25.000000   clock wb_clk_i (rise edge)
                                  0.000000   25.000000   clock network delay (propagated)
                                 -0.250000   24.750000   clock uncertainty
                                  0.000000   24.750000   clock reconvergence pessimism
                                 -5.000000   19.750000   output external delay
                                             19.750000   data required time
---------------------------------------------------------------------------------------------
                                             19.750000   data required time
                                             -4.362149   data arrival time
---------------------------------------------------------------------------------------------
                                             15.387852   slack (MET)


Startpoint: u_secure_boot_cp
            (rising edge-triggered flip-flop clocked by wb_clk_i)
Endpoint: wbs_dat_o[24] (output port clocked by wb_clk_i)
Path Group: wb_clk_i
Path Type: max

Fanout         Cap        Slew       Delay        Time   Description
---------------------------------------------------------------------------------------------
                                  0.000000    0.000000   clock wb_clk_i (rise edge)
                                  0.000000    0.000000   clock source latency
     1    0.362935    2.584903    2.012610    2.012610 ^ wb_clk_i (in)
                                                         wb_clk_i (net)
                      2.784662    0.000000    2.012610 ^ u_secure_boot_cp/wb_clk_i (secure_boot_control_plane)
     1    0.356413    1.682400    1.882419    3.895028 ^ u_secure_boot_cp/wb_dat_o[24] (secure_boot_control_plane)
                                                         wbs_dat_o[24] (net)
                      1.886156    0.443765    4.338793 ^ wbs_dat_o[24] (out)
                                              4.338793   data arrival time

                                 25.000000   25.000000   clock wb_clk_i (rise edge)
                                  0.000000   25.000000   clock network delay (propagated)
                                 -0.250000   24.750000   clock uncertainty
                                  0.000000   24.750000   clock reconvergence pessimism
                                 -5.000000   19.750000   output external delay
                                             19.750000   data required time
---------------------------------------------------------------------------------------------
                                             19.750000   data required time
                                             -4.338793   data arrival time
---------------------------------------------------------------------------------------------
                                             15.411207   slack (MET)


Startpoint: u_secure_boot_cp
            (rising edge-triggered flip-flop clocked by wb_clk_i)
Endpoint: wbs_dat_o[22] (output port clocked by wb_clk_i)
Path Group: wb_clk_i
Path Type: max

Fanout         Cap        Slew       Delay        Time   Description
---------------------------------------------------------------------------------------------
                                  0.000000    0.000000   clock wb_clk_i (rise edge)
                                  0.000000    0.000000   clock source latency
     1    0.362935    2.584903    2.012610    2.012610 ^ wb_clk_i (in)
                                                         wb_clk_i (net)
                      2.784662    0.000000    2.012610 ^ u_secure_boot_cp/wb_clk_i (secure_boot_control_plane)
     1    0.331655    1.577299    1.914671    3.927281 ^ u_secure_boot_cp/wb_dat_o[22] (secure_boot_control_plane)
                                                         wbs_dat_o[22] (net)
                      1.757074    0.404243    4.331524 ^ wbs_dat_o[22] (out)
                                              4.331524   data arrival time

                                 25.000000   25.000000   clock wb_clk_i (rise edge)
                                  0.000000   25.000000   clock network delay (propagated)
                                 -0.250000   24.750000   clock uncertainty
                                  0.000000   24.750000   clock reconvergence pessimism
                                 -5.000000   19.750000   output external delay
                                             19.750000   data required time
---------------------------------------------------------------------------------------------
                                             19.750000   data required time
                                             -4.331524   data arrival time
---------------------------------------------------------------------------------------------
                                             15.418476   slack (MET)


Startpoint: u_secure_boot_cp
            (rising edge-triggered flip-flop clocked by wb_clk_i)
Endpoint: wbs_dat_o[27] (output port clocked by wb_clk_i)
Path Group: wb_clk_i
Path Type: max

Fanout         Cap        Slew       Delay        Time   Description
---------------------------------------------------------------------------------------------
                                  0.000000    0.000000   clock wb_clk_i (rise edge)
                                  0.000000    0.000000   clock source latency
     1    0.362935    2.584903    2.012610    2.012610 ^ wb_clk_i (in)
                                                         wb_clk_i (net)
                      2.784662    0.000000    2.012610 ^ u_secure_boot_cp/wb_clk_i (secure_boot_control_plane)
     1    0.337395    1.606016    2.017787    4.030396 ^ u_secure_boot_cp/wb_dat_o[27] (secure_boot_control_plane)
                                                         wbs_dat_o[27] (net)
                      1.691362    0.287367    4.317763 ^ wbs_dat_o[27] (out)
                                              4.317763   data arrival time

                                 25.000000   25.000000   clock wb_clk_i (rise edge)
                                  0.000000   25.000000   clock network delay (propagated)
                                 -0.250000   24.750000   clock uncertainty
                                  0.000000   24.750000   clock reconvergence pessimism
                                 -5.000000   19.750000   output external delay
                                             19.750000   data required time
---------------------------------------------------------------------------------------------
                                             19.750000   data required time
                                             -4.317763   data arrival time
---------------------------------------------------------------------------------------------
                                             15.432236   slack (MET)


Startpoint: u_secure_boot_cp
            (rising edge-triggered flip-flop clocked by wb_clk_i)
Endpoint: wbs_dat_o[17] (output port clocked by wb_clk_i)
Path Group: wb_clk_i
Path Type: max

Fanout         Cap        Slew       Delay        Time   Description
---------------------------------------------------------------------------------------------
                                  0.000000    0.000000   clock wb_clk_i (rise edge)
                                  0.000000    0.000000   clock source latency
     1    0.362935    2.584903    2.012610    2.012610 ^ wb_clk_i (in)
                                                         wb_clk_i (net)
                      2.784662    0.000000    2.012610 ^ u_secure_boot_cp/wb_clk_i (secure_boot_control_plane)
     1    0.346266    1.647747    2.016995    4.029604 ^ u_secure_boot_cp/wb_dat_o[17] (secure_boot_control_plane)
                                                         wbs_dat_o[17] (net)
                      1.728835    0.284867    4.314472 ^ wbs_dat_o[17] (out)
                                              4.314472   data arrival time

                                 25.000000   25.000000   clock wb_clk_i (rise edge)
                                  0.000000   25.000000   clock network delay (propagated)
                                 -0.250000   24.750000   clock uncertainty
                                  0.000000   24.750000   clock reconvergence pessimism
                                 -5.000000   19.750000   output external delay
                                             19.750000   data required time
---------------------------------------------------------------------------------------------
                                             19.750000   data required time
                                             -4.314472   data arrival time
---------------------------------------------------------------------------------------------
                                             15.435529   slack (MET)


Startpoint: u_secure_boot_cp
            (rising edge-triggered flip-flop clocked by wb_clk_i)
Endpoint: wbs_dat_o[20] (output port clocked by wb_clk_i)
Path Group: wb_clk_i
Path Type: max

Fanout         Cap        Slew       Delay        Time   Description
---------------------------------------------------------------------------------------------
                                  0.000000    0.000000   clock wb_clk_i (rise edge)
                                  0.000000    0.000000   clock source latency
     1    0.362935    2.584903    2.012610    2.012610 ^ wb_clk_i (in)
                                                         wb_clk_i (net)
                      2.784662    0.000000    2.012610 ^ u_secure_boot_cp/wb_clk_i (secure_boot_control_plane)
     1    0.343964    1.635190    2.009653    4.022263 ^ u_secure_boot_cp/wb_dat_o[20] (secure_boot_control_plane)
                                                         wbs_dat_o[20] (net)
                      1.721078    0.290994    4.313257 ^ wbs_dat_o[20] (out)
                                              4.313257   data arrival time

                                 25.000000   25.000000   clock wb_clk_i (rise edge)
                                  0.000000   25.000000   clock network delay (propagated)
                                 -0.250000   24.750000   clock uncertainty
                                  0.000000   24.750000   clock reconvergence pessimism
                                 -5.000000   19.750000   output external delay
                                             19.750000   data required time
---------------------------------------------------------------------------------------------
                                             19.750000   data required time
                                             -4.313257   data arrival time
---------------------------------------------------------------------------------------------
                                             15.436742   slack (MET)


Startpoint: u_secure_boot_cp
            (rising edge-triggered flip-flop clocked by wb_clk_i)
Endpoint: wbs_dat_o[26] (output port clocked by wb_clk_i)
Path Group: wb_clk_i
Path Type: max

Fanout         Cap        Slew       Delay        Time   Description
---------------------------------------------------------------------------------------------
                                  0.000000    0.000000   clock wb_clk_i (rise edge)
                                  0.000000    0.000000   clock source latency
     1    0.362935    2.584903    2.012610    2.012610 ^ wb_clk_i (in)
                                                         wb_clk_i (net)
                      2.784662    0.000000    2.012610 ^ u_secure_boot_cp/wb_clk_i (secure_boot_control_plane)
     1    0.333816    1.587433    1.978338    3.990947 ^ u_secure_boot_cp/wb_dat_o[26] (secure_boot_control_plane)
                                                         wbs_dat_o[26] (net)
                      1.671409    0.284080    4.275027 ^ wbs_dat_o[26] (out)
                                              4.275027   data arrival time

                                 25.000000   25.000000   clock wb_clk_i (rise edge)
                                  0.000000   25.000000   clock network delay (propagated)
                                 -0.250000   24.750000   clock uncertainty
                                  0.000000   24.750000   clock reconvergence pessimism
                                 -5.000000   19.750000   output external delay
                                             19.750000   data required time
---------------------------------------------------------------------------------------------
                                             19.750000   data required time
                                             -4.275027   data arrival time
---------------------------------------------------------------------------------------------
                                             15.474973   slack (MET)


Startpoint: u_secure_boot_cp
            (rising edge-triggered flip-flop clocked by wb_clk_i)
Endpoint: wbs_dat_o[30] (output port clocked by wb_clk_i)
Path Group: wb_clk_i
Path Type: max

Fanout         Cap        Slew       Delay        Time   Description
---------------------------------------------------------------------------------------------
                                  0.000000    0.000000   clock wb_clk_i (rise edge)
                                  0.000000    0.000000   clock source latency
     1    0.362935    2.584903    2.012610    2.012610 ^ wb_clk_i (in)
                                                         wb_clk_i (net)
                      2.784662    0.000000    2.012610 ^ u_secure_boot_cp/wb_clk_i (secure_boot_control_plane)
     1    0.323222    1.536652    1.948768    3.961378 ^ u_secure_boot_cp/wb_dat_o[30] (secure_boot_control_plane)
                                                         wbs_dat_o[30] (net)
                      1.619720    0.277552    4.238930 ^ wbs_dat_o[30] (out)
                                              4.238930   data arrival time

                                 25.000000   25.000000   clock wb_clk_i (rise edge)
                                  0.000000   25.000000   clock network delay (propagated)
                                 -0.250000   24.750000   clock uncertainty
                                  0.000000   24.750000   clock reconvergence pessimism
                                 -5.000000   19.750000   output external delay
                                             19.750000   data required time
---------------------------------------------------------------------------------------------
                                             19.750000   data required time
                                             -4.238930   data arrival time
---------------------------------------------------------------------------------------------
                                             15.511070   slack (MET)


Startpoint: u_secure_boot_cp
            (rising edge-triggered flip-flop clocked by wb_clk_i)
Endpoint: wbs_dat_o[29] (output port clocked by wb_clk_i)
Path Group: wb_clk_i
Path Type: max

Fanout         Cap        Slew       Delay        Time   Description
---------------------------------------------------------------------------------------------
                                  0.000000    0.000000   clock wb_clk_i (rise edge)
                                  0.000000    0.000000   clock source latency
     1    0.362935    2.584903    2.012610    2.012610 ^ wb_clk_i (in)
                                                         wb_clk_i (net)
                      2.784662    0.000000    2.012610 ^ u_secure_boot_cp/wb_clk_i (secure_boot_control_plane)
     1    0.322386    1.534310    1.931400    3.944009 ^ u_secure_boot_cp/wb_dat_o[29] (secure_boot_control_plane)
                                                         wbs_dat_o[29] (net)
                      1.622588    0.285127    4.229137 ^ wbs_dat_o[29] (out)
                                              4.229137   data arrival time

                                 25.000000   25.000000   clock wb_clk_i (rise edge)
                                  0.000000   25.000000   clock network delay (propagated)
                                 -0.250000   24.750000   clock uncertainty
                                  0.000000   24.750000   clock reconvergence pessimism
                                 -5.000000   19.750000   output external delay
                                             19.750000   data required time
---------------------------------------------------------------------------------------------
                                             19.750000   data required time
                                             -4.229137   data arrival time
---------------------------------------------------------------------------------------------
                                             15.520864   slack (MET)


Startpoint: u_secure_boot_cp
            (rising edge-triggered flip-flop clocked by wb_clk_i)
Endpoint: io_out[28] (output port clocked by wb_clk_i)
Path Group: wb_clk_i
Path Type: max

Fanout         Cap        Slew       Delay        Time   Description
---------------------------------------------------------------------------------------------
                                  0.000000    0.000000   clock wb_clk_i (rise edge)
                                  0.000000    0.000000   clock source latency
     1    0.362935    2.584903    2.012610    2.012610 ^ wb_clk_i (in)
                                                         wb_clk_i (net)
                      2.784662    0.000000    2.012610 ^ u_secure_boot_cp/wb_clk_i (secure_boot_control_plane)
     1    0.270413    1.290395    2.027719    4.040328 ^ u_secure_boot_cp/group_error (secure_boot_control_plane)
                                                         io_out[28] (net)
                      1.294794    0.061925    4.102253 ^ io_out[28] (out)
                                              4.102253   data arrival time

                                 25.000000   25.000000   clock wb_clk_i (rise edge)
                                  0.000000   25.000000   clock network delay (propagated)
                                 -0.250000   24.750000   clock uncertainty
                                  0.000000   24.750000   clock reconvergence pessimism
                                 -5.000000   19.750000   output external delay
                                             19.750000   data required time
---------------------------------------------------------------------------------------------
                                             19.750000   data required time
                                             -4.102253   data arrival time
---------------------------------------------------------------------------------------------
                                             15.647747   slack (MET)


Startpoint: wb_rst_i (input port clocked by wb_clk_i)
Endpoint: u_secure_boot_cp (rising edge-triggered flip-flop clocked by wb_clk_i)
Path Group: wb_clk_i
Path Type: max

Fanout         Cap        Slew       Delay        Time   Description
---------------------------------------------------------------------------------------------
                                  0.000000    0.000000   clock wb_clk_i (rise edge)
                                  0.000000    0.000000   clock network delay (propagated)
                                  5.000000    5.000000 ^ input external delay
     1    0.446462    3.177319    2.508956    7.508956 ^ wb_rst_i (in)
                                                         wb_rst_i (net)
                      3.313590    0.000000    7.508956 ^ u_secure_boot_cp/wb_rst_i (secure_boot_control_plane)
                                              7.508956   data arrival time

                                 25.000000   25.000000   clock wb_clk_i (rise edge)
                                  0.000000   25.000000   clock source latency
     1    0.362935    2.584903    2.012609   27.012608 ^ wb_clk_i (in)
                                                         wb_clk_i (net)
                      2.784662    0.000000   27.012608 ^ u_secure_boot_cp/wb_clk_i (secure_boot_control_plane)
                                 -0.250000   26.762609   clock uncertainty
                                  0.000000   26.762609   clock reconvergence pessimism
                                 -1.968030   24.794580   library setup time
                                             24.794580   data required time
---------------------------------------------------------------------------------------------
                                             24.794580   data required time
                                             -7.508956   data arrival time
---------------------------------------------------------------------------------------------
                                             17.285622   slack (MET)


Startpoint: io_in[16] (input port clocked by wb_clk_i)
Endpoint: u_secure_boot_cp (rising edge-triggered flip-flop clocked by wb_clk_i)
Path Group: wb_clk_i
Path Type: max

Fanout         Cap        Slew       Delay        Time   Description
---------------------------------------------------------------------------------------------
                                  0.000000    0.000000   clock wb_clk_i (rise edge)
                                  0.000000    0.000000   clock network delay (propagated)
                                  5.000000    5.000000 ^ input external delay
     1    0.312057    2.224633    1.698645    6.698646 ^ io_in[16] (in)
                                                         io_in[16] (net)
                      2.256016    0.000000    6.698646 ^ u_secure_boot_cp/unlock_req (secure_boot_control_plane)
                                              6.698646   data arrival time

                                 25.000000   25.000000   clock wb_clk_i (rise edge)
                                  0.000000   25.000000   clock source latency
     1    0.362935    2.584903    2.012609   27.012608 ^ wb_clk_i (in)
                                                         wb_clk_i (net)
                      2.784662    0.000000   27.012608 ^ u_secure_boot_cp/wb_clk_i (secure_boot_control_plane)
                                 -0.250000   26.762609   clock uncertainty
                                  0.000000   26.762609   clock reconvergence pessimism
                                 -1.536830   25.225779   library setup time
                                             25.225779   data required time
---------------------------------------------------------------------------------------------
                                             25.225779   data required time
                                             -6.698646   data arrival time
---------------------------------------------------------------------------------------------
                                             18.527134   slack (MET)


Startpoint: wbs_we_i (input port clocked by wb_clk_i)
Endpoint: u_secure_boot_cp (rising edge-triggered flip-flop clocked by wb_clk_i)
Path Group: wb_clk_i
Path Type: max

Fanout         Cap        Slew       Delay        Time   Description
---------------------------------------------------------------------------------------------
                                  0.000000    0.000000   clock wb_clk_i (rise edge)
                                  0.000000    0.000000   clock network delay (propagated)
                                  5.000000    5.000000 ^ input external delay
     1    0.449566    3.215699    2.497819    7.497819 ^ wbs_we_i (in)
                                                         wbs_we_i (net)
                      3.382144    0.000000    7.497819 ^ u_secure_boot_cp/wb_we_i (secure_boot_control_plane)
                                              7.497819   data arrival time

                                 25.000000   25.000000   clock wb_clk_i (rise edge)
                                  0.000000   25.000000   clock source latency
     1    0.362935    2.584903    2.012609   27.012608 ^ wb_clk_i (in)
                                                         wb_clk_i (net)
                      2.784662    0.000000   27.012608 ^ u_secure_boot_cp/wb_clk_i (secure_boot_control_plane)
                                 -0.250000   26.762609   clock uncertainty
                                  0.000000   26.762609   clock reconvergence pessimism
                                 -0.704210   26.058399   library setup time
                                             26.058399   data required time
---------------------------------------------------------------------------------------------
                                             26.058399   data required time
                                             -7.497819   data arrival time
---------------------------------------------------------------------------------------------
                                             18.560579   slack (MET)


Startpoint: wbs_adr_i[3] (input port clocked by wb_clk_i)
Endpoint: u_secure_boot_cp (rising edge-triggered flip-flop clocked by wb_clk_i)
Path Group: wb_clk_i
Path Type: max

Fanout         Cap        Slew       Delay        Time   Description
---------------------------------------------------------------------------------------------
                                  0.000000    0.000000   clock wb_clk_i (rise edge)
                                  0.000000    0.000000   clock network delay (propagated)
                                  5.000000    5.000000 ^ input external delay
     1    0.372657    2.674921    2.022744    7.022744 ^ wbs_adr_i[3] (in)
                                                         wbs_adr_i[3] (net)
                      2.802169    0.000000    7.022744 ^ u_secure_boot_cp/wb_adr_i[3] (secure_boot_control_plane)
                                              7.022744   data arrival time

                                 25.000000   25.000000   clock wb_clk_i (rise edge)
                                  0.000000   25.000000   clock source latency
     1    0.362935    2.584903    2.012609   27.012608 ^ wb_clk_i (in)
                                                         wb_clk_i (net)
                      2.784662    0.000000   27.012608 ^ u_secure_boot_cp/wb_clk_i (secure_boot_control_plane)
                                 -0.250000   26.762609   clock uncertainty
                                  0.000000   26.762609   clock reconvergence pessimism
                                 -1.031460   25.731150   library setup time
                                             25.731150   data required time
---------------------------------------------------------------------------------------------
                                             25.731150   data required time
                                             -7.022744   data arrival time
---------------------------------------------------------------------------------------------
                                             18.708406   slack (MET)


Startpoint: wbs_stb_i (input port clocked by wb_clk_i)
Endpoint: u_secure_boot_cp (rising edge-triggered flip-flop clocked by wb_clk_i)
Path Group: wb_clk_i
Path Type: max

Fanout         Cap        Slew       Delay        Time   Description
---------------------------------------------------------------------------------------------
                                  0.000000    0.000000   clock wb_clk_i (rise edge)
                                  0.000000    0.000000   clock network delay (propagated)
                                  5.000000    5.000000 ^ input external delay
     1    0.370570    2.650768    2.064235    7.064235 ^ wbs_stb_i (in)
                                                         wbs_stb_i (net)
                      2.833747    0.000000    7.064235 ^ u_secure_boot_cp/wb_stb_i (secure_boot_control_plane)
                                              7.064235   data arrival time

                                 25.000000   25.000000   clock wb_clk_i (rise edge)
                                  0.000000   25.000000   clock source latency
     1    0.362935    2.584903    2.012609   27.012608 ^ wb_clk_i (in)
                                                         wb_clk_i (net)
                      2.784662    0.000000   27.012608 ^ u_secure_boot_cp/wb_clk_i (secure_boot_control_plane)
                                 -0.250000   26.762609   clock uncertainty
                                  0.000000   26.762609   clock reconvergence pessimism
                                 -0.915120   25.847488   library setup time
                                             25.847488   data required time
---------------------------------------------------------------------------------------------
                                             25.847488   data required time
                                             -7.064235   data arrival time
---------------------------------------------------------------------------------------------
                                             18.783253   slack (MET)


Startpoint: wbs_cyc_i (input port clocked by wb_clk_i)
Endpoint: u_secure_boot_cp (rising edge-triggered flip-flop clocked by wb_clk_i)
Path Group: wb_clk_i
Path Type: max

Fanout         Cap        Slew       Delay        Time   Description
---------------------------------------------------------------------------------------------
                                  0.000000    0.000000   clock wb_clk_i (rise edge)
                                  0.000000    0.000000   clock network delay (propagated)
                                  5.000000    5.000000 ^ input external delay
     1    0.368917    2.638898    2.054064    7.054064 ^ wbs_cyc_i (in)
                                                         wbs_cyc_i (net)
                      2.818569    0.000000    7.054064 ^ u_secure_boot_cp/wb_cyc_i (secure_boot_control_plane)
                                              7.054064   data arrival time

                                 25.000000   25.000000   clock wb_clk_i (rise edge)
                                  0.000000   25.000000   clock source latency
     1    0.362935    2.584903    2.012609   27.012608 ^ wb_clk_i (in)
                                                         wb_clk_i (net)
                      2.784662    0.000000   27.012608 ^ u_secure_boot_cp/wb_clk_i (secure_boot_control_plane)
                                 -0.250000   26.762609   clock uncertainty
                                  0.000000   26.762609   clock reconvergence pessimism
                                 -0.904550   25.858059   library setup time
                                             25.858059   data required time
---------------------------------------------------------------------------------------------
                                             25.858059   data required time
                                             -7.054064   data arrival time
---------------------------------------------------------------------------------------------
                                             18.803995   slack (MET)


Startpoint: wbs_adr_i[2] (input port clocked by wb_clk_i)
Endpoint: u_secure_boot_cp (rising edge-triggered flip-flop clocked by wb_clk_i)
Path Group: wb_clk_i
Path Type: max

Fanout         Cap        Slew       Delay        Time   Description
---------------------------------------------------------------------------------------------
                                  0.000000    0.000000   clock wb_clk_i (rise edge)
                                  0.000000    0.000000   clock network delay (propagated)
                                  5.000000    5.000000 ^ input external delay
     1    0.388853    2.781277    2.124686    7.124686 ^ wbs_adr_i[2] (in)
                                                         wbs_adr_i[2] (net)
                      2.901485    0.000000    7.124686 ^ u_secure_boot_cp/wb_adr_i[2] (secure_boot_control_plane)
                                              7.124686   data arrival time

                                 25.000000   25.000000   clock wb_clk_i (rise edge)
                                  0.000000   25.000000   clock source latency
     1    0.362935    2.584903    2.012609   27.012608 ^ wb_clk_i (in)
                                                         wb_clk_i (net)
                      2.784662    0.000000   27.012608 ^ u_secure_boot_cp/wb_clk_i (secure_boot_control_plane)
                                 -0.250000   26.762609   clock uncertainty
                                  0.000000   26.762609   clock reconvergence pessimism
                                 -0.770230   25.992378   library setup time
                                             25.992378   data required time
---------------------------------------------------------------------------------------------
                                             25.992378   data required time
                                             -7.124686   data arrival time
---------------------------------------------------------------------------------------------
                                             18.867691   slack (MET)


Startpoint: io_in[17] (input port clocked by wb_clk_i)
Endpoint: u_secure_boot_cp (rising edge-triggered flip-flop clocked by wb_clk_i)
Path Group: wb_clk_i
Path Type: max

Fanout         Cap        Slew       Delay        Time   Description
---------------------------------------------------------------------------------------------
                                  0.000000    0.000000   clock wb_clk_i (rise edge)
                                  0.000000    0.000000   clock network delay (propagated)
                                  5.000000    5.000000 ^ input external delay
     1    0.278999    1.992486    1.530547    6.530547 ^ io_in[17] (in)
                                                         io_in[17] (net)
                      2.027354    0.000000    6.530547 ^ u_secure_boot_cp/file_denied (secure_boot_control_plane)
                                              6.530547   data arrival time

                                 25.000000   25.000000   clock wb_clk_i (rise edge)
                                  0.000000   25.000000   clock source latency
     1    0.362935    2.584903    2.012609   27.012608 ^ wb_clk_i (in)
                                                         wb_clk_i (net)
                      2.784662    0.000000   27.012608 ^ u_secure_boot_cp/wb_clk_i (secure_boot_control_plane)
                                 -0.250000   26.762609   clock uncertainty
                                  0.000000   26.762609   clock reconvergence pessimism
                                 -1.091570   25.671040   library setup time
                                             25.671040   data required time
---------------------------------------------------------------------------------------------
                                             25.671040   data required time
                                             -6.530547   data arrival time
---------------------------------------------------------------------------------------------
                                             19.140491   slack (MET)


Startpoint: io_in[14] (input port clocked by wb_clk_i)
Endpoint: u_secure_boot_cp (rising edge-triggered flip-flop clocked by wb_clk_i)
Path Group: wb_clk_i
Path Type: max

Fanout         Cap        Slew       Delay        Time   Description
---------------------------------------------------------------------------------------------
                                  0.000000    0.000000   clock wb_clk_i (rise edge)
                                  0.000000    0.000000   clock network delay (propagated)
                                  5.000000    5.000000 ^ input external delay
     1    0.323142    2.285161    1.661299    6.661299 ^ io_in[14] (in)
                                                         io_in[14] (net)
                      2.290200    0.000000    6.661299 ^ u_secure_boot_cp/cold_reset_req (secure_boot_control_plane)
                                              6.661299   data arrival time

                                 25.000000   25.000000   clock wb_clk_i (rise edge)
                                  0.000000   25.000000   clock source latency
     1    0.362935    2.584903    2.012609   27.012608 ^ wb_clk_i (in)
                                                         wb_clk_i (net)
                      2.784662    0.000000   27.012608 ^ u_secure_boot_cp/wb_clk_i (secure_boot_control_plane)
                                 -0.250000   26.762609   clock uncertainty
                                  0.000000   26.762609   clock reconvergence pessimism
                                 -0.847530   25.915079   library setup time
                                             25.915079   data required time
---------------------------------------------------------------------------------------------
                                             25.915079   data required time
                                             -6.661299   data arrival time
---------------------------------------------------------------------------------------------
                                             19.253780   slack (MET)


Startpoint: wbs_dat_i[4] (input port clocked by wb_clk_i)
Endpoint: u_secure_boot_cp (rising edge-triggered flip-flop clocked by wb_clk_i)
Path Group: wb_clk_i
Path Type: max

Fanout         Cap        Slew       Delay        Time   Description
---------------------------------------------------------------------------------------------
                                  0.000000    0.000000   clock wb_clk_i (rise edge)
                                  0.000000    0.000000   clock network delay (propagated)
                                  5.000000    5.000000 ^ input external delay
     1    0.485998    3.465561    2.709440    7.709440 ^ wbs_dat_i[4] (in)
                                                         wbs_dat_i[4] (net)
                      3.673396    0.000000    7.709440 ^ u_secure_boot_cp/wb_dat_i[4] (secure_boot_control_plane)
                                              7.709440   data arrival time

                                 25.000000   25.000000   clock wb_clk_i (rise edge)
                                  0.000000   25.000000   clock source latency
     1    0.362935    2.584903    2.012609   27.012608 ^ wb_clk_i (in)
                                                         wb_clk_i (net)
                      2.784662    0.000000   27.012608 ^ u_secure_boot_cp/wb_clk_i (secure_boot_control_plane)
                                 -0.250000   26.762609   clock uncertainty
                                  0.000000   26.762609   clock reconvergence pessimism
                                  0.230510   26.993120   library setup time
                                             26.993120   data required time
---------------------------------------------------------------------------------------------
                                             26.993120   data required time
                                             -7.709440   data arrival time
---------------------------------------------------------------------------------------------
                                             19.283680   slack (MET)


Startpoint: wbs_dat_i[1] (input port clocked by wb_clk_i)
Endpoint: u_secure_boot_cp (rising edge-triggered flip-flop clocked by wb_clk_i)
Path Group: wb_clk_i
Path Type: max

Fanout         Cap        Slew       Delay        Time   Description
---------------------------------------------------------------------------------------------
                                  0.000000    0.000000   clock wb_clk_i (rise edge)
                                  0.000000    0.000000   clock network delay (propagated)
                                  5.000000    5.000000 ^ input external delay
     1    0.476820    3.395911    2.666772    7.666772 ^ wbs_dat_i[1] (in)
                                                         wbs_dat_i[1] (net)
                      3.579378    0.000000    7.666772 ^ u_secure_boot_cp/wb_dat_i[1] (secure_boot_control_plane)
                                              7.666772   data arrival time

                                 25.000000   25.000000   clock wb_clk_i (rise edge)
                                  0.000000   25.000000   clock source latency
     1    0.362935    2.584903    2.012609   27.012608 ^ wb_clk_i (in)
                                                         wb_clk_i (net)
                      2.784662    0.000000   27.012608 ^ u_secure_boot_cp/wb_clk_i (secure_boot_control_plane)
                                 -0.250000   26.762609   clock uncertainty
                                  0.000000   26.762609   clock reconvergence pessimism
                                  0.221900   26.984510   library setup time
                                             26.984510   data required time
---------------------------------------------------------------------------------------------
                                             26.984510   data required time
                                             -7.666772   data arrival time
---------------------------------------------------------------------------------------------
                                             19.317738   slack (MET)


Startpoint: wbs_sel_i[0] (input port clocked by wb_clk_i)
Endpoint: u_secure_boot_cp (rising edge-triggered flip-flop clocked by wb_clk_i)
Path Group: wb_clk_i
Path Type: max

Fanout         Cap        Slew       Delay        Time   Description
---------------------------------------------------------------------------------------------
                                  0.000000    0.000000   clock wb_clk_i (rise edge)
                                  0.000000    0.000000   clock network delay (propagated)
                                  5.000000    5.000000 ^ input external delay
     1    0.399239    2.866729    2.193233    7.193233 ^ wbs_sel_i[0] (in)
                                                         wbs_sel_i[0] (net)
                      3.007757    0.000000    7.193233 ^ u_secure_boot_cp/wb_sel_i[0] (secure_boot_control_plane)
                                              7.193233   data arrival time

                                 25.000000   25.000000   clock wb_clk_i (rise edge)
                                  0.000000   25.000000   clock source latency
     1    0.362935    2.584903    2.012609   27.012608 ^ wb_clk_i (in)
                                                         wb_clk_i (net)
                      2.784662    0.000000   27.012608 ^ u_secure_boot_cp/wb_clk_i (secure_boot_control_plane)
                                 -0.250000   26.762609   clock uncertainty
                                  0.000000   26.762609   clock reconvergence pessimism
                                 -0.238320   26.524290   library setup time
                                             26.524290   data required time
---------------------------------------------------------------------------------------------
                                             26.524290   data required time
                                             -7.193233   data arrival time
---------------------------------------------------------------------------------------------
                                             19.331057   slack (MET)


Startpoint: io_in[18] (input port clocked by wb_clk_i)
Endpoint: u_secure_boot_cp (rising edge-triggered flip-flop clocked by wb_clk_i)
Path Group: wb_clk_i
Path Type: max

Fanout         Cap        Slew       Delay        Time   Description
---------------------------------------------------------------------------------------------
                                  0.000000    0.000000   clock wb_clk_i (rise edge)
                                  0.000000    0.000000   clock network delay (propagated)
                                  5.000000    5.000000 ^ input external delay
     1    0.243417    1.741484    1.344886    6.344886 ^ io_in[18] (in)
                                                         io_in[18] (net)
                      1.776903    0.000000    6.344886 ^ u_secure_boot_cp/group_autolock (secure_boot_control_plane)
                                              6.344886   data arrival time

                                 25.000000   25.000000   clock wb_clk_i (rise edge)
                                  0.000000   25.000000   clock source latency
     1    0.362935    2.584903    2.012609   27.012608 ^ wb_clk_i (in)
                                                         wb_clk_i (net)
                      2.784662    0.000000   27.012608 ^ u_secure_boot_cp/wb_clk_i (secure_boot_control_plane)
                                 -0.250000   26.762609   clock uncertainty
                                  0.000000   26.762609   clock reconvergence pessimism
                                 -1.079540   25.683069   library setup time
                                             25.683069   data required time
---------------------------------------------------------------------------------------------
                                             25.683069   data required time
                                             -6.344886   data arrival time
---------------------------------------------------------------------------------------------
                                             19.338182   slack (MET)


Startpoint: io_in[13] (input port clocked by wb_clk_i)
Endpoint: u_secure_boot_cp (rising edge-triggered flip-flop clocked by wb_clk_i)
Path Group: wb_clk_i
Path Type: max

Fanout         Cap        Slew       Delay        Time   Description
---------------------------------------------------------------------------------------------
                                  0.000000    0.000000   clock wb_clk_i (rise edge)
                                  0.000000    0.000000   clock network delay (propagated)
                                  5.000000    5.000000 ^ input external delay
     1    0.304177    2.153033    1.562585    6.562585 ^ io_in[13] (in)
                                                         io_in[13] (net)
                      2.157767    0.000000    6.562585 ^ u_secure_boot_cp/warm_reset_req (secure_boot_control_plane)
                                              6.562585   data arrival time

                                 25.000000   25.000000   clock wb_clk_i (rise edge)
                                  0.000000   25.000000   clock source latency
     1    0.362935    2.584903    2.012609   27.012608 ^ wb_clk_i (in)
                                                         wb_clk_i (net)
                      2.784662    0.000000   27.012608 ^ u_secure_boot_cp/wb_clk_i (secure_boot_control_plane)
                                 -0.250000   26.762609   clock uncertainty
                                  0.000000   26.762609   clock reconvergence pessimism
                                 -0.702900   26.059710   library setup time
                                             26.059710   data required time
---------------------------------------------------------------------------------------------
                                             26.059710   data required time
                                             -6.562585   data arrival time
---------------------------------------------------------------------------------------------
                                             19.497124   slack (MET)


Startpoint: io_in[12] (input port clocked by wb_clk_i)
Endpoint: u_secure_boot_cp (rising edge-triggered flip-flop clocked by wb_clk_i)
Path Group: wb_clk_i
Path Type: max

Fanout         Cap        Slew       Delay        Time   Description
---------------------------------------------------------------------------------------------
                                  0.000000    0.000000   clock wb_clk_i (rise edge)
                                  0.000000    0.000000   clock network delay (propagated)
                                  5.000000    5.000000 v input external delay
     1    0.301883    1.261899    0.950195    5.950195 v io_in[12] (in)
                                                         io_in[12] (net)
                      1.269751    0.000000    5.950195 v u_secure_boot_cp/clock_glitch (secure_boot_control_plane)
                                              5.950195   data arrival time

                                 25.000000   25.000000   clock wb_clk_i (rise edge)
                                  0.000000   25.000000   clock source latency
     1    0.362935    2.584903    2.012609   27.012608 ^ wb_clk_i (in)
                                                         wb_clk_i (net)
                      2.784662    0.000000   27.012608 ^ u_secure_boot_cp/wb_clk_i (secure_boot_control_plane)
                                 -0.250000   26.762609   clock uncertainty
                                  0.000000   26.762609   clock reconvergence pessimism
                                 -1.310320   25.452288   library setup time
                                             25.452288   data required time
---------------------------------------------------------------------------------------------
                                             25.452288   data required time
                                             -5.950195   data arrival time
---------------------------------------------------------------------------------------------
                                             19.502092   slack (MET)


Startpoint: io_in[15] (input port clocked by wb_clk_i)
Endpoint: u_secure_boot_cp (rising edge-triggered flip-flop clocked by wb_clk_i)
Path Group: wb_clk_i
Path Type: max

Fanout         Cap        Slew       Delay        Time   Description
---------------------------------------------------------------------------------------------
                                  0.000000    0.000000   clock wb_clk_i (rise edge)
                                  0.000000    0.000000   clock network delay (propagated)
                                  5.000000    5.000000 ^ input external delay
     1    0.322787    2.311361    1.783544    6.783544 ^ io_in[15] (in)
                                                         io_in[15] (net)
                      2.432981    0.000000    6.783544 ^ u_secure_boot_cp/global_pin_ok (secure_boot_control_plane)
                                              6.783544   data arrival time

                                 25.000000   25.000000   clock wb_clk_i (rise edge)
                                  0.000000   25.000000   clock source latency
     1    0.362935    2.584903    2.012609   27.012608 ^ wb_clk_i (in)
                                                         wb_clk_i (net)
                      2.784662    0.000000   27.012608 ^ u_secure_boot_cp/wb_clk_i (secure_boot_control_plane)
                                 -0.250000   26.762609   clock uncertainty
                                  0.000000   26.762609   clock reconvergence pessimism
                                 -0.416600   26.346008   library setup time
                                             26.346008   data required time
---------------------------------------------------------------------------------------------
                                             26.346008   data required time
                                             -6.783544   data arrival time
---------------------------------------------------------------------------------------------
                                             19.562464   slack (MET)


Startpoint: io_in[11] (input port clocked by wb_clk_i)
Endpoint: u_secure_boot_cp (rising edge-triggered flip-flop clocked by wb_clk_i)
Path Group: wb_clk_i
Path Type: max

Fanout         Cap        Slew       Delay        Time   Description
---------------------------------------------------------------------------------------------
                                  0.000000    0.000000   clock wb_clk_i (rise edge)
                                  0.000000    0.000000   clock network delay (propagated)
                                  5.000000    5.000000 v input external delay
     1    0.237916    0.994774    0.745971    5.745971 v io_in[11] (in)
                                                         io_in[11] (net)
                      0.998677    0.000000    5.745971 v u_secure_boot_cp/power_glitch (secure_boot_control_plane)
                                              5.745971   data arrival time

                                 25.000000   25.000000   clock wb_clk_i (rise edge)
                                  0.000000   25.000000   clock source latency
     1    0.362935    2.584903    2.012609   27.012608 ^ wb_clk_i (in)
                                                         wb_clk_i (net)
                      2.784662    0.000000   27.012608 ^ u_secure_boot_cp/wb_clk_i (secure_boot_control_plane)
                                 -0.250000   26.762609   clock uncertainty
                                  0.000000   26.762609   clock reconvergence pessimism
                                 -1.289170   25.473438   library setup time
                                             25.473438   data required time
---------------------------------------------------------------------------------------------
                                             25.473438   data required time
                                             -5.745971   data arrival time
---------------------------------------------------------------------------------------------
                                             19.727468   slack (MET)


Startpoint: io_in[10] (input port clocked by wb_clk_i)
Endpoint: u_secure_boot_cp (rising edge-triggered flip-flop clocked by wb_clk_i)
Path Group: wb_clk_i
Path Type: max

Fanout         Cap        Slew       Delay        Time   Description
---------------------------------------------------------------------------------------------
                                  0.000000    0.000000   clock wb_clk_i (rise edge)
                                  0.000000    0.000000   clock network delay (propagated)
                                  5.000000    5.000000 v input external delay
     1    0.228511    0.955456    0.716240    5.716240 v io_in[10] (in)
                                                         io_in[10] (net)
                      0.958897    0.000000    5.716240 v u_secure_boot_cp/hdr_parse_fail (secure_boot_control_plane)
                                              5.716240   data arrival time

                                 25.000000   25.000000   clock wb_clk_i (rise edge)
                                  0.000000   25.000000   clock source latency
     1    0.362935    2.584903    2.012609   27.012608 ^ wb_clk_i (in)
                                                         wb_clk_i (net)
                      2.784662    0.000000   27.012608 ^ u_secure_boot_cp/wb_clk_i (secure_boot_control_plane)
                                 -0.250000   26.762609   clock uncertainty
                                  0.000000   26.762609   clock reconvergence pessimism
                                 -1.049730   25.712879   library setup time
                                             25.712879   data required time
---------------------------------------------------------------------------------------------
                                             25.712879   data required time
                                             -5.716240   data arrival time
---------------------------------------------------------------------------------------------
                                             19.996639   slack (MET)


Startpoint: wbs_dat_i[3] (input port clocked by wb_clk_i)
Endpoint: u_secure_boot_cp (rising edge-triggered flip-flop clocked by wb_clk_i)
Path Group: wb_clk_i
Path Type: max

Fanout         Cap        Slew       Delay        Time   Description
---------------------------------------------------------------------------------------------
                                  0.000000    0.000000   clock wb_clk_i (rise edge)
                                  0.000000    0.000000   clock network delay (propagated)
                                  5.000000    5.000000 ^ input external delay
     1    0.353753    2.530324    1.970466    6.970467 ^ wbs_dat_i[3] (in)
                                                         wbs_dat_i[3] (net)
                      2.694939    0.000000    6.970467 ^ u_secure_boot_cp/wb_dat_i[3] (secure_boot_control_plane)
                                              6.970467   data arrival time

                                 25.000000   25.000000   clock wb_clk_i (rise edge)
                                  0.000000   25.000000   clock source latency
     1    0.362935    2.584903    2.012609   27.012608 ^ wb_clk_i (in)
                                                         wb_clk_i (net)
                      2.784662    0.000000   27.012608 ^ u_secure_boot_cp/wb_clk_i (secure_boot_control_plane)
                                 -0.250000   26.762609   clock uncertainty
                                  0.000000   26.762609   clock reconvergence pessimism
                                  0.231340   26.993950   library setup time
                                             26.993950   data required time
---------------------------------------------------------------------------------------------
                                             26.993950   data required time
                                             -6.970467   data arrival time
---------------------------------------------------------------------------------------------
                                             20.023481   slack (MET)


Startpoint: wbs_dat_i[0] (input port clocked by wb_clk_i)
Endpoint: u_secure_boot_cp (rising edge-triggered flip-flop clocked by wb_clk_i)
Path Group: wb_clk_i
Path Type: max

Fanout         Cap        Slew       Delay        Time   Description
---------------------------------------------------------------------------------------------
                                  0.000000    0.000000   clock wb_clk_i (rise edge)
                                  0.000000    0.000000   clock network delay (propagated)
                                  5.000000    5.000000 ^ input external delay
     1    0.352651    2.523421    1.959998    6.959998 ^ wbs_dat_i[0] (in)
                                                         wbs_dat_i[0] (net)
                      2.682393    0.000000    6.959998 ^ u_secure_boot_cp/wb_dat_i[0] (secure_boot_control_plane)
                                              6.959998   data arrival time

                                 25.000000   25.000000   clock wb_clk_i (rise edge)
                                  0.000000   25.000000   clock source latency
     1    0.362935    2.584903    2.012609   27.012608 ^ wb_clk_i (in)
                                                         wb_clk_i (net)
                      2.784662    0.000000   27.012608 ^ u_secure_boot_cp/wb_clk_i (secure_boot_control_plane)
                                 -0.250000   26.762609   clock uncertainty
                                  0.000000   26.762609   clock reconvergence pessimism
                                  0.232820   26.995428   library setup time
                                             26.995428   data required time
---------------------------------------------------------------------------------------------
                                             26.995428   data required time
                                             -6.959998   data arrival time
---------------------------------------------------------------------------------------------
                                             20.035429   slack (MET)


Startpoint: wbs_dat_i[2] (input port clocked by wb_clk_i)
Endpoint: u_secure_boot_cp (rising edge-triggered flip-flop clocked by wb_clk_i)
Path Group: wb_clk_i
Path Type: max

Fanout         Cap        Slew       Delay        Time   Description
---------------------------------------------------------------------------------------------
                                  0.000000    0.000000   clock wb_clk_i (rise edge)
                                  0.000000    0.000000   clock network delay (propagated)
                                  5.000000    5.000000 ^ input external delay
     1    0.349373    2.499350    1.943651    6.943651 ^ wbs_dat_i[2] (in)
                                                         wbs_dat_i[2] (net)
                      2.656687    0.000000    6.943651 ^ u_secure_boot_cp/wb_dat_i[2] (secure_boot_control_plane)
                                              6.943651   data arrival time

                                 25.000000   25.000000   clock wb_clk_i (rise edge)
                                  0.000000   25.000000   clock source latency
     1    0.362935    2.584903    2.012609   27.012608 ^ wb_clk_i (in)
                                                         wb_clk_i (net)
                      2.784662    0.000000   27.012608 ^ u_secure_boot_cp/wb_clk_i (secure_boot_control_plane)
                                 -0.250000   26.762609   clock uncertainty
                                  0.000000   26.762609   clock reconvergence pessimism
                                  0.231860   26.994471   library setup time
                                             26.994471   data required time
---------------------------------------------------------------------------------------------
                                             26.994471   data required time
                                             -6.943651   data arrival time
---------------------------------------------------------------------------------------------
                                             20.050819   slack (MET)


Startpoint: io_in[9] (input port clocked by wb_clk_i)
Endpoint: u_secure_boot_cp (rising edge-triggered flip-flop clocked by wb_clk_i)
Path Group: wb_clk_i
Path Type: max

Fanout         Cap        Slew       Delay        Time   Description
---------------------------------------------------------------------------------------------
                                  0.000000    0.000000   clock wb_clk_i (rise edge)
                                  0.000000    0.000000   clock network delay (propagated)
                                  5.000000    5.000000 v input external delay
     1    0.179061    0.748099    0.559679    5.559679 v io_in[9] (in)
                                                         io_in[9] (net)
                      0.749463    0.000000    5.559679 v u_secure_boot_cp/size_mismatch (secure_boot_control_plane)
                                              5.559679   data arrival time

                                 25.000000   25.000000   clock wb_clk_i (rise edge)
                                  0.000000   25.000000   clock source latency
     1    0.362935    2.584903    2.012609   27.012608 ^ wb_clk_i (in)
                                                         wb_clk_i (net)
                      2.784662    0.000000   27.012608 ^ u_secure_boot_cp/wb_clk_i (secure_boot_control_plane)
                                 -0.250000   26.762609   clock uncertainty
                                  0.000000   26.762609   clock reconvergence pessimism
                                 -1.098850   25.663757   library setup time
                                             25.663757   data required time
---------------------------------------------------------------------------------------------
                                             25.663757   data required time
                                             -5.559679   data arrival time
---------------------------------------------------------------------------------------------
                                             20.104078   slack (MET)


Startpoint: io_in[7] (input port clocked by wb_clk_i)
Endpoint: u_secure_boot_cp (rising edge-triggered flip-flop clocked by wb_clk_i)
Path Group: wb_clk_i
Path Type: max

Fanout         Cap        Slew       Delay        Time   Description
---------------------------------------------------------------------------------------------
                                  0.000000    0.000000   clock wb_clk_i (rise edge)
                                  0.000000    0.000000   clock network delay (propagated)
                                  5.000000    5.000000 ^ input external delay
     1    0.201709    1.442693    1.032887    6.032887 ^ io_in[7] (in)
                                                         io_in[7] (net)
                      1.444063    0.000000    6.032887 ^ u_secure_boot_cp/fw_ok (secure_boot_control_plane)
                                              6.032887   data arrival time

                                 25.000000   25.000000   clock wb_clk_i (rise edge)
                                  0.000000   25.000000   clock source latency
     1    0.362935    2.584903    2.012609   27.012608 ^ wb_clk_i (in)
                                                         wb_clk_i (net)
                      2.784662    0.000000   27.012608 ^ u_secure_boot_cp/wb_clk_i (secure_boot_control_plane)
                                 -0.250000   26.762609   clock uncertainty
                                  0.000000   26.762609   clock reconvergence pessimism
                                 -0.581530   26.181080   library setup time
                                             26.181080   data required time
---------------------------------------------------------------------------------------------
                                             26.181080   data required time
                                             -6.032887   data arrival time
---------------------------------------------------------------------------------------------
                                             20.148193   slack (MET)


Startpoint: io_in[8] (input port clocked by wb_clk_i)
Endpoint: u_secure_boot_cp (rising edge-triggered flip-flop clocked by wb_clk_i)
Path Group: wb_clk_i
Path Type: max

Fanout         Cap        Slew       Delay        Time   Description
---------------------------------------------------------------------------------------------
                                  0.000000    0.000000   clock wb_clk_i (rise edge)
                                  0.000000    0.000000   clock network delay (propagated)
                                  5.000000    5.000000 v input external delay
     1    0.164708    0.689150    0.514922    5.514923 v io_in[8] (in)
                                                         io_in[8] (net)
                      0.690477    0.000000    5.514923 v u_secure_boot_cp/fw_fail (secure_boot_control_plane)
                                              5.514923   data arrival time

                                 25.000000   25.000000   clock wb_clk_i (rise edge)
                                  0.000000   25.000000   clock source latency
     1    0.362935    2.584903    2.012609   27.012608 ^ wb_clk_i (in)
                                                         wb_clk_i (net)
                      2.784662    0.000000   27.012608 ^ u_secure_boot_cp/wb_clk_i (secure_boot_control_plane)
                                 -0.250000   26.762609   clock uncertainty
                                  0.000000   26.762609   clock reconvergence pessimism
                                 -1.087820   25.674789   library setup time
                                             25.674789   data required time
---------------------------------------------------------------------------------------------
                                             25.674789   data required time
                                             -5.514923   data arrival time
---------------------------------------------------------------------------------------------
                                             20.159866   slack (MET)


Startpoint: io_in[19] (input port clocked by wb_clk_i)
Endpoint: u_secure_boot_cp (rising edge-triggered flip-flop clocked by wb_clk_i)
Path Group: wb_clk_i
Path Type: max

Fanout         Cap        Slew       Delay        Time   Description
---------------------------------------------------------------------------------------------
                                  0.000000    0.000000   clock wb_clk_i (rise edge)
                                  0.000000    0.000000   clock network delay (propagated)
                                  5.000000    5.000000 ^ input external delay
     1    0.216512    1.552511    1.203234    6.203234 ^ io_in[19] (in)
                                                         io_in[19] (net)
                      1.598734    0.000000    6.203234 ^ u_secure_boot_cp/tamper_in (secure_boot_control_plane)
                                              6.203234   data arrival time

                                 25.000000   25.000000   clock wb_clk_i (rise edge)
                                  0.000000   25.000000   clock source latency
     1    0.362935    2.584903    2.012609   27.012608 ^ wb_clk_i (in)
                                                         wb_clk_i (net)
                      2.784662    0.000000   27.012608 ^ u_secure_boot_cp/wb_clk_i (secure_boot_control_plane)
                                 -0.250000   26.762609   clock uncertainty
                                  0.000000   26.762609   clock reconvergence pessimism
                                  0.205170   26.967777   library setup time
                                             26.967777   data required time
---------------------------------------------------------------------------------------------
                                             26.967777   data required time
                                             -6.203234   data arrival time
---------------------------------------------------------------------------------------------
                                             20.764544   slack (MET)


Startpoint: io_in[20] (input port clocked by wb_clk_i)
Endpoint: u_secure_boot_cp (rising edge-triggered flip-flop clocked by wb_clk_i)
Path Group: wb_clk_i
Path Type: max

Fanout         Cap        Slew       Delay        Time   Description
---------------------------------------------------------------------------------------------
                                  0.000000    0.000000   clock wb_clk_i (rise edge)
                                  0.000000    0.000000   clock network delay (propagated)
                                  5.000000    5.000000 ^ input external delay
     1    0.211822    1.519016    1.177800    6.177800 ^ io_in[20] (in)
                                                         io_in[20] (net)
                      1.567475    0.000000    6.177800 ^ u_secure_boot_cp/illegal_in (secure_boot_control_plane)
                                              6.177800   data arrival time

                                 25.000000   25.000000   clock wb_clk_i (rise edge)
                                  0.000000   25.000000   clock source latency
     1    0.362935    2.584903    2.012609   27.012608 ^ wb_clk_i (in)
                                                         wb_clk_i (net)
                      2.784662    0.000000   27.012608 ^ u_secure_boot_cp/wb_clk_i (secure_boot_control_plane)
                                 -0.250000   26.762609   clock uncertainty
                                  0.000000   26.762609   clock reconvergence pessimism
                                  0.230190   26.992798   library setup time
                                             26.992798   data required time
---------------------------------------------------------------------------------------------
                                             26.992798   data required time
                                             -6.177800   data arrival time
---------------------------------------------------------------------------------------------
                                             20.814999   slack (MET)



