
===========================================================================
report_checks -path_delay min (Hold)
============================================================================
======================= max_ff_n40C_1v95 Corner ===================================

Startpoint: _449_ (rising edge-triggered flip-flop clocked by clk)
Endpoint: _449_ (rising edge-triggered flip-flop clocked by clk)
Path Group: clk
Path Type: min

Fanout         Cap        Slew       Delay        Time   Description
---------------------------------------------------------------------------------------------
                                  0.000000    0.000000   clock clk (rise edge)
                                  0.000000    0.000000   clock source latency
     1    0.018597    0.067071    0.046028    0.046028 ^ clk (in)
                                                         clk (net)
                      0.067091    0.000000    0.046028 ^ clkbuf_0_clk/A (sky130_fd_sc_hd__clkbuf_16)
     4    0.041408    0.046196    0.106941    0.152969 ^ clkbuf_0_clk/X (sky130_fd_sc_hd__clkbuf_16)
                                                         clknet_0_clk (net)
                      0.046507    0.002674    0.155643 ^ clkbuf_2_0__f_clk/A (sky130_fd_sc_hd__clkbuf_16)
    16    0.050259    0.052331    0.105704    0.261347 ^ clkbuf_2_0__f_clk/X (sky130_fd_sc_hd__clkbuf_16)
                                                         clknet_2_0__leaf_clk (net)
                      0.052768    0.003631    0.264978 ^ _449_/CLK (sky130_fd_sc_hd__dfxtp_1)
     3    0.008091    0.064120    0.216271    0.481248 ^ _449_/Q (sky130_fd_sc_hd__dfxtp_1)
                                                         u_system.group_timeout_count[13] (net)
                      0.064122    0.000476    0.481725 ^ _303_/B1 (sky130_fd_sc_hd__a21o_1)
     1    0.002873    0.026123    0.050949    0.532674 ^ _303_/X (sky130_fd_sc_hd__a21o_1)
                                                         _122_ (net)
                      0.026123    0.000176    0.532850 ^ _304_/B (sky130_fd_sc_hd__and3b_1)
     1    0.002165    0.030370    0.080931    0.613782 ^ _304_/X (sky130_fd_sc_hd__and3b_1)
                                                         _013_ (net)
                      0.030370    0.000157    0.613939 ^ _449_/D (sky130_fd_sc_hd__dfxtp_1)
                                              0.613939   data arrival time

                                  0.000000    0.000000   clock clk (rise edge)
                                  0.000000    0.000000   clock source latency
     1    0.018597    0.067071    0.046028    0.046028 ^ clk (in)
                                                         clk (net)
                      0.067091    0.000000    0.046028 ^ clkbuf_0_clk/A (sky130_fd_sc_hd__clkbuf_16)
     4    0.041408    0.046196    0.106941    0.152969 ^ clkbuf_0_clk/X (sky130_fd_sc_hd__clkbuf_16)
                                                         clknet_0_clk (net)
                      0.046507    0.002674    0.155643 ^ clkbuf_2_0__f_clk/A (sky130_fd_sc_hd__clkbuf_16)
    16    0.050259    0.052331    0.105704    0.261347 ^ clkbuf_2_0__f_clk/X (sky130_fd_sc_hd__clkbuf_16)
                                                         clknet_2_0__leaf_clk (net)
                      0.052768    0.003631    0.264978 ^ _449_/CLK (sky130_fd_sc_hd__dfxtp_1)
                                  0.250000    0.514978   clock uncertainty
                                  0.000000    0.514978   clock reconvergence pessimism
                                 -0.016736    0.498241   library hold time
                                              0.498241   data required time
---------------------------------------------------------------------------------------------
                                              0.498241   data required time
                                             -0.613939   data arrival time
---------------------------------------------------------------------------------------------
                                              0.115697   slack (MET)


Startpoint: _462_ (rising edge-triggered flip-flop clocked by clk)
Endpoint: _462_ (rising edge-triggered flip-flop clocked by clk)
Path Group: clk
Path Type: min

Fanout         Cap        Slew       Delay        Time   Description
---------------------------------------------------------------------------------------------
                                  0.000000    0.000000   clock clk (rise edge)
                                  0.000000    0.000000   clock source latency
     1    0.018597    0.067071    0.046028    0.046028 ^ clk (in)
                                                         clk (net)
                      0.067091    0.000000    0.046028 ^ clkbuf_0_clk/A (sky130_fd_sc_hd__clkbuf_16)
     4    0.041408    0.046196    0.106941    0.152969 ^ clkbuf_0_clk/X (sky130_fd_sc_hd__clkbuf_16)
                                                         clknet_0_clk (net)
                      0.046488    0.002563    0.155532 ^ clkbuf_2_2__f_clk/A (sky130_fd_sc_hd__clkbuf_16)
    13    0.050124    0.052291    0.105751    0.261283 ^ clkbuf_2_2__f_clk/X (sky130_fd_sc_hd__clkbuf_16)
                                                         clknet_2_2__leaf_clk (net)
                      0.052779    0.003921    0.265205 ^ _462_/CLK (sky130_fd_sc_hd__dfxtp_1)
     2    0.004289    0.023451    0.195515    0.460719 v _462_/Q (sky130_fd_sc_hd__dfxtp_1)
                                                         u_system.global_timeout_count[2] (net)
                      0.023451    0.000232    0.460952 v _345_/B1 (sky130_fd_sc_hd__a21oi_1)
     1    0.003497    0.053473    0.051930    0.512881 ^ _345_/Y (sky130_fd_sc_hd__a21oi_1)
                                                         _151_ (net)
                      0.053490    0.000239    0.513120 ^ _346_/A2 (sky130_fd_sc_hd__o21a_1)
     1    0.002752    0.027786    0.066389    0.579509 ^ _346_/X (sky130_fd_sc_hd__o21a_1)
                                                         _152_ (net)
                      0.027787    0.000129    0.579638 ^ _347_/B (sky130_fd_sc_hd__nor2_1)
     1    0.002468    0.013961    0.019638    0.599275 v _347_/Y (sky130_fd_sc_hd__nor2_1)
                                                         _026_ (net)
                      0.013967    0.000180    0.599455 v _462_/D (sky130_fd_sc_hd__dfxtp_1)
                                              0.599455   data arrival time

                                  0.000000    0.000000   clock clk (rise edge)
                                  0.000000    0.000000   clock source latency
     1    0.018597    0.067071    0.046028    0.046028 ^ clk (in)
                                                         clk (net)
                      0.067091    0.000000    0.046028 ^ clkbuf_0_clk/A (sky130_fd_sc_hd__clkbuf_16)
     4    0.041408    0.046196    0.106941    0.152969 ^ clkbuf_0_clk/X (sky130_fd_sc_hd__clkbuf_16)
                                                         clknet_0_clk (net)
                      0.046488    0.002563    0.155532 ^ clkbuf_2_2__f_clk/A (sky130_fd_sc_hd__clkbuf_16)
    13    0.050124    0.052291    0.105751    0.261283 ^ clkbuf_2_2__f_clk/X (sky130_fd_sc_hd__clkbuf_16)
                                                         clknet_2_2__leaf_clk (net)
                      0.052779    0.003921    0.265205 ^ _462_/CLK (sky130_fd_sc_hd__dfxtp_1)
                                  0.250000    0.515205   clock uncertainty
                                  0.000000    0.515205   clock reconvergence pessimism
                                 -0.031760    0.483444   library hold time
                                              0.483444   data required time
---------------------------------------------------------------------------------------------
                                              0.483444   data required time
                                             -0.599455   data arrival time
---------------------------------------------------------------------------------------------
                                              0.116011   slack (MET)


Startpoint: _444_ (rising edge-triggered flip-flop clocked by clk)
Endpoint: _444_ (rising edge-triggered flip-flop clocked by clk)
Path Group: clk
Path Type: min

Fanout         Cap        Slew       Delay        Time   Description
---------------------------------------------------------------------------------------------
                                  0.000000    0.000000   clock clk (rise edge)
                                  0.000000    0.000000   clock source latency
     1    0.018597    0.067071    0.046028    0.046028 ^ clk (in)
                                                         clk (net)
                      0.067091    0.000000    0.046028 ^ clkbuf_0_clk/A (sky130_fd_sc_hd__clkbuf_16)
     4    0.041408    0.046196    0.106941    0.152969 ^ clkbuf_0_clk/X (sky130_fd_sc_hd__clkbuf_16)
                                                         clknet_0_clk (net)
                      0.046489    0.002568    0.155537 ^ clkbuf_2_1__f_clk/A (sky130_fd_sc_hd__clkbuf_16)
    12    0.049645    0.052003    0.105854    0.261390 ^ clkbuf_2_1__f_clk/X (sky130_fd_sc_hd__clkbuf_16)
                                                         clknet_2_1__leaf_clk (net)
                      0.052325    0.003191    0.264582 ^ _444_/CLK (sky130_fd_sc_hd__dfxtp_1)
     3    0.007415    0.059606    0.212871    0.477452 ^ _444_/Q (sky130_fd_sc_hd__dfxtp_1)
                                                         u_system.group_timeout_count[8] (net)
                      0.059609    0.000472    0.477924 ^ _288_/B1 (sky130_fd_sc_hd__a31o_1)
     1    0.002785    0.027419    0.055667    0.533591 ^ _288_/X (sky130_fd_sc_hd__a31o_1)
                                                         _112_ (net)
                      0.027420    0.000207    0.533798 ^ _289_/C (sky130_fd_sc_hd__and3_1)
     1    0.002126    0.029925    0.082842    0.616640 ^ _289_/X (sky130_fd_sc_hd__and3_1)
                                                         _008_ (net)
                      0.029925    0.000099    0.616739 ^ _444_/D (sky130_fd_sc_hd__dfxtp_1)
                                              0.616739   data arrival time

                                  0.000000    0.000000   clock clk (rise edge)
                                  0.000000    0.000000   clock source latency
     1    0.018597    0.067071    0.046028    0.046028 ^ clk (in)
                                                         clk (net)
                      0.067091    0.000000    0.046028 ^ clkbuf_0_clk/A (sky130_fd_sc_hd__clkbuf_16)
     4    0.041408    0.046196    0.106941    0.152969 ^ clkbuf_0_clk/X (sky130_fd_sc_hd__clkbuf_16)
                                                         clknet_0_clk (net)
                      0.046489    0.002568    0.155537 ^ clkbuf_2_1__f_clk/A (sky130_fd_sc_hd__clkbuf_16)
    12    0.049645    0.052003    0.105854    0.261390 ^ clkbuf_2_1__f_clk/X (sky130_fd_sc_hd__clkbuf_16)
                                                         clknet_2_1__leaf_clk (net)
                      0.052325    0.003191    0.264582 ^ _444_/CLK (sky130_fd_sc_hd__dfxtp_1)
                                  0.250000    0.514582   clock uncertainty
                                  0.000000    0.514582   clock reconvergence pessimism
                                 -0.016715    0.497866   library hold time
                                              0.497866   data required time
---------------------------------------------------------------------------------------------
                                              0.497866   data required time
                                             -0.616739   data arrival time
---------------------------------------------------------------------------------------------
                                              0.118873   slack (MET)


Startpoint: _474_ (rising edge-triggered flip-flop clocked by clk)
Endpoint: _474_ (rising edge-triggered flip-flop clocked by clk)
Path Group: clk
Path Type: min

Fanout         Cap        Slew       Delay        Time   Description
---------------------------------------------------------------------------------------------
                                  0.000000    0.000000   clock clk (rise edge)
                                  0.000000    0.000000   clock source latency
     1    0.018597    0.067071    0.046028    0.046028 ^ clk (in)
                                                         clk (net)
                      0.067091    0.000000    0.046028 ^ clkbuf_0_clk/A (sky130_fd_sc_hd__clkbuf_16)
     4    0.041408    0.046196    0.106941    0.152969 ^ clkbuf_0_clk/X (sky130_fd_sc_hd__clkbuf_16)
                                                         clknet_0_clk (net)
                      0.046488    0.002563    0.155532 ^ clkbuf_2_2__f_clk/A (sky130_fd_sc_hd__clkbuf_16)
    13    0.050124    0.052291    0.105751    0.261283 ^ clkbuf_2_2__f_clk/X (sky130_fd_sc_hd__clkbuf_16)
                                                         clknet_2_2__leaf_clk (net)
                      0.052746    0.003776    0.265059 ^ _474_/CLK (sky130_fd_sc_hd__dfxtp_1)
     5    0.018720    0.136361    0.266726    0.531785 ^ _474_/Q (sky130_fd_sc_hd__dfxtp_1)
                                                         u_system.global_timeout_count[14] (net)
                      0.136366    0.000964    0.532749 ^ _380_/A1 (sky130_fd_sc_hd__o21ba_1)
     1    0.002272    0.027238    0.087358    0.620106 ^ _380_/X (sky130_fd_sc_hd__o21ba_1)
                                                         _038_ (net)
                      0.027249    0.000158    0.620264 ^ _474_/D (sky130_fd_sc_hd__dfxtp_1)
                                              0.620264   data arrival time

                                  0.000000    0.000000   clock clk (rise edge)
                                  0.000000    0.000000   clock source latency
     1    0.018597    0.067071    0.046028    0.046028 ^ clk (in)
                                                         clk (net)
                      0.067091    0.000000    0.046028 ^ clkbuf_0_clk/A (sky130_fd_sc_hd__clkbuf_16)
     4    0.041408    0.046196    0.106941    0.152969 ^ clkbuf_0_clk/X (sky130_fd_sc_hd__clkbuf_16)
                                                         clknet_0_clk (net)
                      0.046488    0.002563    0.155532 ^ clkbuf_2_2__f_clk/A (sky130_fd_sc_hd__clkbuf_16)
    13    0.050124    0.052291    0.105751    0.261283 ^ clkbuf_2_2__f_clk/X (sky130_fd_sc_hd__clkbuf_16)
                                                         clknet_2_2__leaf_clk (net)
                      0.052746    0.003776    0.265059 ^ _474_/CLK (sky130_fd_sc_hd__dfxtp_1)
                                  0.250000    0.515059   clock uncertainty
                                  0.000000    0.515059   clock reconvergence pessimism
                                 -0.016516    0.498543   library hold time
                                              0.498543   data required time
---------------------------------------------------------------------------------------------
                                              0.498543   data required time
                                             -0.620264   data arrival time
---------------------------------------------------------------------------------------------
                                              0.121721   slack (MET)


Startpoint: _437_ (rising edge-triggered flip-flop clocked by clk)
Endpoint: _437_ (rising edge-triggered flip-flop clocked by clk)
Path Group: clk
Path Type: min

Fanout         Cap        Slew       Delay        Time   Description
---------------------------------------------------------------------------------------------
                                  0.000000    0.000000   clock clk (rise edge)
                                  0.000000    0.000000   clock source latency
     1    0.018597    0.067071    0.046028    0.046028 ^ clk (in)
                                                         clk (net)
                      0.067091    0.000000    0.046028 ^ clkbuf_0_clk/A (sky130_fd_sc_hd__clkbuf_16)
     4    0.041408    0.046196    0.106941    0.152969 ^ clkbuf_0_clk/X (sky130_fd_sc_hd__clkbuf_16)
                                                         clknet_0_clk (net)
                      0.046507    0.002674    0.155643 ^ clkbuf_2_0__f_clk/A (sky130_fd_sc_hd__clkbuf_16)
    16    0.050259    0.052331    0.105704    0.261347 ^ clkbuf_2_0__f_clk/X (sky130_fd_sc_hd__clkbuf_16)
                                                         clknet_2_0__leaf_clk (net)
                      0.053100    0.004956    0.266303 ^ _437_/CLK (sky130_fd_sc_hd__dfxtp_1)
     6    0.015759    0.056590    0.225037    0.491341 v _437_/Q (sky130_fd_sc_hd__dfxtp_1)
                                                         u_system.group_timeout_count[1] (net)
                      0.056600    0.000759    0.492100 v _267_/B (sky130_fd_sc_hd__nand2_1)
     1    0.002359    0.031679    0.051172    0.543272 ^ _267_/Y (sky130_fd_sc_hd__nand2_1)
                                                         _098_ (net)
                      0.031679    0.000094    0.543366 ^ _269_/B (sky130_fd_sc_hd__and3_1)
     1    0.002037    0.029380    0.080010    0.623376 ^ _269_/X (sky130_fd_sc_hd__and3_1)
                                                         _001_ (net)
                      0.029380    0.000146    0.623522 ^ _437_/D (sky130_fd_sc_hd__dfxtp_1)
                                              0.623522   data arrival time

                                  0.000000    0.000000   clock clk (rise edge)
                                  0.000000    0.000000   clock source latency
     1    0.018597    0.067071    0.046028    0.046028 ^ clk (in)
                                                         clk (net)
                      0.067091    0.000000    0.046028 ^ clkbuf_0_clk/A (sky130_fd_sc_hd__clkbuf_16)
     4    0.041408    0.046196    0.106941    0.152969 ^ clkbuf_0_clk/X (sky130_fd_sc_hd__clkbuf_16)
                                                         clknet_0_clk (net)
                      0.046507    0.002674    0.155643 ^ clkbuf_2_0__f_clk/A (sky130_fd_sc_hd__clkbuf_16)
    16    0.050259    0.052331    0.105704    0.261347 ^ clkbuf_2_0__f_clk/X (sky130_fd_sc_hd__clkbuf_16)
                                                         clknet_2_0__leaf_clk (net)
                      0.053100    0.004956    0.266303 ^ _437_/CLK (sky130_fd_sc_hd__dfxtp_1)
                                  0.250000    0.516303   clock uncertainty
                                  0.000000    0.516303   clock reconvergence pessimism
                                 -0.016658    0.499645   library hold time
                                              0.499645   data required time
---------------------------------------------------------------------------------------------
                                              0.499645   data required time
                                             -0.623522   data arrival time
---------------------------------------------------------------------------------------------
                                              0.123877   slack (MET)


Startpoint: _451_ (rising edge-triggered flip-flop clocked by clk)
Endpoint: _451_ (rising edge-triggered flip-flop clocked by clk)
Path Group: clk
Path Type: min

Fanout         Cap        Slew       Delay        Time   Description
---------------------------------------------------------------------------------------------
                                  0.000000    0.000000   clock clk (rise edge)
                                  0.000000    0.000000   clock source latency
     1    0.018597    0.067071    0.046028    0.046028 ^ clk (in)
                                                         clk (net)
                      0.067091    0.000000    0.046028 ^ clkbuf_0_clk/A (sky130_fd_sc_hd__clkbuf_16)
     4    0.041408    0.046196    0.106941    0.152969 ^ clkbuf_0_clk/X (sky130_fd_sc_hd__clkbuf_16)
                                                         clknet_0_clk (net)
                      0.046507    0.002674    0.155643 ^ clkbuf_2_0__f_clk/A (sky130_fd_sc_hd__clkbuf_16)
    16    0.050259    0.052331    0.105704    0.261347 ^ clkbuf_2_0__f_clk/X (sky130_fd_sc_hd__clkbuf_16)
                                                         clknet_2_0__leaf_clk (net)
                      0.052667    0.003152    0.264499 ^ _451_/CLK (sky130_fd_sc_hd__dfxtp_1)
     3    0.007411    0.059564    0.213035    0.477534 ^ _451_/Q (sky130_fd_sc_hd__dfxtp_1)
                                                         u_system.group_timeout_count[15] (net)
                      0.059564    0.000256    0.477790 ^ _308_/A (sky130_fd_sc_hd__or2_1)
     1    0.002706    0.028648    0.066196    0.543986 ^ _308_/X (sky130_fd_sc_hd__or2_1)
                                                         _125_ (net)
                      0.028649    0.000167    0.544153 ^ _310_/B (sky130_fd_sc_hd__and3_1)
     1    0.002104    0.029790    0.079673    0.623826 ^ _310_/X (sky130_fd_sc_hd__and3_1)
                                                         _015_ (net)
                      0.029790    0.000153    0.623979 ^ _451_/D (sky130_fd_sc_hd__dfxtp_1)
                                              0.623979   data arrival time

                                  0.000000    0.000000   clock clk (rise edge)
                                  0.000000    0.000000   clock source latency
     1    0.018597    0.067071    0.046028    0.046028 ^ clk (in)
                                                         clk (net)
                      0.067091    0.000000    0.046028 ^ clkbuf_0_clk/A (sky130_fd_sc_hd__clkbuf_16)
     4    0.041408    0.046196    0.106941    0.152969 ^ clkbuf_0_clk/X (sky130_fd_sc_hd__clkbuf_16)
                                                         clknet_0_clk (net)
                      0.046507    0.002674    0.155643 ^ clkbuf_2_0__f_clk/A (sky130_fd_sc_hd__clkbuf_16)
    16    0.050259    0.052331    0.105704    0.261347 ^ clkbuf_2_0__f_clk/X (sky130_fd_sc_hd__clkbuf_16)
                                                         clknet_2_0__leaf_clk (net)
                      0.052667    0.003152    0.264499 ^ _451_/CLK (sky130_fd_sc_hd__dfxtp_1)
                                  0.250000    0.514499   clock uncertainty
                                  0.000000    0.514499   clock reconvergence pessimism
                                 -0.016698    0.497802   library hold time
                                              0.497802   data required time
---------------------------------------------------------------------------------------------
                                              0.497802   data required time
                                             -0.623979   data arrival time
---------------------------------------------------------------------------------------------
                                              0.126178   slack (MET)


Startpoint: _474_ (rising edge-triggered flip-flop clocked by clk)
Endpoint: _475_ (rising edge-triggered flip-flop clocked by clk)
Path Group: clk
Path Type: min

Fanout         Cap        Slew       Delay        Time   Description
---------------------------------------------------------------------------------------------
                                  0.000000    0.000000   clock clk (rise edge)
                                  0.000000    0.000000   clock source latency
     1    0.018597    0.067071    0.046028    0.046028 ^ clk (in)
                                                         clk (net)
                      0.067091    0.000000    0.046028 ^ clkbuf_0_clk/A (sky130_fd_sc_hd__clkbuf_16)
     4    0.041408    0.046196    0.106941    0.152969 ^ clkbuf_0_clk/X (sky130_fd_sc_hd__clkbuf_16)
                                                         clknet_0_clk (net)
                      0.046488    0.002563    0.155532 ^ clkbuf_2_2__f_clk/A (sky130_fd_sc_hd__clkbuf_16)
    13    0.050124    0.052291    0.105751    0.261283 ^ clkbuf_2_2__f_clk/X (sky130_fd_sc_hd__clkbuf_16)
                                                         clknet_2_2__leaf_clk (net)
                      0.052746    0.003776    0.265059 ^ _474_/CLK (sky130_fd_sc_hd__dfxtp_1)
     5    0.018720    0.136361    0.266726    0.531785 ^ _474_/Q (sky130_fd_sc_hd__dfxtp_1)
                                                         u_system.global_timeout_count[14] (net)
                      0.136368    0.001072    0.532856 ^ _381_/A1 (sky130_fd_sc_hd__a21oi_1)
     1    0.003449    0.019763    0.047065    0.579922 v _381_/Y (sky130_fd_sc_hd__a21oi_1)
                                                         _174_ (net)
                      0.019766    0.000222    0.580144 v _382_/B (sky130_fd_sc_hd__nor2_1)
     1    0.002028    0.044299    0.044173    0.624317 ^ _382_/Y (sky130_fd_sc_hd__nor2_1)
                                                         _039_ (net)
                      0.044299    0.000145    0.624461 ^ _475_/D (sky130_fd_sc_hd__dfxtp_1)
                                              0.624461   data arrival time

                                  0.000000    0.000000   clock clk (rise edge)
                                  0.000000    0.000000   clock source latency
     1    0.018597    0.067071    0.046028    0.046028 ^ clk (in)
                                                         clk (net)
                      0.067091    0.000000    0.046028 ^ clkbuf_0_clk/A (sky130_fd_sc_hd__clkbuf_16)
     4    0.041408    0.046196    0.106941    0.152969 ^ clkbuf_0_clk/X (sky130_fd_sc_hd__clkbuf_16)
                                                         clknet_0_clk (net)
                      0.046488    0.002563    0.155532 ^ clkbuf_2_2__f_clk/A (sky130_fd_sc_hd__clkbuf_16)
    13    0.050124    0.052291    0.105751    0.261283 ^ clkbuf_2_2__f_clk/X (sky130_fd_sc_hd__clkbuf_16)
                                                         clknet_2_2__leaf_clk (net)
                      0.052758    0.003828    0.265111 ^ _475_/CLK (sky130_fd_sc_hd__dfxtp_1)
                                  0.250000    0.515111   clock uncertainty
                                  0.000000    0.515111   clock reconvergence pessimism
                                 -0.017719    0.497392   library hold time
                                              0.497392   data required time
---------------------------------------------------------------------------------------------
                                              0.497392   data required time
                                             -0.624461   data arrival time
---------------------------------------------------------------------------------------------
                                              0.127069   slack (MET)


Startpoint: _450_ (rising edge-triggered flip-flop clocked by clk)
Endpoint: _450_ (rising edge-triggered flip-flop clocked by clk)
Path Group: clk
Path Type: min

Fanout         Cap        Slew       Delay        Time   Description
---------------------------------------------------------------------------------------------
                                  0.000000    0.000000   clock clk (rise edge)
                                  0.000000    0.000000   clock source latency
     1    0.018597    0.067071    0.046028    0.046028 ^ clk (in)
                                                         clk (net)
                      0.067091    0.000000    0.046028 ^ clkbuf_0_clk/A (sky130_fd_sc_hd__clkbuf_16)
     4    0.041408    0.046196    0.106941    0.152969 ^ clkbuf_0_clk/X (sky130_fd_sc_hd__clkbuf_16)
                                                         clknet_0_clk (net)
                      0.046507    0.002674    0.155643 ^ clkbuf_2_0__f_clk/A (sky130_fd_sc_hd__clkbuf_16)
    16    0.050259    0.052331    0.105704    0.261347 ^ clkbuf_2_0__f_clk/X (sky130_fd_sc_hd__clkbuf_16)
                                                         clknet_2_0__leaf_clk (net)
                      0.052713    0.003377    0.264724 ^ _450_/CLK (sky130_fd_sc_hd__dfxtp_1)
     3    0.007316    0.058936    0.212559    0.477283 ^ _450_/Q (sky130_fd_sc_hd__dfxtp_1)
                                                         u_system.group_timeout_count[14] (net)
                      0.058937    0.000399    0.477683 ^ _306_/A (sky130_fd_sc_hd__or2_1)
     1    0.002479    0.027188    0.064983    0.542665 ^ _306_/X (sky130_fd_sc_hd__or2_1)
                                                         _124_ (net)
                      0.027188    0.000158    0.542823 ^ _307_/B (sky130_fd_sc_hd__and3b_1)
     1    0.002395    0.031780    0.082568    0.625391 ^ _307_/X (sky130_fd_sc_hd__and3b_1)
                                                         _014_ (net)
                      0.031780    0.000172    0.625563 ^ _450_/D (sky130_fd_sc_hd__dfxtp_1)
                                              0.625563   data arrival time

                                  0.000000    0.000000   clock clk (rise edge)
                                  0.000000    0.000000   clock source latency
     1    0.018597    0.067071    0.046028    0.046028 ^ clk (in)
                                                         clk (net)
                      0.067091    0.000000    0.046028 ^ clkbuf_0_clk/A (sky130_fd_sc_hd__clkbuf_16)
     4    0.041408    0.046196    0.106941    0.152969 ^ clkbuf_0_clk/X (sky130_fd_sc_hd__clkbuf_16)
                                                         clknet_0_clk (net)
                      0.046507    0.002674    0.155643 ^ clkbuf_2_0__f_clk/A (sky130_fd_sc_hd__clkbuf_16)
    16    0.050259    0.052331    0.105704    0.261347 ^ clkbuf_2_0__f_clk/X (sky130_fd_sc_hd__clkbuf_16)
                                                         clknet_2_0__leaf_clk (net)
                      0.052713    0.003377    0.264724 ^ _450_/CLK (sky130_fd_sc_hd__dfxtp_1)
                                  0.250000    0.514724   clock uncertainty
                                  0.000000    0.514724   clock reconvergence pessimism
                                 -0.016837    0.497887   library hold time
                                              0.497887   data required time
---------------------------------------------------------------------------------------------
                                              0.497887   data required time
                                             -0.625563   data arrival time
---------------------------------------------------------------------------------------------
                                              0.127676   slack (MET)


Startpoint: _436_ (rising edge-triggered flip-flop clocked by clk)
Endpoint: _436_ (rising edge-triggered flip-flop clocked by clk)
Path Group: clk
Path Type: min

Fanout         Cap        Slew       Delay        Time   Description
---------------------------------------------------------------------------------------------
                                  0.000000    0.000000   clock clk (rise edge)
                                  0.000000    0.000000   clock source latency
     1    0.018597    0.067071    0.046028    0.046028 ^ clk (in)
                                                         clk (net)
                      0.067091    0.000000    0.046028 ^ clkbuf_0_clk/A (sky130_fd_sc_hd__clkbuf_16)
     4    0.041408    0.046196    0.106941    0.152969 ^ clkbuf_0_clk/X (sky130_fd_sc_hd__clkbuf_16)
                                                         clknet_0_clk (net)
                      0.046507    0.002674    0.155643 ^ clkbuf_2_0__f_clk/A (sky130_fd_sc_hd__clkbuf_16)
    16    0.050259    0.052331    0.105704    0.261347 ^ clkbuf_2_0__f_clk/X (sky130_fd_sc_hd__clkbuf_16)
                                                         clknet_2_0__leaf_clk (net)
                      0.052975    0.004493    0.265840 ^ _436_/CLK (sky130_fd_sc_hd__dfxtp_1)
     7    0.019486    0.067940    0.233740    0.499579 v _436_/Q (sky130_fd_sc_hd__dfxtp_1)
                                                         u_system.group_timeout_count[0] (net)
                      0.067957    0.001026    0.500606 v _266_/A_N (sky130_fd_sc_hd__and2b_1)
     1    0.002193    0.026002    0.126693    0.627298 ^ _266_/X (sky130_fd_sc_hd__and2b_1)
                                                         _000_ (net)
                      0.026002    0.000156    0.627454 ^ _436_/D (sky130_fd_sc_hd__dfxtp_1)
                                              0.627454   data arrival time

                                  0.000000    0.000000   clock clk (rise edge)
                                  0.000000    0.000000   clock source latency
     1    0.018597    0.067071    0.046028    0.046028 ^ clk (in)
                                                         clk (net)
                      0.067091    0.000000    0.046028 ^ clkbuf_0_clk/A (sky130_fd_sc_hd__clkbuf_16)
     4    0.041408    0.046196    0.106941    0.152969 ^ clkbuf_0_clk/X (sky130_fd_sc_hd__clkbuf_16)
                                                         clknet_0_clk (net)
                      0.046507    0.002674    0.155643 ^ clkbuf_2_0__f_clk/A (sky130_fd_sc_hd__clkbuf_16)
    16    0.050259    0.052331    0.105704    0.261347 ^ clkbuf_2_0__f_clk/X (sky130_fd_sc_hd__clkbuf_16)
                                                         clknet_2_0__leaf_clk (net)
                      0.052975    0.004493    0.265840 ^ _436_/CLK (sky130_fd_sc_hd__dfxtp_1)
                                  0.250000    0.515840   clock uncertainty
                                  0.000000    0.515840   clock reconvergence pessimism
                                 -0.016423    0.499417   library hold time
                                              0.499417   data required time
---------------------------------------------------------------------------------------------
                                              0.499417   data required time
                                             -0.627454   data arrival time
---------------------------------------------------------------------------------------------
                                              0.128038   slack (MET)


Startpoint: _461_ (rising edge-triggered flip-flop clocked by clk)
Endpoint: _461_ (rising edge-triggered flip-flop clocked by clk)
Path Group: clk
Path Type: min

Fanout         Cap        Slew       Delay        Time   Description
---------------------------------------------------------------------------------------------
                                  0.000000    0.000000   clock clk (rise edge)
                                  0.000000    0.000000   clock source latency
     1    0.018597    0.067071    0.046028    0.046028 ^ clk (in)
                                                         clk (net)
                      0.067091    0.000000    0.046028 ^ clkbuf_0_clk/A (sky130_fd_sc_hd__clkbuf_16)
     4    0.041408    0.046196    0.106941    0.152969 ^ clkbuf_0_clk/X (sky130_fd_sc_hd__clkbuf_16)
                                                         clknet_0_clk (net)
                      0.046488    0.002563    0.155532 ^ clkbuf_2_2__f_clk/A (sky130_fd_sc_hd__clkbuf_16)
    13    0.050124    0.052291    0.105751    0.261283 ^ clkbuf_2_2__f_clk/X (sky130_fd_sc_hd__clkbuf_16)
                                                         clknet_2_2__leaf_clk (net)
                      0.052690    0.003518    0.264801 ^ _461_/CLK (sky130_fd_sc_hd__dfxtp_1)
     3    0.011345    0.085989    0.231756    0.496557 ^ _461_/Q (sky130_fd_sc_hd__dfxtp_1)
                                                         u_system.global_timeout_count[1] (net)
                      0.085993    0.000675    0.497231 ^ _343_/A (sky130_fd_sc_hd__xnor2_1)
     1    0.003037    0.037859    0.076385    0.573617 ^ _343_/Y (sky130_fd_sc_hd__xnor2_1)
                                                         _150_ (net)
                      0.037859    0.000209    0.573826 ^ _344_/A2 (sky130_fd_sc_hd__a21oi_1)
     1    0.002486    0.024240    0.035141    0.608967 v _344_/Y (sky130_fd_sc_hd__a21oi_1)
                                                         _025_ (net)
                      0.024240    0.000179    0.609146 v _461_/D (sky130_fd_sc_hd__dfxtp_1)
                                              0.609146   data arrival time

                                  0.000000    0.000000   clock clk (rise edge)
                                  0.000000    0.000000   clock source latency
     1    0.018597    0.067071    0.046028    0.046028 ^ clk (in)
                                                         clk (net)
                      0.067091    0.000000    0.046028 ^ clkbuf_0_clk/A (sky130_fd_sc_hd__clkbuf_16)
     4    0.041408    0.046196    0.106941    0.152969 ^ clkbuf_0_clk/X (sky130_fd_sc_hd__clkbuf_16)
                                                         clknet_0_clk (net)
                      0.046488    0.002563    0.155532 ^ clkbuf_2_2__f_clk/A (sky130_fd_sc_hd__clkbuf_16)
    13    0.050124    0.052291    0.105751    0.261283 ^ clkbuf_2_2__f_clk/X (sky130_fd_sc_hd__clkbuf_16)
                                                         clknet_2_2__leaf_clk (net)
                      0.052690    0.003518    0.264801 ^ _461_/CLK (sky130_fd_sc_hd__dfxtp_1)
                                  0.250000    0.514801   clock uncertainty
                                  0.000000    0.514801   clock reconvergence pessimism
                                 -0.035260    0.479541   library hold time
                                              0.479541   data required time
---------------------------------------------------------------------------------------------
                                              0.479541   data required time
                                             -0.609146   data arrival time
---------------------------------------------------------------------------------------------
                                              0.129605   slack (MET)


Startpoint: _487_ (rising edge-triggered flip-flop clocked by clk)
Endpoint: _457_ (rising edge-triggered flip-flop clocked by clk)
Path Group: clk
Path Type: min

Fanout         Cap        Slew       Delay        Time   Description
---------------------------------------------------------------------------------------------
                                  0.000000    0.000000   clock clk (rise edge)
                                  0.000000    0.000000   clock source latency
     1    0.018597    0.067071    0.046028    0.046028 ^ clk (in)
                                                         clk (net)
                      0.067091    0.000000    0.046028 ^ clkbuf_0_clk/A (sky130_fd_sc_hd__clkbuf_16)
     4    0.041408    0.046196    0.106941    0.152969 ^ clkbuf_0_clk/X (sky130_fd_sc_hd__clkbuf_16)
                                                         clknet_0_clk (net)
                      0.046465    0.002427    0.155396 ^ clkbuf_2_3__f_clk/A (sky130_fd_sc_hd__clkbuf_16)
    14    0.050529    0.052622    0.106408    0.261804 ^ clkbuf_2_3__f_clk/X (sky130_fd_sc_hd__clkbuf_16)
                                                         clknet_2_3__leaf_clk (net)
                      0.052814    0.002198    0.264002 ^ _487_/CLK (sky130_fd_sc_hd__dfxtp_1)
     9    0.025000    0.084460    0.246236    0.510238 v _487_/Q (sky130_fd_sc_hd__dfxtp_1)
                                                         u_system.u_global.state[4] (net)
                      0.084464    0.000679    0.510916 v _316_/A (sky130_fd_sc_hd__and2_1)
     1    0.002145    0.022189    0.101138    0.612054 v _316_/X (sky130_fd_sc_hd__and2_1)
                                                         _021_ (net)
                      0.022189    0.000150    0.612204 v _457_/D (sky130_fd_sc_hd__dfxtp_1)
                                              0.612204   data arrival time

                                  0.000000    0.000000   clock clk (rise edge)
                                  0.000000    0.000000   clock source latency
     1    0.018597    0.067071    0.046028    0.046028 ^ clk (in)
                                                         clk (net)
                      0.067091    0.000000    0.046028 ^ clkbuf_0_clk/A (sky130_fd_sc_hd__clkbuf_16)
     4    0.041408    0.046196    0.106941    0.152969 ^ clkbuf_0_clk/X (sky130_fd_sc_hd__clkbuf_16)
                                                         clknet_0_clk (net)
                      0.046465    0.002427    0.155396 ^ clkbuf_2_3__f_clk/A (sky130_fd_sc_hd__clkbuf_16)
    14    0.050529    0.052622    0.106408    0.261804 ^ clkbuf_2_3__f_clk/X (sky130_fd_sc_hd__clkbuf_16)
                                                         clknet_2_3__leaf_clk (net)
                      0.052818    0.002222    0.264025 ^ _457_/CLK (sky130_fd_sc_hd__dfxtp_1)
                                  0.250000    0.514025   clock uncertainty
                                  0.000000    0.514025   clock reconvergence pessimism
                                 -0.034551    0.479475   library hold time
                                              0.479475   data required time
---------------------------------------------------------------------------------------------
                                              0.479475   data required time
                                             -0.612204   data arrival time
---------------------------------------------------------------------------------------------
                                              0.132730   slack (MET)


Startpoint: _445_ (rising edge-triggered flip-flop clocked by clk)
Endpoint: _445_ (rising edge-triggered flip-flop clocked by clk)
Path Group: clk
Path Type: min

Fanout         Cap        Slew       Delay        Time   Description
---------------------------------------------------------------------------------------------
                                  0.000000    0.000000   clock clk (rise edge)
                                  0.000000    0.000000   clock source latency
     1    0.018597    0.067071    0.046028    0.046028 ^ clk (in)
                                                         clk (net)
                      0.067091    0.000000    0.046028 ^ clkbuf_0_clk/A (sky130_fd_sc_hd__clkbuf_16)
     4    0.041408    0.046196    0.106941    0.152969 ^ clkbuf_0_clk/X (sky130_fd_sc_hd__clkbuf_16)
                                                         clknet_0_clk (net)
                      0.046489    0.002568    0.155537 ^ clkbuf_2_1__f_clk/A (sky130_fd_sc_hd__clkbuf_16)
    12    0.049645    0.052003    0.105854    0.261390 ^ clkbuf_2_1__f_clk/X (sky130_fd_sc_hd__clkbuf_16)
                                                         clknet_2_1__leaf_clk (net)
                      0.052305    0.003082    0.264472 ^ _445_/CLK (sky130_fd_sc_hd__dfxtp_1)
     4    0.012644    0.094836    0.237845    0.502317 ^ _445_/Q (sky130_fd_sc_hd__dfxtp_1)
                                                         u_system.group_timeout_count[9] (net)
                      0.094839    0.000633    0.502950 ^ _290_/B1 (sky130_fd_sc_hd__a21o_1)
     1    0.002345    0.023621    0.050021    0.552970 ^ _290_/X (sky130_fd_sc_hd__a21o_1)
                                                         _113_ (net)
                      0.023621    0.000153    0.553124 ^ _292_/B (sky130_fd_sc_hd__and3_1)
     1    0.002042    0.029414    0.078094    0.631218 ^ _292_/X (sky130_fd_sc_hd__and3_1)
                                                         _009_ (net)
                      0.029414    0.000092    0.631309 ^ _445_/D (sky130_fd_sc_hd__dfxtp_1)
                                              0.631309   data arrival time

                                  0.000000    0.000000   clock clk (rise edge)
                                  0.000000    0.000000   clock source latency
     1    0.018597    0.067071    0.046028    0.046028 ^ clk (in)
                                                         clk (net)
                      0.067091    0.000000    0.046028 ^ clkbuf_0_clk/A (sky130_fd_sc_hd__clkbuf_16)
     4    0.041408    0.046196    0.106941    0.152969 ^ clkbuf_0_clk/X (sky130_fd_sc_hd__clkbuf_16)
                                                         clknet_0_clk (net)
                      0.046489    0.002568    0.155537 ^ clkbuf_2_1__f_clk/A (sky130_fd_sc_hd__clkbuf_16)
    12    0.049645    0.052003    0.105854    0.261390 ^ clkbuf_2_1__f_clk/X (sky130_fd_sc_hd__clkbuf_16)
                                                         clknet_2_1__leaf_clk (net)
                      0.052305    0.003082    0.264472 ^ _445_/CLK (sky130_fd_sc_hd__dfxtp_1)
                                  0.250000    0.514472   clock uncertainty
                                  0.000000    0.514472   clock reconvergence pessimism
                                 -0.016680    0.497792   library hold time
                                              0.497792   data required time
---------------------------------------------------------------------------------------------
                                              0.497792   data required time
                                             -0.631309   data arrival time
---------------------------------------------------------------------------------------------
                                              0.133517   slack (MET)


Startpoint: _438_ (rising edge-triggered flip-flop clocked by clk)
Endpoint: _438_ (rising edge-triggered flip-flop clocked by clk)
Path Group: clk
Path Type: min

Fanout         Cap        Slew       Delay        Time   Description
---------------------------------------------------------------------------------------------
                                  0.000000    0.000000   clock clk (rise edge)
                                  0.000000    0.000000   clock source latency
     1    0.018597    0.067071    0.046028    0.046028 ^ clk (in)
                                                         clk (net)
                      0.067091    0.000000    0.046028 ^ clkbuf_0_clk/A (sky130_fd_sc_hd__clkbuf_16)
     4    0.041408    0.046196    0.106941    0.152969 ^ clkbuf_0_clk/X (sky130_fd_sc_hd__clkbuf_16)
                                                         clknet_0_clk (net)
                      0.046507    0.002674    0.155643 ^ clkbuf_2_0__f_clk/A (sky130_fd_sc_hd__clkbuf_16)
    16    0.050259    0.052331    0.105704    0.261347 ^ clkbuf_2_0__f_clk/X (sky130_fd_sc_hd__clkbuf_16)
                                                         clknet_2_0__leaf_clk (net)
                      0.052542    0.002474    0.263820 ^ _438_/CLK (sky130_fd_sc_hd__dfxtp_1)
     5    0.015390    0.055296    0.223802    0.487622 v _438_/Q (sky130_fd_sc_hd__dfxtp_1)
                                                         u_system.group_timeout_count[2] (net)
                      0.055311    0.000882    0.488504 v _270_/C (sky130_fd_sc_hd__nand3_1)
     1    0.002538    0.038676    0.062123    0.550627 ^ _270_/Y (sky130_fd_sc_hd__nand3_1)
                                                         _100_ (net)
                      0.038676    0.000099    0.550726 ^ _272_/B (sky130_fd_sc_hd__and3_1)
     1    0.002029    0.029323    0.081663    0.632390 ^ _272_/X (sky130_fd_sc_hd__and3_1)
                                                         _002_ (net)
                      0.029323    0.000146    0.632536 ^ _438_/D (sky130_fd_sc_hd__dfxtp_1)
                                              0.632536   data arrival time

                                  0.000000    0.000000   clock clk (rise edge)
                                  0.000000    0.000000   clock source latency
     1    0.018597    0.067071    0.046028    0.046028 ^ clk (in)
                                                         clk (net)
                      0.067091    0.000000    0.046028 ^ clkbuf_0_clk/A (sky130_fd_sc_hd__clkbuf_16)
     4    0.041408    0.046196    0.106941    0.152969 ^ clkbuf_0_clk/X (sky130_fd_sc_hd__clkbuf_16)
                                                         clknet_0_clk (net)
                      0.046507    0.002674    0.155643 ^ clkbuf_2_0__f_clk/A (sky130_fd_sc_hd__clkbuf_16)
    16    0.050259    0.052331    0.105704    0.261347 ^ clkbuf_2_0__f_clk/X (sky130_fd_sc_hd__clkbuf_16)
                                                         clknet_2_0__leaf_clk (net)
                      0.052542    0.002474    0.263820 ^ _438_/CLK (sky130_fd_sc_hd__dfxtp_1)
                                  0.250000    0.513820   clock uncertainty
                                  0.000000    0.513820   clock reconvergence pessimism
                                 -0.016668    0.497153   library hold time
                                              0.497153   data required time
---------------------------------------------------------------------------------------------
                                              0.497153   data required time
                                             -0.632536   data arrival time
---------------------------------------------------------------------------------------------
                                              0.135383   slack (MET)


Startpoint: _467_ (rising edge-triggered flip-flop clocked by clk)
Endpoint: _467_ (rising edge-triggered flip-flop clocked by clk)
Path Group: clk
Path Type: min

Fanout         Cap        Slew       Delay        Time   Description
---------------------------------------------------------------------------------------------
                                  0.000000    0.000000   clock clk (rise edge)
                                  0.000000    0.000000   clock source latency
     1    0.018597    0.067071    0.046028    0.046028 ^ clk (in)
                                                         clk (net)
                      0.067091    0.000000    0.046028 ^ clkbuf_0_clk/A (sky130_fd_sc_hd__clkbuf_16)
     4    0.041408    0.046196    0.106941    0.152969 ^ clkbuf_0_clk/X (sky130_fd_sc_hd__clkbuf_16)
                                                         clknet_0_clk (net)
                      0.046488    0.002563    0.155532 ^ clkbuf_2_2__f_clk/A (sky130_fd_sc_hd__clkbuf_16)
    13    0.050124    0.052291    0.105751    0.261283 ^ clkbuf_2_2__f_clk/X (sky130_fd_sc_hd__clkbuf_16)
                                                         clknet_2_2__leaf_clk (net)
                      0.052793    0.003981    0.265264 ^ _467_/CLK (sky130_fd_sc_hd__dfxtp_1)
     4    0.009666    0.038933    0.210390    0.475654 v _467_/Q (sky130_fd_sc_hd__dfxtp_1)
                                                         u_system.global_timeout_count[7] (net)
                      0.038937    0.000433    0.476087 v _360_/B1 (sky130_fd_sc_hd__a31o_1)
     1    0.003376    0.021097    0.073259    0.549345 v _360_/X (sky130_fd_sc_hd__a31o_1)
                                                         _161_ (net)
                      0.021098    0.000147    0.549492 v _361_/B (sky130_fd_sc_hd__nand2b_1)
     1    0.002548    0.032730    0.039524    0.589016 ^ _361_/Y (sky130_fd_sc_hd__nand2b_1)
                                                         _162_ (net)
                      0.032730    0.000118    0.589134 ^ _362_/A2 (sky130_fd_sc_hd__a21oi_1)
     1    0.002172    0.022531    0.032762    0.621896 v _362_/Y (sky130_fd_sc_hd__a21oi_1)
                                                         _031_ (net)
                      0.022531    0.000155    0.622051 v _467_/D (sky130_fd_sc_hd__dfxtp_1)
                                              0.622051   data arrival time

                                  0.000000    0.000000   clock clk (rise edge)
                                  0.000000    0.000000   clock source latency
     1    0.018597    0.067071    0.046028    0.046028 ^ clk (in)
                                                         clk (net)
                      0.067091    0.000000    0.046028 ^ clkbuf_0_clk/A (sky130_fd_sc_hd__clkbuf_16)
     4    0.041408    0.046196    0.106941    0.152969 ^ clkbuf_0_clk/X (sky130_fd_sc_hd__clkbuf_16)
                                                         clknet_0_clk (net)
                      0.046488    0.002563    0.155532 ^ clkbuf_2_2__f_clk/A (sky130_fd_sc_hd__clkbuf_16)
    13    0.050124    0.052291    0.105751    0.261283 ^ clkbuf_2_2__f_clk/X (sky130_fd_sc_hd__clkbuf_16)
                                                         clknet_2_2__leaf_clk (net)
                      0.052793    0.003981    0.265264 ^ _467_/CLK (sky130_fd_sc_hd__dfxtp_1)
                                  0.250000    0.515264   clock uncertainty
                                  0.000000    0.515264   clock reconvergence pessimism
                                 -0.034669    0.480595   library hold time
                                              0.480595   data required time
---------------------------------------------------------------------------------------------
                                              0.480595   data required time
                                             -0.622051   data arrival time
---------------------------------------------------------------------------------------------
                                              0.141456   slack (MET)


Startpoint: _440_ (rising edge-triggered flip-flop clocked by clk)
Endpoint: _440_ (rising edge-triggered flip-flop clocked by clk)
Path Group: clk
Path Type: min

Fanout         Cap        Slew       Delay        Time   Description
---------------------------------------------------------------------------------------------
                                  0.000000    0.000000   clock clk (rise edge)
                                  0.000000    0.000000   clock source latency
     1    0.018597    0.067071    0.046028    0.046028 ^ clk (in)
                                                         clk (net)
                      0.067091    0.000000    0.046028 ^ clkbuf_0_clk/A (sky130_fd_sc_hd__clkbuf_16)
     4    0.041408    0.046196    0.106941    0.152969 ^ clkbuf_0_clk/X (sky130_fd_sc_hd__clkbuf_16)
                                                         clknet_0_clk (net)
                      0.046507    0.002674    0.155643 ^ clkbuf_2_0__f_clk/A (sky130_fd_sc_hd__clkbuf_16)
    16    0.050259    0.052331    0.105704    0.261347 ^ clkbuf_2_0__f_clk/X (sky130_fd_sc_hd__clkbuf_16)
                                                         clknet_2_0__leaf_clk (net)
                      0.052385    0.001277    0.262623 ^ _440_/CLK (sky130_fd_sc_hd__dfxtp_1)
     7    0.020557    0.070914    0.236017    0.498640 v _440_/Q (sky130_fd_sc_hd__dfxtp_1)
                                                         u_system.group_timeout_count[4] (net)
                      0.070957    0.001589    0.500229 v _276_/A (sky130_fd_sc_hd__nand2_1)
     1    0.002676    0.033792    0.051147    0.551375 ^ _276_/Y (sky130_fd_sc_hd__nand2_1)
                                                         _104_ (net)
                      0.033792    0.000179    0.551554 ^ _278_/B (sky130_fd_sc_hd__and3_1)
     1    0.002970    0.035185    0.086138    0.637692 ^ _278_/X (sky130_fd_sc_hd__and3_1)
                                                         _004_ (net)
                      0.035186    0.000217    0.637909 ^ _440_/D (sky130_fd_sc_hd__dfxtp_1)
                                              0.637909   data arrival time

                                  0.000000    0.000000   clock clk (rise edge)
                                  0.000000    0.000000   clock source latency
     1    0.018597    0.067071    0.046028    0.046028 ^ clk (in)
                                                         clk (net)
                      0.067091    0.000000    0.046028 ^ clkbuf_0_clk/A (sky130_fd_sc_hd__clkbuf_16)
     4    0.041408    0.046196    0.106941    0.152969 ^ clkbuf_0_clk/X (sky130_fd_sc_hd__clkbuf_16)
                                                         clknet_0_clk (net)
                      0.046507    0.002674    0.155643 ^ clkbuf_2_0__f_clk/A (sky130_fd_sc_hd__clkbuf_16)
    16    0.050259    0.052331    0.105704    0.261347 ^ clkbuf_2_0__f_clk/X (sky130_fd_sc_hd__clkbuf_16)
                                                         clknet_2_0__leaf_clk (net)
                      0.052385    0.001277    0.262623 ^ _440_/CLK (sky130_fd_sc_hd__dfxtp_1)
                                  0.250000    0.512623   clock uncertainty
                                  0.000000    0.512623   clock reconvergence pessimism
                                 -0.017085    0.495538   library hold time
                                              0.495538   data required time
---------------------------------------------------------------------------------------------
                                              0.495538   data required time
                                             -0.637909   data arrival time
---------------------------------------------------------------------------------------------
                                              0.142371   slack (MET)


Startpoint: _472_ (rising edge-triggered flip-flop clocked by clk)
Endpoint: _472_ (rising edge-triggered flip-flop clocked by clk)
Path Group: clk
Path Type: min

Fanout         Cap        Slew       Delay        Time   Description
---------------------------------------------------------------------------------------------
                                  0.000000    0.000000   clock clk (rise edge)
                                  0.000000    0.000000   clock source latency
     1    0.018597    0.067071    0.046028    0.046028 ^ clk (in)
                                                         clk (net)
                      0.067091    0.000000    0.046028 ^ clkbuf_0_clk/A (sky130_fd_sc_hd__clkbuf_16)
     4    0.041408    0.046196    0.106941    0.152969 ^ clkbuf_0_clk/X (sky130_fd_sc_hd__clkbuf_16)
                                                         clknet_0_clk (net)
                      0.046488    0.002563    0.155532 ^ clkbuf_2_2__f_clk/A (sky130_fd_sc_hd__clkbuf_16)
    13    0.050124    0.052291    0.105751    0.261283 ^ clkbuf_2_2__f_clk/X (sky130_fd_sc_hd__clkbuf_16)
                                                         clknet_2_2__leaf_clk (net)
                      0.052690    0.003518    0.264801 ^ _472_/CLK (sky130_fd_sc_hd__dfxtp_1)
     4    0.008604    0.036001    0.207431    0.472232 v _472_/Q (sky130_fd_sc_hd__dfxtp_1)
                                                         u_system.global_timeout_count[12] (net)
                      0.036004    0.000332    0.472564 v _373_/A (sky130_fd_sc_hd__nor2_1)
     1    0.002945    0.054743    0.067822    0.540386 ^ _373_/Y (sky130_fd_sc_hd__nor2_1)
                                                         _169_ (net)
                      0.054743    0.000140    0.540526 ^ _374_/A2 (sky130_fd_sc_hd__o21a_1)
     1    0.002830    0.028290    0.066935    0.607461 ^ _374_/X (sky130_fd_sc_hd__o21a_1)
                                                         _170_ (net)
                      0.028290    0.000133    0.607594 ^ _375_/B (sky130_fd_sc_hd__nor2_1)
     1    0.002229    0.013537    0.019036    0.626630 v _375_/Y (sky130_fd_sc_hd__nor2_1)
                                                         _036_ (net)
                      0.013538    0.000154    0.626784 v _472_/D (sky130_fd_sc_hd__dfxtp_1)
                                              0.626784   data arrival time

                                  0.000000    0.000000   clock clk (rise edge)
                                  0.000000    0.000000   clock source latency
     1    0.018597    0.067071    0.046028    0.046028 ^ clk (in)
                                                         clk (net)
                      0.067091    0.000000    0.046028 ^ clkbuf_0_clk/A (sky130_fd_sc_hd__clkbuf_16)
     4    0.041408    0.046196    0.106941    0.152969 ^ clkbuf_0_clk/X (sky130_fd_sc_hd__clkbuf_16)
                                                         clknet_0_clk (net)
                      0.046488    0.002563    0.155532 ^ clkbuf_2_2__f_clk/A (sky130_fd_sc_hd__clkbuf_16)
    13    0.050124    0.052291    0.105751    0.261283 ^ clkbuf_2_2__f_clk/X (sky130_fd_sc_hd__clkbuf_16)
                                                         clknet_2_2__leaf_clk (net)
                      0.052690    0.003518    0.264801 ^ _472_/CLK (sky130_fd_sc_hd__dfxtp_1)
                                  0.250000    0.514801   clock uncertainty
                                  0.000000    0.514801   clock reconvergence pessimism
                                 -0.031623    0.483178   library hold time
                                              0.483178   data required time
---------------------------------------------------------------------------------------------
                                              0.483178   data required time
                                             -0.626784   data arrival time
---------------------------------------------------------------------------------------------
                                              0.143606   slack (MET)


Startpoint: _458_ (rising edge-triggered flip-flop clocked by clk)
Endpoint: _458_ (rising edge-triggered flip-flop clocked by clk)
Path Group: clk
Path Type: min

Fanout         Cap        Slew       Delay        Time   Description
---------------------------------------------------------------------------------------------
                                  0.000000    0.000000   clock clk (rise edge)
                                  0.000000    0.000000   clock source latency
     1    0.018597    0.067071    0.046028    0.046028 ^ clk (in)
                                                         clk (net)
                      0.067091    0.000000    0.046028 ^ clkbuf_0_clk/A (sky130_fd_sc_hd__clkbuf_16)
     4    0.041408    0.046196    0.106941    0.152969 ^ clkbuf_0_clk/X (sky130_fd_sc_hd__clkbuf_16)
                                                         clknet_0_clk (net)
                      0.046489    0.002568    0.155537 ^ clkbuf_2_1__f_clk/A (sky130_fd_sc_hd__clkbuf_16)
    12    0.049645    0.052003    0.105854    0.261390 ^ clkbuf_2_1__f_clk/X (sky130_fd_sc_hd__clkbuf_16)
                                                         clknet_2_1__leaf_clk (net)
                      0.052143    0.002055    0.263445 ^ _458_/CLK (sky130_fd_sc_hd__dfxtp_1)
     7    0.023726    0.080773    0.243777    0.507222 v _458_/Q (sky130_fd_sc_hd__dfxtp_1)
                                                         u_system.u_global.denial_counter[0] (net)
                      0.080779    0.000754    0.507977 v _322_/B1 (sky130_fd_sc_hd__o21ai_1)
     1    0.003386    0.050050    0.068887    0.576864 ^ _322_/Y (sky130_fd_sc_hd__o21ai_1)
                                                         _132_ (net)
                      0.050051    0.000231    0.577095 ^ _323_/C1 (sky130_fd_sc_hd__o211a_1)
     1    0.002287    0.024456    0.064069    0.641164 ^ _323_/X (sky130_fd_sc_hd__o211a_1)
                                                         _022_ (net)
                      0.024457    0.000160    0.641324 ^ _458_/D (sky130_fd_sc_hd__dfxtp_1)
                                              0.641324   data arrival time

                                  0.000000    0.000000   clock clk (rise edge)
                                  0.000000    0.000000   clock source latency
     1    0.018597    0.067071    0.046028    0.046028 ^ clk (in)
                                                         clk (net)
                      0.067091    0.000000    0.046028 ^ clkbuf_0_clk/A (sky130_fd_sc_hd__clkbuf_16)
     4    0.041408    0.046196    0.106941    0.152969 ^ clkbuf_0_clk/X (sky130_fd_sc_hd__clkbuf_16)
                                                         clknet_0_clk (net)
                      0.046489    0.002568    0.155537 ^ clkbuf_2_1__f_clk/A (sky130_fd_sc_hd__clkbuf_16)
    12    0.049645    0.052003    0.105854    0.261390 ^ clkbuf_2_1__f_clk/X (sky130_fd_sc_hd__clkbuf_16)
                                                         clknet_2_1__leaf_clk (net)
                      0.052143    0.002055    0.263445 ^ _458_/CLK (sky130_fd_sc_hd__dfxtp_1)
                                  0.250000    0.513445   clock uncertainty
                                  0.000000    0.513445   clock reconvergence pessimism
                                 -0.016334    0.497111   library hold time
                                              0.497111   data required time
---------------------------------------------------------------------------------------------
                                              0.497111   data required time
                                             -0.641324   data arrival time
---------------------------------------------------------------------------------------------
                                              0.144213   slack (MET)


Startpoint: _465_ (rising edge-triggered flip-flop clocked by clk)
Endpoint: _465_ (rising edge-triggered flip-flop clocked by clk)
Path Group: clk
Path Type: min

Fanout         Cap        Slew       Delay        Time   Description
---------------------------------------------------------------------------------------------
                                  0.000000    0.000000   clock clk (rise edge)
                                  0.000000    0.000000   clock source latency
     1    0.018597    0.067071    0.046028    0.046028 ^ clk (in)
                                                         clk (net)
                      0.067091    0.000000    0.046028 ^ clkbuf_0_clk/A (sky130_fd_sc_hd__clkbuf_16)
     4    0.041408    0.046196    0.106941    0.152969 ^ clkbuf_0_clk/X (sky130_fd_sc_hd__clkbuf_16)
                                                         clknet_0_clk (net)
                      0.046488    0.002563    0.155532 ^ clkbuf_2_2__f_clk/A (sky130_fd_sc_hd__clkbuf_16)
    13    0.050124    0.052291    0.105751    0.261283 ^ clkbuf_2_2__f_clk/X (sky130_fd_sc_hd__clkbuf_16)
                                                         clknet_2_2__leaf_clk (net)
                      0.052439    0.002103    0.263386 ^ _465_/CLK (sky130_fd_sc_hd__dfxtp_1)
     4    0.010441    0.040525    0.212419    0.475806 v _465_/Q (sky130_fd_sc_hd__dfxtp_1)
                                                         u_system.global_timeout_count[5] (net)
                      0.040530    0.000480    0.476285 v _354_/B1 (sky130_fd_sc_hd__a31o_1)
     1    0.003865    0.022560    0.075617    0.551902 v _354_/X (sky130_fd_sc_hd__a31o_1)
                                                         _157_ (net)
                      0.022564    0.000282    0.552184 v _355_/B (sky130_fd_sc_hd__nand2_1)
     1    0.002720    0.031584    0.038743    0.590927 ^ _355_/Y (sky130_fd_sc_hd__nand2_1)
                                                         _158_ (net)
                      0.031584    0.000198    0.591125 ^ _356_/A2 (sky130_fd_sc_hd__a21oi_1)
     1    0.002508    0.023635    0.033750    0.624875 v _356_/Y (sky130_fd_sc_hd__a21oi_1)
                                                         _029_ (net)
                      0.023635    0.000105    0.624980 v _465_/D (sky130_fd_sc_hd__dfxtp_1)
                                              0.624980   data arrival time

                                  0.000000    0.000000   clock clk (rise edge)
                                  0.000000    0.000000   clock source latency
     1    0.018597    0.067071    0.046028    0.046028 ^ clk (in)
                                                         clk (net)
                      0.067091    0.000000    0.046028 ^ clkbuf_0_clk/A (sky130_fd_sc_hd__clkbuf_16)
     4    0.041408    0.046196    0.106941    0.152969 ^ clkbuf_0_clk/X (sky130_fd_sc_hd__clkbuf_16)
                                                         clknet_0_clk (net)
                      0.046488    0.002563    0.155532 ^ clkbuf_2_2__f_clk/A (sky130_fd_sc_hd__clkbuf_16)
    13    0.050124    0.052291    0.105751    0.261283 ^ clkbuf_2_2__f_clk/X (sky130_fd_sc_hd__clkbuf_16)
                                                         clknet_2_2__leaf_clk (net)
                      0.052439    0.002103    0.263386 ^ _465_/CLK (sky130_fd_sc_hd__dfxtp_1)
                                  0.250000    0.513386   clock uncertainty
                                  0.000000    0.513386   clock reconvergence pessimism
                                 -0.035079    0.478307   library hold time
                                              0.478307   data required time
---------------------------------------------------------------------------------------------
                                              0.478307   data required time
                                             -0.624980   data arrival time
---------------------------------------------------------------------------------------------
                                              0.146673   slack (MET)


Startpoint: _442_ (rising edge-triggered flip-flop clocked by clk)
Endpoint: _442_ (rising edge-triggered flip-flop clocked by clk)
Path Group: clk
Path Type: min

Fanout         Cap        Slew       Delay        Time   Description
---------------------------------------------------------------------------------------------
                                  0.000000    0.000000   clock clk (rise edge)
                                  0.000000    0.000000   clock source latency
     1    0.018597    0.067071    0.046028    0.046028 ^ clk (in)
                                                         clk (net)
                      0.067091    0.000000    0.046028 ^ clkbuf_0_clk/A (sky130_fd_sc_hd__clkbuf_16)
     4    0.041408    0.046196    0.106941    0.152969 ^ clkbuf_0_clk/X (sky130_fd_sc_hd__clkbuf_16)
                                                         clknet_0_clk (net)
                      0.046489    0.002568    0.155537 ^ clkbuf_2_1__f_clk/A (sky130_fd_sc_hd__clkbuf_16)
    12    0.049645    0.052003    0.105854    0.261390 ^ clkbuf_2_1__f_clk/X (sky130_fd_sc_hd__clkbuf_16)
                                                         clknet_2_1__leaf_clk (net)
                      0.052253    0.002782    0.264172 ^ _442_/CLK (sky130_fd_sc_hd__dfxtp_1)
     5    0.013020    0.048284    0.218388    0.482559 v _442_/Q (sky130_fd_sc_hd__dfxtp_1)
                                                         u_system.group_timeout_count[6] (net)
                      0.048296    0.000747    0.483306 v _282_/A (sky130_fd_sc_hd__nand2_1)
     2    0.008263    0.062956    0.069746    0.553052 ^ _282_/Y (sky130_fd_sc_hd__nand2_1)
                                                         _108_ (net)
                      0.062958    0.000310    0.553362 ^ _284_/B (sky130_fd_sc_hd__and3_1)
     1    0.002826    0.034289    0.091916    0.645278 ^ _284_/X (sky130_fd_sc_hd__and3_1)
                                                         _006_ (net)
                      0.034290    0.000192    0.645470 ^ _442_/D (sky130_fd_sc_hd__dfxtp_1)
                                              0.645470   data arrival time

                                  0.000000    0.000000   clock clk (rise edge)
                                  0.000000    0.000000   clock source latency
     1    0.018597    0.067071    0.046028    0.046028 ^ clk (in)
                                                         clk (net)
                      0.067091    0.000000    0.046028 ^ clkbuf_0_clk/A (sky130_fd_sc_hd__clkbuf_16)
     4    0.041408    0.046196    0.106941    0.152969 ^ clkbuf_0_clk/X (sky130_fd_sc_hd__clkbuf_16)
                                                         clknet_0_clk (net)
                      0.046489    0.002568    0.155537 ^ clkbuf_2_1__f_clk/A (sky130_fd_sc_hd__clkbuf_16)
    12    0.049645    0.052003    0.105854    0.261390 ^ clkbuf_2_1__f_clk/X (sky130_fd_sc_hd__clkbuf_16)
                                                         clknet_2_1__leaf_clk (net)
                      0.052253    0.002782    0.264172 ^ _442_/CLK (sky130_fd_sc_hd__dfxtp_1)
                                  0.250000    0.514172   clock uncertainty
                                  0.000000    0.514172   clock reconvergence pessimism
                                 -0.017025    0.497147   library hold time
                                              0.497147   data required time
---------------------------------------------------------------------------------------------
                                              0.497147   data required time
                                             -0.645470   data arrival time
---------------------------------------------------------------------------------------------
                                              0.148323   slack (MET)


Startpoint: _441_ (rising edge-triggered flip-flop clocked by clk)
Endpoint: _441_ (rising edge-triggered flip-flop clocked by clk)
Path Group: clk
Path Type: min

Fanout         Cap        Slew       Delay        Time   Description
---------------------------------------------------------------------------------------------
                                  0.000000    0.000000   clock clk (rise edge)
                                  0.000000    0.000000   clock source latency
     1    0.018597    0.067071    0.046028    0.046028 ^ clk (in)
                                                         clk (net)
                      0.067091    0.000000    0.046028 ^ clkbuf_0_clk/A (sky130_fd_sc_hd__clkbuf_16)
     4    0.041408    0.046196    0.106941    0.152969 ^ clkbuf_0_clk/X (sky130_fd_sc_hd__clkbuf_16)
                                                         clknet_0_clk (net)
                      0.046507    0.002674    0.155643 ^ clkbuf_2_0__f_clk/A (sky130_fd_sc_hd__clkbuf_16)
    16    0.050259    0.052331    0.105704    0.261347 ^ clkbuf_2_0__f_clk/X (sky130_fd_sc_hd__clkbuf_16)
                                                         clknet_2_0__leaf_clk (net)
                      0.052544    0.002487    0.263834 ^ _441_/CLK (sky130_fd_sc_hd__dfxtp_1)
     5    0.015297    0.112979    0.250373    0.514207 ^ _441_/Q (sky130_fd_sc_hd__dfxtp_1)
                                                         u_system.group_timeout_count[5] (net)
                      0.112984    0.000928    0.515135 ^ _280_/B1 (sky130_fd_sc_hd__a21o_1)
     1    0.002276    0.023568    0.050587    0.565723 ^ _280_/X (sky130_fd_sc_hd__a21o_1)
                                                         _107_ (net)
                      0.023568    0.000155    0.565878 ^ _281_/B (sky130_fd_sc_hd__and3b_1)
     1    0.002148    0.030263    0.080249    0.646127 ^ _281_/X (sky130_fd_sc_hd__and3b_1)
                                                         _005_ (net)
                      0.030263    0.000149    0.646276 ^ _441_/D (sky130_fd_sc_hd__dfxtp_1)
                                              0.646276   data arrival time

                                  0.000000    0.000000   clock clk (rise edge)
                                  0.000000    0.000000   clock source latency
     1    0.018597    0.067071    0.046028    0.046028 ^ clk (in)
                                                         clk (net)
                      0.067091    0.000000    0.046028 ^ clkbuf_0_clk/A (sky130_fd_sc_hd__clkbuf_16)
     4    0.041408    0.046196    0.106941    0.152969 ^ clkbuf_0_clk/X (sky130_fd_sc_hd__clkbuf_16)
                                                         clknet_0_clk (net)
                      0.046507    0.002674    0.155643 ^ clkbuf_2_0__f_clk/A (sky130_fd_sc_hd__clkbuf_16)
    16    0.050259    0.052331    0.105704    0.261347 ^ clkbuf_2_0__f_clk/X (sky130_fd_sc_hd__clkbuf_16)
                                                         clknet_2_0__leaf_clk (net)
                      0.052544    0.002487    0.263834 ^ _441_/CLK (sky130_fd_sc_hd__dfxtp_1)
                                  0.250000    0.513834   clock uncertainty
                                  0.000000    0.513834   clock reconvergence pessimism
                                 -0.016734    0.497100   library hold time
                                              0.497100   data required time
---------------------------------------------------------------------------------------------
                                              0.497100   data required time
                                             -0.646276   data arrival time
---------------------------------------------------------------------------------------------
                                              0.149176   slack (MET)


Startpoint: _468_ (rising edge-triggered flip-flop clocked by clk)
Endpoint: _468_ (rising edge-triggered flip-flop clocked by clk)
Path Group: clk
Path Type: min

Fanout         Cap        Slew       Delay        Time   Description
---------------------------------------------------------------------------------------------
                                  0.000000    0.000000   clock clk (rise edge)
                                  0.000000    0.000000   clock source latency
     1    0.018597    0.067071    0.046028    0.046028 ^ clk (in)
                                                         clk (net)
                      0.067091    0.000000    0.046028 ^ clkbuf_0_clk/A (sky130_fd_sc_hd__clkbuf_16)
     4    0.041408    0.046196    0.106941    0.152969 ^ clkbuf_0_clk/X (sky130_fd_sc_hd__clkbuf_16)
                                                         clknet_0_clk (net)
                      0.046507    0.002674    0.155643 ^ clkbuf_2_0__f_clk/A (sky130_fd_sc_hd__clkbuf_16)
    16    0.050259    0.052331    0.105704    0.261347 ^ clkbuf_2_0__f_clk/X (sky130_fd_sc_hd__clkbuf_16)
                                                         clknet_2_0__leaf_clk (net)
                      0.053185    0.005253    0.266599 ^ _468_/CLK (sky130_fd_sc_hd__dfxtp_1)
     4    0.015503    0.055649    0.224165    0.490764 v _468_/Q (sky130_fd_sc_hd__dfxtp_1)
                                                         u_system.global_timeout_count[8] (net)
                      0.055669    0.001014    0.491779 v _363_/A (sky130_fd_sc_hd__xnor2_1)
     1    0.002600    0.035087    0.104379    0.596158 ^ _363_/Y (sky130_fd_sc_hd__xnor2_1)
                                                         _163_ (net)
                      0.035087    0.000121    0.596278 ^ _364_/A2 (sky130_fd_sc_hd__a21oi_1)
     1    0.002757    0.024918    0.035497    0.631776 v _364_/Y (sky130_fd_sc_hd__a21oi_1)
                                                         _032_ (net)
                      0.024918    0.000179    0.631954 v _468_/D (sky130_fd_sc_hd__dfxtp_1)
                                              0.631954   data arrival time

                                  0.000000    0.000000   clock clk (rise edge)
                                  0.000000    0.000000   clock source latency
     1    0.018597    0.067071    0.046028    0.046028 ^ clk (in)
                                                         clk (net)
                      0.067091    0.000000    0.046028 ^ clkbuf_0_clk/A (sky130_fd_sc_hd__clkbuf_16)
     4    0.041408    0.046196    0.106941    0.152969 ^ clkbuf_0_clk/X (sky130_fd_sc_hd__clkbuf_16)
                                                         clknet_0_clk (net)
                      0.046507    0.002674    0.155643 ^ clkbuf_2_0__f_clk/A (sky130_fd_sc_hd__clkbuf_16)
    16    0.050259    0.052331    0.105704    0.261347 ^ clkbuf_2_0__f_clk/X (sky130_fd_sc_hd__clkbuf_16)
                                                         clknet_2_0__leaf_clk (net)
                      0.053185    0.005253    0.266599 ^ _468_/CLK (sky130_fd_sc_hd__dfxtp_1)
                                  0.250000    0.516599   clock uncertainty
                                  0.000000    0.516599   clock reconvergence pessimism
                                 -0.035442    0.481158   library hold time
                                              0.481158   data required time
---------------------------------------------------------------------------------------------
                                              0.481158   data required time
                                             -0.631954   data arrival time
---------------------------------------------------------------------------------------------
                                              0.150797   slack (MET)


Startpoint: _475_ (rising edge-triggered flip-flop clocked by clk)
Endpoint: _466_ (rising edge-triggered flip-flop clocked by clk)
Path Group: clk
Path Type: min

Fanout         Cap        Slew       Delay        Time   Description
---------------------------------------------------------------------------------------------
                                  0.000000    0.000000   clock clk (rise edge)
                                  0.000000    0.000000   clock source latency
     1    0.018597    0.067071    0.046028    0.046028 ^ clk (in)
                                                         clk (net)
                      0.067091    0.000000    0.046028 ^ clkbuf_0_clk/A (sky130_fd_sc_hd__clkbuf_16)
     4    0.041408    0.046196    0.106941    0.152969 ^ clkbuf_0_clk/X (sky130_fd_sc_hd__clkbuf_16)
                                                         clknet_0_clk (net)
                      0.046488    0.002563    0.155532 ^ clkbuf_2_2__f_clk/A (sky130_fd_sc_hd__clkbuf_16)
    13    0.050124    0.052291    0.105751    0.261283 ^ clkbuf_2_2__f_clk/X (sky130_fd_sc_hd__clkbuf_16)
                                                         clknet_2_2__leaf_clk (net)
                      0.052758    0.003828    0.265111 ^ _475_/CLK (sky130_fd_sc_hd__dfxtp_1)
     4    0.015319    0.055053    0.223919    0.489030 v _475_/Q (sky130_fd_sc_hd__dfxtp_1)
                                                         u_system.global_timeout_count[15] (net)
                      0.055071    0.000942    0.489972 v _338_/A (sky130_fd_sc_hd__nand3_2)
     5    0.024632    0.100774    0.100050    0.590022 ^ _338_/Y (sky130_fd_sc_hd__nand3_2)
                                                         _146_ (net)
                      0.100855    0.002333    0.592355 ^ _358_/A1 (sky130_fd_sc_hd__a21oi_1)
     1    0.002143    0.029036    0.037921    0.630275 v _358_/Y (sky130_fd_sc_hd__a21oi_1)
                                                         _030_ (net)
                      0.029036    0.000152    0.630427 v _466_/D (sky130_fd_sc_hd__dfxtp_1)
                                              0.630427   data arrival time

                                  0.000000    0.000000   clock clk (rise edge)
                                  0.000000    0.000000   clock source latency
     1    0.018597    0.067071    0.046028    0.046028 ^ clk (in)
                                                         clk (net)
                      0.067091    0.000000    0.046028 ^ clkbuf_0_clk/A (sky130_fd_sc_hd__clkbuf_16)
     4    0.041408    0.046196    0.106941    0.152969 ^ clkbuf_0_clk/X (sky130_fd_sc_hd__clkbuf_16)
                                                         clknet_0_clk (net)
                      0.046488    0.002563    0.155532 ^ clkbuf_2_2__f_clk/A (sky130_fd_sc_hd__clkbuf_16)
    13    0.050124    0.052291    0.105751    0.261283 ^ clkbuf_2_2__f_clk/X (sky130_fd_sc_hd__clkbuf_16)
                                                         clknet_2_2__leaf_clk (net)
                      0.052704    0.003582    0.264865 ^ _466_/CLK (sky130_fd_sc_hd__dfxtp_1)
                                  0.250000    0.514865   clock uncertainty
                                  0.000000    0.514865   clock reconvergence pessimism
                                 -0.036888    0.477976   library hold time
                                              0.477976   data required time
---------------------------------------------------------------------------------------------
                                              0.477976   data required time
                                             -0.630427   data arrival time
---------------------------------------------------------------------------------------------
                                              0.152451   slack (MET)


Startpoint: _473_ (rising edge-triggered flip-flop clocked by clk)
Endpoint: _473_ (rising edge-triggered flip-flop clocked by clk)
Path Group: clk
Path Type: min

Fanout         Cap        Slew       Delay        Time   Description
---------------------------------------------------------------------------------------------
                                  0.000000    0.000000   clock clk (rise edge)
                                  0.000000    0.000000   clock source latency
     1    0.018597    0.067071    0.046028    0.046028 ^ clk (in)
                                                         clk (net)
                      0.067091    0.000000    0.046028 ^ clkbuf_0_clk/A (sky130_fd_sc_hd__clkbuf_16)
     4    0.041408    0.046196    0.106941    0.152969 ^ clkbuf_0_clk/X (sky130_fd_sc_hd__clkbuf_16)
                                                         clknet_0_clk (net)
                      0.046488    0.002563    0.155532 ^ clkbuf_2_2__f_clk/A (sky130_fd_sc_hd__clkbuf_16)
    13    0.050124    0.052291    0.105751    0.261283 ^ clkbuf_2_2__f_clk/X (sky130_fd_sc_hd__clkbuf_16)
                                                         clknet_2_2__leaf_clk (net)
                      0.052737    0.003734    0.265018 ^ _473_/CLK (sky130_fd_sc_hd__dfxtp_1)
     4    0.011054    0.042278    0.213746    0.478764 v _473_/Q (sky130_fd_sc_hd__dfxtp_1)
                                                         u_system.global_timeout_count[13] (net)
                      0.042289    0.000665    0.479429 v _376_/A (sky130_fd_sc_hd__nor2_1)
     1    0.001837    0.042729    0.060279    0.539708 ^ _376_/Y (sky130_fd_sc_hd__nor2_1)
                                                         _171_ (net)
                      0.042729    0.000085    0.539793 ^ _377_/B (sky130_fd_sc_hd__or2_1)
     1    0.002947    0.029752    0.061600    0.601393 ^ _377_/X (sky130_fd_sc_hd__or2_1)
                                                         _172_ (net)
                      0.029753    0.000139    0.601532 ^ _378_/A2 (sky130_fd_sc_hd__a21oi_1)
     1    0.002170    0.022180    0.032061    0.633593 v _378_/Y (sky130_fd_sc_hd__a21oi_1)
                                                         _037_ (net)
                      0.022180    0.000152    0.633745 v _473_/D (sky130_fd_sc_hd__dfxtp_1)
                                              0.633745   data arrival time

                                  0.000000    0.000000   clock clk (rise edge)
                                  0.000000    0.000000   clock source latency
     1    0.018597    0.067071    0.046028    0.046028 ^ clk (in)
                                                         clk (net)
                      0.067091    0.000000    0.046028 ^ clkbuf_0_clk/A (sky130_fd_sc_hd__clkbuf_16)
     4    0.041408    0.046196    0.106941    0.152969 ^ clkbuf_0_clk/X (sky130_fd_sc_hd__clkbuf_16)
                                                         clknet_0_clk (net)
                      0.046488    0.002563    0.155532 ^ clkbuf_2_2__f_clk/A (sky130_fd_sc_hd__clkbuf_16)
    13    0.050124    0.052291    0.105751    0.261283 ^ clkbuf_2_2__f_clk/X (sky130_fd_sc_hd__clkbuf_16)
                                                         clknet_2_2__leaf_clk (net)
                      0.052737    0.003734    0.265018 ^ _473_/CLK (sky130_fd_sc_hd__dfxtp_1)
                                  0.250000    0.515018   clock uncertainty
                                  0.000000    0.515018   clock reconvergence pessimism
                                 -0.034555    0.480462   library hold time
                                              0.480462   data required time
---------------------------------------------------------------------------------------------
                                              0.480462   data required time
                                             -0.633745   data arrival time
---------------------------------------------------------------------------------------------
                                              0.153282   slack (MET)


Startpoint: _446_ (rising edge-triggered flip-flop clocked by clk)
Endpoint: _446_ (rising edge-triggered flip-flop clocked by clk)
Path Group: clk
Path Type: min

Fanout         Cap        Slew       Delay        Time   Description
---------------------------------------------------------------------------------------------
                                  0.000000    0.000000   clock clk (rise edge)
                                  0.000000    0.000000   clock source latency
     1    0.018597    0.067071    0.046028    0.046028 ^ clk (in)
                                                         clk (net)
                      0.067091    0.000000    0.046028 ^ clkbuf_0_clk/A (sky130_fd_sc_hd__clkbuf_16)
     4    0.041408    0.046196    0.106941    0.152969 ^ clkbuf_0_clk/X (sky130_fd_sc_hd__clkbuf_16)
                                                         clknet_0_clk (net)
                      0.046489    0.002568    0.155537 ^ clkbuf_2_1__f_clk/A (sky130_fd_sc_hd__clkbuf_16)
    12    0.049645    0.052003    0.105854    0.261390 ^ clkbuf_2_1__f_clk/X (sky130_fd_sc_hd__clkbuf_16)
                                                         clknet_2_1__leaf_clk (net)
                      0.052326    0.003196    0.264586 ^ _446_/CLK (sky130_fd_sc_hd__dfxtp_1)
     5    0.015101    0.111606    0.249541    0.514127 ^ _446_/Q (sky130_fd_sc_hd__dfxtp_1)
                                                         u_system.group_timeout_count[10] (net)
                      0.111609    0.000732    0.514859 ^ _293_/B1 (sky130_fd_sc_hd__a21o_1)
     1    0.002020    0.022158    0.049368    0.564226 ^ _293_/X (sky130_fd_sc_hd__a21o_1)
                                                         _115_ (net)
                      0.022158    0.000092    0.564318 ^ _295_/C (sky130_fd_sc_hd__and3b_1)
     1    0.002502    0.032479    0.086621    0.650939 ^ _295_/X (sky130_fd_sc_hd__and3b_1)
                                                         _010_ (net)
                      0.032479    0.000183    0.651122 ^ _446_/D (sky130_fd_sc_hd__dfxtp_1)
                                              0.651122   data arrival time

                                  0.000000    0.000000   clock clk (rise edge)
                                  0.000000    0.000000   clock source latency
     1    0.018597    0.067071    0.046028    0.046028 ^ clk (in)
                                                         clk (net)
                      0.067091    0.000000    0.046028 ^ clkbuf_0_clk/A (sky130_fd_sc_hd__clkbuf_16)
     4    0.041408    0.046196    0.106941    0.152969 ^ clkbuf_0_clk/X (sky130_fd_sc_hd__clkbuf_16)
                                                         clknet_0_clk (net)
                      0.046489    0.002568    0.155537 ^ clkbuf_2_1__f_clk/A (sky130_fd_sc_hd__clkbuf_16)
    12    0.049645    0.052003    0.105854    0.261390 ^ clkbuf_2_1__f_clk/X (sky130_fd_sc_hd__clkbuf_16)
                                                         clknet_2_1__leaf_clk (net)
                      0.052326    0.003196    0.264586 ^ _446_/CLK (sky130_fd_sc_hd__dfxtp_1)
                                  0.250000    0.514586   clock uncertainty
                                  0.000000    0.514586   clock reconvergence pessimism
                                 -0.016895    0.497691   library hold time
                                              0.497691   data required time
---------------------------------------------------------------------------------------------
                                              0.497691   data required time
                                             -0.651122   data arrival time
---------------------------------------------------------------------------------------------
                                              0.153431   slack (MET)


Startpoint: _471_ (rising edge-triggered flip-flop clocked by clk)
Endpoint: _471_ (rising edge-triggered flip-flop clocked by clk)
Path Group: clk
Path Type: min

Fanout         Cap        Slew       Delay        Time   Description
---------------------------------------------------------------------------------------------
                                  0.000000    0.000000   clock clk (rise edge)
                                  0.000000    0.000000   clock source latency
     1    0.018597    0.067071    0.046028    0.046028 ^ clk (in)
                                                         clk (net)
                      0.067091    0.000000    0.046028 ^ clkbuf_0_clk/A (sky130_fd_sc_hd__clkbuf_16)
     4    0.041408    0.046196    0.106941    0.152969 ^ clkbuf_0_clk/X (sky130_fd_sc_hd__clkbuf_16)
                                                         clknet_0_clk (net)
                      0.046488    0.002563    0.155532 ^ clkbuf_2_2__f_clk/A (sky130_fd_sc_hd__clkbuf_16)
    13    0.050124    0.052291    0.105751    0.261283 ^ clkbuf_2_2__f_clk/X (sky130_fd_sc_hd__clkbuf_16)
                                                         clknet_2_2__leaf_clk (net)
                      0.052347    0.001321    0.262604 ^ _471_/CLK (sky130_fd_sc_hd__dfxtp_1)
     4    0.015641    0.056195    0.224634    0.487238 v _471_/Q (sky130_fd_sc_hd__dfxtp_1)
                                                         u_system.global_timeout_count[11] (net)
                      0.056209    0.000864    0.488102 v _371_/A (sky130_fd_sc_hd__xnor2_1)
     1    0.002922    0.037186    0.108021    0.596122 ^ _371_/Y (sky130_fd_sc_hd__xnor2_1)
                                                         _168_ (net)
                      0.037186    0.000210    0.596332 ^ _372_/A2 (sky130_fd_sc_hd__a21oi_1)
     1    0.002360    0.023718    0.034531    0.630863 v _372_/Y (sky130_fd_sc_hd__a21oi_1)
                                                         _035_ (net)
                      0.023718    0.000100    0.630963 v _471_/D (sky130_fd_sc_hd__dfxtp_1)
                                              0.630963   data arrival time

                                  0.000000    0.000000   clock clk (rise edge)
                                  0.000000    0.000000   clock source latency
     1    0.018597    0.067071    0.046028    0.046028 ^ clk (in)
                                                         clk (net)
                      0.067091    0.000000    0.046028 ^ clkbuf_0_clk/A (sky130_fd_sc_hd__clkbuf_16)
     4    0.041408    0.046196    0.106941    0.152969 ^ clkbuf_0_clk/X (sky130_fd_sc_hd__clkbuf_16)
                                                         clknet_0_clk (net)
                      0.046488    0.002563    0.155532 ^ clkbuf_2_2__f_clk/A (sky130_fd_sc_hd__clkbuf_16)
    13    0.050124    0.052291    0.105751    0.261283 ^ clkbuf_2_2__f_clk/X (sky130_fd_sc_hd__clkbuf_16)
                                                         clknet_2_2__leaf_clk (net)
                      0.052347    0.001321    0.262604 ^ _471_/CLK (sky130_fd_sc_hd__dfxtp_1)
                                  0.250000    0.512604   clock uncertainty
                                  0.000000    0.512604   clock reconvergence pessimism
                                 -0.035116    0.477488   library hold time
                                              0.477488   data required time
---------------------------------------------------------------------------------------------
                                              0.477488   data required time
                                             -0.630963   data arrival time
---------------------------------------------------------------------------------------------
                                              0.153475   slack (MET)


Startpoint: _475_ (rising edge-triggered flip-flop clocked by clk)
Endpoint: _460_ (rising edge-triggered flip-flop clocked by clk)
Path Group: clk
Path Type: min

Fanout         Cap        Slew       Delay        Time   Description
---------------------------------------------------------------------------------------------
                                  0.000000    0.000000   clock clk (rise edge)
                                  0.000000    0.000000   clock source latency
     1    0.018597    0.067071    0.046028    0.046028 ^ clk (in)
                                                         clk (net)
                      0.067091    0.000000    0.046028 ^ clkbuf_0_clk/A (sky130_fd_sc_hd__clkbuf_16)
     4    0.041408    0.046196    0.106941    0.152969 ^ clkbuf_0_clk/X (sky130_fd_sc_hd__clkbuf_16)
                                                         clknet_0_clk (net)
                      0.046488    0.002563    0.155532 ^ clkbuf_2_2__f_clk/A (sky130_fd_sc_hd__clkbuf_16)
    13    0.050124    0.052291    0.105751    0.261283 ^ clkbuf_2_2__f_clk/X (sky130_fd_sc_hd__clkbuf_16)
                                                         clknet_2_2__leaf_clk (net)
                      0.052758    0.003828    0.265111 ^ _475_/CLK (sky130_fd_sc_hd__dfxtp_1)
     4    0.015319    0.055053    0.223919    0.489030 v _475_/Q (sky130_fd_sc_hd__dfxtp_1)
                                                         u_system.global_timeout_count[15] (net)
                      0.055071    0.000942    0.489972 v _338_/A (sky130_fd_sc_hd__nand3_2)
     5    0.024632    0.100774    0.100050    0.590022 ^ _338_/Y (sky130_fd_sc_hd__nand3_2)
                                                         _146_ (net)
                      0.100830    0.001952    0.591973 ^ _342_/A2 (sky130_fd_sc_hd__a21oi_1)
     1    0.002228    0.024152    0.043325    0.635298 v _342_/Y (sky130_fd_sc_hd__a21oi_1)
                                                         _024_ (net)
                      0.024152    0.000159    0.635457 v _460_/D (sky130_fd_sc_hd__dfxtp_1)
                                              0.635457   data arrival time

                                  0.000000    0.000000   clock clk (rise edge)
                                  0.000000    0.000000   clock source latency
     1    0.018597    0.067071    0.046028    0.046028 ^ clk (in)
                                                         clk (net)
                      0.067091    0.000000    0.046028 ^ clkbuf_0_clk/A (sky130_fd_sc_hd__clkbuf_16)
     4    0.041408    0.046196    0.106941    0.152969 ^ clkbuf_0_clk/X (sky130_fd_sc_hd__clkbuf_16)
                                                         clknet_0_clk (net)
                      0.046488    0.002563    0.155532 ^ clkbuf_2_2__f_clk/A (sky130_fd_sc_hd__clkbuf_16)
    13    0.050124    0.052291    0.105751    0.261283 ^ clkbuf_2_2__f_clk/X (sky130_fd_sc_hd__clkbuf_16)
                                                         clknet_2_2__leaf_clk (net)
                      0.052788    0.003960    0.265243 ^ _460_/CLK (sky130_fd_sc_hd__dfxtp_1)
                                  0.250000    0.515243   clock uncertainty
                                  0.000000    0.515243   clock reconvergence pessimism
                                 -0.035220    0.480023   library hold time
                                              0.480023   data required time
---------------------------------------------------------------------------------------------
                                              0.480023   data required time
                                             -0.635457   data arrival time
---------------------------------------------------------------------------------------------
                                              0.155435   slack (MET)


Startpoint: _475_ (rising edge-triggered flip-flop clocked by clk)
Endpoint: _470_ (rising edge-triggered flip-flop clocked by clk)
Path Group: clk
Path Type: min

Fanout         Cap        Slew       Delay        Time   Description
---------------------------------------------------------------------------------------------
                                  0.000000    0.000000   clock clk (rise edge)
                                  0.000000    0.000000   clock source latency
     1    0.018597    0.067071    0.046028    0.046028 ^ clk (in)
                                                         clk (net)
                      0.067091    0.000000    0.046028 ^ clkbuf_0_clk/A (sky130_fd_sc_hd__clkbuf_16)
     4    0.041408    0.046196    0.106941    0.152969 ^ clkbuf_0_clk/X (sky130_fd_sc_hd__clkbuf_16)
                                                         clknet_0_clk (net)
                      0.046488    0.002563    0.155532 ^ clkbuf_2_2__f_clk/A (sky130_fd_sc_hd__clkbuf_16)
    13    0.050124    0.052291    0.105751    0.261283 ^ clkbuf_2_2__f_clk/X (sky130_fd_sc_hd__clkbuf_16)
                                                         clknet_2_2__leaf_clk (net)
                      0.052758    0.003828    0.265111 ^ _475_/CLK (sky130_fd_sc_hd__dfxtp_1)
     4    0.015319    0.055053    0.223919    0.489030 v _475_/Q (sky130_fd_sc_hd__dfxtp_1)
                                                         u_system.global_timeout_count[15] (net)
                      0.055071    0.000942    0.489972 v _338_/A (sky130_fd_sc_hd__nand3_2)
     5    0.024632    0.100774    0.100050    0.590022 ^ _338_/Y (sky130_fd_sc_hd__nand3_2)
                                                         _146_ (net)
                      0.100838    0.002077    0.592099 ^ _370_/A1 (sky130_fd_sc_hd__a21oi_1)
     1    0.002747    0.024636    0.041157    0.633255 v _370_/Y (sky130_fd_sc_hd__a21oi_1)
                                                         _034_ (net)
                      0.024637    0.000172    0.633427 v _470_/D (sky130_fd_sc_hd__dfxtp_1)
                                              0.633427   data arrival time

                                  0.000000    0.000000   clock clk (rise edge)
                                  0.000000    0.000000   clock source latency
     1    0.018597    0.067071    0.046028    0.046028 ^ clk (in)
                                                         clk (net)
                      0.067091    0.000000    0.046028 ^ clkbuf_0_clk/A (sky130_fd_sc_hd__clkbuf_16)
     4    0.041408    0.046196    0.106941    0.152969 ^ clkbuf_0_clk/X (sky130_fd_sc_hd__clkbuf_16)
                                                         clknet_0_clk (net)
                      0.046488    0.002563    0.155532 ^ clkbuf_2_2__f_clk/A (sky130_fd_sc_hd__clkbuf_16)
    13    0.050124    0.052291    0.105751    0.261283 ^ clkbuf_2_2__f_clk/X (sky130_fd_sc_hd__clkbuf_16)
                                                         clknet_2_2__leaf_clk (net)
                      0.052429    0.002034    0.263317 ^ _470_/CLK (sky130_fd_sc_hd__dfxtp_1)
                                  0.250000    0.513317   clock uncertainty
                                  0.000000    0.513317   clock reconvergence pessimism
                                 -0.035420    0.477896   library hold time
                                              0.477896   data required time
---------------------------------------------------------------------------------------------
                                              0.477896   data required time
                                             -0.633427   data arrival time
---------------------------------------------------------------------------------------------
                                              0.155531   slack (MET)


Startpoint: _439_ (rising edge-triggered flip-flop clocked by clk)
Endpoint: _439_ (rising edge-triggered flip-flop clocked by clk)
Path Group: clk
Path Type: min

Fanout         Cap        Slew       Delay        Time   Description
---------------------------------------------------------------------------------------------
                                  0.000000    0.000000   clock clk (rise edge)
                                  0.000000    0.000000   clock source latency
     1    0.018597    0.067071    0.046028    0.046028 ^ clk (in)
                                                         clk (net)
                      0.067091    0.000000    0.046028 ^ clkbuf_0_clk/A (sky130_fd_sc_hd__clkbuf_16)
     4    0.041408    0.046196    0.106941    0.152969 ^ clkbuf_0_clk/X (sky130_fd_sc_hd__clkbuf_16)
                                                         clknet_0_clk (net)
                      0.046507    0.002674    0.155643 ^ clkbuf_2_0__f_clk/A (sky130_fd_sc_hd__clkbuf_16)
    16    0.050259    0.052331    0.105704    0.261347 ^ clkbuf_2_0__f_clk/X (sky130_fd_sc_hd__clkbuf_16)
                                                         clknet_2_0__leaf_clk (net)
                      0.052491    0.002150    0.263497 ^ _439_/CLK (sky130_fd_sc_hd__dfxtp_1)
     4    0.013812    0.102789    0.243544    0.507041 ^ _439_/Q (sky130_fd_sc_hd__dfxtp_1)
                                                         u_system.group_timeout_count[3] (net)
                      0.102790    0.000529    0.507570 ^ _274_/B1 (sky130_fd_sc_hd__a31o_1)
     1    0.002596    0.026851    0.057929    0.565499 ^ _274_/X (sky130_fd_sc_hd__a31o_1)
                                                         _103_ (net)
                      0.026852    0.000165    0.565664 ^ _275_/B (sky130_fd_sc_hd__and3b_1)
     1    0.003038    0.035859    0.086380    0.652044 ^ _275_/X (sky130_fd_sc_hd__and3b_1)
                                                         _003_ (net)
                      0.035861    0.000229    0.652273 ^ _439_/D (sky130_fd_sc_hd__dfxtp_1)
                                              0.652273   data arrival time

                                  0.000000    0.000000   clock clk (rise edge)
                                  0.000000    0.000000   clock source latency
     1    0.018597    0.067071    0.046028    0.046028 ^ clk (in)
                                                         clk (net)
                      0.067091    0.000000    0.046028 ^ clkbuf_0_clk/A (sky130_fd_sc_hd__clkbuf_16)
     4    0.041408    0.046196    0.106941    0.152969 ^ clkbuf_0_clk/X (sky130_fd_sc_hd__clkbuf_16)
                                                         clknet_0_clk (net)
                      0.046507    0.002674    0.155643 ^ clkbuf_2_0__f_clk/A (sky130_fd_sc_hd__clkbuf_16)
    16    0.050259    0.052331    0.105704    0.261347 ^ clkbuf_2_0__f_clk/X (sky130_fd_sc_hd__clkbuf_16)
                                                         clknet_2_0__leaf_clk (net)
                      0.052491    0.002150    0.263497 ^ _439_/CLK (sky130_fd_sc_hd__dfxtp_1)
                                  0.250000    0.513497   clock uncertainty
                                  0.000000    0.513497   clock reconvergence pessimism
                                 -0.017130    0.496367   library hold time
                                              0.496367   data required time
---------------------------------------------------------------------------------------------
                                              0.496367   data required time
                                             -0.652273   data arrival time
---------------------------------------------------------------------------------------------
                                              0.155907   slack (MET)


Startpoint: _478_ (rising edge-triggered flip-flop clocked by clk)
Endpoint: _456_ (rising edge-triggered flip-flop clocked by clk)
Path Group: clk
Path Type: min

Fanout         Cap        Slew       Delay        Time   Description
---------------------------------------------------------------------------------------------
                                  0.000000    0.000000   clock clk (rise edge)
                                  0.000000    0.000000   clock source latency
     1    0.018597    0.067071    0.046028    0.046028 ^ clk (in)
                                                         clk (net)
                      0.067091    0.000000    0.046028 ^ clkbuf_0_clk/A (sky130_fd_sc_hd__clkbuf_16)
     4    0.041408    0.046196    0.106941    0.152969 ^ clkbuf_0_clk/X (sky130_fd_sc_hd__clkbuf_16)
                                                         clknet_0_clk (net)
                      0.046465    0.002427    0.155396 ^ clkbuf_2_3__f_clk/A (sky130_fd_sc_hd__clkbuf_16)
    14    0.050529    0.052622    0.106408    0.261804 ^ clkbuf_2_3__f_clk/X (sky130_fd_sc_hd__clkbuf_16)
                                                         clknet_2_3__leaf_clk (net)
                      0.052839    0.002374    0.264178 ^ _478_/CLK (sky130_fd_sc_hd__dfxtp_1)
     7    0.026388    0.088634    0.249845    0.514022 v _478_/Q (sky130_fd_sc_hd__dfxtp_1)
                                                         u_system.u_global.state[3] (net)
                      0.088653    0.001260    0.515283 v _217_/A (sky130_fd_sc_hd__inv_2)
     5    0.019265    0.073812    0.090171    0.605454 ^ _217_/Y (sky130_fd_sc_hd__inv_2)
                                                         _053_ (net)
                      0.073828    0.000879    0.606333 ^ _315_/A (sky130_fd_sc_hd__nor2_1)
     1    0.002314    0.025287    0.028466    0.634799 v _315_/Y (sky130_fd_sc_hd__nor2_1)
                                                         _020_ (net)
                      0.025288    0.000165    0.634964 v _456_/D (sky130_fd_sc_hd__dfxtp_1)
                                              0.634964   data arrival time

                                  0.000000    0.000000   clock clk (rise edge)
                                  0.000000    0.000000   clock source latency
     1    0.018597    0.067071    0.046028    0.046028 ^ clk (in)
                                                         clk (net)
                      0.067091    0.000000    0.046028 ^ clkbuf_0_clk/A (sky130_fd_sc_hd__clkbuf_16)
     4    0.041408    0.046196    0.106941    0.152969 ^ clkbuf_0_clk/X (sky130_fd_sc_hd__clkbuf_16)
                                                         clknet_0_clk (net)
                      0.046465    0.002427    0.155396 ^ clkbuf_2_3__f_clk/A (sky130_fd_sc_hd__clkbuf_16)
    14    0.050529    0.052622    0.106408    0.261804 ^ clkbuf_2_3__f_clk/X (sky130_fd_sc_hd__clkbuf_16)
                                                         clknet_2_3__leaf_clk (net)
                      0.052879    0.002634    0.264437 ^ _456_/CLK (sky130_fd_sc_hd__dfxtp_1)
                                  0.250000    0.514437   clock uncertainty
                                  0.000000    0.514437   clock reconvergence pessimism
                                 -0.035597    0.478840   library hold time
                                              0.478840   data required time
---------------------------------------------------------------------------------------------
                                              0.478840   data required time
                                             -0.634964   data arrival time
---------------------------------------------------------------------------------------------
                                              0.156124   slack (MET)


Startpoint: _487_ (rising edge-triggered flip-flop clocked by clk)
Endpoint: _487_ (rising edge-triggered flip-flop clocked by clk)
Path Group: clk
Path Type: min

Fanout         Cap        Slew       Delay        Time   Description
---------------------------------------------------------------------------------------------
                                  0.000000    0.000000   clock clk (rise edge)
                                  0.000000    0.000000   clock source latency
     1    0.018597    0.067071    0.046028    0.046028 ^ clk (in)
                                                         clk (net)
                      0.067091    0.000000    0.046028 ^ clkbuf_0_clk/A (sky130_fd_sc_hd__clkbuf_16)
     4    0.041408    0.046196    0.106941    0.152969 ^ clkbuf_0_clk/X (sky130_fd_sc_hd__clkbuf_16)
                                                         clknet_0_clk (net)
                      0.046465    0.002427    0.155396 ^ clkbuf_2_3__f_clk/A (sky130_fd_sc_hd__clkbuf_16)
    14    0.050529    0.052622    0.106408    0.261804 ^ clkbuf_2_3__f_clk/X (sky130_fd_sc_hd__clkbuf_16)
                                                         clknet_2_3__leaf_clk (net)
                      0.052814    0.002198    0.264002 ^ _487_/CLK (sky130_fd_sc_hd__dfxtp_1)
     9    0.026747    0.191362    0.304296    0.568297 ^ _487_/Q (sky130_fd_sc_hd__dfxtp_1)
                                                         u_system.u_global.state[4] (net)
                      0.191371    0.001522    0.569819 ^ _435_/A1 (sky130_fd_sc_hd__o21a_1)
     1    0.002078    0.023690    0.085275    0.655094 ^ _435_/X (sky130_fd_sc_hd__o21a_1)
                                                         _051_ (net)
                      0.023690    0.000151    0.655244 ^ _487_/D (sky130_fd_sc_hd__dfxtp_1)
                                              0.655244   data arrival time

                                  0.000000    0.000000   clock clk (rise edge)
                                  0.000000    0.000000   clock source latency
     1    0.018597    0.067071    0.046028    0.046028 ^ clk (in)
                                                         clk (net)
                      0.067091    0.000000    0.046028 ^ clkbuf_0_clk/A (sky130_fd_sc_hd__clkbuf_16)
     4    0.041408    0.046196    0.106941    0.152969 ^ clkbuf_0_clk/X (sky130_fd_sc_hd__clkbuf_16)
                                                         clknet_0_clk (net)
                      0.046465    0.002427    0.155396 ^ clkbuf_2_3__f_clk/A (sky130_fd_sc_hd__clkbuf_16)
    14    0.050529    0.052622    0.106408    0.261804 ^ clkbuf_2_3__f_clk/X (sky130_fd_sc_hd__clkbuf_16)
                                                         clknet_2_3__leaf_clk (net)
                      0.052814    0.002198    0.264002 ^ _487_/CLK (sky130_fd_sc_hd__dfxtp_1)
                                  0.250000    0.514002   clock uncertainty
                                  0.000000    0.514002   clock reconvergence pessimism
                                 -0.016264    0.497738   library hold time
                                              0.497738   data required time
---------------------------------------------------------------------------------------------
                                              0.497738   data required time
                                             -0.655244   data arrival time
---------------------------------------------------------------------------------------------
                                              0.157507   slack (MET)


Startpoint: _448_ (rising edge-triggered flip-flop clocked by clk)
Endpoint: _448_ (rising edge-triggered flip-flop clocked by clk)
Path Group: clk
Path Type: min

Fanout         Cap        Slew       Delay        Time   Description
---------------------------------------------------------------------------------------------
                                  0.000000    0.000000   clock clk (rise edge)
                                  0.000000    0.000000   clock source latency
     1    0.018597    0.067071    0.046028    0.046028 ^ clk (in)
                                                         clk (net)
                      0.067091    0.000000    0.046028 ^ clkbuf_0_clk/A (sky130_fd_sc_hd__clkbuf_16)
     4    0.041408    0.046196    0.106941    0.152969 ^ clkbuf_0_clk/X (sky130_fd_sc_hd__clkbuf_16)
                                                         clknet_0_clk (net)
                      0.046507    0.002674    0.155643 ^ clkbuf_2_0__f_clk/A (sky130_fd_sc_hd__clkbuf_16)
    16    0.050259    0.052331    0.105704    0.261347 ^ clkbuf_2_0__f_clk/X (sky130_fd_sc_hd__clkbuf_16)
                                                         clknet_2_0__leaf_clk (net)
                      0.052881    0.004119    0.265466 ^ _448_/CLK (sky130_fd_sc_hd__dfxtp_1)
     5    0.012128    0.091315    0.235606    0.501072 ^ _448_/Q (sky130_fd_sc_hd__dfxtp_1)
                                                         u_system.group_timeout_count[12] (net)
                      0.091315    0.000362    0.501435 ^ _300_/A (sky130_fd_sc_hd__or2_1)
     1    0.002051    0.025366    0.068313    0.569748 ^ _300_/X (sky130_fd_sc_hd__or2_1)
                                                         _120_ (net)
                      0.025366    0.000093    0.569841 ^ _301_/C (sky130_fd_sc_hd__and3_1)
     1    0.002735    0.033678    0.086146    0.655987 ^ _301_/X (sky130_fd_sc_hd__and3_1)
                                                         _012_ (net)
                      0.033678    0.000110    0.656097 ^ _448_/D (sky130_fd_sc_hd__dfxtp_1)
                                              0.656097   data arrival time

                                  0.000000    0.000000   clock clk (rise edge)
                                  0.000000    0.000000   clock source latency
     1    0.018597    0.067071    0.046028    0.046028 ^ clk (in)
                                                         clk (net)
                      0.067091    0.000000    0.046028 ^ clkbuf_0_clk/A (sky130_fd_sc_hd__clkbuf_16)
     4    0.041408    0.046196    0.106941    0.152969 ^ clkbuf_0_clk/X (sky130_fd_sc_hd__clkbuf_16)
                                                         clknet_0_clk (net)
                      0.046507    0.002674    0.155643 ^ clkbuf_2_0__f_clk/A (sky130_fd_sc_hd__clkbuf_16)
    16    0.050259    0.052331    0.105704    0.261347 ^ clkbuf_2_0__f_clk/X (sky130_fd_sc_hd__clkbuf_16)
                                                         clknet_2_0__leaf_clk (net)
                      0.052881    0.004119    0.265466 ^ _448_/CLK (sky130_fd_sc_hd__dfxtp_1)
                                  0.250000    0.515466   clock uncertainty
                                  0.000000    0.515466   clock reconvergence pessimism
                                 -0.016967    0.498499   library hold time
                                              0.498499   data required time
---------------------------------------------------------------------------------------------
                                              0.498499   data required time
                                             -0.656097   data arrival time
---------------------------------------------------------------------------------------------
                                              0.157598   slack (MET)


Startpoint: _443_ (rising edge-triggered flip-flop clocked by clk)
Endpoint: _443_ (rising edge-triggered flip-flop clocked by clk)
Path Group: clk
Path Type: min

Fanout         Cap        Slew       Delay        Time   Description
---------------------------------------------------------------------------------------------
                                  0.000000    0.000000   clock clk (rise edge)
                                  0.000000    0.000000   clock source latency
     1    0.018597    0.067071    0.046028    0.046028 ^ clk (in)
                                                         clk (net)
                      0.067091    0.000000    0.046028 ^ clkbuf_0_clk/A (sky130_fd_sc_hd__clkbuf_16)
     4    0.041408    0.046196    0.106941    0.152969 ^ clkbuf_0_clk/X (sky130_fd_sc_hd__clkbuf_16)
                                                         clknet_0_clk (net)
                      0.046489    0.002568    0.155537 ^ clkbuf_2_1__f_clk/A (sky130_fd_sc_hd__clkbuf_16)
    12    0.049645    0.052003    0.105854    0.261390 ^ clkbuf_2_1__f_clk/X (sky130_fd_sc_hd__clkbuf_16)
                                                         clknet_2_1__leaf_clk (net)
                      0.052248    0.002755    0.264145 ^ _443_/CLK (sky130_fd_sc_hd__dfxtp_1)
     4    0.014367    0.106580    0.246100    0.510245 ^ _443_/Q (sky130_fd_sc_hd__dfxtp_1)
                                                         u_system.group_timeout_count[7] (net)
                      0.106581    0.000566    0.510811 ^ _285_/A (sky130_fd_sc_hd__xnor2_1)
     1    0.002522    0.033929    0.075481    0.586291 ^ _285_/Y (sky130_fd_sc_hd__xnor2_1)
                                                         _110_ (net)
                      0.033929    0.000177    0.586469 ^ _286_/B (sky130_fd_sc_hd__and2_1)
     1    0.002244    0.029088    0.069415    0.655883 ^ _286_/X (sky130_fd_sc_hd__and2_1)
                                                         _007_ (net)
                      0.029088    0.000153    0.656036 ^ _443_/D (sky130_fd_sc_hd__dfxtp_1)
                                              0.656036   data arrival time

                                  0.000000    0.000000   clock clk (rise edge)
                                  0.000000    0.000000   clock source latency
     1    0.018597    0.067071    0.046028    0.046028 ^ clk (in)
                                                         clk (net)
                      0.067091    0.000000    0.046028 ^ clkbuf_0_clk/A (sky130_fd_sc_hd__clkbuf_16)
     4    0.041408    0.046196    0.106941    0.152969 ^ clkbuf_0_clk/X (sky130_fd_sc_hd__clkbuf_16)
                                                         clknet_0_clk (net)
                      0.046489    0.002568    0.155537 ^ clkbuf_2_1__f_clk/A (sky130_fd_sc_hd__clkbuf_16)
    12    0.049645    0.052003    0.105854    0.261390 ^ clkbuf_2_1__f_clk/X (sky130_fd_sc_hd__clkbuf_16)
                                                         clknet_2_1__leaf_clk (net)
                      0.052248    0.002755    0.264145 ^ _443_/CLK (sky130_fd_sc_hd__dfxtp_1)
                                  0.250000    0.514145   clock uncertainty
                                  0.000000    0.514145   clock reconvergence pessimism
                                 -0.016658    0.497487   library hold time
                                              0.497487   data required time
---------------------------------------------------------------------------------------------
                                              0.497487   data required time
                                             -0.656036   data arrival time
---------------------------------------------------------------------------------------------
                                              0.158549   slack (MET)


Startpoint: _477_ (rising edge-triggered flip-flop clocked by clk)
Endpoint: _455_ (rising edge-triggered flip-flop clocked by clk)
Path Group: clk
Path Type: min

Fanout         Cap        Slew       Delay        Time   Description
---------------------------------------------------------------------------------------------
                                  0.000000    0.000000   clock clk (rise edge)
                                  0.000000    0.000000   clock source latency
     1    0.018597    0.067071    0.046028    0.046028 ^ clk (in)
                                                         clk (net)
                      0.067091    0.000000    0.046028 ^ clkbuf_0_clk/A (sky130_fd_sc_hd__clkbuf_16)
     4    0.041408    0.046196    0.106941    0.152969 ^ clkbuf_0_clk/X (sky130_fd_sc_hd__clkbuf_16)
                                                         clknet_0_clk (net)
                      0.046465    0.002427    0.155396 ^ clkbuf_2_3__f_clk/A (sky130_fd_sc_hd__clkbuf_16)
    14    0.050529    0.052622    0.106408    0.261804 ^ clkbuf_2_3__f_clk/X (sky130_fd_sc_hd__clkbuf_16)
                                                         clknet_2_3__leaf_clk (net)
                      0.052840    0.002381    0.264185 ^ _477_/CLK (sky130_fd_sc_hd__dfxtp_1)
     6    0.022158    0.076096    0.239983    0.504168 v _477_/Q (sky130_fd_sc_hd__dfxtp_1)
                                                         u_system.u_global.state[2] (net)
                      0.076119    0.001264    0.505431 v _218_/A (sky130_fd_sc_hd__inv_2)
     7    0.025644    0.092735    0.099646    0.605078 ^ _218_/Y (sky130_fd_sc_hd__inv_2)
                                                         _054_ (net)
                      0.092786    0.001776    0.606853 ^ _314_/A (sky130_fd_sc_hd__nor2_1)
     1    0.002952    0.030636    0.032443    0.639296 v _314_/Y (sky130_fd_sc_hd__nor2_1)
                                                         _019_ (net)
                      0.030636    0.000122    0.639418 v _455_/D (sky130_fd_sc_hd__dfxtp_1)
                                              0.639418   data arrival time

                                  0.000000    0.000000   clock clk (rise edge)
                                  0.000000    0.000000   clock source latency
     1    0.018597    0.067071    0.046028    0.046028 ^ clk (in)
                                                         clk (net)
                      0.067091    0.000000    0.046028 ^ clkbuf_0_clk/A (sky130_fd_sc_hd__clkbuf_16)
     4    0.041408    0.046196    0.106941    0.152969 ^ clkbuf_0_clk/X (sky130_fd_sc_hd__clkbuf_16)
                                                         clknet_0_clk (net)
                      0.046465    0.002427    0.155396 ^ clkbuf_2_3__f_clk/A (sky130_fd_sc_hd__clkbuf_16)
    14    0.050529    0.052622    0.106408    0.261804 ^ clkbuf_2_3__f_clk/X (sky130_fd_sc_hd__clkbuf_16)
                                                         clknet_2_3__leaf_clk (net)
                      0.052857    0.002492    0.264295 ^ _455_/CLK (sky130_fd_sc_hd__dfxtp_1)
                                  0.250000    0.514295   clock uncertainty
                                  0.000000    0.514295   clock reconvergence pessimism
                                 -0.037417    0.476878   library hold time
                                              0.476878   data required time
---------------------------------------------------------------------------------------------
                                              0.476878   data required time
                                             -0.639418   data arrival time
---------------------------------------------------------------------------------------------
                                              0.162540   slack (MET)


Startpoint: _463_ (rising edge-triggered flip-flop clocked by clk)
Endpoint: _463_ (rising edge-triggered flip-flop clocked by clk)
Path Group: clk
Path Type: min

Fanout         Cap        Slew       Delay        Time   Description
---------------------------------------------------------------------------------------------
                                  0.000000    0.000000   clock clk (rise edge)
                                  0.000000    0.000000   clock source latency
     1    0.018597    0.067071    0.046028    0.046028 ^ clk (in)
                                                         clk (net)
                      0.067091    0.000000    0.046028 ^ clkbuf_0_clk/A (sky130_fd_sc_hd__clkbuf_16)
     4    0.041408    0.046196    0.106941    0.152969 ^ clkbuf_0_clk/X (sky130_fd_sc_hd__clkbuf_16)
                                                         clknet_0_clk (net)
                      0.046507    0.002674    0.155643 ^ clkbuf_2_0__f_clk/A (sky130_fd_sc_hd__clkbuf_16)
    16    0.050259    0.052331    0.105704    0.261347 ^ clkbuf_2_0__f_clk/X (sky130_fd_sc_hd__clkbuf_16)
                                                         clknet_2_0__leaf_clk (net)
                      0.053190    0.005269    0.266616 ^ _463_/CLK (sky130_fd_sc_hd__dfxtp_1)
     5    0.014838    0.109871    0.248187    0.514803 ^ _463_/Q (sky130_fd_sc_hd__dfxtp_1)
                                                         u_system.global_timeout_count[3] (net)
                      0.109875    0.000864    0.515667 ^ _348_/A (sky130_fd_sc_hd__nand2_1)
     2    0.007435    0.048772    0.053696    0.569363 v _348_/Y (sky130_fd_sc_hd__nand2_1)
                                                         _153_ (net)
                      0.048779    0.000472    0.569835 v _350_/A (sky130_fd_sc_hd__nand2_1)
     1    0.002709    0.029718    0.043740    0.613575 ^ _350_/Y (sky130_fd_sc_hd__nand2_1)
                                                         _155_ (net)
                      0.029718    0.000197    0.613772 ^ _351_/A2 (sky130_fd_sc_hd__a21oi_1)
     1    0.002074    0.021820    0.031701    0.645474 v _351_/Y (sky130_fd_sc_hd__a21oi_1)
                                                         _027_ (net)
                      0.021820    0.000147    0.645620 v _463_/D (sky130_fd_sc_hd__dfxtp_1)
                                              0.645620   data arrival time

                                  0.000000    0.000000   clock clk (rise edge)
                                  0.000000    0.000000   clock source latency
     1    0.018597    0.067071    0.046028    0.046028 ^ clk (in)
                                                         clk (net)
                      0.067091    0.000000    0.046028 ^ clkbuf_0_clk/A (sky130_fd_sc_hd__clkbuf_16)
     4    0.041408    0.046196    0.106941    0.152969 ^ clkbuf_0_clk/X (sky130_fd_sc_hd__clkbuf_16)
                                                         clknet_0_clk (net)
                      0.046507    0.002674    0.155643 ^ clkbuf_2_0__f_clk/A (sky130_fd_sc_hd__clkbuf_16)
    16    0.050259    0.052331    0.105704    0.261347 ^ clkbuf_2_0__f_clk/X (sky130_fd_sc_hd__clkbuf_16)
                                                         clknet_2_0__leaf_clk (net)
                      0.053190    0.005269    0.266616 ^ _463_/CLK (sky130_fd_sc_hd__dfxtp_1)
                                  0.250000    0.516616   clock uncertainty
                                  0.000000    0.516616   clock reconvergence pessimism
                                 -0.034388    0.482228   library hold time
                                              0.482228   data required time
---------------------------------------------------------------------------------------------
                                              0.482228   data required time
                                             -0.645620   data arrival time
---------------------------------------------------------------------------------------------
                                              0.163393   slack (MET)


Startpoint: _481_ (rising edge-triggered flip-flop clocked by clk)
Endpoint: _486_ (rising edge-triggered flip-flop clocked by clk)
Path Group: clk
Path Type: min

Fanout         Cap        Slew       Delay        Time   Description
---------------------------------------------------------------------------------------------
                                  0.000000    0.000000   clock clk (rise edge)
                                  0.000000    0.000000   clock source latency
     1    0.018597    0.067071    0.046028    0.046028 ^ clk (in)
                                                         clk (net)
                      0.067091    0.000000    0.046028 ^ clkbuf_0_clk/A (sky130_fd_sc_hd__clkbuf_16)
     4    0.041408    0.046196    0.106941    0.152969 ^ clkbuf_0_clk/X (sky130_fd_sc_hd__clkbuf_16)
                                                         clknet_0_clk (net)
                      0.046465    0.002427    0.155396 ^ clkbuf_2_3__f_clk/A (sky130_fd_sc_hd__clkbuf_16)
    14    0.050529    0.052622    0.106408    0.261804 ^ clkbuf_2_3__f_clk/X (sky130_fd_sc_hd__clkbuf_16)
                                                         clknet_2_3__leaf_clk (net)
                      0.052818    0.002226    0.264029 ^ _481_/CLK (sky130_fd_sc_hd__dfxtp_1)
     4    0.012856    0.096286    0.238996    0.503025 ^ _481_/Q (sky130_fd_sc_hd__dfxtp_1)
                                                         u_system.sticky_tamper (net)
                      0.096290    0.000719    0.503744 ^ _241_/A (sky130_fd_sc_hd__nor2_1)
     2    0.008104    0.044546    0.050661    0.554405 v _241_/Y (sky130_fd_sc_hd__nor2_1)
                                                         _073_ (net)
                      0.044547    0.000306    0.554711 v _434_/A1 (sky130_fd_sc_hd__a21o_1)
     1    0.002238    0.017953    0.097169    0.651880 v _434_/X (sky130_fd_sc_hd__a21o_1)
                                                         _050_ (net)
                      0.017953    0.000162    0.652041 v _486_/D (sky130_fd_sc_hd__dfxtp_2)
                                              0.652041   data arrival time

                                  0.000000    0.000000   clock clk (rise edge)
                                  0.000000    0.000000   clock source latency
     1    0.018597    0.067071    0.046028    0.046028 ^ clk (in)
                                                         clk (net)
                      0.067091    0.000000    0.046028 ^ clkbuf_0_clk/A (sky130_fd_sc_hd__clkbuf_16)
     4    0.041408    0.046196    0.106941    0.152969 ^ clkbuf_0_clk/X (sky130_fd_sc_hd__clkbuf_16)
                                                         clknet_0_clk (net)
                      0.046465    0.002427    0.155396 ^ clkbuf_2_3__f_clk/A (sky130_fd_sc_hd__clkbuf_16)
    14    0.050529    0.052622    0.106408    0.261804 ^ clkbuf_2_3__f_clk/X (sky130_fd_sc_hd__clkbuf_16)
                                                         clknet_2_3__leaf_clk (net)
                      0.052855    0.002482    0.264285 ^ _486_/CLK (sky130_fd_sc_hd__dfxtp_2)
                                  0.250000    0.514285   clock uncertainty
                                  0.000000    0.514285   clock reconvergence pessimism
                                 -0.028169    0.486117   library hold time
                                              0.486117   data required time
---------------------------------------------------------------------------------------------
                                              0.486117   data required time
                                             -0.652041   data arrival time
---------------------------------------------------------------------------------------------
                                              0.165925   slack (MET)


Startpoint: _464_ (rising edge-triggered flip-flop clocked by clk)
Endpoint: _464_ (rising edge-triggered flip-flop clocked by clk)
Path Group: clk
Path Type: min

Fanout         Cap        Slew       Delay        Time   Description
---------------------------------------------------------------------------------------------
                                  0.000000    0.000000   clock clk (rise edge)
                                  0.000000    0.000000   clock source latency
     1    0.018597    0.067071    0.046028    0.046028 ^ clk (in)
                                                         clk (net)
                      0.067091    0.000000    0.046028 ^ clkbuf_0_clk/A (sky130_fd_sc_hd__clkbuf_16)
     4    0.041408    0.046196    0.106941    0.152969 ^ clkbuf_0_clk/X (sky130_fd_sc_hd__clkbuf_16)
                                                         clknet_0_clk (net)
                      0.046507    0.002674    0.155643 ^ clkbuf_2_0__f_clk/A (sky130_fd_sc_hd__clkbuf_16)
    16    0.050259    0.052331    0.105704    0.261347 ^ clkbuf_2_0__f_clk/X (sky130_fd_sc_hd__clkbuf_16)
                                                         clknet_2_0__leaf_clk (net)
                      0.052404    0.001477    0.262824 ^ _464_/CLK (sky130_fd_sc_hd__dfxtp_1)
     5    0.017138    0.060719    0.228236    0.491059 v _464_/Q (sky130_fd_sc_hd__dfxtp_1)
                                                         u_system.global_timeout_count[4] (net)
                      0.060724    0.000594    0.491653 v _352_/A (sky130_fd_sc_hd__xor2_1)
     1    0.003231    0.074562    0.112028    0.603680 ^ _352_/X (sky130_fd_sc_hd__xor2_1)
                                                         _156_ (net)
                      0.074562    0.000241    0.603921 ^ _353_/A2 (sky130_fd_sc_hd__a21oi_1)
     1    0.002772    0.030565    0.042702    0.646623 v _353_/Y (sky130_fd_sc_hd__a21oi_1)
                                                         _028_ (net)
                      0.030565    0.000193    0.646816 v _464_/D (sky130_fd_sc_hd__dfxtp_1)
                                              0.646816   data arrival time

                                  0.000000    0.000000   clock clk (rise edge)
                                  0.000000    0.000000   clock source latency
     1    0.018597    0.067071    0.046028    0.046028 ^ clk (in)
                                                         clk (net)
                      0.067091    0.000000    0.046028 ^ clkbuf_0_clk/A (sky130_fd_sc_hd__clkbuf_16)
     4    0.041408    0.046196    0.106941    0.152969 ^ clkbuf_0_clk/X (sky130_fd_sc_hd__clkbuf_16)
                                                         clknet_0_clk (net)
                      0.046507    0.002674    0.155643 ^ clkbuf_2_0__f_clk/A (sky130_fd_sc_hd__clkbuf_16)
    16    0.050259    0.052331    0.105704    0.261347 ^ clkbuf_2_0__f_clk/X (sky130_fd_sc_hd__clkbuf_16)
                                                         clknet_2_0__leaf_clk (net)
                      0.052404    0.001477    0.262824 ^ _464_/CLK (sky130_fd_sc_hd__dfxtp_1)
                                  0.250000    0.512824   clock uncertainty
                                  0.000000    0.512824   clock reconvergence pessimism
                                 -0.037438    0.475386   library hold time
                                              0.475386   data required time
---------------------------------------------------------------------------------------------
                                              0.475386   data required time
                                             -0.646816   data arrival time
---------------------------------------------------------------------------------------------
                                              0.171430   slack (MET)


Startpoint: _481_ (rising edge-triggered flip-flop clocked by clk)
Endpoint: _484_ (rising edge-triggered flip-flop clocked by clk)
Path Group: clk
Path Type: min

Fanout         Cap        Slew       Delay        Time   Description
---------------------------------------------------------------------------------------------
                                  0.000000    0.000000   clock clk (rise edge)
                                  0.000000    0.000000   clock source latency
     1    0.018597    0.067071    0.046028    0.046028 ^ clk (in)
                                                         clk (net)
                      0.067091    0.000000    0.046028 ^ clkbuf_0_clk/A (sky130_fd_sc_hd__clkbuf_16)
     4    0.041408    0.046196    0.106941    0.152969 ^ clkbuf_0_clk/X (sky130_fd_sc_hd__clkbuf_16)
                                                         clknet_0_clk (net)
                      0.046465    0.002427    0.155396 ^ clkbuf_2_3__f_clk/A (sky130_fd_sc_hd__clkbuf_16)
    14    0.050529    0.052622    0.106408    0.261804 ^ clkbuf_2_3__f_clk/X (sky130_fd_sc_hd__clkbuf_16)
                                                         clknet_2_3__leaf_clk (net)
                      0.052818    0.002226    0.264029 ^ _481_/CLK (sky130_fd_sc_hd__dfxtp_1)
     4    0.012856    0.096286    0.238996    0.503025 ^ _481_/Q (sky130_fd_sc_hd__dfxtp_1)
                                                         u_system.sticky_tamper (net)
                      0.096289    0.000706    0.503731 ^ _242_/A (sky130_fd_sc_hd__or3_2)
     4    0.018795    0.074593    0.125790    0.629521 ^ _242_/X (sky130_fd_sc_hd__or3_2)
                                                         _074_ (net)
                      0.074607    0.001020    0.630541 ^ _428_/B (sky130_fd_sc_hd__nor3_1)
     1    0.002364    0.019671    0.031919    0.662460 v _428_/Y (sky130_fd_sc_hd__nor3_1)
                                                         _048_ (net)
                      0.019671    0.000102    0.662563 v _484_/D (sky130_fd_sc_hd__dfxtp_1)
                                              0.662563   data arrival time

                                  0.000000    0.000000   clock clk (rise edge)
                                  0.000000    0.000000   clock source latency
     1    0.018597    0.067071    0.046028    0.046028 ^ clk (in)
                                                         clk (net)
                      0.067091    0.000000    0.046028 ^ clkbuf_0_clk/A (sky130_fd_sc_hd__clkbuf_16)
     4    0.041408    0.046196    0.106941    0.152969 ^ clkbuf_0_clk/X (sky130_fd_sc_hd__clkbuf_16)
                                                         clknet_0_clk (net)
                      0.046489    0.002568    0.155537 ^ clkbuf_2_1__f_clk/A (sky130_fd_sc_hd__clkbuf_16)
    12    0.049645    0.052003    0.105854    0.261390 ^ clkbuf_2_1__f_clk/X (sky130_fd_sc_hd__clkbuf_16)
                                                         clknet_2_1__leaf_clk (net)
                      0.052182    0.002333    0.263723 ^ _484_/CLK (sky130_fd_sc_hd__dfxtp_1)
                                  0.250000    0.513723   clock uncertainty
                                  0.000000    0.513723   clock reconvergence pessimism
                                 -0.033757    0.479966   library hold time
                                              0.479966   data required time
---------------------------------------------------------------------------------------------
                                              0.479966   data required time
                                             -0.662563   data arrival time
---------------------------------------------------------------------------------------------
                                              0.182597   slack (MET)


Startpoint: _480_ (rising edge-triggered flip-flop clocked by clk)
Endpoint: _482_ (rising edge-triggered flip-flop clocked by clk)
Path Group: clk
Path Type: min

Fanout         Cap        Slew       Delay        Time   Description
---------------------------------------------------------------------------------------------
                                  0.000000    0.000000   clock clk (rise edge)
                                  0.000000    0.000000   clock source latency
     1    0.018597    0.067071    0.046028    0.046028 ^ clk (in)
                                                         clk (net)
                      0.067091    0.000000    0.046028 ^ clkbuf_0_clk/A (sky130_fd_sc_hd__clkbuf_16)
     4    0.041408    0.046196    0.106941    0.152969 ^ clkbuf_0_clk/X (sky130_fd_sc_hd__clkbuf_16)
                                                         clknet_0_clk (net)
                      0.046465    0.002427    0.155396 ^ clkbuf_2_3__f_clk/A (sky130_fd_sc_hd__clkbuf_16)
    14    0.050529    0.052622    0.106408    0.261804 ^ clkbuf_2_3__f_clk/X (sky130_fd_sc_hd__clkbuf_16)
                                                         clknet_2_3__leaf_clk (net)
                      0.052838    0.002366    0.264169 ^ _480_/CLK (sky130_fd_sc_hd__dfxtp_1)
     5    0.013795    0.050602    0.220454    0.484623 v _480_/Q (sky130_fd_sc_hd__dfxtp_1)
                                                         u_system.sticky_illegal (net)
                      0.050610    0.000630    0.485253 v _241_/B (sky130_fd_sc_hd__nor2_1)
     2    0.008436    0.118921    0.110420    0.595673 ^ _241_/Y (sky130_fd_sc_hd__nor2_1)
                                                         _073_ (net)
                      0.118924    0.000488    0.596161 ^ _425_/A1 (sky130_fd_sc_hd__a31o_1)
     1    0.002130    0.025228    0.083836    0.679997 ^ _425_/X (sky130_fd_sc_hd__a31o_1)
                                                         _046_ (net)
                      0.025228    0.000152    0.680149 ^ _482_/D (sky130_fd_sc_hd__dfxtp_1)
                                              0.680149   data arrival time

                                  0.000000    0.000000   clock clk (rise edge)
                                  0.000000    0.000000   clock source latency
     1    0.018597    0.067071    0.046028    0.046028 ^ clk (in)
                                                         clk (net)
                      0.067091    0.000000    0.046028 ^ clkbuf_0_clk/A (sky130_fd_sc_hd__clkbuf_16)
     4    0.041408    0.046196    0.106941    0.152969 ^ clkbuf_0_clk/X (sky130_fd_sc_hd__clkbuf_16)
                                                         clknet_0_clk (net)
                      0.046489    0.002568    0.155537 ^ clkbuf_2_1__f_clk/A (sky130_fd_sc_hd__clkbuf_16)
    12    0.049645    0.052003    0.105854    0.261390 ^ clkbuf_2_1__f_clk/X (sky130_fd_sc_hd__clkbuf_16)
                                                         clknet_2_1__leaf_clk (net)
                      0.052145    0.002069    0.263459 ^ _482_/CLK (sky130_fd_sc_hd__dfxtp_1)
                                  0.250000    0.513459   clock uncertainty
                                  0.000000    0.513459   clock reconvergence pessimism
                                 -0.016388    0.497071   library hold time
                                              0.497071   data required time
---------------------------------------------------------------------------------------------
                                              0.497071   data required time
                                             -0.680149   data arrival time
---------------------------------------------------------------------------------------------
                                              0.183078   slack (MET)


Startpoint: _459_ (rising edge-triggered flip-flop clocked by clk)
Endpoint: _459_ (rising edge-triggered flip-flop clocked by clk)
Path Group: clk
Path Type: min

Fanout         Cap        Slew       Delay        Time   Description
---------------------------------------------------------------------------------------------
                                  0.000000    0.000000   clock clk (rise edge)
                                  0.000000    0.000000   clock source latency
     1    0.018597    0.067071    0.046028    0.046028 ^ clk (in)
                                                         clk (net)
                      0.067091    0.000000    0.046028 ^ clkbuf_0_clk/A (sky130_fd_sc_hd__clkbuf_16)
     4    0.041408    0.046196    0.106941    0.152969 ^ clkbuf_0_clk/X (sky130_fd_sc_hd__clkbuf_16)
                                                         clknet_0_clk (net)
                      0.046507    0.002674    0.155643 ^ clkbuf_2_0__f_clk/A (sky130_fd_sc_hd__clkbuf_16)
    16    0.050259    0.052331    0.105704    0.261347 ^ clkbuf_2_0__f_clk/X (sky130_fd_sc_hd__clkbuf_16)
                                                         clknet_2_0__leaf_clk (net)
                      0.052400    0.001430    0.262777 ^ _459_/CLK (sky130_fd_sc_hd__dfxtp_1)
     3    0.008079    0.064040    0.216112    0.478889 ^ _459_/Q (sky130_fd_sc_hd__dfxtp_1)
                                                         u_system.u_global.denial_counter[1] (net)
                      0.064042    0.000443    0.479332 ^ _320_/A1 (sky130_fd_sc_hd__a21boi_1)
     3    0.008445    0.037305    0.055581    0.534913 v _320_/Y (sky130_fd_sc_hd__a21boi_1)
                                                         _130_ (net)
                      0.037312    0.000513    0.535426 v _324_/A2 (sky130_fd_sc_hd__o221a_1)
     1    0.002710    0.018670    0.141000    0.676426 v _324_/X (sky130_fd_sc_hd__o221a_1)
                                                         _023_ (net)
                      0.018670    0.000112    0.676538 v _459_/D (sky130_fd_sc_hd__dfxtp_1)
                                              0.676538   data arrival time

                                  0.000000    0.000000   clock clk (rise edge)
                                  0.000000    0.000000   clock source latency
     1    0.018597    0.067071    0.046028    0.046028 ^ clk (in)
                                                         clk (net)
                      0.067091    0.000000    0.046028 ^ clkbuf_0_clk/A (sky130_fd_sc_hd__clkbuf_16)
     4    0.041408    0.046196    0.106941    0.152969 ^ clkbuf_0_clk/X (sky130_fd_sc_hd__clkbuf_16)
                                                         clknet_0_clk (net)
                      0.046507    0.002674    0.155643 ^ clkbuf_2_0__f_clk/A (sky130_fd_sc_hd__clkbuf_16)
    16    0.050259    0.052331    0.105704    0.261347 ^ clkbuf_2_0__f_clk/X (sky130_fd_sc_hd__clkbuf_16)
                                                         clknet_2_0__leaf_clk (net)
                      0.052400    0.001430    0.262777 ^ _459_/CLK (sky130_fd_sc_hd__dfxtp_1)
                                  0.250000    0.512777   clock uncertainty
                                  0.000000    0.512777   clock reconvergence pessimism
                                 -0.033396    0.479381   library hold time
                                              0.479381   data required time
---------------------------------------------------------------------------------------------
                                              0.479381   data required time
                                             -0.676538   data arrival time
---------------------------------------------------------------------------------------------
                                              0.197156   slack (MET)


Startpoint: _481_ (rising edge-triggered flip-flop clocked by clk)
Endpoint: _452_ (rising edge-triggered flip-flop clocked by clk)
Path Group: clk
Path Type: min

Fanout         Cap        Slew       Delay        Time   Description
---------------------------------------------------------------------------------------------
                                  0.000000    0.000000   clock clk (rise edge)
                                  0.000000    0.000000   clock source latency
     1    0.018597    0.067071    0.046028    0.046028 ^ clk (in)
                                                         clk (net)
                      0.067091    0.000000    0.046028 ^ clkbuf_0_clk/A (sky130_fd_sc_hd__clkbuf_16)
     4    0.041408    0.046196    0.106941    0.152969 ^ clkbuf_0_clk/X (sky130_fd_sc_hd__clkbuf_16)
                                                         clknet_0_clk (net)
                      0.046465    0.002427    0.155396 ^ clkbuf_2_3__f_clk/A (sky130_fd_sc_hd__clkbuf_16)
    14    0.050529    0.052622    0.106408    0.261804 ^ clkbuf_2_3__f_clk/X (sky130_fd_sc_hd__clkbuf_16)
                                                         clknet_2_3__leaf_clk (net)
                      0.052818    0.002226    0.264029 ^ _481_/CLK (sky130_fd_sc_hd__dfxtp_1)
     4    0.012856    0.096286    0.238996    0.503025 ^ _481_/Q (sky130_fd_sc_hd__dfxtp_1)
                                                         u_system.sticky_tamper (net)
                      0.096289    0.000706    0.503731 ^ _242_/A (sky130_fd_sc_hd__or3_2)
     4    0.018795    0.074593    0.125790    0.629521 ^ _242_/X (sky130_fd_sc_hd__or3_2)
                                                         _074_ (net)
                      0.074609    0.001052    0.630572 ^ _311_/A2 (sky130_fd_sc_hd__o21a_1)
     1    0.002217    0.024986    0.065996    0.696568 ^ _311_/X (sky130_fd_sc_hd__o21a_1)
                                                         _016_ (net)
                      0.024986    0.000152    0.696721 ^ _452_/D (sky130_fd_sc_hd__dfxtp_1)
                                              0.696721   data arrival time

                                  0.000000    0.000000   clock clk (rise edge)
                                  0.000000    0.000000   clock source latency
     1    0.018597    0.067071    0.046028    0.046028 ^ clk (in)
                                                         clk (net)
                      0.067091    0.000000    0.046028 ^ clkbuf_0_clk/A (sky130_fd_sc_hd__clkbuf_16)
     4    0.041408    0.046196    0.106941    0.152969 ^ clkbuf_0_clk/X (sky130_fd_sc_hd__clkbuf_16)
                                                         clknet_0_clk (net)
                      0.046489    0.002568    0.155537 ^ clkbuf_2_1__f_clk/A (sky130_fd_sc_hd__clkbuf_16)
    12    0.049645    0.052003    0.105854    0.261390 ^ clkbuf_2_1__f_clk/X (sky130_fd_sc_hd__clkbuf_16)
                                                         clknet_2_1__leaf_clk (net)
                      0.052199    0.002449    0.263839 ^ _452_/CLK (sky130_fd_sc_hd__dfxtp_1)
                                  0.250000    0.513839   clock uncertainty
                                  0.000000    0.513839   clock reconvergence pessimism
                                 -0.016370    0.497470   library hold time
                                              0.497470   data required time
---------------------------------------------------------------------------------------------
                                              0.497470   data required time
                                             -0.696721   data arrival time
---------------------------------------------------------------------------------------------
                                              0.199251   slack (MET)


Startpoint: _447_ (rising edge-triggered flip-flop clocked by clk)
Endpoint: _447_ (rising edge-triggered flip-flop clocked by clk)
Path Group: clk
Path Type: min

Fanout         Cap        Slew       Delay        Time   Description
---------------------------------------------------------------------------------------------
                                  0.000000    0.000000   clock clk (rise edge)
                                  0.000000    0.000000   clock source latency
     1    0.018597    0.067071    0.046028    0.046028 ^ clk (in)
                                                         clk (net)
                      0.067091    0.000000    0.046028 ^ clkbuf_0_clk/A (sky130_fd_sc_hd__clkbuf_16)
     4    0.041408    0.046196    0.106941    0.152969 ^ clkbuf_0_clk/X (sky130_fd_sc_hd__clkbuf_16)
                                                         clknet_0_clk (net)
                      0.046507    0.002674    0.155643 ^ clkbuf_2_0__f_clk/A (sky130_fd_sc_hd__clkbuf_16)
    16    0.050259    0.052331    0.105704    0.261347 ^ clkbuf_2_0__f_clk/X (sky130_fd_sc_hd__clkbuf_16)
                                                         clknet_2_0__leaf_clk (net)
                      0.052721    0.003414    0.264761 ^ _447_/CLK (sky130_fd_sc_hd__dfxtp_1)
     3    0.007265    0.031996    0.203644    0.468405 v _447_/Q (sky130_fd_sc_hd__dfxtp_1)
                                                         u_system.group_timeout_count[11] (net)
                      0.032039    0.000440    0.468845 v _296_/A (sky130_fd_sc_hd__and4_1)
     5    0.018122    0.066462    0.133474    0.602319 v _296_/X (sky130_fd_sc_hd__and4_1)
                                                         _117_ (net)
                      0.066475    0.000942    0.603261 v _297_/A (sky130_fd_sc_hd__inv_2)
     1    0.002745    0.023429    0.038270    0.641531 ^ _297_/Y (sky130_fd_sc_hd__inv_2)
                                                         _118_ (net)
                      0.023429    0.000128    0.641659 ^ _298_/B1 (sky130_fd_sc_hd__o211a_1)
     1    0.002540    0.025594    0.062913    0.704572 ^ _298_/X (sky130_fd_sc_hd__o211a_1)
                                                         _011_ (net)
                      0.025595    0.000185    0.704757 ^ _447_/D (sky130_fd_sc_hd__dfxtp_1)
                                              0.704757   data arrival time

                                  0.000000    0.000000   clock clk (rise edge)
                                  0.000000    0.000000   clock source latency
     1    0.018597    0.067071    0.046028    0.046028 ^ clk (in)
                                                         clk (net)
                      0.067091    0.000000    0.046028 ^ clkbuf_0_clk/A (sky130_fd_sc_hd__clkbuf_16)
     4    0.041408    0.046196    0.106941    0.152969 ^ clkbuf_0_clk/X (sky130_fd_sc_hd__clkbuf_16)
                                                         clknet_0_clk (net)
                      0.046507    0.002674    0.155643 ^ clkbuf_2_0__f_clk/A (sky130_fd_sc_hd__clkbuf_16)
    16    0.050259    0.052331    0.105704    0.261347 ^ clkbuf_2_0__f_clk/X (sky130_fd_sc_hd__clkbuf_16)
                                                         clknet_2_0__leaf_clk (net)
                      0.052721    0.003414    0.264761 ^ _447_/CLK (sky130_fd_sc_hd__dfxtp_1)
                                  0.250000    0.514761   clock uncertainty
                                  0.000000    0.514761   clock reconvergence pessimism
                                 -0.016400    0.498361   library hold time
                                              0.498361   data required time
---------------------------------------------------------------------------------------------
                                              0.498361   data required time
                                             -0.704757   data arrival time
---------------------------------------------------------------------------------------------
                                              0.206396   slack (MET)


Startpoint: _481_ (rising edge-triggered flip-flop clocked by clk)
Endpoint: _485_ (rising edge-triggered flip-flop clocked by clk)
Path Group: clk
Path Type: min

Fanout         Cap        Slew       Delay        Time   Description
---------------------------------------------------------------------------------------------
                                  0.000000    0.000000   clock clk (rise edge)
                                  0.000000    0.000000   clock source latency
     1    0.018597    0.067071    0.046028    0.046028 ^ clk (in)
                                                         clk (net)
                      0.067091    0.000000    0.046028 ^ clkbuf_0_clk/A (sky130_fd_sc_hd__clkbuf_16)
     4    0.041408    0.046196    0.106941    0.152969 ^ clkbuf_0_clk/X (sky130_fd_sc_hd__clkbuf_16)
                                                         clknet_0_clk (net)
                      0.046465    0.002427    0.155396 ^ clkbuf_2_3__f_clk/A (sky130_fd_sc_hd__clkbuf_16)
    14    0.050529    0.052622    0.106408    0.261804 ^ clkbuf_2_3__f_clk/X (sky130_fd_sc_hd__clkbuf_16)
                                                         clknet_2_3__leaf_clk (net)
                      0.052818    0.002226    0.264029 ^ _481_/CLK (sky130_fd_sc_hd__dfxtp_1)
     4    0.012856    0.096286    0.238996    0.503025 ^ _481_/Q (sky130_fd_sc_hd__dfxtp_1)
                                                         u_system.sticky_tamper (net)
                      0.096289    0.000706    0.503731 ^ _242_/A (sky130_fd_sc_hd__or3_2)
     4    0.018795    0.074593    0.125790    0.629521 ^ _242_/X (sky130_fd_sc_hd__or3_2)
                                                         _074_ (net)
                      0.074609    0.001061    0.630582 ^ _251_/B1 (sky130_fd_sc_hd__a31oi_1)
     2    0.007234    0.036250    0.040925    0.671507 v _251_/Y (sky130_fd_sc_hd__a31oi_1)
                                                         _083_ (net)
                      0.036259    0.000449    0.671956 v _429_/B (sky130_fd_sc_hd__nor2_1)
     1    0.002194    0.046765    0.051403    0.723359 ^ _429_/Y (sky130_fd_sc_hd__nor2_1)
                                                         _049_ (net)
                      0.046765    0.000152    0.723510 ^ _485_/D (sky130_fd_sc_hd__dfxtp_1)
                                              0.723510   data arrival time

                                  0.000000    0.000000   clock clk (rise edge)
                                  0.000000    0.000000   clock source latency
     1    0.018597    0.067071    0.046028    0.046028 ^ clk (in)
                                                         clk (net)
                      0.067091    0.000000    0.046028 ^ clkbuf_0_clk/A (sky130_fd_sc_hd__clkbuf_16)
     4    0.041408    0.046196    0.106941    0.152969 ^ clkbuf_0_clk/X (sky130_fd_sc_hd__clkbuf_16)
                                                         clknet_0_clk (net)
                      0.046489    0.002568    0.155537 ^ clkbuf_2_1__f_clk/A (sky130_fd_sc_hd__clkbuf_16)
    12    0.049645    0.052003    0.105854    0.261390 ^ clkbuf_2_1__f_clk/X (sky130_fd_sc_hd__clkbuf_16)
                                                         clknet_2_1__leaf_clk (net)
                      0.052218    0.002571    0.263962 ^ _485_/CLK (sky130_fd_sc_hd__dfxtp_1)
                                  0.250000    0.513962   clock uncertainty
                                  0.000000    0.513962   clock reconvergence pessimism
                                 -0.017906    0.496056   library hold time
                                              0.496056   data required time
---------------------------------------------------------------------------------------------
                                              0.496056   data required time
                                             -0.723510   data arrival time
---------------------------------------------------------------------------------------------
                                              0.227455   slack (MET)


Startpoint: _481_ (rising edge-triggered flip-flop clocked by clk)
Endpoint: _476_ (rising edge-triggered flip-flop clocked by clk)
Path Group: clk
Path Type: min

Fanout         Cap        Slew       Delay        Time   Description
---------------------------------------------------------------------------------------------
                                  0.000000    0.000000   clock clk (rise edge)
                                  0.000000    0.000000   clock source latency
     1    0.018597    0.067071    0.046028    0.046028 ^ clk (in)
                                                         clk (net)
                      0.067091    0.000000    0.046028 ^ clkbuf_0_clk/A (sky130_fd_sc_hd__clkbuf_16)
     4    0.041408    0.046196    0.106941    0.152969 ^ clkbuf_0_clk/X (sky130_fd_sc_hd__clkbuf_16)
                                                         clknet_0_clk (net)
                      0.046465    0.002427    0.155396 ^ clkbuf_2_3__f_clk/A (sky130_fd_sc_hd__clkbuf_16)
    14    0.050529    0.052622    0.106408    0.261804 ^ clkbuf_2_3__f_clk/X (sky130_fd_sc_hd__clkbuf_16)
                                                         clknet_2_3__leaf_clk (net)
                      0.052818    0.002226    0.264029 ^ _481_/CLK (sky130_fd_sc_hd__dfxtp_1)
     4    0.012856    0.096286    0.238996    0.503025 ^ _481_/Q (sky130_fd_sc_hd__dfxtp_1)
                                                         u_system.sticky_tamper (net)
                      0.096289    0.000663    0.503688 ^ _388_/A (sky130_fd_sc_hd__or3_1)
     2    0.006446    0.051126    0.095171    0.598860 ^ _388_/X (sky130_fd_sc_hd__or3_1)
                                                         _180_ (net)
                      0.051127    0.000351    0.599211 ^ _389_/B (sky130_fd_sc_hd__nor2_1)
     3    0.011255    0.040115    0.046590    0.645801 v _389_/Y (sky130_fd_sc_hd__nor2_1)
                                                         _181_ (net)
                      0.040126    0.000551    0.646352 v _409_/B1 (sky130_fd_sc_hd__o21a_1)
     1    0.003063    0.018104    0.064276    0.710628 v _409_/X (sky130_fd_sc_hd__o21a_1)
                                                         _040_ (net)
                      0.018106    0.000201    0.710829 v _476_/D (sky130_fd_sc_hd__dfxtp_1)
                                              0.710829   data arrival time

                                  0.000000    0.000000   clock clk (rise edge)
                                  0.000000    0.000000   clock source latency
     1    0.018597    0.067071    0.046028    0.046028 ^ clk (in)
                                                         clk (net)
                      0.067091    0.000000    0.046028 ^ clkbuf_0_clk/A (sky130_fd_sc_hd__clkbuf_16)
     4    0.041408    0.046196    0.106941    0.152969 ^ clkbuf_0_clk/X (sky130_fd_sc_hd__clkbuf_16)
                                                         clknet_0_clk (net)
                      0.046465    0.002427    0.155396 ^ clkbuf_2_3__f_clk/A (sky130_fd_sc_hd__clkbuf_16)
    14    0.050529    0.052622    0.106408    0.261804 ^ clkbuf_2_3__f_clk/X (sky130_fd_sc_hd__clkbuf_16)
                                                         clknet_2_3__leaf_clk (net)
                      0.052799    0.002084    0.263888 ^ _476_/CLK (sky130_fd_sc_hd__dfxtp_1)
                                  0.250000    0.513888   clock uncertainty
                                  0.000000    0.513888   clock reconvergence pessimism
                                 -0.033165    0.480723   library hold time
                                              0.480723   data required time
---------------------------------------------------------------------------------------------
                                              0.480723   data required time
                                             -0.710829   data arrival time
---------------------------------------------------------------------------------------------
                                              0.230106   slack (MET)


Startpoint: _445_ (rising edge-triggered flip-flop clocked by clk)
Endpoint: _483_ (rising edge-triggered flip-flop clocked by clk)
Path Group: clk
Path Type: min

Fanout         Cap        Slew       Delay        Time   Description
---------------------------------------------------------------------------------------------
                                  0.000000    0.000000   clock clk (rise edge)
                                  0.000000    0.000000   clock source latency
     1    0.018597    0.067071    0.046028    0.046028 ^ clk (in)
                                                         clk (net)
                      0.067091    0.000000    0.046028 ^ clkbuf_0_clk/A (sky130_fd_sc_hd__clkbuf_16)
     4    0.041408    0.046196    0.106941    0.152969 ^ clkbuf_0_clk/X (sky130_fd_sc_hd__clkbuf_16)
                                                         clknet_0_clk (net)
                      0.046489    0.002568    0.155537 ^ clkbuf_2_1__f_clk/A (sky130_fd_sc_hd__clkbuf_16)
    12    0.049645    0.052003    0.105854    0.261390 ^ clkbuf_2_1__f_clk/X (sky130_fd_sc_hd__clkbuf_16)
                                                         clknet_2_1__leaf_clk (net)
                      0.052305    0.003082    0.264472 ^ _445_/CLK (sky130_fd_sc_hd__dfxtp_1)
     4    0.012644    0.094836    0.237845    0.502317 ^ _445_/Q (sky130_fd_sc_hd__dfxtp_1)
                                                         u_system.group_timeout_count[9] (net)
                      0.094839    0.000651    0.502967 ^ _261_/A1 (sky130_fd_sc_hd__o31ai_1)
     1    0.002890    0.019054    0.051850    0.554818 v _261_/Y (sky130_fd_sc_hd__o31ai_1)
                                                         _093_ (net)
                      0.019055    0.000199    0.555016 v _263_/A2 (sky130_fd_sc_hd__a31o_1)
     2    0.009296    0.039402    0.145763    0.700779 v _263_/X (sky130_fd_sc_hd__a31o_1)
                                                         _095_ (net)
                      0.039411    0.000591    0.701371 v _426_/B (sky130_fd_sc_hd__nor2_1)
     1    0.002232    0.047323    0.052913    0.754284 ^ _426_/Y (sky130_fd_sc_hd__nor2_1)
                                                         _047_ (net)
                      0.047323    0.000106    0.754390 ^ _483_/D (sky130_fd_sc_hd__dfxtp_1)
                                              0.754390   data arrival time

                                  0.000000    0.000000   clock clk (rise edge)
                                  0.000000    0.000000   clock source latency
     1    0.018597    0.067071    0.046028    0.046028 ^ clk (in)
                                                         clk (net)
                      0.067091    0.000000    0.046028 ^ clkbuf_0_clk/A (sky130_fd_sc_hd__clkbuf_16)
     4    0.041408    0.046196    0.106941    0.152969 ^ clkbuf_0_clk/X (sky130_fd_sc_hd__clkbuf_16)
                                                         clknet_0_clk (net)
                      0.046489    0.002568    0.155537 ^ clkbuf_2_1__f_clk/A (sky130_fd_sc_hd__clkbuf_16)
    12    0.049645    0.052003    0.105854    0.261390 ^ clkbuf_2_1__f_clk/X (sky130_fd_sc_hd__clkbuf_16)
                                                         clknet_2_1__leaf_clk (net)
                      0.052260    0.002824    0.264214 ^ _483_/CLK (sky130_fd_sc_hd__dfxtp_1)
                                  0.250000    0.514214   clock uncertainty
                                  0.000000    0.514214   clock reconvergence pessimism
                                 -0.017944    0.496269   library hold time
                                              0.496269   data required time
---------------------------------------------------------------------------------------------
                                              0.496269   data required time
                                             -0.754390   data arrival time
---------------------------------------------------------------------------------------------
                                              0.258120   slack (MET)


Startpoint: _481_ (rising edge-triggered flip-flop clocked by clk)
Endpoint: _477_ (rising edge-triggered flip-flop clocked by clk)
Path Group: clk
Path Type: min

Fanout         Cap        Slew       Delay        Time   Description
---------------------------------------------------------------------------------------------
                                  0.000000    0.000000   clock clk (rise edge)
                                  0.000000    0.000000   clock source latency
     1    0.018597    0.067071    0.046028    0.046028 ^ clk (in)
                                                         clk (net)
                      0.067091    0.000000    0.046028 ^ clkbuf_0_clk/A (sky130_fd_sc_hd__clkbuf_16)
     4    0.041408    0.046196    0.106941    0.152969 ^ clkbuf_0_clk/X (sky130_fd_sc_hd__clkbuf_16)
                                                         clknet_0_clk (net)
                      0.046465    0.002427    0.155396 ^ clkbuf_2_3__f_clk/A (sky130_fd_sc_hd__clkbuf_16)
    14    0.050529    0.052622    0.106408    0.261804 ^ clkbuf_2_3__f_clk/X (sky130_fd_sc_hd__clkbuf_16)
                                                         clknet_2_3__leaf_clk (net)
                      0.052818    0.002226    0.264029 ^ _481_/CLK (sky130_fd_sc_hd__dfxtp_1)
     4    0.012856    0.096286    0.238996    0.503025 ^ _481_/Q (sky130_fd_sc_hd__dfxtp_1)
                                                         u_system.sticky_tamper (net)
                      0.096289    0.000663    0.503688 ^ _388_/A (sky130_fd_sc_hd__or3_1)
     2    0.006446    0.051126    0.095171    0.598860 ^ _388_/X (sky130_fd_sc_hd__or3_1)
                                                         _180_ (net)
                      0.051127    0.000351    0.599211 ^ _389_/B (sky130_fd_sc_hd__nor2_1)
     3    0.011255    0.040115    0.046590    0.645801 v _389_/Y (sky130_fd_sc_hd__nor2_1)
                                                         _181_ (net)
                      0.040131    0.000665    0.646466 v _412_/B (sky130_fd_sc_hd__and2b_1)
     1    0.002087    0.021248    0.094393    0.740859 v _412_/X (sky130_fd_sc_hd__and2b_1)
                                                         _041_ (net)
                      0.021248    0.000149    0.741007 v _477_/D (sky130_fd_sc_hd__dfxtp_1)
                                              0.741007   data arrival time

                                  0.000000    0.000000   clock clk (rise edge)
                                  0.000000    0.000000   clock source latency
     1    0.018597    0.067071    0.046028    0.046028 ^ clk (in)
                                                         clk (net)
                      0.067091    0.000000    0.046028 ^ clkbuf_0_clk/A (sky130_fd_sc_hd__clkbuf_16)
     4    0.041408    0.046196    0.106941    0.152969 ^ clkbuf_0_clk/X (sky130_fd_sc_hd__clkbuf_16)
                                                         clknet_0_clk (net)
                      0.046465    0.002427    0.155396 ^ clkbuf_2_3__f_clk/A (sky130_fd_sc_hd__clkbuf_16)
    14    0.050529    0.052622    0.106408    0.261804 ^ clkbuf_2_3__f_clk/X (sky130_fd_sc_hd__clkbuf_16)
                                                         clknet_2_3__leaf_clk (net)
                      0.052840    0.002381    0.264185 ^ _477_/CLK (sky130_fd_sc_hd__dfxtp_1)
                                  0.250000    0.514185   clock uncertainty
                                  0.000000    0.514185   clock reconvergence pessimism
                                 -0.034228    0.479957   library hold time
                                              0.479957   data required time
---------------------------------------------------------------------------------------------
                                              0.479957   data required time
                                             -0.741007   data arrival time
---------------------------------------------------------------------------------------------
                                              0.261051   slack (MET)


Startpoint: _481_ (rising edge-triggered flip-flop clocked by clk)
Endpoint: _478_ (rising edge-triggered flip-flop clocked by clk)
Path Group: clk
Path Type: min

Fanout         Cap        Slew       Delay        Time   Description
---------------------------------------------------------------------------------------------
                                  0.000000    0.000000   clock clk (rise edge)
                                  0.000000    0.000000   clock source latency
     1    0.018597    0.067071    0.046028    0.046028 ^ clk (in)
                                                         clk (net)
                      0.067091    0.000000    0.046028 ^ clkbuf_0_clk/A (sky130_fd_sc_hd__clkbuf_16)
     4    0.041408    0.046196    0.106941    0.152969 ^ clkbuf_0_clk/X (sky130_fd_sc_hd__clkbuf_16)
                                                         clknet_0_clk (net)
                      0.046465    0.002427    0.155396 ^ clkbuf_2_3__f_clk/A (sky130_fd_sc_hd__clkbuf_16)
    14    0.050529    0.052622    0.106408    0.261804 ^ clkbuf_2_3__f_clk/X (sky130_fd_sc_hd__clkbuf_16)
                                                         clknet_2_3__leaf_clk (net)
                      0.052818    0.002226    0.264029 ^ _481_/CLK (sky130_fd_sc_hd__dfxtp_1)
     4    0.012856    0.096286    0.238996    0.503025 ^ _481_/Q (sky130_fd_sc_hd__dfxtp_1)
                                                         u_system.sticky_tamper (net)
                      0.096289    0.000663    0.503688 ^ _388_/A (sky130_fd_sc_hd__or3_1)
     2    0.006446    0.051126    0.095171    0.598860 ^ _388_/X (sky130_fd_sc_hd__or3_1)
                                                         _180_ (net)
                      0.051127    0.000351    0.599211 ^ _389_/B (sky130_fd_sc_hd__nor2_1)
     3    0.011255    0.040115    0.046590    0.645801 v _389_/Y (sky130_fd_sc_hd__nor2_1)
                                                         _181_ (net)
                      0.040130    0.000643    0.646444 v _421_/A (sky130_fd_sc_hd__and3_1)
     1    0.003794    0.026772    0.094296    0.740739 v _421_/X (sky130_fd_sc_hd__and3_1)
                                                         _042_ (net)
                      0.026772    0.000277    0.741017 v _478_/D (sky130_fd_sc_hd__dfxtp_1)
                                              0.741017   data arrival time

                                  0.000000    0.000000   clock clk (rise edge)
                                  0.000000    0.000000   clock source latency
     1    0.018597    0.067071    0.046028    0.046028 ^ clk (in)
                                                         clk (net)
                      0.067091    0.000000    0.046028 ^ clkbuf_0_clk/A (sky130_fd_sc_hd__clkbuf_16)
     4    0.041408    0.046196    0.106941    0.152969 ^ clkbuf_0_clk/X (sky130_fd_sc_hd__clkbuf_16)
                                                         clknet_0_clk (net)
                      0.046465    0.002427    0.155396 ^ clkbuf_2_3__f_clk/A (sky130_fd_sc_hd__clkbuf_16)
    14    0.050529    0.052622    0.106408    0.261804 ^ clkbuf_2_3__f_clk/X (sky130_fd_sc_hd__clkbuf_16)
                                                         clknet_2_3__leaf_clk (net)
                      0.052839    0.002374    0.264178 ^ _478_/CLK (sky130_fd_sc_hd__dfxtp_1)
                                  0.250000    0.514178   clock uncertainty
                                  0.000000    0.514178   clock reconvergence pessimism
                                 -0.036106    0.478072   library hold time
                                              0.478072   data required time
---------------------------------------------------------------------------------------------
                                              0.478072   data required time
                                             -0.741017   data arrival time
---------------------------------------------------------------------------------------------
                                              0.262945   slack (MET)


Startpoint: _469_ (rising edge-triggered flip-flop clocked by clk)
Endpoint: _469_ (rising edge-triggered flip-flop clocked by clk)
Path Group: clk
Path Type: min

Fanout         Cap        Slew       Delay        Time   Description
---------------------------------------------------------------------------------------------
                                  0.000000    0.000000   clock clk (rise edge)
                                  0.000000    0.000000   clock source latency
     1    0.018597    0.067071    0.046028    0.046028 ^ clk (in)
                                                         clk (net)
                      0.067091    0.000000    0.046028 ^ clkbuf_0_clk/A (sky130_fd_sc_hd__clkbuf_16)
     4    0.041408    0.046196    0.106941    0.152969 ^ clkbuf_0_clk/X (sky130_fd_sc_hd__clkbuf_16)
                                                         clknet_0_clk (net)
                      0.046507    0.002674    0.155643 ^ clkbuf_2_0__f_clk/A (sky130_fd_sc_hd__clkbuf_16)
    16    0.050259    0.052331    0.105704    0.261347 ^ clkbuf_2_0__f_clk/X (sky130_fd_sc_hd__clkbuf_16)
                                                         clknet_2_0__leaf_clk (net)
                      0.053203    0.005311    0.266658 ^ _469_/CLK (sky130_fd_sc_hd__dfxtp_1)
     4    0.010719    0.081714    0.228993    0.495651 ^ _469_/Q (sky130_fd_sc_hd__dfxtp_1)
                                                         u_system.global_timeout_count[9] (net)
                      0.081716    0.000497    0.496147 ^ _366_/A1 (sky130_fd_sc_hd__a21oi_1)
     1    0.003425    0.030169    0.042082    0.538229 v _366_/Y (sky130_fd_sc_hd__a21oi_1)
                                                         _165_ (net)
                      0.030169    0.000227    0.538456 v _367_/B1 (sky130_fd_sc_hd__o21a_1)
     1    0.001767    0.014364    0.055733    0.594189 v _367_/X (sky130_fd_sc_hd__o21a_1)
                                                         _033_ (net)
                      0.014364    0.000081    0.594271 v hold7/A (sky130_fd_sc_hd__dlygate4sd3_1)
     1    0.002208    0.036059    0.350786    0.945057 v hold7/X (sky130_fd_sc_hd__dlygate4sd3_1)
                                                         net36 (net)
                      0.036059    0.000153    0.945210 v _469_/D (sky130_fd_sc_hd__dfxtp_1)
                                              0.945210   data arrival time

                                  0.000000    0.000000   clock clk (rise edge)
                                  0.000000    0.000000   clock source latency
     1    0.018597    0.067071    0.046028    0.046028 ^ clk (in)
                                                         clk (net)
                      0.067091    0.000000    0.046028 ^ clkbuf_0_clk/A (sky130_fd_sc_hd__clkbuf_16)
     4    0.041408    0.046196    0.106941    0.152969 ^ clkbuf_0_clk/X (sky130_fd_sc_hd__clkbuf_16)
                                                         clknet_0_clk (net)
                      0.046507    0.002674    0.155643 ^ clkbuf_2_0__f_clk/A (sky130_fd_sc_hd__clkbuf_16)
    16    0.050259    0.052331    0.105704    0.261347 ^ clkbuf_2_0__f_clk/X (sky130_fd_sc_hd__clkbuf_16)
                                                         clknet_2_0__leaf_clk (net)
                      0.053203    0.005311    0.266658 ^ _469_/CLK (sky130_fd_sc_hd__dfxtp_1)
                                  0.250000    0.516658   clock uncertainty
                                  0.000000    0.516658   clock reconvergence pessimism
                                 -0.039226    0.477432   library hold time
                                              0.477432   data required time
---------------------------------------------------------------------------------------------
                                              0.477432   data required time
                                             -0.945210   data arrival time
---------------------------------------------------------------------------------------------
                                              0.467778   slack (MET)


Startpoint: _481_ (rising edge-triggered flip-flop clocked by clk)
Endpoint: _481_ (rising edge-triggered flip-flop clocked by clk)
Path Group: clk
Path Type: min

Fanout         Cap        Slew       Delay        Time   Description
---------------------------------------------------------------------------------------------
                                  0.000000    0.000000   clock clk (rise edge)
                                  0.000000    0.000000   clock source latency
     1    0.018597    0.067071    0.046028    0.046028 ^ clk (in)
                                                         clk (net)
                      0.067091    0.000000    0.046028 ^ clkbuf_0_clk/A (sky130_fd_sc_hd__clkbuf_16)
     4    0.041408    0.046196    0.106941    0.152969 ^ clkbuf_0_clk/X (sky130_fd_sc_hd__clkbuf_16)
                                                         clknet_0_clk (net)
                      0.046465    0.002427    0.155396 ^ clkbuf_2_3__f_clk/A (sky130_fd_sc_hd__clkbuf_16)
    14    0.050529    0.052622    0.106408    0.261804 ^ clkbuf_2_3__f_clk/X (sky130_fd_sc_hd__clkbuf_16)
                                                         clknet_2_3__leaf_clk (net)
                      0.052818    0.002226    0.264029 ^ _481_/CLK (sky130_fd_sc_hd__dfxtp_1)
     4    0.012856    0.096286    0.238996    0.503025 ^ _481_/Q (sky130_fd_sc_hd__dfxtp_1)
                                                         u_system.sticky_tamper (net)
                      0.096289    0.000673    0.503698 ^ hold9/A (sky130_fd_sc_hd__dlygate4sd3_1)
     1    0.003901    0.044887    0.389153    0.892851 ^ hold9/X (sky130_fd_sc_hd__dlygate4sd3_1)
                                                         net38 (net)
                      0.044887    0.000256    0.893107 ^ _424_/A1 (sky130_fd_sc_hd__o21a_1)
     1    0.002606    0.026834    0.072234    0.965341 ^ _424_/X (sky130_fd_sc_hd__o21a_1)
                                                         _045_ (net)
                      0.026835    0.000177    0.965518 ^ _481_/D (sky130_fd_sc_hd__dfxtp_1)
                                              0.965518   data arrival time

                                  0.000000    0.000000   clock clk (rise edge)
                                  0.000000    0.000000   clock source latency
     1    0.018597    0.067071    0.046028    0.046028 ^ clk (in)
                                                         clk (net)
                      0.067091    0.000000    0.046028 ^ clkbuf_0_clk/A (sky130_fd_sc_hd__clkbuf_16)
     4    0.041408    0.046196    0.106941    0.152969 ^ clkbuf_0_clk/X (sky130_fd_sc_hd__clkbuf_16)
                                                         clknet_0_clk (net)
                      0.046465    0.002427    0.155396 ^ clkbuf_2_3__f_clk/A (sky130_fd_sc_hd__clkbuf_16)
    14    0.050529    0.052622    0.106408    0.261804 ^ clkbuf_2_3__f_clk/X (sky130_fd_sc_hd__clkbuf_16)
                                                         clknet_2_3__leaf_clk (net)
                      0.052818    0.002226    0.264029 ^ _481_/CLK (sky130_fd_sc_hd__dfxtp_1)
                                  0.250000    0.514029   clock uncertainty
                                  0.000000    0.514029   clock reconvergence pessimism
                                 -0.016486    0.497544   library hold time
                                              0.497544   data required time
---------------------------------------------------------------------------------------------
                                              0.497544   data required time
                                             -0.965518   data arrival time
---------------------------------------------------------------------------------------------
                                              0.467974   slack (MET)


Startpoint: _480_ (rising edge-triggered flip-flop clocked by clk)
Endpoint: _479_ (rising edge-triggered flip-flop clocked by clk)
Path Group: clk
Path Type: min

Fanout         Cap        Slew       Delay        Time   Description
---------------------------------------------------------------------------------------------
                                  0.000000    0.000000   clock clk (rise edge)
                                  0.000000    0.000000   clock source latency
     1    0.018597    0.067071    0.046028    0.046028 ^ clk (in)
                                                         clk (net)
                      0.067091    0.000000    0.046028 ^ clkbuf_0_clk/A (sky130_fd_sc_hd__clkbuf_16)
     4    0.041408    0.046196    0.106941    0.152969 ^ clkbuf_0_clk/X (sky130_fd_sc_hd__clkbuf_16)
                                                         clknet_0_clk (net)
                      0.046465    0.002427    0.155396 ^ clkbuf_2_3__f_clk/A (sky130_fd_sc_hd__clkbuf_16)
    14    0.050529    0.052622    0.106408    0.261804 ^ clkbuf_2_3__f_clk/X (sky130_fd_sc_hd__clkbuf_16)
                                                         clknet_2_3__leaf_clk (net)
                      0.052838    0.002366    0.264169 ^ _480_/CLK (sky130_fd_sc_hd__dfxtp_1)
     5    0.014905    0.110266    0.248788    0.512957 ^ _480_/Q (sky130_fd_sc_hd__dfxtp_1)
                                                         u_system.sticky_illegal (net)
                      0.110269    0.000759    0.513716 ^ _422_/A1 (sky130_fd_sc_hd__o31a_1)
     1    0.002192    0.027895    0.087817    0.601533 ^ _422_/X (sky130_fd_sc_hd__o31a_1)
                                                         _043_ (net)
                      0.027895    0.000154    0.601688 ^ hold3/A (sky130_fd_sc_hd__dlygate4sd3_1)
     1    0.002432    0.035090    0.367709    0.969397 ^ hold3/X (sky130_fd_sc_hd__dlygate4sd3_1)
                                                         net32 (net)
                      0.035090    0.000175    0.969571 ^ _479_/D (sky130_fd_sc_hd__dfxtp_1)
                                              0.969571   data arrival time

                                  0.000000    0.000000   clock clk (rise edge)
                                  0.000000    0.000000   clock source latency
     1    0.018597    0.067071    0.046028    0.046028 ^ clk (in)
                                                         clk (net)
                      0.067091    0.000000    0.046028 ^ clkbuf_0_clk/A (sky130_fd_sc_hd__clkbuf_16)
     4    0.041408    0.046196    0.106941    0.152969 ^ clkbuf_0_clk/X (sky130_fd_sc_hd__clkbuf_16)
                                                         clknet_0_clk (net)
                      0.046465    0.002427    0.155396 ^ clkbuf_2_3__f_clk/A (sky130_fd_sc_hd__clkbuf_16)
    14    0.050529    0.052622    0.106408    0.261804 ^ clkbuf_2_3__f_clk/X (sky130_fd_sc_hd__clkbuf_16)
                                                         clknet_2_3__leaf_clk (net)
                      0.052758    0.001749    0.263553 ^ _479_/CLK (sky130_fd_sc_hd__dfxtp_1)
                                  0.250000    0.513553   clock uncertainty
                                  0.000000    0.513553   clock reconvergence pessimism
                                 -0.017069    0.496483   library hold time
                                              0.496483   data required time
---------------------------------------------------------------------------------------------
                                              0.496483   data required time
                                             -0.969571   data arrival time
---------------------------------------------------------------------------------------------
                                              0.473088   slack (MET)


Startpoint: _480_ (rising edge-triggered flip-flop clocked by clk)
Endpoint: _480_ (rising edge-triggered flip-flop clocked by clk)
Path Group: clk
Path Type: min

Fanout         Cap        Slew       Delay        Time   Description
---------------------------------------------------------------------------------------------
                                  0.000000    0.000000   clock clk (rise edge)
                                  0.000000    0.000000   clock source latency
     1    0.018597    0.067071    0.046028    0.046028 ^ clk (in)
                                                         clk (net)
                      0.067091    0.000000    0.046028 ^ clkbuf_0_clk/A (sky130_fd_sc_hd__clkbuf_16)
     4    0.041408    0.046196    0.106941    0.152969 ^ clkbuf_0_clk/X (sky130_fd_sc_hd__clkbuf_16)
                                                         clknet_0_clk (net)
                      0.046465    0.002427    0.155396 ^ clkbuf_2_3__f_clk/A (sky130_fd_sc_hd__clkbuf_16)
    14    0.050529    0.052622    0.106408    0.261804 ^ clkbuf_2_3__f_clk/X (sky130_fd_sc_hd__clkbuf_16)
                                                         clknet_2_3__leaf_clk (net)
                      0.052838    0.002366    0.264169 ^ _480_/CLK (sky130_fd_sc_hd__dfxtp_1)
     5    0.014905    0.110266    0.248788    0.512957 ^ _480_/Q (sky130_fd_sc_hd__dfxtp_1)
                                                         u_system.sticky_illegal (net)
                      0.110266    0.000398    0.513355 ^ hold13/A (sky130_fd_sc_hd__dlygate4sd3_1)
     1    0.003231    0.040007    0.387247    0.900602 ^ hold13/X (sky130_fd_sc_hd__dlygate4sd3_1)
                                                         net42 (net)
                      0.040502    0.000221    0.900823 ^ _423_/A1 (sky130_fd_sc_hd__o21a_1)
     1    0.003256    0.030835    0.074681    0.975504 ^ _423_/X (sky130_fd_sc_hd__o21a_1)
                                                         _044_ (net)
                      0.030836    0.000251    0.975754 ^ _480_/D (sky130_fd_sc_hd__dfxtp_1)
                                              0.975754   data arrival time

                                  0.000000    0.000000   clock clk (rise edge)
                                  0.000000    0.000000   clock source latency
     1    0.018597    0.067071    0.046028    0.046028 ^ clk (in)
                                                         clk (net)
                      0.067091    0.000000    0.046028 ^ clkbuf_0_clk/A (sky130_fd_sc_hd__clkbuf_16)
     4    0.041408    0.046196    0.106941    0.152969 ^ clkbuf_0_clk/X (sky130_fd_sc_hd__clkbuf_16)
                                                         clknet_0_clk (net)
                      0.046465    0.002427    0.155396 ^ clkbuf_2_3__f_clk/A (sky130_fd_sc_hd__clkbuf_16)
    14    0.050529    0.052622    0.106408    0.261804 ^ clkbuf_2_3__f_clk/X (sky130_fd_sc_hd__clkbuf_16)
                                                         clknet_2_3__leaf_clk (net)
                      0.052838    0.002366    0.264169 ^ _480_/CLK (sky130_fd_sc_hd__dfxtp_1)
                                  0.250000    0.514169   clock uncertainty
                                  0.000000    0.514169   clock reconvergence pessimism
                                 -0.016767    0.497402   library hold time
                                              0.497402   data required time
---------------------------------------------------------------------------------------------
                                              0.497402   data required time
                                             -0.975754   data arrival time
---------------------------------------------------------------------------------------------
                                              0.478352   slack (MET)


Startpoint: _476_ (rising edge-triggered flip-flop clocked by clk)
Endpoint: _454_ (rising edge-triggered flip-flop clocked by clk)
Path Group: clk
Path Type: min

Fanout         Cap        Slew       Delay        Time   Description
---------------------------------------------------------------------------------------------
                                  0.000000    0.000000   clock clk (rise edge)
                                  0.000000    0.000000   clock source latency
     1    0.018597    0.067071    0.046028    0.046028 ^ clk (in)
                                                         clk (net)
                      0.067091    0.000000    0.046028 ^ clkbuf_0_clk/A (sky130_fd_sc_hd__clkbuf_16)
     4    0.041408    0.046196    0.106941    0.152969 ^ clkbuf_0_clk/X (sky130_fd_sc_hd__clkbuf_16)
                                                         clknet_0_clk (net)
                      0.046465    0.002427    0.155396 ^ clkbuf_2_3__f_clk/A (sky130_fd_sc_hd__clkbuf_16)
    14    0.050529    0.052622    0.106408    0.261804 ^ clkbuf_2_3__f_clk/X (sky130_fd_sc_hd__clkbuf_16)
                                                         clknet_2_3__leaf_clk (net)
                      0.052799    0.002084    0.263888 ^ _476_/CLK (sky130_fd_sc_hd__dfxtp_1)
     5    0.011904    0.044803    0.215893    0.479781 v _476_/Q (sky130_fd_sc_hd__dfxtp_1)
                                                         u_system.u_global.state[1] (net)
                      0.044815    0.000697    0.480478 v hold14/A (sky130_fd_sc_hd__dlygate4sd3_1)
     1    0.004898    0.045691    0.375687    0.856165 v hold14/X (sky130_fd_sc_hd__dlygate4sd3_1)
                                                         net43 (net)
                      0.045691    0.000369    0.856534 v _219_/A (sky130_fd_sc_hd__inv_2)
     5    0.019414    0.070070    0.072632    0.929166 ^ _219_/Y (sky130_fd_sc_hd__inv_2)
                                                         _055_ (net)
                      0.070094    0.001071    0.930237 ^ _313_/A (sky130_fd_sc_hd__nor2_1)
     1    0.002224    0.024380    0.027901    0.958137 v _313_/Y (sky130_fd_sc_hd__nor2_1)
                                                         _018_ (net)
                      0.024380    0.000157    0.958294 v _454_/D (sky130_fd_sc_hd__dfxtp_1)
                                              0.958294   data arrival time

                                  0.000000    0.000000   clock clk (rise edge)
                                  0.000000    0.000000   clock source latency
     1    0.018597    0.067071    0.046028    0.046028 ^ clk (in)
                                                         clk (net)
                      0.067091    0.000000    0.046028 ^ clkbuf_0_clk/A (sky130_fd_sc_hd__clkbuf_16)
     4    0.041408    0.046196    0.106941    0.152969 ^ clkbuf_0_clk/X (sky130_fd_sc_hd__clkbuf_16)
                                                         clknet_0_clk (net)
                      0.046465    0.002427    0.155396 ^ clkbuf_2_3__f_clk/A (sky130_fd_sc_hd__clkbuf_16)
    14    0.050529    0.052622    0.106408    0.261804 ^ clkbuf_2_3__f_clk/X (sky130_fd_sc_hd__clkbuf_16)
                                                         clknet_2_3__leaf_clk (net)
                      0.052840    0.002382    0.264185 ^ _454_/CLK (sky130_fd_sc_hd__dfxtp_1)
                                  0.250000    0.514185   clock uncertainty
                                  0.000000    0.514185   clock reconvergence pessimism
                                 -0.035293    0.478893   library hold time
                                              0.478893   data required time
---------------------------------------------------------------------------------------------
                                              0.478893   data required time
                                             -0.958294   data arrival time
---------------------------------------------------------------------------------------------
                                              0.479402   slack (MET)


Startpoint: _486_ (rising edge-triggered flip-flop clocked by clk)
Endpoint: _453_ (rising edge-triggered flip-flop clocked by clk)
Path Group: clk
Path Type: min

Fanout         Cap        Slew       Delay        Time   Description
---------------------------------------------------------------------------------------------
                                  0.000000    0.000000   clock clk (rise edge)
                                  0.000000    0.000000   clock source latency
     1    0.018597    0.067071    0.046028    0.046028 ^ clk (in)
                                                         clk (net)
                      0.067091    0.000000    0.046028 ^ clkbuf_0_clk/A (sky130_fd_sc_hd__clkbuf_16)
     4    0.041408    0.046196    0.106941    0.152969 ^ clkbuf_0_clk/X (sky130_fd_sc_hd__clkbuf_16)
                                                         clknet_0_clk (net)
                      0.046465    0.002427    0.155396 ^ clkbuf_2_3__f_clk/A (sky130_fd_sc_hd__clkbuf_16)
    14    0.050529    0.052622    0.106408    0.261804 ^ clkbuf_2_3__f_clk/X (sky130_fd_sc_hd__clkbuf_16)
                                                         clknet_2_3__leaf_clk (net)
                      0.052855    0.002482    0.264285 ^ _486_/CLK (sky130_fd_sc_hd__dfxtp_2)
     8    0.029881    0.116587    0.263577    0.527862 ^ _486_/Q (sky130_fd_sc_hd__dfxtp_2)
                                                         u_system.u_global.state[0] (net)
                      0.116629    0.002098    0.529961 ^ hold12/A (sky130_fd_sc_hd__dlygate4sd3_1)
     1    0.002927    0.038048    0.386306    0.916267 ^ hold12/X (sky130_fd_sc_hd__dlygate4sd3_1)
                                                         net41 (net)
                      0.038048    0.000181    0.916447 ^ _312_/A (sky130_fd_sc_hd__or2_1)
     1    0.003233    0.031726    0.063283    0.979730 ^ _312_/X (sky130_fd_sc_hd__or2_1)
                                                         _017_ (net)
                      0.031727    0.000216    0.979946 ^ _453_/D (sky130_fd_sc_hd__dfxtp_1)
                                              0.979946   data arrival time

                                  0.000000    0.000000   clock clk (rise edge)
                                  0.000000    0.000000   clock source latency
     1    0.018597    0.067071    0.046028    0.046028 ^ clk (in)
                                                         clk (net)
                      0.067091    0.000000    0.046028 ^ clkbuf_0_clk/A (sky130_fd_sc_hd__clkbuf_16)
     4    0.041408    0.046196    0.106941    0.152969 ^ clkbuf_0_clk/X (sky130_fd_sc_hd__clkbuf_16)
                                                         clknet_0_clk (net)
                      0.046465    0.002427    0.155396 ^ clkbuf_2_3__f_clk/A (sky130_fd_sc_hd__clkbuf_16)
    14    0.050529    0.052622    0.106408    0.261804 ^ clkbuf_2_3__f_clk/X (sky130_fd_sc_hd__clkbuf_16)
                                                         clknet_2_3__leaf_clk (net)
                      0.052832    0.002321    0.264125 ^ _453_/CLK (sky130_fd_sc_hd__dfxtp_1)
                                  0.250000    0.514125   clock uncertainty
                                  0.000000    0.514125   clock reconvergence pessimism
                                 -0.016830    0.497294   library hold time
                                              0.497294   data required time
---------------------------------------------------------------------------------------------
                                              0.497294   data required time
                                             -0.979946   data arrival time
---------------------------------------------------------------------------------------------
                                              0.482651   slack (MET)


Startpoint: _452_ (rising edge-triggered flip-flop clocked by clk)
Endpoint: group_error (output port clocked by clk)
Path Group: clk
Path Type: min

Fanout         Cap        Slew       Delay        Time   Description
---------------------------------------------------------------------------------------------
                                  0.000000    0.000000   clock clk (rise edge)
                                  0.000000    0.000000   clock source latency
     1    0.018597    0.067071    0.046028    0.046028 ^ clk (in)
                                                         clk (net)
                      0.067091    0.000000    0.046028 ^ clkbuf_0_clk/A (sky130_fd_sc_hd__clkbuf_16)
     4    0.041408    0.046196    0.106941    0.152969 ^ clkbuf_0_clk/X (sky130_fd_sc_hd__clkbuf_16)
                                                         clknet_0_clk (net)
                      0.046489    0.002568    0.155537 ^ clkbuf_2_1__f_clk/A (sky130_fd_sc_hd__clkbuf_16)
    12    0.049645    0.052003    0.105854    0.261390 ^ clkbuf_2_1__f_clk/X (sky130_fd_sc_hd__clkbuf_16)
                                                         clknet_2_1__leaf_clk (net)
                      0.052199    0.002449    0.263839 ^ _452_/CLK (sky130_fd_sc_hd__dfxtp_1)
     2    0.004040    0.022793    0.194632    0.458472 v _452_/Q (sky130_fd_sc_hd__dfxtp_1)
                                                         net18 (net)
                      0.022793    0.000229    0.458700 v output18/A (sky130_fd_sc_hd__buf_2)
     1    0.034156    0.062617    0.113505    0.572205 v output18/X (sky130_fd_sc_hd__buf_2)
                                                         group_error (net)
                      0.062669    0.001624    0.573829 v group_error (out)
                                              0.573829   data arrival time

                                  0.000000    0.000000   clock clk (rise edge)
                                  0.000000    0.000000   clock network delay (propagated)
                                  0.250000    0.250000   clock uncertainty
                                  0.000000    0.250000   clock reconvergence pessimism
                                 -5.000000   -4.750000   output external delay
                                             -4.750000   data required time
---------------------------------------------------------------------------------------------
                                             -4.750000   data required time
                                             -0.573829   data arrival time
---------------------------------------------------------------------------------------------
                                              5.323829   slack (MET)


Startpoint: _479_ (rising edge-triggered flip-flop clocked by clk)
Endpoint: fsm_error (output port clocked by clk)
Path Group: clk
Path Type: min

Fanout         Cap        Slew       Delay        Time   Description
---------------------------------------------------------------------------------------------
                                  0.000000    0.000000   clock clk (rise edge)
                                  0.000000    0.000000   clock source latency
     1    0.018597    0.067071    0.046028    0.046028 ^ clk (in)
                                                         clk (net)
                      0.067091    0.000000    0.046028 ^ clkbuf_0_clk/A (sky130_fd_sc_hd__clkbuf_16)
     4    0.041408    0.046196    0.106941    0.152969 ^ clkbuf_0_clk/X (sky130_fd_sc_hd__clkbuf_16)
                                                         clknet_0_clk (net)
                      0.046465    0.002427    0.155396 ^ clkbuf_2_3__f_clk/A (sky130_fd_sc_hd__clkbuf_16)
    14    0.050529    0.052622    0.106408    0.261804 ^ clkbuf_2_3__f_clk/X (sky130_fd_sc_hd__clkbuf_16)
                                                         clknet_2_3__leaf_clk (net)
                      0.052758    0.001749    0.263553 ^ _479_/CLK (sky130_fd_sc_hd__dfxtp_1)
     2    0.004977    0.025332    0.197385    0.460938 v _479_/Q (sky130_fd_sc_hd__dfxtp_1)
                                                         net17 (net)
                      0.025332    0.000299    0.461237 v output17/A (sky130_fd_sc_hd__buf_2)
     1    0.034790    0.063598    0.115166    0.576403 v output17/X (sky130_fd_sc_hd__buf_2)
                                                         fsm_error (net)
                      0.063663    0.001815    0.578218 v fsm_error (out)
                                              0.578218   data arrival time

                                  0.000000    0.000000   clock clk (rise edge)
                                  0.000000    0.000000   clock network delay (propagated)
                                  0.250000    0.250000   clock uncertainty
                                  0.000000    0.250000   clock reconvergence pessimism
                                 -5.000000   -4.750000   output external delay
                                             -4.750000   data required time
---------------------------------------------------------------------------------------------
                                             -4.750000   data required time
                                             -0.578218   data arrival time
---------------------------------------------------------------------------------------------
                                              5.328218   slack (MET)


Startpoint: _482_ (rising edge-triggered flip-flop clocked by clk)
Endpoint: group_suspended (output port clocked by clk)
Path Group: clk
Path Type: min

Fanout         Cap        Slew       Delay        Time   Description
---------------------------------------------------------------------------------------------
                                  0.000000    0.000000   clock clk (rise edge)
                                  0.000000    0.000000   clock source latency
     1    0.018597    0.067071    0.046028    0.046028 ^ clk (in)
                                                         clk (net)
                      0.067091    0.000000    0.046028 ^ clkbuf_0_clk/A (sky130_fd_sc_hd__clkbuf_16)
     4    0.041408    0.046196    0.106941    0.152969 ^ clkbuf_0_clk/X (sky130_fd_sc_hd__clkbuf_16)
                                                         clknet_0_clk (net)
                      0.046489    0.002568    0.155537 ^ clkbuf_2_1__f_clk/A (sky130_fd_sc_hd__clkbuf_16)
    12    0.049645    0.052003    0.105854    0.261390 ^ clkbuf_2_1__f_clk/X (sky130_fd_sc_hd__clkbuf_16)
                                                         clknet_2_1__leaf_clk (net)
                      0.052145    0.002069    0.263459 ^ _482_/CLK (sky130_fd_sc_hd__dfxtp_1)
     4    0.009388    0.072833    0.222212    0.485671 ^ _482_/Q (sky130_fd_sc_hd__dfxtp_1)
                                                         u_system.group_state_bits[0] (net)
                      0.072838    0.000681    0.486353 ^ _231_/A (sky130_fd_sc_hd__or4b_1)
     2    0.007625    0.058875    0.098332    0.584685 ^ _231_/X (sky130_fd_sc_hd__or4b_1)
                                                         _065_ (net)
                      0.058876    0.000322    0.585006 ^ _232_/A (sky130_fd_sc_hd__inv_2)
     1    0.002157    0.014589    0.013374    0.598381 v _232_/Y (sky130_fd_sc_hd__inv_2)
                                                         net19 (net)
                      0.014590    0.000145    0.598526 v output19/A (sky130_fd_sc_hd__buf_2)
     1    0.034097    0.062473    0.110527    0.709053 v output19/X (sky130_fd_sc_hd__buf_2)
                                                         group_suspended (net)
                      0.062525    0.001619    0.710672 v group_suspended (out)
                                              0.710672   data arrival time

                                  0.000000    0.000000   clock clk (rise edge)
                                  0.000000    0.000000   clock network delay (propagated)
                                  0.250000    0.250000   clock uncertainty
                                  0.000000    0.250000   clock reconvergence pessimism
                                 -5.000000   -4.750000   output external delay
                                             -4.750000   data required time
---------------------------------------------------------------------------------------------
                                             -4.750000   data required time
                                             -0.710672   data arrival time
---------------------------------------------------------------------------------------------
                                              5.460672   slack (MET)


Startpoint: _487_ (rising edge-triggered flip-flop clocked by clk)
Endpoint: safe_led (output port clocked by clk)
Path Group: clk
Path Type: min

Fanout         Cap        Slew       Delay        Time   Description
---------------------------------------------------------------------------------------------
                                  0.000000    0.000000   clock clk (rise edge)
                                  0.000000    0.000000   clock source latency
     1    0.018597    0.067071    0.046028    0.046028 ^ clk (in)
                                                         clk (net)
                      0.067091    0.000000    0.046028 ^ clkbuf_0_clk/A (sky130_fd_sc_hd__clkbuf_16)
     4    0.041408    0.046196    0.106941    0.152969 ^ clkbuf_0_clk/X (sky130_fd_sc_hd__clkbuf_16)
                                                         clknet_0_clk (net)
                      0.046465    0.002427    0.155396 ^ clkbuf_2_3__f_clk/A (sky130_fd_sc_hd__clkbuf_16)
    14    0.050529    0.052622    0.106408    0.261804 ^ clkbuf_2_3__f_clk/X (sky130_fd_sc_hd__clkbuf_16)
                                                         clknet_2_3__leaf_clk (net)
                      0.052814    0.002198    0.264002 ^ _487_/CLK (sky130_fd_sc_hd__dfxtp_1)
     9    0.025000    0.084460    0.246236    0.510238 v _487_/Q (sky130_fd_sc_hd__dfxtp_1)
                                                         u_system.u_global.state[4] (net)
                      0.084513    0.001936    0.512174 v _235_/A (sky130_fd_sc_hd__nand2_1)
     2    0.007745    0.063602    0.081709    0.593883 ^ _235_/Y (sky130_fd_sc_hd__nand2_1)
                                                         _068_ (net)
                      0.063608    0.000508    0.594391 ^ _236_/A2 (sky130_fd_sc_hd__o21ai_1)
     2    0.006728    0.038024    0.050625    0.645016 v _236_/Y (sky130_fd_sc_hd__o21ai_1)
                                                         net21 (net)
                      0.038041    0.000318    0.645334 v output21/A (sky130_fd_sc_hd__buf_2)
     1    0.034963    0.064207    0.120439    0.765773 v output21/X (sky130_fd_sc_hd__buf_2)
                                                         safe_led (net)
                      0.064272    0.001827    0.767600 v safe_led (out)
                                              0.767600   data arrival time

                                  0.000000    0.000000   clock clk (rise edge)
                                  0.000000    0.000000   clock network delay (propagated)
                                  0.250000    0.250000   clock uncertainty
                                  0.000000    0.250000   clock reconvergence pessimism
                                 -5.000000   -4.750000   output external delay
                                             -4.750000   data required time
---------------------------------------------------------------------------------------------
                                             -4.750000   data required time
                                             -0.767600   data arrival time
---------------------------------------------------------------------------------------------
                                              5.517601   slack (MET)


Startpoint: _482_ (rising edge-triggered flip-flop clocked by clk)
Endpoint: group_unlocked (output port clocked by clk)
Path Group: clk
Path Type: min

Fanout         Cap        Slew       Delay        Time   Description
---------------------------------------------------------------------------------------------
                                  0.000000    0.000000   clock clk (rise edge)
                                  0.000000    0.000000   clock source latency
     1    0.018597    0.067071    0.046028    0.046028 ^ clk (in)
                                                         clk (net)
                      0.067091    0.000000    0.046028 ^ clkbuf_0_clk/A (sky130_fd_sc_hd__clkbuf_16)
     4    0.041408    0.046196    0.106941    0.152969 ^ clkbuf_0_clk/X (sky130_fd_sc_hd__clkbuf_16)
                                                         clknet_0_clk (net)
                      0.046489    0.002568    0.155537 ^ clkbuf_2_1__f_clk/A (sky130_fd_sc_hd__clkbuf_16)
    12    0.049645    0.052003    0.105854    0.261390 ^ clkbuf_2_1__f_clk/X (sky130_fd_sc_hd__clkbuf_16)
                                                         clknet_2_1__leaf_clk (net)
                      0.052145    0.002069    0.263459 ^ _482_/CLK (sky130_fd_sc_hd__dfxtp_1)
     4    0.009388    0.072833    0.222212    0.485671 ^ _482_/Q (sky130_fd_sc_hd__dfxtp_1)
                                                         u_system.group_state_bits[0] (net)
                      0.072837    0.000599    0.486271 ^ _225_/A (sky130_fd_sc_hd__or4b_2)
     5    0.021277    0.098992    0.137131    0.623402 ^ _225_/X (sky130_fd_sc_hd__or4b_2)
                                                         _061_ (net)
                      0.099104    0.002142    0.625544 ^ _226_/A (sky130_fd_sc_hd__inv_2)
     5    0.018086    0.044435    0.046172    0.671716 v _226_/Y (sky130_fd_sc_hd__inv_2)
                                                         net20 (net)
                      0.044455    0.000746    0.672463 v output20/A (sky130_fd_sc_hd__buf_2)
     1    0.034377    0.062940    0.122487    0.794949 v output20/X (sky130_fd_sc_hd__buf_2)
                                                         group_unlocked (net)
                      0.062990    0.001592    0.796541 v group_unlocked (out)
                                              0.796541   data arrival time

                                  0.000000    0.000000   clock clk (rise edge)
                                  0.000000    0.000000   clock network delay (propagated)
                                  0.250000    0.250000   clock uncertainty
                                  0.000000    0.250000   clock reconvergence pessimism
                                 -5.000000   -4.750000   output external delay
                                             -4.750000   data required time
---------------------------------------------------------------------------------------------
                                             -4.750000   data required time
                                             -0.796541   data arrival time
---------------------------------------------------------------------------------------------
                                              5.546541   slack (MET)


Startpoint: _487_ (rising edge-triggered flip-flop clocked by clk)
Endpoint: security_breach (output port clocked by clk)
Path Group: clk
Path Type: min

Fanout         Cap        Slew       Delay        Time   Description
---------------------------------------------------------------------------------------------
                                  0.000000    0.000000   clock clk (rise edge)
                                  0.000000    0.000000   clock source latency
     1    0.018597    0.067071    0.046028    0.046028 ^ clk (in)
                                                         clk (net)
                      0.067091    0.000000    0.046028 ^ clkbuf_0_clk/A (sky130_fd_sc_hd__clkbuf_16)
     4    0.041408    0.046196    0.106941    0.152969 ^ clkbuf_0_clk/X (sky130_fd_sc_hd__clkbuf_16)
                                                         clknet_0_clk (net)
                      0.046465    0.002427    0.155396 ^ clkbuf_2_3__f_clk/A (sky130_fd_sc_hd__clkbuf_16)
    14    0.050529    0.052622    0.106408    0.261804 ^ clkbuf_2_3__f_clk/X (sky130_fd_sc_hd__clkbuf_16)
                                                         clknet_2_3__leaf_clk (net)
                      0.052814    0.002198    0.264002 ^ _487_/CLK (sky130_fd_sc_hd__dfxtp_1)
     9    0.025000    0.084460    0.246236    0.510238 v _487_/Q (sky130_fd_sc_hd__dfxtp_1)
                                                         u_system.u_global.state[4] (net)
                      0.084513    0.001936    0.512174 v _235_/A (sky130_fd_sc_hd__nand2_1)
     2    0.007745    0.063602    0.081709    0.593883 ^ _235_/Y (sky130_fd_sc_hd__nand2_1)
                                                         _068_ (net)
                      0.063608    0.000508    0.594391 ^ _236_/A2 (sky130_fd_sc_hd__o21ai_1)
     2    0.006728    0.038024    0.050625    0.645016 v _236_/Y (sky130_fd_sc_hd__o21ai_1)
                                                         net21 (net)
                      0.038041    0.000319    0.645336 v _488_/A (sky130_fd_sc_hd__clkbuf_1)
     1    0.003050    0.019409    0.060214    0.705549 v _488_/X (sky130_fd_sc_hd__clkbuf_1)
                                                         net22 (net)
                      0.019411    0.000207    0.705757 v output22/A (sky130_fd_sc_hd__buf_2)
     1    0.034257    0.062754    0.112396    0.818153 v output22/X (sky130_fd_sc_hd__buf_2)
                                                         security_breach (net)
                      0.062809    0.001676    0.819829 v security_breach (out)
                                              0.819829   data arrival time

                                  0.000000    0.000000   clock clk (rise edge)
                                  0.000000    0.000000   clock network delay (propagated)
                                  0.250000    0.250000   clock uncertainty
                                  0.000000    0.250000   clock reconvergence pessimism
                                 -5.000000   -4.750000   output external delay
                                             -4.750000   data required time
---------------------------------------------------------------------------------------------
                                             -4.750000   data required time
                                             -0.819829   data arrival time
---------------------------------------------------------------------------------------------
                                              5.569829   slack (MET)


Startpoint: _476_ (rising edge-triggered flip-flop clocked by clk)
Endpoint: debug_enable (output port clocked by clk)
Path Group: clk
Path Type: min

Fanout         Cap        Slew       Delay        Time   Description
---------------------------------------------------------------------------------------------
                                  0.000000    0.000000   clock clk (rise edge)
                                  0.000000    0.000000   clock source latency
     1    0.018597    0.067071    0.046028    0.046028 ^ clk (in)
                                                         clk (net)
                      0.067091    0.000000    0.046028 ^ clkbuf_0_clk/A (sky130_fd_sc_hd__clkbuf_16)
     4    0.041408    0.046196    0.106941    0.152969 ^ clkbuf_0_clk/X (sky130_fd_sc_hd__clkbuf_16)
                                                         clknet_0_clk (net)
                      0.046465    0.002427    0.155396 ^ clkbuf_2_3__f_clk/A (sky130_fd_sc_hd__clkbuf_16)
    14    0.050529    0.052622    0.106408    0.261804 ^ clkbuf_2_3__f_clk/X (sky130_fd_sc_hd__clkbuf_16)
                                                         clknet_2_3__leaf_clk (net)
                      0.052799    0.002084    0.263888 ^ _476_/CLK (sky130_fd_sc_hd__dfxtp_1)
     5    0.013050    0.097622    0.239858    0.503746 ^ _476_/Q (sky130_fd_sc_hd__dfxtp_1)
                                                         u_system.u_global.state[1] (net)
                      0.097622    0.000388    0.504134 ^ _228_/C (sky130_fd_sc_hd__or3_1)
     2    0.005075    0.042582    0.084243    0.588377 ^ _228_/X (sky130_fd_sc_hd__or3_1)
                                                         _063_ (net)
                      0.042583    0.000307    0.588683 ^ _229_/C (sky130_fd_sc_hd__or3_2)
     4    0.015063    0.061165    0.098964    0.687647 ^ _229_/X (sky130_fd_sc_hd__or3_2)
                                                         _064_ (net)
                      0.061219    0.001101    0.688748 ^ _230_/A (sky130_fd_sc_hd__inv_2)
     6    0.020910    0.039542    0.044183    0.732931 v _230_/Y (sky130_fd_sc_hd__inv_2)
                                                         net16 (net)
                      0.039587    0.001079    0.734010 v output16/A (sky130_fd_sc_hd__buf_2)
     1    0.034086    0.062518    0.120130    0.854140 v output16/X (sky130_fd_sc_hd__buf_2)
                                                         debug_enable (net)
                      0.062570    0.001624    0.855764 v debug_enable (out)
                                              0.855764   data arrival time

                                  0.000000    0.000000   clock clk (rise edge)
                                  0.000000    0.000000   clock network delay (propagated)
                                  0.250000    0.250000   clock uncertainty
                                  0.000000    0.250000   clock reconvergence pessimism
                                 -5.000000   -4.750000   output external delay
                                             -4.750000   data required time
---------------------------------------------------------------------------------------------
                                             -4.750000   data required time
                                             -0.855764   data arrival time
---------------------------------------------------------------------------------------------
                                              5.605764   slack (MET)


Startpoint: _476_ (rising edge-triggered flip-flop clocked by clk)
Endpoint: unlock_enable (output port clocked by clk)
Path Group: clk
Path Type: min

Fanout         Cap        Slew       Delay        Time   Description
---------------------------------------------------------------------------------------------
                                  0.000000    0.000000   clock clk (rise edge)
                                  0.000000    0.000000   clock source latency
     1    0.018597    0.067071    0.046028    0.046028 ^ clk (in)
                                                         clk (net)
                      0.067091    0.000000    0.046028 ^ clkbuf_0_clk/A (sky130_fd_sc_hd__clkbuf_16)
     4    0.041408    0.046196    0.106941    0.152969 ^ clkbuf_0_clk/X (sky130_fd_sc_hd__clkbuf_16)
                                                         clknet_0_clk (net)
                      0.046465    0.002427    0.155396 ^ clkbuf_2_3__f_clk/A (sky130_fd_sc_hd__clkbuf_16)
    14    0.050529    0.052622    0.106408    0.261804 ^ clkbuf_2_3__f_clk/X (sky130_fd_sc_hd__clkbuf_16)
                                                         clknet_2_3__leaf_clk (net)
                      0.052799    0.002084    0.263888 ^ _476_/CLK (sky130_fd_sc_hd__dfxtp_1)
     5    0.013050    0.097622    0.239858    0.503746 ^ _476_/Q (sky130_fd_sc_hd__dfxtp_1)
                                                         u_system.u_global.state[1] (net)
                      0.097622    0.000388    0.504134 ^ _228_/C (sky130_fd_sc_hd__or3_1)
     2    0.005075    0.042582    0.084243    0.588377 ^ _228_/X (sky130_fd_sc_hd__or3_1)
                                                         _063_ (net)
                      0.042583    0.000307    0.588683 ^ _229_/C (sky130_fd_sc_hd__or3_2)
     4    0.015063    0.061165    0.098964    0.687647 ^ _229_/X (sky130_fd_sc_hd__or3_2)
                                                         _064_ (net)
                      0.061219    0.001101    0.688748 ^ _230_/A (sky130_fd_sc_hd__inv_2)
     6    0.020910    0.039542    0.044183    0.732931 v _230_/Y (sky130_fd_sc_hd__inv_2)
                                                         net16 (net)
                      0.039582    0.001015    0.733946 v _489_/A (sky130_fd_sc_hd__clkbuf_1)
     1    0.002047    0.015901    0.057142    0.791088 v _489_/X (sky130_fd_sc_hd__clkbuf_1)
                                                         net23 (net)
                      0.015901    0.000093    0.791181 v output23/A (sky130_fd_sc_hd__buf_2)
     1    0.034033    0.062385    0.110922    0.902102 v output23/X (sky130_fd_sc_hd__buf_2)
                                                         unlock_enable (net)
                      0.062436    0.001605    0.903707 v unlock_enable (out)
                                              0.903707   data arrival time

                                  0.000000    0.000000   clock clk (rise edge)
                                  0.000000    0.000000   clock network delay (propagated)
                                  0.250000    0.250000   clock uncertainty
                                  0.000000    0.250000   clock reconvergence pessimism
                                 -5.000000   -4.750000   output external delay
                                             -4.750000   data required time
---------------------------------------------------------------------------------------------
                                             -4.750000   data required time
                                             -0.903707   data arrival time
---------------------------------------------------------------------------------------------
                                              5.653708   slack (MET)



