
===========================================================================
report_checks -path_delay max (Setup)
============================================================================
======================= nom_ss_100C_1v60 Corner ===================================

Startpoint: _487_ (rising edge-triggered flip-flop clocked by clk)
Endpoint: unlock_enable (output port clocked by clk)
Path Group: clk
Path Type: max

Fanout         Cap        Slew       Delay        Time   Description
---------------------------------------------------------------------------------------------
                                  0.000000    0.000000   clock clk (rise edge)
                                  0.000000    0.000000   clock source latency
     1    0.017755    0.134427    0.091131    0.091131 ^ clk (in)
                                                         clk (net)
                      0.134432    0.000000    0.091131 ^ clkbuf_0_clk/A (sky130_fd_sc_hd__clkbuf_16)
     4    0.040158    0.094951    0.279287    0.370417 ^ clkbuf_0_clk/X (sky130_fd_sc_hd__clkbuf_16)
                                                         clknet_0_clk (net)
                      0.094961    0.001042    0.371459 ^ clkbuf_2_3__f_clk/A (sky130_fd_sc_hd__clkbuf_16)
    14    0.046175    0.102047    0.268466    0.639925 ^ clkbuf_2_3__f_clk/X (sky130_fd_sc_hd__clkbuf_16)
                                                         clknet_2_3__leaf_clk (net)
                      0.102059    0.001031    0.640956 ^ _487_/CLK (sky130_fd_sc_hd__dfxtp_1)
     9    0.023864    0.219125    0.729943    1.370898 v _487_/Q (sky130_fd_sc_hd__dfxtp_1)
                                                         u_system.u_global.state[4] (net)
                      0.219128    0.001048    1.371947 v _228_/A (sky130_fd_sc_hd__or3_1)
     2    0.004264    0.152982    0.923504    2.295450 v _228_/X (sky130_fd_sc_hd__or3_1)
                                                         _063_ (net)
                      0.152982    0.000113    2.295563 v _229_/C (sky130_fd_sc_hd__or3_2)
     4    0.013394    0.226362    1.109640    3.405203 v _229_/X (sky130_fd_sc_hd__or3_2)
                                                         _064_ (net)
                      0.226362    0.000486    3.405689 v _230_/A (sky130_fd_sc_hd__inv_2)
     6    0.021009    0.164633    0.232491    3.638180 ^ _230_/Y (sky130_fd_sc_hd__inv_2)
                                                         net16 (net)
                      0.164633    0.000469    3.638649 ^ _489_/A (sky130_fd_sc_hd__clkbuf_1)
     1    0.002061    0.060903    0.179667    3.818316 ^ _489_/X (sky130_fd_sc_hd__clkbuf_1)
                                                         net23 (net)
                      0.060903    0.000041    3.818357 ^ output23/A (sky130_fd_sc_hd__buf_2)
     1    0.034006    0.270177    0.337966    4.156323 ^ output23/X (sky130_fd_sc_hd__buf_2)
                                                         unlock_enable (net)
                      0.270177    0.000628    4.156951 ^ unlock_enable (out)
                                              4.156951   data arrival time

                                 25.000000   25.000000   clock clk (rise edge)
                                  0.000000   25.000000   clock network delay (propagated)
                                 -0.250000   24.750000   clock uncertainty
                                  0.000000   24.750000   clock reconvergence pessimism
                                 -5.000000   19.750000   output external delay
                                             19.750000   data required time
---------------------------------------------------------------------------------------------
                                             19.750000   data required time
                                             -4.156951   data arrival time
---------------------------------------------------------------------------------------------
                                             15.593049   slack (MET)


Startpoint: _487_ (rising edge-triggered flip-flop clocked by clk)
Endpoint: security_breach (output port clocked by clk)
Path Group: clk
Path Type: max

Fanout         Cap        Slew       Delay        Time   Description
---------------------------------------------------------------------------------------------
                                  0.000000    0.000000   clock clk (rise edge)
                                  0.000000    0.000000   clock source latency
     1    0.017755    0.134427    0.091131    0.091131 ^ clk (in)
                                                         clk (net)
                      0.134432    0.000000    0.091131 ^ clkbuf_0_clk/A (sky130_fd_sc_hd__clkbuf_16)
     4    0.040158    0.094951    0.279287    0.370417 ^ clkbuf_0_clk/X (sky130_fd_sc_hd__clkbuf_16)
                                                         clknet_0_clk (net)
                      0.094961    0.001042    0.371459 ^ clkbuf_2_3__f_clk/A (sky130_fd_sc_hd__clkbuf_16)
    14    0.046175    0.102047    0.268466    0.639925 ^ clkbuf_2_3__f_clk/X (sky130_fd_sc_hd__clkbuf_16)
                                                         clknet_2_3__leaf_clk (net)
                      0.102059    0.001031    0.640956 ^ _487_/CLK (sky130_fd_sc_hd__dfxtp_1)
     9    0.023864    0.219125    0.729943    1.370898 v _487_/Q (sky130_fd_sc_hd__dfxtp_1)
                                                         u_system.u_global.state[4] (net)
                      0.219128    0.001048    1.371947 v _228_/A (sky130_fd_sc_hd__or3_1)
     2    0.004264    0.152982    0.923504    2.295450 v _228_/X (sky130_fd_sc_hd__or3_1)
                                                         _063_ (net)
                      0.152982    0.000097    2.295547 v _233_/C (sky130_fd_sc_hd__or3_1)
     4    0.014648    0.249913    0.906581    3.202128 v _233_/X (sky130_fd_sc_hd__or3_1)
                                                         _066_ (net)
                      0.249913    0.000286    3.202414 v _236_/B1 (sky130_fd_sc_hd__o21ai_1)
     2    0.006510    0.266957    0.264998    3.467411 ^ _236_/Y (sky130_fd_sc_hd__o21ai_1)
                                                         net21 (net)
                      0.266957    0.000141    3.467553 ^ _488_/A (sky130_fd_sc_hd__clkbuf_1)
     1    0.002951    0.076702    0.228028    3.695581 ^ _488_/X (sky130_fd_sc_hd__clkbuf_1)
                                                         net22 (net)
                      0.076702    0.000093    3.695674 ^ output22/A (sky130_fd_sc_hd__buf_2)
     1    0.034209    0.271721    0.346245    4.041918 ^ output22/X (sky130_fd_sc_hd__buf_2)
                                                         security_breach (net)
                      0.271721    0.000687    4.042605 ^ security_breach (out)
                                              4.042605   data arrival time

                                 25.000000   25.000000   clock clk (rise edge)
                                  0.000000   25.000000   clock network delay (propagated)
                                 -0.250000   24.750000   clock uncertainty
                                  0.000000   24.750000   clock reconvergence pessimism
                                 -5.000000   19.750000   output external delay
                                             19.750000   data required time
---------------------------------------------------------------------------------------------
                                             19.750000   data required time
                                             -4.042605   data arrival time
---------------------------------------------------------------------------------------------
                                             15.707395   slack (MET)


Startpoint: _487_ (rising edge-triggered flip-flop clocked by clk)
Endpoint: debug_enable (output port clocked by clk)
Path Group: clk
Path Type: max

Fanout         Cap        Slew       Delay        Time   Description
---------------------------------------------------------------------------------------------
                                  0.000000    0.000000   clock clk (rise edge)
                                  0.000000    0.000000   clock source latency
     1    0.017755    0.134427    0.091131    0.091131 ^ clk (in)
                                                         clk (net)
                      0.134432    0.000000    0.091131 ^ clkbuf_0_clk/A (sky130_fd_sc_hd__clkbuf_16)
     4    0.040158    0.094951    0.279287    0.370417 ^ clkbuf_0_clk/X (sky130_fd_sc_hd__clkbuf_16)
                                                         clknet_0_clk (net)
                      0.094961    0.001042    0.371459 ^ clkbuf_2_3__f_clk/A (sky130_fd_sc_hd__clkbuf_16)
    14    0.046175    0.102047    0.268466    0.639925 ^ clkbuf_2_3__f_clk/X (sky130_fd_sc_hd__clkbuf_16)
                                                         clknet_2_3__leaf_clk (net)
                      0.102059    0.001031    0.640956 ^ _487_/CLK (sky130_fd_sc_hd__dfxtp_1)
     9    0.023864    0.219125    0.729943    1.370898 v _487_/Q (sky130_fd_sc_hd__dfxtp_1)
                                                         u_system.u_global.state[4] (net)
                      0.219128    0.001048    1.371947 v _228_/A (sky130_fd_sc_hd__or3_1)
     2    0.004264    0.152982    0.923504    2.295450 v _228_/X (sky130_fd_sc_hd__or3_1)
                                                         _063_ (net)
                      0.152982    0.000113    2.295563 v _229_/C (sky130_fd_sc_hd__or3_2)
     4    0.013394    0.226362    1.109640    3.405203 v _229_/X (sky130_fd_sc_hd__or3_2)
                                                         _064_ (net)
                      0.226362    0.000486    3.405689 v _230_/A (sky130_fd_sc_hd__inv_2)
     6    0.021009    0.164633    0.232491    3.638180 ^ _230_/Y (sky130_fd_sc_hd__inv_2)
                                                         net16 (net)
                      0.164633    0.000497    3.638677 ^ output16/A (sky130_fd_sc_hd__buf_2)
     1    0.034048    0.270686    0.386639    4.025316 ^ output16/X (sky130_fd_sc_hd__buf_2)
                                                         debug_enable (net)
                      0.270686    0.000644    4.025959 ^ debug_enable (out)
                                              4.025959   data arrival time

                                 25.000000   25.000000   clock clk (rise edge)
                                  0.000000   25.000000   clock network delay (propagated)
                                 -0.250000   24.750000   clock uncertainty
                                  0.000000   24.750000   clock reconvergence pessimism
                                 -5.000000   19.750000   output external delay
                                             19.750000   data required time
---------------------------------------------------------------------------------------------
                                             19.750000   data required time
                                             -4.025959   data arrival time
---------------------------------------------------------------------------------------------
                                             15.724039   slack (MET)


Startpoint: _487_ (rising edge-triggered flip-flop clocked by clk)
Endpoint: safe_led (output port clocked by clk)
Path Group: clk
Path Type: max

Fanout         Cap        Slew       Delay        Time   Description
---------------------------------------------------------------------------------------------
                                  0.000000    0.000000   clock clk (rise edge)
                                  0.000000    0.000000   clock source latency
     1    0.017755    0.134427    0.091131    0.091131 ^ clk (in)
                                                         clk (net)
                      0.134432    0.000000    0.091131 ^ clkbuf_0_clk/A (sky130_fd_sc_hd__clkbuf_16)
     4    0.040158    0.094951    0.279287    0.370417 ^ clkbuf_0_clk/X (sky130_fd_sc_hd__clkbuf_16)
                                                         clknet_0_clk (net)
                      0.094961    0.001042    0.371459 ^ clkbuf_2_3__f_clk/A (sky130_fd_sc_hd__clkbuf_16)
    14    0.046175    0.102047    0.268466    0.639925 ^ clkbuf_2_3__f_clk/X (sky130_fd_sc_hd__clkbuf_16)
                                                         clknet_2_3__leaf_clk (net)
                      0.102059    0.001031    0.640956 ^ _487_/CLK (sky130_fd_sc_hd__dfxtp_1)
     9    0.023864    0.219125    0.729943    1.370898 v _487_/Q (sky130_fd_sc_hd__dfxtp_1)
                                                         u_system.u_global.state[4] (net)
                      0.219128    0.001048    1.371947 v _228_/A (sky130_fd_sc_hd__or3_1)
     2    0.004264    0.152982    0.923504    2.295450 v _228_/X (sky130_fd_sc_hd__or3_1)
                                                         _063_ (net)
                      0.152982    0.000097    2.295547 v _233_/C (sky130_fd_sc_hd__or3_1)
     4    0.014648    0.249913    0.906581    3.202128 v _233_/X (sky130_fd_sc_hd__or3_1)
                                                         _066_ (net)
                      0.249913    0.000286    3.202414 v _236_/B1 (sky130_fd_sc_hd__o21ai_1)
     2    0.006510    0.266957    0.264998    3.467411 ^ _236_/Y (sky130_fd_sc_hd__o21ai_1)
                                                         net21 (net)
                      0.266957    0.000149    3.467560 ^ output21/A (sky130_fd_sc_hd__buf_2)
     1    0.034834    0.276862    0.435192    3.902752 ^ output21/X (sky130_fd_sc_hd__buf_2)
                                                         safe_led (net)
                      0.276862    0.000803    3.903555 ^ safe_led (out)
                                              3.903555   data arrival time

                                 25.000000   25.000000   clock clk (rise edge)
                                  0.000000   25.000000   clock network delay (propagated)
                                 -0.250000   24.750000   clock uncertainty
                                  0.000000   24.750000   clock reconvergence pessimism
                                 -5.000000   19.750000   output external delay
                                             19.750000   data required time
---------------------------------------------------------------------------------------------
                                             19.750000   data required time
                                             -3.903555   data arrival time
---------------------------------------------------------------------------------------------
                                             15.846444   slack (MET)


Startpoint: _482_ (rising edge-triggered flip-flop clocked by clk)
Endpoint: group_unlocked (output port clocked by clk)
Path Group: clk
Path Type: max

Fanout         Cap        Slew       Delay        Time   Description
---------------------------------------------------------------------------------------------
                                  0.000000    0.000000   clock clk (rise edge)
                                  0.000000    0.000000   clock source latency
     1    0.017755    0.134427    0.091131    0.091131 ^ clk (in)
                                                         clk (net)
                      0.134432    0.000000    0.091131 ^ clkbuf_0_clk/A (sky130_fd_sc_hd__clkbuf_16)
     4    0.040158    0.094951    0.279287    0.370417 ^ clkbuf_0_clk/X (sky130_fd_sc_hd__clkbuf_16)
                                                         clknet_0_clk (net)
                      0.094964    0.001151    0.371568 ^ clkbuf_2_1__f_clk/A (sky130_fd_sc_hd__clkbuf_16)
    12    0.045065    0.100585    0.267296    0.638864 ^ clkbuf_2_1__f_clk/X (sky130_fd_sc_hd__clkbuf_16)
                                                         clknet_2_1__leaf_clk (net)
                      0.100588    0.000735    0.639599 ^ _482_/CLK (sky130_fd_sc_hd__dfxtp_1)
     4    0.007895    0.088134    0.625672    1.265271 v _482_/Q (sky130_fd_sc_hd__dfxtp_1)
                                                         u_system.group_state_bits[0] (net)
                      0.088134    0.000208    1.265479 v _225_/A (sky130_fd_sc_hd__or4b_2)
     5    0.019555    0.329874    1.775141    3.040620 v _225_/X (sky130_fd_sc_hd__or4b_2)
                                                         _061_ (net)
                      0.329874    0.000898    3.041518 v _226_/A (sky130_fd_sc_hd__inv_2)
     5    0.018026    0.169952    0.259419    3.300938 ^ _226_/Y (sky130_fd_sc_hd__inv_2)
                                                         net20 (net)
                      0.169952    0.000349    3.301287 ^ output20/A (sky130_fd_sc_hd__buf_2)
     1    0.034323    0.272750    0.390530    3.691817 ^ output20/X (sky130_fd_sc_hd__buf_2)
                                                         group_unlocked (net)
                      0.272750    0.000733    3.692549 ^ group_unlocked (out)
                                              3.692549   data arrival time

                                 25.000000   25.000000   clock clk (rise edge)
                                  0.000000   25.000000   clock network delay (propagated)
                                 -0.250000   24.750000   clock uncertainty
                                  0.000000   24.750000   clock reconvergence pessimism
                                 -5.000000   19.750000   output external delay
                                             19.750000   data required time
---------------------------------------------------------------------------------------------
                                             19.750000   data required time
                                             -3.692549   data arrival time
---------------------------------------------------------------------------------------------
                                             16.057449   slack (MET)


Startpoint: reset (input port clocked by clk)
Endpoint: _486_ (rising edge-triggered flip-flop clocked by clk)
Path Group: clk
Path Type: max

Fanout         Cap        Slew       Delay        Time   Description
---------------------------------------------------------------------------------------------
                                  0.000000    0.000000   clock clk (rise edge)
                                  0.000000    0.000000   clock network delay (propagated)
                                  5.000000    5.000000 ^ input external delay
     1    0.002950    0.033244    0.016581    5.016581 ^ reset (in)
                                                         reset (net)
                      0.033244    0.000000    5.016581 ^ input11/A (sky130_fd_sc_hd__clkbuf_2)
     5    0.026071    0.228541    0.289230    5.305810 ^ input11/X (sky130_fd_sc_hd__clkbuf_2)
                                                         net11 (net)
                      0.228619    0.000603    5.306413 ^ fanout29/A (sky130_fd_sc_hd__buf_2)
    10    0.042197    0.331751    0.458254    5.764667 ^ fanout29/X (sky130_fd_sc_hd__buf_2)
                                                         net29 (net)
                      0.331781    0.003321    5.767988 ^ _224_/A (sky130_fd_sc_hd__inv_2)
     9    0.035268    0.178456    0.269566    6.037554 v _224_/Y (sky130_fd_sc_hd__inv_2)
                                                         _060_ (net)
                      0.178479    0.002033    6.039587 v _393_/A1 (sky130_fd_sc_hd__a41o_1)
     4    0.010866    0.135613    0.441799    6.481385 v _393_/X (sky130_fd_sc_hd__a41o_1)
                                                         _185_ (net)
                      0.135613    0.000242    6.481627 v _430_/C (sky130_fd_sc_hd__or4_1)
     1    0.003417    0.185019    1.133871    7.615498 v _430_/X (sky130_fd_sc_hd__or4_1)
                                                         _212_ (net)
                      0.185019    0.000115    7.615613 v _431_/B2 (sky130_fd_sc_hd__a2bb2o_1)
     1    0.002539    0.096196    0.573415    8.189028 v _431_/X (sky130_fd_sc_hd__a2bb2o_1)
                                                         _213_ (net)
                      0.096196    0.000050    8.189077 v _433_/A2 (sky130_fd_sc_hd__o211ai_1)
     1    0.003934    0.275858    0.298407    8.487484 ^ _433_/Y (sky130_fd_sc_hd__o211ai_1)
                                                         _215_ (net)
                      0.275858    0.000127    8.487611 ^ _434_/A2 (sky130_fd_sc_hd__a21o_1)
     1    0.001951    0.056005    0.277512    8.765123 ^ _434_/X (sky130_fd_sc_hd__a21o_1)
                                                         _050_ (net)
                      0.056005    0.000055    8.765178 ^ _486_/D (sky130_fd_sc_hd__dfxtp_2)
                                              8.765178   data arrival time

                                 25.000000   25.000000   clock clk (rise edge)
                                  0.000000   25.000000   clock source latency
     1    0.017755    0.134427    0.091131   25.091129 ^ clk (in)
                                                         clk (net)
                      0.134432    0.000000   25.091129 ^ clkbuf_0_clk/A (sky130_fd_sc_hd__clkbuf_16)
     4    0.040158    0.094951    0.279286   25.370417 ^ clkbuf_0_clk/X (sky130_fd_sc_hd__clkbuf_16)
                                                         clknet_0_clk (net)
                      0.094961    0.001043   25.371458 ^ clkbuf_2_3__f_clk/A (sky130_fd_sc_hd__clkbuf_16)
    14    0.046175    0.102047    0.268466   25.639925 ^ clkbuf_2_3__f_clk/X (sky130_fd_sc_hd__clkbuf_16)
                                                         clknet_2_3__leaf_clk (net)
                      0.102064    0.001188   25.641113 ^ _486_/CLK (sky130_fd_sc_hd__dfxtp_2)
                                 -0.250000   25.391113   clock uncertainty
                                  0.000000   25.391113   clock reconvergence pessimism
                                 -0.131823   25.259291   library setup time
                                             25.259291   data required time
---------------------------------------------------------------------------------------------
                                             25.259291   data required time
                                             -8.765178   data arrival time
---------------------------------------------------------------------------------------------
                                             16.494114   slack (MET)


Startpoint: _483_ (rising edge-triggered flip-flop clocked by clk)
Endpoint: group_suspended (output port clocked by clk)
Path Group: clk
Path Type: max

Fanout         Cap        Slew       Delay        Time   Description
---------------------------------------------------------------------------------------------
                                  0.000000    0.000000   clock clk (rise edge)
                                  0.000000    0.000000   clock source latency
     1    0.017755    0.134427    0.091131    0.091131 ^ clk (in)
                                                         clk (net)
                      0.134432    0.000000    0.091131 ^ clkbuf_0_clk/A (sky130_fd_sc_hd__clkbuf_16)
     4    0.040158    0.094951    0.279287    0.370417 ^ clkbuf_0_clk/X (sky130_fd_sc_hd__clkbuf_16)
                                                         clknet_0_clk (net)
                      0.094964    0.001151    0.371568 ^ clkbuf_2_1__f_clk/A (sky130_fd_sc_hd__clkbuf_16)
    12    0.045065    0.100585    0.267296    0.638864 ^ clkbuf_2_1__f_clk/X (sky130_fd_sc_hd__clkbuf_16)
                                                         clknet_2_1__leaf_clk (net)
                      0.100597    0.001057    0.639921 ^ _483_/CLK (sky130_fd_sc_hd__dfxtp_1)
     5    0.014607    0.141238    0.671336    1.311257 v _483_/Q (sky130_fd_sc_hd__dfxtp_1)
                                                         u_system.group_state_bits[1] (net)
                      0.141238    0.000354    1.311611 v _231_/B (sky130_fd_sc_hd__or4b_1)
     2    0.007003    0.227589    1.272351    2.583961 v _231_/X (sky130_fd_sc_hd__or4b_1)
                                                         _065_ (net)
                      0.227589    0.000131    2.584092 v _232_/A (sky130_fd_sc_hd__inv_2)
     1    0.002154    0.062681    0.114311    2.698404 ^ _232_/Y (sky130_fd_sc_hd__inv_2)
                                                         net19 (net)
                      0.062681    0.000060    2.698463 ^ output19/A (sky130_fd_sc_hd__buf_2)
     1    0.034055    0.270550    0.339036    3.037499 ^ output19/X (sky130_fd_sc_hd__buf_2)
                                                         group_suspended (net)
                      0.270550    0.000639    3.038138 ^ group_suspended (out)
                                              3.038138   data arrival time

                                 25.000000   25.000000   clock clk (rise edge)
                                  0.000000   25.000000   clock network delay (propagated)
                                 -0.250000   24.750000   clock uncertainty
                                  0.000000   24.750000   clock reconvergence pessimism
                                 -5.000000   19.750000   output external delay
                                             19.750000   data required time
---------------------------------------------------------------------------------------------
                                             19.750000   data required time
                                             -3.038138   data arrival time
---------------------------------------------------------------------------------------------
                                             16.711861   slack (MET)


Startpoint: reset (input port clocked by clk)
Endpoint: _469_ (rising edge-triggered flip-flop clocked by clk)
Path Group: clk
Path Type: max

Fanout         Cap        Slew       Delay        Time   Description
---------------------------------------------------------------------------------------------
                                  0.000000    0.000000   clock clk (rise edge)
                                  0.000000    0.000000   clock network delay (propagated)
                                  5.000000    5.000000 v input external delay
     1    0.002765    0.018324    0.009122    5.009122 v reset (in)
                                                         reset (net)
                      0.018324    0.000000    5.009122 v input11/A (sky130_fd_sc_hd__clkbuf_2)
     5    0.025039    0.180832    0.267461    5.276583 v input11/X (sky130_fd_sc_hd__clkbuf_2)
                                                         net11 (net)
                      0.180851    0.001937    5.278521 v _329_/B1 (sky130_fd_sc_hd__a2111o_1)
     1    0.003353    0.112644    0.779409    6.057930 v _329_/X (sky130_fd_sc_hd__a2111o_1)
                                                         _137_ (net)
                      0.112644    0.000077    6.058007 v _330_/C1 (sky130_fd_sc_hd__a211o_1)
     2    0.008996    0.139994    0.508634    6.566641 v _330_/X (sky130_fd_sc_hd__a211o_1)
                                                         _138_ (net)
                      0.139994    0.000365    6.567006 v fanout26/A (sky130_fd_sc_hd__buf_2)
    10    0.040154    0.189633    0.396153    6.963159 v fanout26/X (sky130_fd_sc_hd__buf_2)
                                                         net26 (net)
                      0.189658    0.002219    6.965378 v _366_/B1 (sky130_fd_sc_hd__a21oi_1)
     1    0.003395    0.185075    0.244708    7.210086 ^ _366_/Y (sky130_fd_sc_hd__a21oi_1)
                                                         _165_ (net)
                      0.185075    0.000104    7.210190 ^ _367_/B1 (sky130_fd_sc_hd__o21a_1)
     1    0.001723    0.058080    0.249959    7.460149 ^ _367_/X (sky130_fd_sc_hd__o21a_1)
                                                         _033_ (net)
                      0.058080    0.000033    7.460182 ^ hold7/A (sky130_fd_sc_hd__dlygate4sd3_1)
     1    0.001917    0.081678    1.022056    8.482238 ^ hold7/X (sky130_fd_sc_hd__dlygate4sd3_1)
                                                         net36 (net)
                      0.081678    0.000053    8.482291 ^ _469_/D (sky130_fd_sc_hd__dfxtp_1)
                                              8.482291   data arrival time

                                 25.000000   25.000000   clock clk (rise edge)
                                  0.000000   25.000000   clock source latency
     1    0.017755    0.134427    0.091131   25.091129 ^ clk (in)
                                                         clk (net)
                      0.134432    0.000000   25.091129 ^ clkbuf_0_clk/A (sky130_fd_sc_hd__clkbuf_16)
     4    0.040158    0.094951    0.279286   25.370417 ^ clkbuf_0_clk/X (sky130_fd_sc_hd__clkbuf_16)
                                                         clknet_0_clk (net)
                      0.094967    0.001236   25.371653 ^ clkbuf_2_0__f_clk/A (sky130_fd_sc_hd__clkbuf_16)
    16    0.045190    0.100642    0.267143   25.638796 ^ clkbuf_2_0__f_clk/X (sky130_fd_sc_hd__clkbuf_16)
                                                         clknet_2_0__leaf_clk (net)
                      0.100742    0.002567   25.641361 ^ _469_/CLK (sky130_fd_sc_hd__dfxtp_1)
                                 -0.250000   25.391363   clock uncertainty
                                  0.000000   25.391363   clock reconvergence pessimism
                                 -0.126207   25.265156   library setup time
                                             25.265156   data required time
---------------------------------------------------------------------------------------------
                                             25.265156   data required time
                                             -8.482291   data arrival time
---------------------------------------------------------------------------------------------
                                             16.782864   slack (MET)


Startpoint: unlock_req (input port clocked by clk)
Endpoint: _439_ (rising edge-triggered flip-flop clocked by clk)
Path Group: clk
Path Type: max

Fanout         Cap        Slew       Delay        Time   Description
---------------------------------------------------------------------------------------------
                                  0.000000    0.000000   clock clk (rise edge)
                                  0.000000    0.000000   clock network delay (propagated)
                                  5.000000    5.000000 v input external delay
     1    0.002724    0.018171    0.008996    5.008996 v unlock_req (in)
                                                         unlock_req (net)
                      0.018171    0.000000    5.008996 v input14/A (sky130_fd_sc_hd__buf_1)
     2    0.009153    0.115927    0.191261    5.200258 v input14/X (sky130_fd_sc_hd__buf_1)
                                                         net14 (net)
                      0.115927    0.000258    5.200515 v _262_/A1 (sky130_fd_sc_hd__a2111o_1)
     1    0.002912    0.108028    0.719392    5.919907 v _262_/X (sky130_fd_sc_hd__a2111o_1)
                                                         _094_ (net)
                      0.108028    0.000085    5.919992 v _263_/A3 (sky130_fd_sc_hd__a31o_1)
     2    0.009212    0.118775    0.457468    6.377460 v _263_/X (sky130_fd_sc_hd__a31o_1)
                                                         _095_ (net)
                      0.118775    0.000334    6.377794 v _264_/B (sky130_fd_sc_hd__xor2_1)
     1    0.001760    0.087016    0.270139    6.647933 v _264_/X (sky130_fd_sc_hd__xor2_1)
                                                         _096_ (net)
                      0.087016    0.000050    6.647984 v _265_/D (sky130_fd_sc_hd__and4bb_1)
     1    0.003312    0.080300    0.415652    7.063635 v _265_/X (sky130_fd_sc_hd__and4bb_1)
                                                         _097_ (net)
                      0.080300    0.000110    7.063745 v fanout25/A (sky130_fd_sc_hd__dlymetal6s2s_1)
     7    0.024293    0.246291    0.433837    7.497582 v fanout25/X (sky130_fd_sc_hd__dlymetal6s2s_1)
                                                         net25 (net)
                      0.246292    0.001206    7.498788 v fanout24/A (sky130_fd_sc_hd__clkbuf_2)
    10    0.028081    0.200784    0.388392    7.887181 v fanout24/X (sky130_fd_sc_hd__clkbuf_2)
                                                         net24 (net)
                      0.200784    0.000446    7.887627 v _275_/C (sky130_fd_sc_hd__and3b_1)
     1    0.002811    0.069942    0.419722    8.307349 v _275_/X (sky130_fd_sc_hd__and3b_1)
                                                         _003_ (net)
                      0.069942    0.000089    8.307438 v _439_/D (sky130_fd_sc_hd__dfxtp_1)
                                              8.307438   data arrival time

                                 25.000000   25.000000   clock clk (rise edge)
                                  0.000000   25.000000   clock source latency
     1    0.017755    0.134427    0.091131   25.091129 ^ clk (in)
                                                         clk (net)
                      0.134432    0.000000   25.091129 ^ clkbuf_0_clk/A (sky130_fd_sc_hd__clkbuf_16)
     4    0.040158    0.094951    0.279286   25.370417 ^ clkbuf_0_clk/X (sky130_fd_sc_hd__clkbuf_16)
                                                         clknet_0_clk (net)
                      0.094967    0.001236   25.371653 ^ clkbuf_2_0__f_clk/A (sky130_fd_sc_hd__clkbuf_16)
    16    0.045190    0.100642    0.267143   25.638796 ^ clkbuf_2_0__f_clk/X (sky130_fd_sc_hd__clkbuf_16)
                                                         clknet_2_0__leaf_clk (net)
                      0.100645    0.000854   25.639648 ^ _439_/CLK (sky130_fd_sc_hd__dfxtp_1)
                                 -0.250000   25.389650   clock uncertainty
                                  0.000000   25.389650   clock reconvergence pessimism
                                 -0.260701   25.128950   library setup time
                                             25.128950   data required time
---------------------------------------------------------------------------------------------
                                             25.128950   data required time
                                             -8.307438   data arrival time
---------------------------------------------------------------------------------------------
                                             16.821514   slack (MET)


Startpoint: unlock_req (input port clocked by clk)
Endpoint: _450_ (rising edge-triggered flip-flop clocked by clk)
Path Group: clk
Path Type: max

Fanout         Cap        Slew       Delay        Time   Description
---------------------------------------------------------------------------------------------
                                  0.000000    0.000000   clock clk (rise edge)
                                  0.000000    0.000000   clock network delay (propagated)
                                  5.000000    5.000000 v input external delay
     1    0.002724    0.018171    0.008996    5.008996 v unlock_req (in)
                                                         unlock_req (net)
                      0.018171    0.000000    5.008996 v input14/A (sky130_fd_sc_hd__buf_1)
     2    0.009153    0.115927    0.191261    5.200258 v input14/X (sky130_fd_sc_hd__buf_1)
                                                         net14 (net)
                      0.115927    0.000258    5.200515 v _262_/A1 (sky130_fd_sc_hd__a2111o_1)
     1    0.002912    0.108028    0.719392    5.919907 v _262_/X (sky130_fd_sc_hd__a2111o_1)
                                                         _094_ (net)
                      0.108028    0.000085    5.919992 v _263_/A3 (sky130_fd_sc_hd__a31o_1)
     2    0.009212    0.118775    0.457468    6.377460 v _263_/X (sky130_fd_sc_hd__a31o_1)
                                                         _095_ (net)
                      0.118775    0.000334    6.377794 v _264_/B (sky130_fd_sc_hd__xor2_1)
     1    0.001760    0.087016    0.270139    6.647933 v _264_/X (sky130_fd_sc_hd__xor2_1)
                                                         _096_ (net)
                      0.087016    0.000050    6.647984 v _265_/D (sky130_fd_sc_hd__and4bb_1)
     1    0.003312    0.080300    0.415652    7.063635 v _265_/X (sky130_fd_sc_hd__and4bb_1)
                                                         _097_ (net)
                      0.080300    0.000110    7.063745 v fanout25/A (sky130_fd_sc_hd__dlymetal6s2s_1)
     7    0.024293    0.246291    0.433837    7.497582 v fanout25/X (sky130_fd_sc_hd__dlymetal6s2s_1)
                                                         net25 (net)
                      0.246292    0.001206    7.498788 v fanout24/A (sky130_fd_sc_hd__clkbuf_2)
    10    0.028081    0.200784    0.388392    7.887181 v fanout24/X (sky130_fd_sc_hd__clkbuf_2)
                                                         net24 (net)
                      0.200784    0.000544    7.887724 v _307_/C (sky130_fd_sc_hd__and3b_1)
     1    0.002208    0.064892    0.412628    8.300353 v _307_/X (sky130_fd_sc_hd__and3b_1)
                                                         _014_ (net)
                      0.064892    0.000063    8.300416 v _450_/D (sky130_fd_sc_hd__dfxtp_1)
                                              8.300416   data arrival time

                                 25.000000   25.000000   clock clk (rise edge)
                                  0.000000   25.000000   clock source latency
     1    0.017755    0.134427    0.091131   25.091129 ^ clk (in)
                                                         clk (net)
                      0.134432    0.000000   25.091129 ^ clkbuf_0_clk/A (sky130_fd_sc_hd__clkbuf_16)
     4    0.040158    0.094951    0.279286   25.370417 ^ clkbuf_0_clk/X (sky130_fd_sc_hd__clkbuf_16)
                                                         clknet_0_clk (net)
                      0.094967    0.001236   25.371653 ^ clkbuf_2_0__f_clk/A (sky130_fd_sc_hd__clkbuf_16)
    16    0.045190    0.100642    0.267143   25.638796 ^ clkbuf_2_0__f_clk/X (sky130_fd_sc_hd__clkbuf_16)
                                                         clknet_2_0__leaf_clk (net)
                      0.100675    0.001524   25.640320 ^ _450_/CLK (sky130_fd_sc_hd__dfxtp_1)
                                 -0.250000   25.390320   clock uncertainty
                                  0.000000   25.390320   clock reconvergence pessimism
                                 -0.258594   25.131725   library setup time
                                             25.131725   data required time
---------------------------------------------------------------------------------------------
                                             25.131725   data required time
                                             -8.300416   data arrival time
---------------------------------------------------------------------------------------------
                                             16.831308   slack (MET)


Startpoint: unlock_req (input port clocked by clk)
Endpoint: _441_ (rising edge-triggered flip-flop clocked by clk)
Path Group: clk
Path Type: max

Fanout         Cap        Slew       Delay        Time   Description
---------------------------------------------------------------------------------------------
                                  0.000000    0.000000   clock clk (rise edge)
                                  0.000000    0.000000   clock network delay (propagated)
                                  5.000000    5.000000 v input external delay
     1    0.002724    0.018171    0.008996    5.008996 v unlock_req (in)
                                                         unlock_req (net)
                      0.018171    0.000000    5.008996 v input14/A (sky130_fd_sc_hd__buf_1)
     2    0.009153    0.115927    0.191261    5.200258 v input14/X (sky130_fd_sc_hd__buf_1)
                                                         net14 (net)
                      0.115927    0.000258    5.200515 v _262_/A1 (sky130_fd_sc_hd__a2111o_1)
     1    0.002912    0.108028    0.719392    5.919907 v _262_/X (sky130_fd_sc_hd__a2111o_1)
                                                         _094_ (net)
                      0.108028    0.000085    5.919992 v _263_/A3 (sky130_fd_sc_hd__a31o_1)
     2    0.009212    0.118775    0.457468    6.377460 v _263_/X (sky130_fd_sc_hd__a31o_1)
                                                         _095_ (net)
                      0.118775    0.000334    6.377794 v _264_/B (sky130_fd_sc_hd__xor2_1)
     1    0.001760    0.087016    0.270139    6.647933 v _264_/X (sky130_fd_sc_hd__xor2_1)
                                                         _096_ (net)
                      0.087016    0.000050    6.647984 v _265_/D (sky130_fd_sc_hd__and4bb_1)
     1    0.003312    0.080300    0.415652    7.063635 v _265_/X (sky130_fd_sc_hd__and4bb_1)
                                                         _097_ (net)
                      0.080300    0.000110    7.063745 v fanout25/A (sky130_fd_sc_hd__dlymetal6s2s_1)
     7    0.024293    0.246291    0.433837    7.497582 v fanout25/X (sky130_fd_sc_hd__dlymetal6s2s_1)
                                                         net25 (net)
                      0.246292    0.001206    7.498788 v fanout24/A (sky130_fd_sc_hd__clkbuf_2)
    10    0.028081    0.200784    0.388392    7.887181 v fanout24/X (sky130_fd_sc_hd__clkbuf_2)
                                                         net24 (net)
                      0.200784    0.000457    7.887638 v _281_/C (sky130_fd_sc_hd__and3b_1)
     1    0.001978    0.063191    0.409925    8.297564 v _281_/X (sky130_fd_sc_hd__and3b_1)
                                                         _005_ (net)
                      0.063191    0.000055    8.297619 v _441_/D (sky130_fd_sc_hd__dfxtp_1)
                                              8.297619   data arrival time

                                 25.000000   25.000000   clock clk (rise edge)
                                  0.000000   25.000000   clock source latency
     1    0.017755    0.134427    0.091131   25.091129 ^ clk (in)
                                                         clk (net)
                      0.134432    0.000000   25.091129 ^ clkbuf_0_clk/A (sky130_fd_sc_hd__clkbuf_16)
     4    0.040158    0.094951    0.279286   25.370417 ^ clkbuf_0_clk/X (sky130_fd_sc_hd__clkbuf_16)
                                                         clknet_0_clk (net)
                      0.094967    0.001236   25.371653 ^ clkbuf_2_0__f_clk/A (sky130_fd_sc_hd__clkbuf_16)
    16    0.045190    0.100642    0.267143   25.638796 ^ clkbuf_2_0__f_clk/X (sky130_fd_sc_hd__clkbuf_16)
                                                         clknet_2_0__leaf_clk (net)
                      0.100655    0.001103   25.639898 ^ _441_/CLK (sky130_fd_sc_hd__dfxtp_1)
                                 -0.250000   25.389898   clock uncertainty
                                  0.000000   25.389898   clock reconvergence pessimism
                                 -0.257894   25.132006   library setup time
                                             25.132006   data required time
---------------------------------------------------------------------------------------------
                                             25.132006   data required time
                                             -8.297619   data arrival time
---------------------------------------------------------------------------------------------
                                             16.834387   slack (MET)


Startpoint: unlock_req (input port clocked by clk)
Endpoint: _449_ (rising edge-triggered flip-flop clocked by clk)
Path Group: clk
Path Type: max

Fanout         Cap        Slew       Delay        Time   Description
---------------------------------------------------------------------------------------------
                                  0.000000    0.000000   clock clk (rise edge)
                                  0.000000    0.000000   clock network delay (propagated)
                                  5.000000    5.000000 v input external delay
     1    0.002724    0.018171    0.008996    5.008996 v unlock_req (in)
                                                         unlock_req (net)
                      0.018171    0.000000    5.008996 v input14/A (sky130_fd_sc_hd__buf_1)
     2    0.009153    0.115927    0.191261    5.200258 v input14/X (sky130_fd_sc_hd__buf_1)
                                                         net14 (net)
                      0.115927    0.000258    5.200515 v _262_/A1 (sky130_fd_sc_hd__a2111o_1)
     1    0.002912    0.108028    0.719392    5.919907 v _262_/X (sky130_fd_sc_hd__a2111o_1)
                                                         _094_ (net)
                      0.108028    0.000085    5.919992 v _263_/A3 (sky130_fd_sc_hd__a31o_1)
     2    0.009212    0.118775    0.457468    6.377460 v _263_/X (sky130_fd_sc_hd__a31o_1)
                                                         _095_ (net)
                      0.118775    0.000334    6.377794 v _264_/B (sky130_fd_sc_hd__xor2_1)
     1    0.001760    0.087016    0.270139    6.647933 v _264_/X (sky130_fd_sc_hd__xor2_1)
                                                         _096_ (net)
                      0.087016    0.000050    6.647984 v _265_/D (sky130_fd_sc_hd__and4bb_1)
     1    0.003312    0.080300    0.415652    7.063635 v _265_/X (sky130_fd_sc_hd__and4bb_1)
                                                         _097_ (net)
                      0.080300    0.000110    7.063745 v fanout25/A (sky130_fd_sc_hd__dlymetal6s2s_1)
     7    0.024293    0.246291    0.433837    7.497582 v fanout25/X (sky130_fd_sc_hd__dlymetal6s2s_1)
                                                         net25 (net)
                      0.246292    0.001206    7.498788 v fanout24/A (sky130_fd_sc_hd__clkbuf_2)
    10    0.028081    0.200784    0.388392    7.887181 v fanout24/X (sky130_fd_sc_hd__clkbuf_2)
                                                         net24 (net)
                      0.200784    0.000632    7.887813 v _304_/C (sky130_fd_sc_hd__and3b_1)
     1    0.002000    0.063368    0.410182    8.297996 v _304_/X (sky130_fd_sc_hd__and3b_1)
                                                         _013_ (net)
                      0.063368    0.000057    8.298052 v _449_/D (sky130_fd_sc_hd__dfxtp_1)
                                              8.298052   data arrival time

                                 25.000000   25.000000   clock clk (rise edge)
                                  0.000000   25.000000   clock source latency
     1    0.017755    0.134427    0.091131   25.091129 ^ clk (in)
                                                         clk (net)
                      0.134432    0.000000   25.091129 ^ clkbuf_0_clk/A (sky130_fd_sc_hd__clkbuf_16)
     4    0.040158    0.094951    0.279286   25.370417 ^ clkbuf_0_clk/X (sky130_fd_sc_hd__clkbuf_16)
                                                         clknet_0_clk (net)
                      0.094967    0.001236   25.371653 ^ clkbuf_2_0__f_clk/A (sky130_fd_sc_hd__clkbuf_16)
    16    0.045190    0.100642    0.267143   25.638796 ^ clkbuf_2_0__f_clk/X (sky130_fd_sc_hd__clkbuf_16)
                                                         clknet_2_0__leaf_clk (net)
                      0.100691    0.001801   25.640596 ^ _449_/CLK (sky130_fd_sc_hd__dfxtp_1)
                                 -0.250000   25.390596   clock uncertainty
                                  0.000000   25.390596   clock reconvergence pessimism
                                 -0.257957   25.132639   library setup time
                                             25.132639   data required time
---------------------------------------------------------------------------------------------
                                             25.132639   data required time
                                             -8.298052   data arrival time
---------------------------------------------------------------------------------------------
                                             16.834587   slack (MET)


Startpoint: unlock_req (input port clocked by clk)
Endpoint: _436_ (rising edge-triggered flip-flop clocked by clk)
Path Group: clk
Path Type: max

Fanout         Cap        Slew       Delay        Time   Description
---------------------------------------------------------------------------------------------
                                  0.000000    0.000000   clock clk (rise edge)
                                  0.000000    0.000000   clock network delay (propagated)
                                  5.000000    5.000000 v input external delay
     1    0.002724    0.018171    0.008996    5.008996 v unlock_req (in)
                                                         unlock_req (net)
                      0.018171    0.000000    5.008996 v input14/A (sky130_fd_sc_hd__buf_1)
     2    0.009153    0.115927    0.191261    5.200258 v input14/X (sky130_fd_sc_hd__buf_1)
                                                         net14 (net)
                      0.115927    0.000258    5.200515 v _262_/A1 (sky130_fd_sc_hd__a2111o_1)
     1    0.002912    0.108028    0.719392    5.919907 v _262_/X (sky130_fd_sc_hd__a2111o_1)
                                                         _094_ (net)
                      0.108028    0.000085    5.919992 v _263_/A3 (sky130_fd_sc_hd__a31o_1)
     2    0.009212    0.118775    0.457468    6.377460 v _263_/X (sky130_fd_sc_hd__a31o_1)
                                                         _095_ (net)
                      0.118775    0.000334    6.377794 v _264_/B (sky130_fd_sc_hd__xor2_1)
     1    0.001760    0.087016    0.270139    6.647933 v _264_/X (sky130_fd_sc_hd__xor2_1)
                                                         _096_ (net)
                      0.087016    0.000050    6.647984 v _265_/D (sky130_fd_sc_hd__and4bb_1)
     1    0.003312    0.080300    0.415652    7.063635 v _265_/X (sky130_fd_sc_hd__and4bb_1)
                                                         _097_ (net)
                      0.080300    0.000110    7.063745 v fanout25/A (sky130_fd_sc_hd__dlymetal6s2s_1)
     7    0.024293    0.246291    0.433837    7.497582 v fanout25/X (sky130_fd_sc_hd__dlymetal6s2s_1)
                                                         net25 (net)
                      0.246292    0.001206    7.498788 v fanout24/A (sky130_fd_sc_hd__clkbuf_2)
    10    0.028081    0.200784    0.388392    7.887181 v fanout24/X (sky130_fd_sc_hd__clkbuf_2)
                                                         net24 (net)
                      0.200784    0.000615    7.887795 v _266_/B (sky130_fd_sc_hd__and2b_1)
     1    0.002022    0.059934    0.370856    8.258652 v _266_/X (sky130_fd_sc_hd__and2b_1)
                                                         _000_ (net)
                      0.059934    0.000056    8.258708 v _436_/D (sky130_fd_sc_hd__dfxtp_1)
                                              8.258708   data arrival time

                                 25.000000   25.000000   clock clk (rise edge)
                                  0.000000   25.000000   clock source latency
     1    0.017755    0.134427    0.091131   25.091129 ^ clk (in)
                                                         clk (net)
                      0.134432    0.000000   25.091129 ^ clkbuf_0_clk/A (sky130_fd_sc_hd__clkbuf_16)
     4    0.040158    0.094951    0.279286   25.370417 ^ clkbuf_0_clk/X (sky130_fd_sc_hd__clkbuf_16)
                                                         clknet_0_clk (net)
                      0.094967    0.001236   25.371653 ^ clkbuf_2_0__f_clk/A (sky130_fd_sc_hd__clkbuf_16)
    16    0.045190    0.100642    0.267143   25.638796 ^ clkbuf_2_0__f_clk/X (sky130_fd_sc_hd__clkbuf_16)
                                                         clknet_2_0__leaf_clk (net)
                      0.100719    0.002238   25.641033 ^ _436_/CLK (sky130_fd_sc_hd__dfxtp_1)
                                 -0.250000   25.391033   clock uncertainty
                                  0.000000   25.391033   clock reconvergence pessimism
                                 -0.256523   25.134510   library setup time
                                             25.134510   data required time
---------------------------------------------------------------------------------------------
                                             25.134510   data required time
                                             -8.258708   data arrival time
---------------------------------------------------------------------------------------------
                                             16.875803   slack (MET)


Startpoint: file_denied (input port clocked by clk)
Endpoint: _448_ (rising edge-triggered flip-flop clocked by clk)
Path Group: clk
Path Type: max

Fanout         Cap        Slew       Delay        Time   Description
---------------------------------------------------------------------------------------------
                                  0.000000    0.000000   clock clk (rise edge)
                                  0.000000    0.000000   clock network delay (propagated)
                                  5.000000    5.000000 v input external delay
     1    0.002849    0.018645    0.009391    5.009391 v file_denied (in)
                                                         file_denied (net)
                      0.018645    0.000000    5.009391 v input3/A (sky130_fd_sc_hd__buf_1)
     4    0.013269    0.158915    0.224780    5.234170 v input3/X (sky130_fd_sc_hd__buf_1)
                                                         net3 (net)
                      0.158915    0.000445    5.234616 v _260_/A1 (sky130_fd_sc_hd__o41ai_1)
     1    0.004060    0.535664    0.705578    5.940194 ^ _260_/Y (sky130_fd_sc_hd__o41ai_1)
                                                         _092_ (net)
                      0.535664    0.000102    5.940296 ^ _263_/A1 (sky130_fd_sc_hd__a31o_1)
     2    0.009739    0.178113    0.519529    6.459825 ^ _263_/X (sky130_fd_sc_hd__a31o_1)
                                                         _095_ (net)
                      0.178113    0.000353    6.460177 ^ _264_/B (sky130_fd_sc_hd__xor2_1)
     1    0.001848    0.156078    0.263028    6.723205 ^ _264_/X (sky130_fd_sc_hd__xor2_1)
                                                         _096_ (net)
                      0.156078    0.000053    6.723258 ^ _265_/D (sky130_fd_sc_hd__and4bb_1)
     1    0.003427    0.110915    0.437411    7.160669 ^ _265_/X (sky130_fd_sc_hd__and4bb_1)
                                                         _097_ (net)
                      0.110915    0.000115    7.160783 ^ fanout25/A (sky130_fd_sc_hd__dlymetal6s2s_1)
     7    0.024705    0.395673    0.413982    7.574765 ^ fanout25/X (sky130_fd_sc_hd__dlymetal6s2s_1)
                                                         net25 (net)
                      0.395679    0.001235    7.576000 ^ fanout24/A (sky130_fd_sc_hd__clkbuf_2)
    10    0.028811    0.251823    0.458397    8.034396 ^ fanout24/X (sky130_fd_sc_hd__clkbuf_2)
                                                         net24 (net)
                      0.251823    0.000623    8.035019 ^ _301_/A (sky130_fd_sc_hd__and3_1)
     1    0.002486    0.083124    0.339865    8.374885 ^ _301_/X (sky130_fd_sc_hd__and3_1)
                                                         _012_ (net)
                      0.083124    0.000052    8.374936 ^ _448_/D (sky130_fd_sc_hd__dfxtp_1)
                                              8.374936   data arrival time

                                 25.000000   25.000000   clock clk (rise edge)
                                  0.000000   25.000000   clock source latency
     1    0.017755    0.134427    0.091131   25.091129 ^ clk (in)
                                                         clk (net)
                      0.134432    0.000000   25.091129 ^ clkbuf_0_clk/A (sky130_fd_sc_hd__clkbuf_16)
     4    0.040158    0.094951    0.279286   25.370417 ^ clkbuf_0_clk/X (sky130_fd_sc_hd__clkbuf_16)
                                                         clknet_0_clk (net)
                      0.094967    0.001236   25.371653 ^ clkbuf_2_0__f_clk/A (sky130_fd_sc_hd__clkbuf_16)
    16    0.045190    0.100642    0.267143   25.638796 ^ clkbuf_2_0__f_clk/X (sky130_fd_sc_hd__clkbuf_16)
                                                         clknet_2_0__leaf_clk (net)
                      0.100705    0.002037   25.640833 ^ _448_/CLK (sky130_fd_sc_hd__dfxtp_1)
                                 -0.250000   25.390833   clock uncertainty
                                  0.000000   25.390833   clock reconvergence pessimism
                                 -0.126589   25.264244   library setup time
                                             25.264244   data required time
---------------------------------------------------------------------------------------------
                                             25.264244   data required time
                                             -8.374936   data arrival time
---------------------------------------------------------------------------------------------
                                             16.889311   slack (MET)


Startpoint: file_denied (input port clocked by clk)
Endpoint: _447_ (rising edge-triggered flip-flop clocked by clk)
Path Group: clk
Path Type: max

Fanout         Cap        Slew       Delay        Time   Description
---------------------------------------------------------------------------------------------
                                  0.000000    0.000000   clock clk (rise edge)
                                  0.000000    0.000000   clock network delay (propagated)
                                  5.000000    5.000000 v input external delay
     1    0.002849    0.018645    0.009391    5.009391 v file_denied (in)
                                                         file_denied (net)
                      0.018645    0.000000    5.009391 v input3/A (sky130_fd_sc_hd__buf_1)
     4    0.013269    0.158915    0.224780    5.234170 v input3/X (sky130_fd_sc_hd__buf_1)
                                                         net3 (net)
                      0.158915    0.000445    5.234616 v _260_/A1 (sky130_fd_sc_hd__o41ai_1)
     1    0.004060    0.535664    0.705578    5.940194 ^ _260_/Y (sky130_fd_sc_hd__o41ai_1)
                                                         _092_ (net)
                      0.535664    0.000102    5.940296 ^ _263_/A1 (sky130_fd_sc_hd__a31o_1)
     2    0.009739    0.178113    0.519529    6.459825 ^ _263_/X (sky130_fd_sc_hd__a31o_1)
                                                         _095_ (net)
                      0.178113    0.000353    6.460177 ^ _264_/B (sky130_fd_sc_hd__xor2_1)
     1    0.001848    0.156078    0.263028    6.723205 ^ _264_/X (sky130_fd_sc_hd__xor2_1)
                                                         _096_ (net)
                      0.156078    0.000053    6.723258 ^ _265_/D (sky130_fd_sc_hd__and4bb_1)
     1    0.003427    0.110915    0.437411    7.160669 ^ _265_/X (sky130_fd_sc_hd__and4bb_1)
                                                         _097_ (net)
                      0.110915    0.000115    7.160783 ^ fanout25/A (sky130_fd_sc_hd__dlymetal6s2s_1)
     7    0.024705    0.395673    0.413982    7.574765 ^ fanout25/X (sky130_fd_sc_hd__dlymetal6s2s_1)
                                                         net25 (net)
                      0.395679    0.001235    7.576000 ^ fanout24/A (sky130_fd_sc_hd__clkbuf_2)
    10    0.028811    0.251823    0.458397    8.034396 ^ fanout24/X (sky130_fd_sc_hd__clkbuf_2)
                                                         net24 (net)
                      0.251823    0.000542    8.034938 ^ _298_/C1 (sky130_fd_sc_hd__o211a_1)
     1    0.002274    0.071298    0.337209    8.372148 ^ _298_/X (sky130_fd_sc_hd__o211a_1)
                                                         _011_ (net)
                      0.071298    0.000064    8.372211 ^ _447_/D (sky130_fd_sc_hd__dfxtp_1)
                                              8.372211   data arrival time

                                 25.000000   25.000000   clock clk (rise edge)
                                  0.000000   25.000000   clock source latency
     1    0.017755    0.134427    0.091131   25.091129 ^ clk (in)
                                                         clk (net)
                      0.134432    0.000000   25.091129 ^ clkbuf_0_clk/A (sky130_fd_sc_hd__clkbuf_16)
     4    0.040158    0.094951    0.279286   25.370417 ^ clkbuf_0_clk/X (sky130_fd_sc_hd__clkbuf_16)
                                                         clknet_0_clk (net)
                      0.094967    0.001236   25.371653 ^ clkbuf_2_0__f_clk/A (sky130_fd_sc_hd__clkbuf_16)
    16    0.045190    0.100642    0.267143   25.638796 ^ clkbuf_2_0__f_clk/X (sky130_fd_sc_hd__clkbuf_16)
                                                         clknet_2_0__leaf_clk (net)
                      0.100677    0.001547   25.640343 ^ _447_/CLK (sky130_fd_sc_hd__dfxtp_1)
                                 -0.250000   25.390343   clock uncertainty
                                  0.000000   25.390343   clock reconvergence pessimism
                                 -0.123521   25.266823   library setup time
                                             25.266823   data required time
---------------------------------------------------------------------------------------------
                                             25.266823   data required time
                                             -8.372211   data arrival time
---------------------------------------------------------------------------------------------
                                             16.894611   slack (MET)


Startpoint: file_denied (input port clocked by clk)
Endpoint: _451_ (rising edge-triggered flip-flop clocked by clk)
Path Group: clk
Path Type: max

Fanout         Cap        Slew       Delay        Time   Description
---------------------------------------------------------------------------------------------
                                  0.000000    0.000000   clock clk (rise edge)
                                  0.000000    0.000000   clock network delay (propagated)
                                  5.000000    5.000000 v input external delay
     1    0.002849    0.018645    0.009391    5.009391 v file_denied (in)
                                                         file_denied (net)
                      0.018645    0.000000    5.009391 v input3/A (sky130_fd_sc_hd__buf_1)
     4    0.013269    0.158915    0.224780    5.234170 v input3/X (sky130_fd_sc_hd__buf_1)
                                                         net3 (net)
                      0.158915    0.000445    5.234616 v _260_/A1 (sky130_fd_sc_hd__o41ai_1)
     1    0.004060    0.535664    0.705578    5.940194 ^ _260_/Y (sky130_fd_sc_hd__o41ai_1)
                                                         _092_ (net)
                      0.535664    0.000102    5.940296 ^ _263_/A1 (sky130_fd_sc_hd__a31o_1)
     2    0.009739    0.178113    0.519529    6.459825 ^ _263_/X (sky130_fd_sc_hd__a31o_1)
                                                         _095_ (net)
                      0.178113    0.000353    6.460177 ^ _264_/B (sky130_fd_sc_hd__xor2_1)
     1    0.001848    0.156078    0.263028    6.723205 ^ _264_/X (sky130_fd_sc_hd__xor2_1)
                                                         _096_ (net)
                      0.156078    0.000053    6.723258 ^ _265_/D (sky130_fd_sc_hd__and4bb_1)
     1    0.003427    0.110915    0.437411    7.160669 ^ _265_/X (sky130_fd_sc_hd__and4bb_1)
                                                         _097_ (net)
                      0.110915    0.000115    7.160783 ^ fanout25/A (sky130_fd_sc_hd__dlymetal6s2s_1)
     7    0.024705    0.395673    0.413982    7.574765 ^ fanout25/X (sky130_fd_sc_hd__dlymetal6s2s_1)
                                                         net25 (net)
                      0.395679    0.001235    7.576000 ^ fanout24/A (sky130_fd_sc_hd__clkbuf_2)
    10    0.028811    0.251823    0.458397    8.034396 ^ fanout24/X (sky130_fd_sc_hd__clkbuf_2)
                                                         net24 (net)
                      0.251823    0.000507    8.034904 ^ _310_/A (sky130_fd_sc_hd__and3_1)
     1    0.001858    0.075394    0.330540    8.365443 ^ _310_/X (sky130_fd_sc_hd__and3_1)
                                                         _015_ (net)
                      0.075394    0.000052    8.365496 ^ _451_/D (sky130_fd_sc_hd__dfxtp_1)
                                              8.365496   data arrival time

                                 25.000000   25.000000   clock clk (rise edge)
                                  0.000000   25.000000   clock source latency
     1    0.017755    0.134427    0.091131   25.091129 ^ clk (in)
                                                         clk (net)
                      0.134432    0.000000   25.091129 ^ clkbuf_0_clk/A (sky130_fd_sc_hd__clkbuf_16)
     4    0.040158    0.094951    0.279286   25.370417 ^ clkbuf_0_clk/X (sky130_fd_sc_hd__clkbuf_16)
                                                         clknet_0_clk (net)
                      0.094967    0.001236   25.371653 ^ clkbuf_2_0__f_clk/A (sky130_fd_sc_hd__clkbuf_16)
    16    0.045190    0.100642    0.267143   25.638796 ^ clkbuf_2_0__f_clk/X (sky130_fd_sc_hd__clkbuf_16)
                                                         clknet_2_0__leaf_clk (net)
                      0.100670    0.001425   25.640219 ^ _451_/CLK (sky130_fd_sc_hd__dfxtp_1)
                                 -0.250000   25.390221   clock uncertainty
                                  0.000000   25.390221   clock reconvergence pessimism
                                 -0.124586   25.265635   library setup time
                                             25.265635   data required time
---------------------------------------------------------------------------------------------
                                             25.265635   data required time
                                             -8.365496   data arrival time
---------------------------------------------------------------------------------------------
                                             16.900139   slack (MET)


Startpoint: file_denied (input port clocked by clk)
Endpoint: _438_ (rising edge-triggered flip-flop clocked by clk)
Path Group: clk
Path Type: max

Fanout         Cap        Slew       Delay        Time   Description
---------------------------------------------------------------------------------------------
                                  0.000000    0.000000   clock clk (rise edge)
                                  0.000000    0.000000   clock network delay (propagated)
                                  5.000000    5.000000 v input external delay
     1    0.002849    0.018645    0.009391    5.009391 v file_denied (in)
                                                         file_denied (net)
                      0.018645    0.000000    5.009391 v input3/A (sky130_fd_sc_hd__buf_1)
     4    0.013269    0.158915    0.224780    5.234170 v input3/X (sky130_fd_sc_hd__buf_1)
                                                         net3 (net)
                      0.158915    0.000445    5.234616 v _260_/A1 (sky130_fd_sc_hd__o41ai_1)
     1    0.004060    0.535664    0.705578    5.940194 ^ _260_/Y (sky130_fd_sc_hd__o41ai_1)
                                                         _092_ (net)
                      0.535664    0.000102    5.940296 ^ _263_/A1 (sky130_fd_sc_hd__a31o_1)
     2    0.009739    0.178113    0.519529    6.459825 ^ _263_/X (sky130_fd_sc_hd__a31o_1)
                                                         _095_ (net)
                      0.178113    0.000353    6.460177 ^ _264_/B (sky130_fd_sc_hd__xor2_1)
     1    0.001848    0.156078    0.263028    6.723205 ^ _264_/X (sky130_fd_sc_hd__xor2_1)
                                                         _096_ (net)
                      0.156078    0.000053    6.723258 ^ _265_/D (sky130_fd_sc_hd__and4bb_1)
     1    0.003427    0.110915    0.437411    7.160669 ^ _265_/X (sky130_fd_sc_hd__and4bb_1)
                                                         _097_ (net)
                      0.110915    0.000115    7.160783 ^ fanout25/A (sky130_fd_sc_hd__dlymetal6s2s_1)
     7    0.024705    0.395673    0.413982    7.574765 ^ fanout25/X (sky130_fd_sc_hd__dlymetal6s2s_1)
                                                         net25 (net)
                      0.395679    0.001235    7.576000 ^ fanout24/A (sky130_fd_sc_hd__clkbuf_2)
    10    0.028811    0.251823    0.458397    8.034396 ^ fanout24/X (sky130_fd_sc_hd__clkbuf_2)
                                                         net24 (net)
                      0.251823    0.000426    8.034822 ^ _272_/A (sky130_fd_sc_hd__and3_1)
     1    0.001784    0.074493    0.329456    8.364279 ^ _272_/X (sky130_fd_sc_hd__and3_1)
                                                         _002_ (net)
                      0.074493    0.000050    8.364328 ^ _438_/D (sky130_fd_sc_hd__dfxtp_1)
                                              8.364328   data arrival time

                                 25.000000   25.000000   clock clk (rise edge)
                                  0.000000   25.000000   clock source latency
     1    0.017755    0.134427    0.091131   25.091129 ^ clk (in)
                                                         clk (net)
                      0.134432    0.000000   25.091129 ^ clkbuf_0_clk/A (sky130_fd_sc_hd__clkbuf_16)
     4    0.040158    0.094951    0.279286   25.370417 ^ clkbuf_0_clk/X (sky130_fd_sc_hd__clkbuf_16)
                                                         clknet_0_clk (net)
                      0.094967    0.001236   25.371653 ^ clkbuf_2_0__f_clk/A (sky130_fd_sc_hd__clkbuf_16)
    16    0.045190    0.100642    0.267143   25.638796 ^ clkbuf_2_0__f_clk/X (sky130_fd_sc_hd__clkbuf_16)
                                                         clknet_2_0__leaf_clk (net)
                      0.100654    0.001094   25.639889 ^ _438_/CLK (sky130_fd_sc_hd__dfxtp_1)
                                 -0.250000   25.389891   clock uncertainty
                                  0.000000   25.389891   clock reconvergence pessimism
                                 -0.124355   25.265533   library setup time
                                             25.265533   data required time
---------------------------------------------------------------------------------------------
                                             25.265533   data required time
                                             -8.364328   data arrival time
---------------------------------------------------------------------------------------------
                                             16.901207   slack (MET)


Startpoint: file_denied (input port clocked by clk)
Endpoint: _437_ (rising edge-triggered flip-flop clocked by clk)
Path Group: clk
Path Type: max

Fanout         Cap        Slew       Delay        Time   Description
---------------------------------------------------------------------------------------------
                                  0.000000    0.000000   clock clk (rise edge)
                                  0.000000    0.000000   clock network delay (propagated)
                                  5.000000    5.000000 v input external delay
     1    0.002849    0.018645    0.009391    5.009391 v file_denied (in)
                                                         file_denied (net)
                      0.018645    0.000000    5.009391 v input3/A (sky130_fd_sc_hd__buf_1)
     4    0.013269    0.158915    0.224780    5.234170 v input3/X (sky130_fd_sc_hd__buf_1)
                                                         net3 (net)
                      0.158915    0.000445    5.234616 v _260_/A1 (sky130_fd_sc_hd__o41ai_1)
     1    0.004060    0.535664    0.705578    5.940194 ^ _260_/Y (sky130_fd_sc_hd__o41ai_1)
                                                         _092_ (net)
                      0.535664    0.000102    5.940296 ^ _263_/A1 (sky130_fd_sc_hd__a31o_1)
     2    0.009739    0.178113    0.519529    6.459825 ^ _263_/X (sky130_fd_sc_hd__a31o_1)
                                                         _095_ (net)
                      0.178113    0.000353    6.460177 ^ _264_/B (sky130_fd_sc_hd__xor2_1)
     1    0.001848    0.156078    0.263028    6.723205 ^ _264_/X (sky130_fd_sc_hd__xor2_1)
                                                         _096_ (net)
                      0.156078    0.000053    6.723258 ^ _265_/D (sky130_fd_sc_hd__and4bb_1)
     1    0.003427    0.110915    0.437411    7.160669 ^ _265_/X (sky130_fd_sc_hd__and4bb_1)
                                                         _097_ (net)
                      0.110915    0.000115    7.160783 ^ fanout25/A (sky130_fd_sc_hd__dlymetal6s2s_1)
     7    0.024705    0.395673    0.413982    7.574765 ^ fanout25/X (sky130_fd_sc_hd__dlymetal6s2s_1)
                                                         net25 (net)
                      0.395679    0.001235    7.576000 ^ fanout24/A (sky130_fd_sc_hd__clkbuf_2)
    10    0.028811    0.251823    0.458397    8.034396 ^ fanout24/X (sky130_fd_sc_hd__clkbuf_2)
                                                         net24 (net)
                      0.251823    0.000646    8.035042 ^ _269_/A (sky130_fd_sc_hd__and3_1)
     1    0.001791    0.074575    0.329554    8.364596 ^ _269_/X (sky130_fd_sc_hd__and3_1)
                                                         _001_ (net)
                      0.074575    0.000049    8.364645 ^ _437_/D (sky130_fd_sc_hd__dfxtp_1)
                                              8.364645   data arrival time

                                 25.000000   25.000000   clock clk (rise edge)
                                  0.000000   25.000000   clock source latency
     1    0.017755    0.134427    0.091131   25.091129 ^ clk (in)
                                                         clk (net)
                      0.134432    0.000000   25.091129 ^ clkbuf_0_clk/A (sky130_fd_sc_hd__clkbuf_16)
     4    0.040158    0.094951    0.279286   25.370417 ^ clkbuf_0_clk/X (sky130_fd_sc_hd__clkbuf_16)
                                                         clknet_0_clk (net)
                      0.094967    0.001236   25.371653 ^ clkbuf_2_0__f_clk/A (sky130_fd_sc_hd__clkbuf_16)
    16    0.045190    0.100642    0.267143   25.638796 ^ clkbuf_2_0__f_clk/X (sky130_fd_sc_hd__clkbuf_16)
                                                         clknet_2_0__leaf_clk (net)
                      0.100732    0.002437   25.641232 ^ _437_/CLK (sky130_fd_sc_hd__dfxtp_1)
                                 -0.250000   25.391233   clock uncertainty
                                  0.000000   25.391233   clock reconvergence pessimism
                                 -0.124363   25.266870   library setup time
                                             25.266870   data required time
---------------------------------------------------------------------------------------------
                                             25.266870   data required time
                                             -8.364645   data arrival time
---------------------------------------------------------------------------------------------
                                             16.902224   slack (MET)


Startpoint: clock_glitch (input port clocked by clk)
Endpoint: _477_ (rising edge-triggered flip-flop clocked by clk)
Path Group: clk
Path Type: max

Fanout         Cap        Slew       Delay        Time   Description
---------------------------------------------------------------------------------------------
                                  0.000000    0.000000   clock clk (rise edge)
                                  0.000000    0.000000   clock network delay (propagated)
                                  5.000000    5.000000 v input external delay
     1    0.002598    0.017692    0.008598    5.008598 v clock_glitch (in)
                                                         clock_glitch (net)
                      0.017692    0.000000    5.008598 v input1/A (sky130_fd_sc_hd__clkbuf_1)
     1    0.001749    0.040158    0.126552    5.135150 v input1/X (sky130_fd_sc_hd__clkbuf_1)
                                                         net1 (net)
                      0.040158    0.000048    5.135198 v _394_/A (sky130_fd_sc_hd__or2_1)
     2    0.008759    0.149130    0.548250    5.683448 v _394_/X (sky130_fd_sc_hd__or2_1)
                                                         _186_ (net)
                      0.149130    0.000364    5.683812 v _395_/B (sky130_fd_sc_hd__or2_1)
     5    0.011667    0.175630    0.584497    6.268310 v _395_/X (sky130_fd_sc_hd__or2_1)
                                                         _187_ (net)
                      0.175630    0.000363    6.268672 v _410_/D (sky130_fd_sc_hd__or4_1)
     1    0.003054    0.179904    0.991341    7.260014 v _410_/X (sky130_fd_sc_hd__or4_1)
                                                         _201_ (net)
                      0.179904    0.000068    7.260081 v _411_/A3 (sky130_fd_sc_hd__o32a_1)
     1    0.003632    0.122844    0.577507    7.837589 v _411_/X (sky130_fd_sc_hd__o32a_1)
                                                         _202_ (net)
                      0.122844    0.000125    7.837714 v _412_/A_N (sky130_fd_sc_hd__and2b_1)
     1    0.001801    0.061786    0.376762    8.214476 ^ _412_/X (sky130_fd_sc_hd__and2b_1)
                                                         _041_ (net)
                      0.061786    0.000051    8.214526 ^ _477_/D (sky130_fd_sc_hd__dfxtp_1)
                                              8.214526   data arrival time

                                 25.000000   25.000000   clock clk (rise edge)
                                  0.000000   25.000000   clock source latency
     1    0.017755    0.134427    0.091131   25.091129 ^ clk (in)
                                                         clk (net)
                      0.134432    0.000000   25.091129 ^ clkbuf_0_clk/A (sky130_fd_sc_hd__clkbuf_16)
     4    0.040158    0.094951    0.279286   25.370417 ^ clkbuf_0_clk/X (sky130_fd_sc_hd__clkbuf_16)
                                                         clknet_0_clk (net)
                      0.094961    0.001043   25.371458 ^ clkbuf_2_3__f_clk/A (sky130_fd_sc_hd__clkbuf_16)
    14    0.046175    0.102047    0.268466   25.639925 ^ clkbuf_2_3__f_clk/X (sky130_fd_sc_hd__clkbuf_16)
                                                         clknet_2_3__leaf_clk (net)
                      0.102057    0.000979   25.640903 ^ _477_/CLK (sky130_fd_sc_hd__dfxtp_1)
                                 -0.250000   25.390903   clock uncertainty
                                  0.000000   25.390903   clock reconvergence pessimism
                                 -0.120817   25.270086   library setup time
                                             25.270086   data required time
---------------------------------------------------------------------------------------------
                                             25.270086   data required time
                                             -8.214526   data arrival time
---------------------------------------------------------------------------------------------
                                             17.055561   slack (MET)


Startpoint: clock_glitch (input port clocked by clk)
Endpoint: _478_ (rising edge-triggered flip-flop clocked by clk)
Path Group: clk
Path Type: max

Fanout         Cap        Slew       Delay        Time   Description
---------------------------------------------------------------------------------------------
                                  0.000000    0.000000   clock clk (rise edge)
                                  0.000000    0.000000   clock network delay (propagated)
                                  5.000000    5.000000 v input external delay
     1    0.002598    0.017692    0.008598    5.008598 v clock_glitch (in)
                                                         clock_glitch (net)
                      0.017692    0.000000    5.008598 v input1/A (sky130_fd_sc_hd__clkbuf_1)
     1    0.001749    0.040158    0.126552    5.135150 v input1/X (sky130_fd_sc_hd__clkbuf_1)
                                                         net1 (net)
                      0.040158    0.000048    5.135198 v _394_/A (sky130_fd_sc_hd__or2_1)
     2    0.008759    0.149130    0.548250    5.683448 v _394_/X (sky130_fd_sc_hd__or2_1)
                                                         _186_ (net)
                      0.149130    0.000217    5.683665 v _419_/D (sky130_fd_sc_hd__or4_1)
     1    0.009142    0.252203    1.098305    6.781970 v _419_/X (sky130_fd_sc_hd__or4_1)
                                                         _209_ (net)
                      0.252203    0.000565    6.782535 v _420_/C (sky130_fd_sc_hd__or3_1)
     2    0.007773    0.185975    0.855573    7.638107 v _420_/X (sky130_fd_sc_hd__or3_1)
                                                         _210_ (net)
                      0.185975    0.000116    7.638224 v _421_/C (sky130_fd_sc_hd__and3_1)
     1    0.003434    0.076151    0.422270    8.060493 v _421_/X (sky130_fd_sc_hd__and3_1)
                                                         _042_ (net)
                      0.076151    0.000115    8.060609 v _478_/D (sky130_fd_sc_hd__dfxtp_1)
                                              8.060609   data arrival time

                                 25.000000   25.000000   clock clk (rise edge)
                                  0.000000   25.000000   clock source latency
     1    0.017755    0.134427    0.091131   25.091129 ^ clk (in)
                                                         clk (net)
                      0.134432    0.000000   25.091129 ^ clkbuf_0_clk/A (sky130_fd_sc_hd__clkbuf_16)
     4    0.040158    0.094951    0.279286   25.370417 ^ clkbuf_0_clk/X (sky130_fd_sc_hd__clkbuf_16)
                                                         clknet_0_clk (net)
                      0.094961    0.001043   25.371458 ^ clkbuf_2_3__f_clk/A (sky130_fd_sc_hd__clkbuf_16)
    14    0.046175    0.102047    0.268466   25.639925 ^ clkbuf_2_3__f_clk/X (sky130_fd_sc_hd__clkbuf_16)
                                                         clknet_2_3__leaf_clk (net)
                      0.102057    0.000981   25.640905 ^ _478_/CLK (sky130_fd_sc_hd__dfxtp_1)
                                 -0.250000   25.390905   clock uncertainty
                                  0.000000   25.390905   clock reconvergence pessimism
                                 -0.262900   25.128006   library setup time
                                             25.128006   data required time
---------------------------------------------------------------------------------------------
                                             25.128006   data required time
                                             -8.060609   data arrival time
---------------------------------------------------------------------------------------------
                                             17.067396   slack (MET)


Startpoint: unlock_req (input port clocked by clk)
Endpoint: _446_ (rising edge-triggered flip-flop clocked by clk)
Path Group: clk
Path Type: max

Fanout         Cap        Slew       Delay        Time   Description
---------------------------------------------------------------------------------------------
                                  0.000000    0.000000   clock clk (rise edge)
                                  0.000000    0.000000   clock network delay (propagated)
                                  5.000000    5.000000 v input external delay
     1    0.002724    0.018171    0.008996    5.008996 v unlock_req (in)
                                                         unlock_req (net)
                      0.018171    0.000000    5.008996 v input14/A (sky130_fd_sc_hd__buf_1)
     2    0.009153    0.115927    0.191261    5.200258 v input14/X (sky130_fd_sc_hd__buf_1)
                                                         net14 (net)
                      0.115927    0.000258    5.200515 v _262_/A1 (sky130_fd_sc_hd__a2111o_1)
     1    0.002912    0.108028    0.719392    5.919907 v _262_/X (sky130_fd_sc_hd__a2111o_1)
                                                         _094_ (net)
                      0.108028    0.000085    5.919992 v _263_/A3 (sky130_fd_sc_hd__a31o_1)
     2    0.009212    0.118775    0.457468    6.377460 v _263_/X (sky130_fd_sc_hd__a31o_1)
                                                         _095_ (net)
                      0.118775    0.000334    6.377794 v _264_/B (sky130_fd_sc_hd__xor2_1)
     1    0.001760    0.087016    0.270139    6.647933 v _264_/X (sky130_fd_sc_hd__xor2_1)
                                                         _096_ (net)
                      0.087016    0.000050    6.647984 v _265_/D (sky130_fd_sc_hd__and4bb_1)
     1    0.003312    0.080300    0.415652    7.063635 v _265_/X (sky130_fd_sc_hd__and4bb_1)
                                                         _097_ (net)
                      0.080300    0.000110    7.063745 v fanout25/A (sky130_fd_sc_hd__dlymetal6s2s_1)
     7    0.024293    0.246291    0.433837    7.497582 v fanout25/X (sky130_fd_sc_hd__dlymetal6s2s_1)
                                                         net25 (net)
                      0.246291    0.000946    7.498528 v _295_/B (sky130_fd_sc_hd__and3b_1)
     1    0.002316    0.065816    0.406923    7.905452 v _295_/X (sky130_fd_sc_hd__and3b_1)
                                                         _010_ (net)
                      0.065816    0.000068    7.905520 v _446_/D (sky130_fd_sc_hd__dfxtp_1)
                                              7.905520   data arrival time

                                 25.000000   25.000000   clock clk (rise edge)
                                  0.000000   25.000000   clock source latency
     1    0.017755    0.134427    0.091131   25.091129 ^ clk (in)
                                                         clk (net)
                      0.134432    0.000000   25.091129 ^ clkbuf_0_clk/A (sky130_fd_sc_hd__clkbuf_16)
     4    0.040158    0.094951    0.279286   25.370417 ^ clkbuf_0_clk/X (sky130_fd_sc_hd__clkbuf_16)
                                                         clknet_0_clk (net)
                      0.094964    0.001151   25.371567 ^ clkbuf_2_1__f_clk/A (sky130_fd_sc_hd__clkbuf_16)
    12    0.045065    0.100585    0.267297   25.638865 ^ clkbuf_2_1__f_clk/X (sky130_fd_sc_hd__clkbuf_16)
                                                         clknet_2_1__leaf_clk (net)
                      0.100604    0.001238   25.640102 ^ _446_/CLK (sky130_fd_sc_hd__dfxtp_1)
                                 -0.250000   25.390102   clock uncertainty
                                  0.000000   25.390102   clock reconvergence pessimism
                                 -0.258998   25.131105   library setup time
                                             25.131105   data required time
---------------------------------------------------------------------------------------------
                                             25.131105   data required time
                                             -7.905520   data arrival time
---------------------------------------------------------------------------------------------
                                             17.225586   slack (MET)


Startpoint: unlock_req (input port clocked by clk)
Endpoint: _440_ (rising edge-triggered flip-flop clocked by clk)
Path Group: clk
Path Type: max

Fanout         Cap        Slew       Delay        Time   Description
---------------------------------------------------------------------------------------------
                                  0.000000    0.000000   clock clk (rise edge)
                                  0.000000    0.000000   clock network delay (propagated)
                                  5.000000    5.000000 v input external delay
     1    0.002724    0.018171    0.008996    5.008996 v unlock_req (in)
                                                         unlock_req (net)
                      0.018171    0.000000    5.008996 v input14/A (sky130_fd_sc_hd__buf_1)
     2    0.009153    0.115927    0.191261    5.200258 v input14/X (sky130_fd_sc_hd__buf_1)
                                                         net14 (net)
                      0.115927    0.000258    5.200515 v _262_/A1 (sky130_fd_sc_hd__a2111o_1)
     1    0.002912    0.108028    0.719392    5.919907 v _262_/X (sky130_fd_sc_hd__a2111o_1)
                                                         _094_ (net)
                      0.108028    0.000085    5.919992 v _263_/A3 (sky130_fd_sc_hd__a31o_1)
     2    0.009212    0.118775    0.457468    6.377460 v _263_/X (sky130_fd_sc_hd__a31o_1)
                                                         _095_ (net)
                      0.118775    0.000334    6.377794 v _264_/B (sky130_fd_sc_hd__xor2_1)
     1    0.001760    0.087016    0.270139    6.647933 v _264_/X (sky130_fd_sc_hd__xor2_1)
                                                         _096_ (net)
                      0.087016    0.000050    6.647984 v _265_/D (sky130_fd_sc_hd__and4bb_1)
     1    0.003312    0.080300    0.415652    7.063635 v _265_/X (sky130_fd_sc_hd__and4bb_1)
                                                         _097_ (net)
                      0.080300    0.000110    7.063745 v fanout25/A (sky130_fd_sc_hd__dlymetal6s2s_1)
     7    0.024293    0.246291    0.433837    7.497582 v fanout25/X (sky130_fd_sc_hd__dlymetal6s2s_1)
                                                         net25 (net)
                      0.246292    0.001146    7.498728 v _278_/A (sky130_fd_sc_hd__and3_1)
     1    0.002746    0.069974    0.373591    7.872319 v _278_/X (sky130_fd_sc_hd__and3_1)
                                                         _004_ (net)
                      0.069974    0.000085    7.872404 v _440_/D (sky130_fd_sc_hd__dfxtp_1)
                                              7.872404   data arrival time

                                 25.000000   25.000000   clock clk (rise edge)
                                  0.000000   25.000000   clock source latency
     1    0.017755    0.134427    0.091131   25.091129 ^ clk (in)
                                                         clk (net)
                      0.134432    0.000000   25.091129 ^ clkbuf_0_clk/A (sky130_fd_sc_hd__clkbuf_16)
     4    0.040158    0.094951    0.279286   25.370417 ^ clkbuf_0_clk/X (sky130_fd_sc_hd__clkbuf_16)
                                                         clknet_0_clk (net)
                      0.094967    0.001236   25.371653 ^ clkbuf_2_0__f_clk/A (sky130_fd_sc_hd__clkbuf_16)
    16    0.045190    0.100642    0.267143   25.638796 ^ clkbuf_2_0__f_clk/X (sky130_fd_sc_hd__clkbuf_16)
                                                         clknet_2_0__leaf_clk (net)
                      0.100642    0.000492   25.639286 ^ _440_/CLK (sky130_fd_sc_hd__dfxtp_1)
                                 -0.250000   25.389288   clock uncertainty
                                  0.000000   25.389288   clock reconvergence pessimism
                                 -0.260715   25.128572   library setup time
                                             25.128572   data required time
---------------------------------------------------------------------------------------------
                                             25.128572   data required time
                                             -7.872404   data arrival time
---------------------------------------------------------------------------------------------
                                             17.256166   slack (MET)


Startpoint: unlock_req (input port clocked by clk)
Endpoint: _442_ (rising edge-triggered flip-flop clocked by clk)
Path Group: clk
Path Type: max

Fanout         Cap        Slew       Delay        Time   Description
---------------------------------------------------------------------------------------------
                                  0.000000    0.000000   clock clk (rise edge)
                                  0.000000    0.000000   clock network delay (propagated)
                                  5.000000    5.000000 v input external delay
     1    0.002724    0.018171    0.008996    5.008996 v unlock_req (in)
                                                         unlock_req (net)
                      0.018171    0.000000    5.008996 v input14/A (sky130_fd_sc_hd__buf_1)
     2    0.009153    0.115927    0.191261    5.200258 v input14/X (sky130_fd_sc_hd__buf_1)
                                                         net14 (net)
                      0.115927    0.000258    5.200515 v _262_/A1 (sky130_fd_sc_hd__a2111o_1)
     1    0.002912    0.108028    0.719392    5.919907 v _262_/X (sky130_fd_sc_hd__a2111o_1)
                                                         _094_ (net)
                      0.108028    0.000085    5.919992 v _263_/A3 (sky130_fd_sc_hd__a31o_1)
     2    0.009212    0.118775    0.457468    6.377460 v _263_/X (sky130_fd_sc_hd__a31o_1)
                                                         _095_ (net)
                      0.118775    0.000334    6.377794 v _264_/B (sky130_fd_sc_hd__xor2_1)
     1    0.001760    0.087016    0.270139    6.647933 v _264_/X (sky130_fd_sc_hd__xor2_1)
                                                         _096_ (net)
                      0.087016    0.000050    6.647984 v _265_/D (sky130_fd_sc_hd__and4bb_1)
     1    0.003312    0.080300    0.415652    7.063635 v _265_/X (sky130_fd_sc_hd__and4bb_1)
                                                         _097_ (net)
                      0.080300    0.000110    7.063745 v fanout25/A (sky130_fd_sc_hd__dlymetal6s2s_1)
     7    0.024293    0.246291    0.433837    7.497582 v fanout25/X (sky130_fd_sc_hd__dlymetal6s2s_1)
                                                         net25 (net)
                      0.246291    0.000451    7.498034 v _284_/A (sky130_fd_sc_hd__and3_1)
     1    0.002609    0.068854    0.372038    7.870072 v _284_/X (sky130_fd_sc_hd__and3_1)
                                                         _006_ (net)
                      0.068854    0.000078    7.870150 v _442_/D (sky130_fd_sc_hd__dfxtp_1)
                                              7.870150   data arrival time

                                 25.000000   25.000000   clock clk (rise edge)
                                  0.000000   25.000000   clock source latency
     1    0.017755    0.134427    0.091131   25.091129 ^ clk (in)
                                                         clk (net)
                      0.134432    0.000000   25.091129 ^ clkbuf_0_clk/A (sky130_fd_sc_hd__clkbuf_16)
     4    0.040158    0.094951    0.279286   25.370417 ^ clkbuf_0_clk/X (sky130_fd_sc_hd__clkbuf_16)
                                                         clknet_0_clk (net)
                      0.094964    0.001151   25.371567 ^ clkbuf_2_1__f_clk/A (sky130_fd_sc_hd__clkbuf_16)
    12    0.045065    0.100585    0.267297   25.638865 ^ clkbuf_2_1__f_clk/X (sky130_fd_sc_hd__clkbuf_16)
                                                         clknet_2_1__leaf_clk (net)
                      0.100600    0.001137   25.640001 ^ _442_/CLK (sky130_fd_sc_hd__dfxtp_1)
                                 -0.250000   25.390001   clock uncertainty
                                  0.000000   25.390001   clock reconvergence pessimism
                                 -0.260261   25.129742   library setup time
                                             25.129742   data required time
---------------------------------------------------------------------------------------------
                                             25.129742   data required time
                                             -7.870150   data arrival time
---------------------------------------------------------------------------------------------
                                             17.259592   slack (MET)


Startpoint: unlock_req (input port clocked by clk)
Endpoint: _444_ (rising edge-triggered flip-flop clocked by clk)
Path Group: clk
Path Type: max

Fanout         Cap        Slew       Delay        Time   Description
---------------------------------------------------------------------------------------------
                                  0.000000    0.000000   clock clk (rise edge)
                                  0.000000    0.000000   clock network delay (propagated)
                                  5.000000    5.000000 v input external delay
     1    0.002724    0.018171    0.008996    5.008996 v unlock_req (in)
                                                         unlock_req (net)
                      0.018171    0.000000    5.008996 v input14/A (sky130_fd_sc_hd__buf_1)
     2    0.009153    0.115927    0.191261    5.200258 v input14/X (sky130_fd_sc_hd__buf_1)
                                                         net14 (net)
                      0.115927    0.000258    5.200515 v _262_/A1 (sky130_fd_sc_hd__a2111o_1)
     1    0.002912    0.108028    0.719392    5.919907 v _262_/X (sky130_fd_sc_hd__a2111o_1)
                                                         _094_ (net)
                      0.108028    0.000085    5.919992 v _263_/A3 (sky130_fd_sc_hd__a31o_1)
     2    0.009212    0.118775    0.457468    6.377460 v _263_/X (sky130_fd_sc_hd__a31o_1)
                                                         _095_ (net)
                      0.118775    0.000334    6.377794 v _264_/B (sky130_fd_sc_hd__xor2_1)
     1    0.001760    0.087016    0.270139    6.647933 v _264_/X (sky130_fd_sc_hd__xor2_1)
                                                         _096_ (net)
                      0.087016    0.000050    6.647984 v _265_/D (sky130_fd_sc_hd__and4bb_1)
     1    0.003312    0.080300    0.415652    7.063635 v _265_/X (sky130_fd_sc_hd__and4bb_1)
                                                         _097_ (net)
                      0.080300    0.000110    7.063745 v fanout25/A (sky130_fd_sc_hd__dlymetal6s2s_1)
     7    0.024293    0.246291    0.433837    7.497582 v fanout25/X (sky130_fd_sc_hd__dlymetal6s2s_1)
                                                         net25 (net)
                      0.246291    0.000746    7.498328 v _289_/A (sky130_fd_sc_hd__and3_1)
     1    0.001988    0.063687    0.365008    7.863336 v _289_/X (sky130_fd_sc_hd__and3_1)
                                                         _008_ (net)
                      0.063687    0.000040    7.863376 v _444_/D (sky130_fd_sc_hd__dfxtp_1)
                                              7.863376   data arrival time

                                 25.000000   25.000000   clock clk (rise edge)
                                  0.000000   25.000000   clock source latency
     1    0.017755    0.134427    0.091131   25.091129 ^ clk (in)
                                                         clk (net)
                      0.134432    0.000000   25.091129 ^ clkbuf_0_clk/A (sky130_fd_sc_hd__clkbuf_16)
     4    0.040158    0.094951    0.279286   25.370417 ^ clkbuf_0_clk/X (sky130_fd_sc_hd__clkbuf_16)
                                                         clknet_0_clk (net)
                      0.094964    0.001151   25.371567 ^ clkbuf_2_1__f_clk/A (sky130_fd_sc_hd__clkbuf_16)
    12    0.045065    0.100585    0.267297   25.638865 ^ clkbuf_2_1__f_clk/X (sky130_fd_sc_hd__clkbuf_16)
                                                         clknet_2_1__leaf_clk (net)
                      0.100604    0.001235   25.640099 ^ _444_/CLK (sky130_fd_sc_hd__dfxtp_1)
                                 -0.250000   25.390100   clock uncertainty
                                  0.000000   25.390100   clock reconvergence pessimism
                                 -0.258113   25.131987   library setup time
                                             25.131987   data required time
---------------------------------------------------------------------------------------------
                                             25.131987   data required time
                                             -7.863376   data arrival time
---------------------------------------------------------------------------------------------
                                             17.268610   slack (MET)


Startpoint: unlock_req (input port clocked by clk)
Endpoint: _445_ (rising edge-triggered flip-flop clocked by clk)
Path Group: clk
Path Type: max

Fanout         Cap        Slew       Delay        Time   Description
---------------------------------------------------------------------------------------------
                                  0.000000    0.000000   clock clk (rise edge)
                                  0.000000    0.000000   clock network delay (propagated)
                                  5.000000    5.000000 v input external delay
     1    0.002724    0.018171    0.008996    5.008996 v unlock_req (in)
                                                         unlock_req (net)
                      0.018171    0.000000    5.008996 v input14/A (sky130_fd_sc_hd__buf_1)
     2    0.009153    0.115927    0.191261    5.200258 v input14/X (sky130_fd_sc_hd__buf_1)
                                                         net14 (net)
                      0.115927    0.000258    5.200515 v _262_/A1 (sky130_fd_sc_hd__a2111o_1)
     1    0.002912    0.108028    0.719392    5.919907 v _262_/X (sky130_fd_sc_hd__a2111o_1)
                                                         _094_ (net)
                      0.108028    0.000085    5.919992 v _263_/A3 (sky130_fd_sc_hd__a31o_1)
     2    0.009212    0.118775    0.457468    6.377460 v _263_/X (sky130_fd_sc_hd__a31o_1)
                                                         _095_ (net)
                      0.118775    0.000334    6.377794 v _264_/B (sky130_fd_sc_hd__xor2_1)
     1    0.001760    0.087016    0.270139    6.647933 v _264_/X (sky130_fd_sc_hd__xor2_1)
                                                         _096_ (net)
                      0.087016    0.000050    6.647984 v _265_/D (sky130_fd_sc_hd__and4bb_1)
     1    0.003312    0.080300    0.415652    7.063635 v _265_/X (sky130_fd_sc_hd__and4bb_1)
                                                         _097_ (net)
                      0.080300    0.000110    7.063745 v fanout25/A (sky130_fd_sc_hd__dlymetal6s2s_1)
     7    0.024293    0.246291    0.433837    7.497582 v fanout25/X (sky130_fd_sc_hd__dlymetal6s2s_1)
                                                         net25 (net)
                      0.246291    0.001001    7.498583 v _292_/A (sky130_fd_sc_hd__and3_1)
     1    0.001892    0.063109    0.363926    7.862509 v _292_/X (sky130_fd_sc_hd__and3_1)
                                                         _009_ (net)
                      0.063109    0.000036    7.862545 v _445_/D (sky130_fd_sc_hd__dfxtp_1)
                                              7.862545   data arrival time

                                 25.000000   25.000000   clock clk (rise edge)
                                  0.000000   25.000000   clock source latency
     1    0.017755    0.134427    0.091131   25.091129 ^ clk (in)
                                                         clk (net)
                      0.134432    0.000000   25.091129 ^ clkbuf_0_clk/A (sky130_fd_sc_hd__clkbuf_16)
     4    0.040158    0.094951    0.279286   25.370417 ^ clkbuf_0_clk/X (sky130_fd_sc_hd__clkbuf_16)
                                                         clknet_0_clk (net)
                      0.094964    0.001151   25.371567 ^ clkbuf_2_1__f_clk/A (sky130_fd_sc_hd__clkbuf_16)
    12    0.045065    0.100585    0.267297   25.638865 ^ clkbuf_2_1__f_clk/X (sky130_fd_sc_hd__clkbuf_16)
                                                         clknet_2_1__leaf_clk (net)
                      0.100602    0.001180   25.640043 ^ _445_/CLK (sky130_fd_sc_hd__dfxtp_1)
                                 -0.250000   25.390045   clock uncertainty
                                  0.000000   25.390045   clock reconvergence pessimism
                                 -0.257873   25.132172   library setup time
                                             25.132172   data required time
---------------------------------------------------------------------------------------------
                                             25.132172   data required time
                                             -7.862545   data arrival time
---------------------------------------------------------------------------------------------
                                             17.269625   slack (MET)


Startpoint: unlock_req (input port clocked by clk)
Endpoint: _443_ (rising edge-triggered flip-flop clocked by clk)
Path Group: clk
Path Type: max

Fanout         Cap        Slew       Delay        Time   Description
---------------------------------------------------------------------------------------------
                                  0.000000    0.000000   clock clk (rise edge)
                                  0.000000    0.000000   clock network delay (propagated)
                                  5.000000    5.000000 v input external delay
     1    0.002724    0.018171    0.008996    5.008996 v unlock_req (in)
                                                         unlock_req (net)
                      0.018171    0.000000    5.008996 v input14/A (sky130_fd_sc_hd__buf_1)
     2    0.009153    0.115927    0.191261    5.200258 v input14/X (sky130_fd_sc_hd__buf_1)
                                                         net14 (net)
                      0.115927    0.000258    5.200515 v _262_/A1 (sky130_fd_sc_hd__a2111o_1)
     1    0.002912    0.108028    0.719392    5.919907 v _262_/X (sky130_fd_sc_hd__a2111o_1)
                                                         _094_ (net)
                      0.108028    0.000085    5.919992 v _263_/A3 (sky130_fd_sc_hd__a31o_1)
     2    0.009212    0.118775    0.457468    6.377460 v _263_/X (sky130_fd_sc_hd__a31o_1)
                                                         _095_ (net)
                      0.118775    0.000334    6.377794 v _264_/B (sky130_fd_sc_hd__xor2_1)
     1    0.001760    0.087016    0.270139    6.647933 v _264_/X (sky130_fd_sc_hd__xor2_1)
                                                         _096_ (net)
                      0.087016    0.000050    6.647984 v _265_/D (sky130_fd_sc_hd__and4bb_1)
     1    0.003312    0.080300    0.415652    7.063635 v _265_/X (sky130_fd_sc_hd__and4bb_1)
                                                         _097_ (net)
                      0.080300    0.000110    7.063745 v fanout25/A (sky130_fd_sc_hd__dlymetal6s2s_1)
     7    0.024293    0.246291    0.433837    7.497582 v fanout25/X (sky130_fd_sc_hd__dlymetal6s2s_1)
                                                         net25 (net)
                      0.246291    0.000368    7.497950 v _286_/A (sky130_fd_sc_hd__and2_1)
     1    0.002074    0.062370    0.351617    7.849567 v _286_/X (sky130_fd_sc_hd__and2_1)
                                                         _007_ (net)
                      0.062370    0.000059    7.849626 v _443_/D (sky130_fd_sc_hd__dfxtp_1)
                                              7.849626   data arrival time

                                 25.000000   25.000000   clock clk (rise edge)
                                  0.000000   25.000000   clock source latency
     1    0.017755    0.134427    0.091131   25.091129 ^ clk (in)
                                                         clk (net)
                      0.134432    0.000000   25.091129 ^ clkbuf_0_clk/A (sky130_fd_sc_hd__clkbuf_16)
     4    0.040158    0.094951    0.279286   25.370417 ^ clkbuf_0_clk/X (sky130_fd_sc_hd__clkbuf_16)
                                                         clknet_0_clk (net)
                      0.094964    0.001151   25.371567 ^ clkbuf_2_1__f_clk/A (sky130_fd_sc_hd__clkbuf_16)
    12    0.045065    0.100585    0.267297   25.638865 ^ clkbuf_2_1__f_clk/X (sky130_fd_sc_hd__clkbuf_16)
                                                         clknet_2_1__leaf_clk (net)
                      0.100600    0.001123   25.639986 ^ _443_/CLK (sky130_fd_sc_hd__dfxtp_1)
                                 -0.250000   25.389988   clock uncertainty
                                  0.000000   25.389988   clock reconvergence pessimism
                                 -0.257567   25.132420   library setup time
                                             25.132420   data required time
---------------------------------------------------------------------------------------------
                                             25.132420   data required time
                                             -7.849626   data arrival time
---------------------------------------------------------------------------------------------
                                             17.282795   slack (MET)


Startpoint: reset (input port clocked by clk)
Endpoint: _474_ (rising edge-triggered flip-flop clocked by clk)
Path Group: clk
Path Type: max

Fanout         Cap        Slew       Delay        Time   Description
---------------------------------------------------------------------------------------------
                                  0.000000    0.000000   clock clk (rise edge)
                                  0.000000    0.000000   clock network delay (propagated)
                                  5.000000    5.000000 v input external delay
     1    0.002765    0.018324    0.009122    5.009122 v reset (in)
                                                         reset (net)
                      0.018324    0.000000    5.009122 v input11/A (sky130_fd_sc_hd__clkbuf_2)
     5    0.025039    0.180832    0.267461    5.276583 v input11/X (sky130_fd_sc_hd__clkbuf_2)
                                                         net11 (net)
                      0.180851    0.001937    5.278521 v _329_/B1 (sky130_fd_sc_hd__a2111o_1)
     1    0.003353    0.112644    0.779409    6.057930 v _329_/X (sky130_fd_sc_hd__a2111o_1)
                                                         _137_ (net)
                      0.112644    0.000077    6.058007 v _330_/C1 (sky130_fd_sc_hd__a211o_1)
     2    0.008996    0.139994    0.508634    6.566641 v _330_/X (sky130_fd_sc_hd__a211o_1)
                                                         _138_ (net)
                      0.139994    0.000327    6.566968 v fanout27/A (sky130_fd_sc_hd__clkbuf_2)
     6    0.024135    0.174744    0.320422    6.887390 v fanout27/X (sky130_fd_sc_hd__clkbuf_2)
                                                         net27 (net)
                      0.174744    0.000596    6.887986 v _379_/B1 (sky130_fd_sc_hd__a41o_1)
     1    0.002308    0.063924    0.387738    7.275723 v _379_/X (sky130_fd_sc_hd__a41o_1)
                                                         _173_ (net)
                      0.063924    0.000070    7.275793 v _380_/B1_N (sky130_fd_sc_hd__o21ba_1)
     1    0.002008    0.064024    0.403064    7.678857 ^ _380_/X (sky130_fd_sc_hd__o21ba_1)
                                                         _038_ (net)
                      0.064024    0.000056    7.678913 ^ _474_/D (sky130_fd_sc_hd__dfxtp_1)
                                              7.678913   data arrival time

                                 25.000000   25.000000   clock clk (rise edge)
                                  0.000000   25.000000   clock source latency
     1    0.017755    0.134427    0.091131   25.091129 ^ clk (in)
                                                         clk (net)
                      0.134432    0.000000   25.091129 ^ clkbuf_0_clk/A (sky130_fd_sc_hd__clkbuf_16)
     4    0.040158    0.094951    0.279286   25.370417 ^ clkbuf_0_clk/X (sky130_fd_sc_hd__clkbuf_16)
                                                         clknet_0_clk (net)
                      0.094964    0.001149   25.371565 ^ clkbuf_2_2__f_clk/A (sky130_fd_sc_hd__clkbuf_16)
    13    0.045717    0.101409    0.267871   25.639437 ^ clkbuf_2_2__f_clk/X (sky130_fd_sc_hd__clkbuf_16)
                                                         clknet_2_2__leaf_clk (net)
                      0.101440    0.001567   25.641003 ^ _474_/CLK (sky130_fd_sc_hd__dfxtp_1)
                                 -0.250000   25.391005   clock uncertainty
                                  0.000000   25.391005   clock reconvergence pessimism
                                 -0.121502   25.269501   library setup time
                                             25.269501   data required time
---------------------------------------------------------------------------------------------
                                             25.269501   data required time
                                             -7.678913   data arrival time
---------------------------------------------------------------------------------------------
                                             17.590588   slack (MET)


Startpoint: reset (input port clocked by clk)
Endpoint: _479_ (rising edge-triggered flip-flop clocked by clk)
Path Group: clk
Path Type: max

Fanout         Cap        Slew       Delay        Time   Description
---------------------------------------------------------------------------------------------
                                  0.000000    0.000000   clock clk (rise edge)
                                  0.000000    0.000000   clock network delay (propagated)
                                  5.000000    5.000000 ^ input external delay
     1    0.002950    0.033244    0.016581    5.016581 ^ reset (in)
                                                         reset (net)
                      0.033244    0.000000    5.016581 ^ input11/A (sky130_fd_sc_hd__clkbuf_2)
     5    0.026071    0.228541    0.289230    5.305810 ^ input11/X (sky130_fd_sc_hd__clkbuf_2)
                                                         net11 (net)
                      0.228619    0.000603    5.306413 ^ fanout29/A (sky130_fd_sc_hd__buf_2)
    10    0.042197    0.331751    0.458254    5.764667 ^ fanout29/X (sky130_fd_sc_hd__buf_2)
                                                         net29 (net)
                      0.331781    0.003321    5.767988 ^ _224_/A (sky130_fd_sc_hd__inv_2)
     9    0.035268    0.178456    0.269566    6.037554 v _224_/Y (sky130_fd_sc_hd__inv_2)
                                                         _060_ (net)
                      0.178462    0.001278    6.038832 v _422_/B1 (sky130_fd_sc_hd__o31a_1)
     1    0.001830    0.077001    0.224169    6.263001 v _422_/X (sky130_fd_sc_hd__o31a_1)
                                                         _043_ (net)
                      0.077001    0.000052    6.263053 v hold3/A (sky130_fd_sc_hd__dlygate4sd3_1)
     1    0.002226    0.101011    1.116677    7.379730 v hold3/X (sky130_fd_sc_hd__dlygate4sd3_1)
                                                         net32 (net)
                      0.101011    0.000063    7.379793 v _479_/D (sky130_fd_sc_hd__dfxtp_1)
                                              7.379793   data arrival time

                                 25.000000   25.000000   clock clk (rise edge)
                                  0.000000   25.000000   clock source latency
     1    0.017755    0.134427    0.091131   25.091129 ^ clk (in)
                                                         clk (net)
                      0.134432    0.000000   25.091129 ^ clkbuf_0_clk/A (sky130_fd_sc_hd__clkbuf_16)
     4    0.040158    0.094951    0.279286   25.370417 ^ clkbuf_0_clk/X (sky130_fd_sc_hd__clkbuf_16)
                                                         clknet_0_clk (net)
                      0.094961    0.001043   25.371458 ^ clkbuf_2_3__f_clk/A (sky130_fd_sc_hd__clkbuf_16)
    14    0.046175    0.102047    0.268466   25.639925 ^ clkbuf_2_3__f_clk/X (sky130_fd_sc_hd__clkbuf_16)
                                                         clknet_2_3__leaf_clk (net)
                      0.102054    0.000870   25.640795 ^ _479_/CLK (sky130_fd_sc_hd__dfxtp_1)
                                 -0.250000   25.390797   clock uncertainty
                                  0.000000   25.390797   clock reconvergence pessimism
                                 -0.273229   25.117567   library setup time
                                             25.117567   data required time
---------------------------------------------------------------------------------------------
                                             25.117567   data required time
                                             -7.379793   data arrival time
---------------------------------------------------------------------------------------------
                                             17.737774   slack (MET)


Startpoint: reset (input port clocked by clk)
Endpoint: _476_ (rising edge-triggered flip-flop clocked by clk)
Path Group: clk
Path Type: max

Fanout         Cap        Slew       Delay        Time   Description
---------------------------------------------------------------------------------------------
                                  0.000000    0.000000   clock clk (rise edge)
                                  0.000000    0.000000   clock network delay (propagated)
                                  5.000000    5.000000 ^ input external delay
     1    0.002950    0.033244    0.016581    5.016581 ^ reset (in)
                                                         reset (net)
                      0.033244    0.000000    5.016581 ^ input11/A (sky130_fd_sc_hd__clkbuf_2)
     5    0.026071    0.228541    0.289230    5.305810 ^ input11/X (sky130_fd_sc_hd__clkbuf_2)
                                                         net11 (net)
                      0.228619    0.000603    5.306413 ^ fanout29/A (sky130_fd_sc_hd__buf_2)
    10    0.042197    0.331751    0.458254    5.764667 ^ fanout29/X (sky130_fd_sc_hd__buf_2)
                                                         net29 (net)
                      0.331781    0.003321    5.767988 ^ _224_/A (sky130_fd_sc_hd__inv_2)
     9    0.035268    0.178456    0.269566    6.037554 v _224_/Y (sky130_fd_sc_hd__inv_2)
                                                         _060_ (net)
                      0.178479    0.002033    6.039587 v _393_/A1 (sky130_fd_sc_hd__a41o_1)
     4    0.010866    0.135613    0.441799    6.481385 v _393_/X (sky130_fd_sc_hd__a41o_1)
                                                         _185_ (net)
                      0.135613    0.000150    6.481535 v _399_/A1 (sky130_fd_sc_hd__o21a_1)
     1    0.004984    0.084691    0.383304    6.864840 v _399_/X (sky130_fd_sc_hd__o21a_1)
                                                         _191_ (net)
                      0.084691    0.000191    6.865030 v _409_/A1 (sky130_fd_sc_hd__o21a_1)
     1    0.002781    0.064880    0.339345    7.204375 v _409_/X (sky130_fd_sc_hd__o21a_1)
                                                         _040_ (net)
                      0.064880    0.000087    7.204462 v _476_/D (sky130_fd_sc_hd__dfxtp_1)
                                              7.204462   data arrival time

                                 25.000000   25.000000   clock clk (rise edge)
                                  0.000000   25.000000   clock source latency
     1    0.017755    0.134427    0.091131   25.091129 ^ clk (in)
                                                         clk (net)
                      0.134432    0.000000   25.091129 ^ clkbuf_0_clk/A (sky130_fd_sc_hd__clkbuf_16)
     4    0.040158    0.094951    0.279286   25.370417 ^ clkbuf_0_clk/X (sky130_fd_sc_hd__clkbuf_16)
                                                         clknet_0_clk (net)
                      0.094961    0.001043   25.371458 ^ clkbuf_2_3__f_clk/A (sky130_fd_sc_hd__clkbuf_16)
    14    0.046175    0.102047    0.268466   25.639925 ^ clkbuf_2_3__f_clk/X (sky130_fd_sc_hd__clkbuf_16)
                                                         clknet_2_3__leaf_clk (net)
                      0.102054    0.000860   25.640785 ^ _476_/CLK (sky130_fd_sc_hd__dfxtp_1)
                                 -0.250000   25.390785   clock uncertainty
                                  0.000000   25.390785   clock reconvergence pessimism
                                 -0.258218   25.132566   library setup time
                                             25.132566   data required time
---------------------------------------------------------------------------------------------
                                             25.132566   data required time
                                             -7.204462   data arrival time
---------------------------------------------------------------------------------------------
                                             17.928106   slack (MET)


Startpoint: file_denied (input port clocked by clk)
Endpoint: _484_ (rising edge-triggered flip-flop clocked by clk)
Path Group: clk
Path Type: max

Fanout         Cap        Slew       Delay        Time   Description
---------------------------------------------------------------------------------------------
                                  0.000000    0.000000   clock clk (rise edge)
                                  0.000000    0.000000   clock network delay (propagated)
                                  5.000000    5.000000 v input external delay
     1    0.002849    0.018645    0.009391    5.009391 v file_denied (in)
                                                         file_denied (net)
                      0.018645    0.000000    5.009391 v input3/A (sky130_fd_sc_hd__buf_1)
     4    0.013269    0.158915    0.224780    5.234170 v input3/X (sky130_fd_sc_hd__buf_1)
                                                         net3 (net)
                      0.158915    0.000413    5.234584 v _259_/A (sky130_fd_sc_hd__or4_1)
     1    0.004918    0.207108    1.282211    6.516795 v _259_/X (sky130_fd_sc_hd__or4_1)
                                                         _091_ (net)
                      0.207108    0.000171    6.516965 v _427_/B1 (sky130_fd_sc_hd__o221a_1)
     1    0.003944    0.104698    0.496514    7.013479 v _427_/X (sky130_fd_sc_hd__o221a_1)
                                                         _211_ (net)
                      0.104698    0.000131    7.013610 v _428_/C (sky130_fd_sc_hd__nor3_1)
     1    0.002092    0.228877    0.210878    7.224488 ^ _428_/Y (sky130_fd_sc_hd__nor3_1)
                                                         _048_ (net)
                      0.228877    0.000044    7.224533 ^ _484_/D (sky130_fd_sc_hd__dfxtp_1)
                                              7.224533   data arrival time

                                 25.000000   25.000000   clock clk (rise edge)
                                  0.000000   25.000000   clock source latency
     1    0.017755    0.134427    0.091131   25.091129 ^ clk (in)
                                                         clk (net)
                      0.134432    0.000000   25.091129 ^ clkbuf_0_clk/A (sky130_fd_sc_hd__clkbuf_16)
     4    0.040158    0.094951    0.279286   25.370417 ^ clkbuf_0_clk/X (sky130_fd_sc_hd__clkbuf_16)
                                                         clknet_0_clk (net)
                      0.094964    0.001151   25.371567 ^ clkbuf_2_1__f_clk/A (sky130_fd_sc_hd__clkbuf_16)
    12    0.045065    0.100585    0.267297   25.638865 ^ clkbuf_2_1__f_clk/X (sky130_fd_sc_hd__clkbuf_16)
                                                         clknet_2_1__leaf_clk (net)
                      0.100591    0.000844   25.639708 ^ _484_/CLK (sky130_fd_sc_hd__dfxtp_1)
                                 -0.250000   25.389709   clock uncertainty
                                  0.000000   25.389709   clock reconvergence pessimism
                                 -0.164477   25.225231   library setup time
                                             25.225231   data required time
---------------------------------------------------------------------------------------------
                                             25.225231   data required time
                                             -7.224533   data arrival time
---------------------------------------------------------------------------------------------
                                             18.000698   slack (MET)


Startpoint: reset (input port clocked by clk)
Endpoint: _464_ (rising edge-triggered flip-flop clocked by clk)
Path Group: clk
Path Type: max

Fanout         Cap        Slew       Delay        Time   Description
---------------------------------------------------------------------------------------------
                                  0.000000    0.000000   clock clk (rise edge)
                                  0.000000    0.000000   clock network delay (propagated)
                                  5.000000    5.000000 v input external delay
     1    0.002765    0.018324    0.009122    5.009122 v reset (in)
                                                         reset (net)
                      0.018324    0.000000    5.009122 v input11/A (sky130_fd_sc_hd__clkbuf_2)
     5    0.025039    0.180832    0.267461    5.276583 v input11/X (sky130_fd_sc_hd__clkbuf_2)
                                                         net11 (net)
                      0.180851    0.001937    5.278521 v _329_/B1 (sky130_fd_sc_hd__a2111o_1)
     1    0.003353    0.112644    0.779409    6.057930 v _329_/X (sky130_fd_sc_hd__a2111o_1)
                                                         _137_ (net)
                      0.112644    0.000077    6.058007 v _330_/C1 (sky130_fd_sc_hd__a211o_1)
     2    0.008996    0.139994    0.508634    6.566641 v _330_/X (sky130_fd_sc_hd__a211o_1)
                                                         _138_ (net)
                      0.139994    0.000365    6.567006 v fanout26/A (sky130_fd_sc_hd__buf_2)
    10    0.040154    0.189633    0.396153    6.963159 v fanout26/X (sky130_fd_sc_hd__buf_2)
                                                         net26 (net)
                      0.189659    0.002232    6.965392 v _353_/B1 (sky130_fd_sc_hd__a21oi_1)
     1    0.002445    0.158542    0.222078    7.187470 ^ _353_/Y (sky130_fd_sc_hd__a21oi_1)
                                                         _028_ (net)
                      0.158542    0.000071    7.187541 ^ _464_/D (sky130_fd_sc_hd__dfxtp_1)
                                              7.187541   data arrival time

                                 25.000000   25.000000   clock clk (rise edge)
                                  0.000000   25.000000   clock source latency
     1    0.017755    0.134427    0.091131   25.091129 ^ clk (in)
                                                         clk (net)
                      0.134432    0.000000   25.091129 ^ clkbuf_0_clk/A (sky130_fd_sc_hd__clkbuf_16)
     4    0.040158    0.094951    0.279286   25.370417 ^ clkbuf_0_clk/X (sky130_fd_sc_hd__clkbuf_16)
                                                         clknet_0_clk (net)
                      0.094967    0.001236   25.371653 ^ clkbuf_2_0__f_clk/A (sky130_fd_sc_hd__clkbuf_16)
    16    0.045190    0.100642    0.267143   25.638796 ^ clkbuf_2_0__f_clk/X (sky130_fd_sc_hd__clkbuf_16)
                                                         clknet_2_0__leaf_clk (net)
                      0.100642    0.000590   25.639385 ^ _464_/CLK (sky130_fd_sc_hd__dfxtp_1)
                                 -0.250000   25.389385   clock uncertainty
                                  0.000000   25.389385   clock reconvergence pessimism
                                 -0.146195   25.243191   library setup time
                                             25.243191   data required time
---------------------------------------------------------------------------------------------
                                             25.243191   data required time
                                             -7.187541   data arrival time
---------------------------------------------------------------------------------------------
                                             18.055651   slack (MET)


Startpoint: reset (input port clocked by clk)
Endpoint: _470_ (rising edge-triggered flip-flop clocked by clk)
Path Group: clk
Path Type: max

Fanout         Cap        Slew       Delay        Time   Description
---------------------------------------------------------------------------------------------
                                  0.000000    0.000000   clock clk (rise edge)
                                  0.000000    0.000000   clock network delay (propagated)
                                  5.000000    5.000000 v input external delay
     1    0.002765    0.018324    0.009122    5.009122 v reset (in)
                                                         reset (net)
                      0.018324    0.000000    5.009122 v input11/A (sky130_fd_sc_hd__clkbuf_2)
     5    0.025039    0.180832    0.267461    5.276583 v input11/X (sky130_fd_sc_hd__clkbuf_2)
                                                         net11 (net)
                      0.180851    0.001937    5.278521 v _329_/B1 (sky130_fd_sc_hd__a2111o_1)
     1    0.003353    0.112644    0.779409    6.057930 v _329_/X (sky130_fd_sc_hd__a2111o_1)
                                                         _137_ (net)
                      0.112644    0.000077    6.058007 v _330_/C1 (sky130_fd_sc_hd__a211o_1)
     2    0.008996    0.139994    0.508634    6.566641 v _330_/X (sky130_fd_sc_hd__a211o_1)
                                                         _138_ (net)
                      0.139994    0.000365    6.567006 v fanout26/A (sky130_fd_sc_hd__buf_2)
    10    0.040154    0.189633    0.396153    6.963159 v fanout26/X (sky130_fd_sc_hd__buf_2)
                                                         net26 (net)
                      0.189641    0.001435    6.964594 v _370_/B1 (sky130_fd_sc_hd__a21oi_1)
     1    0.002397    0.157205    0.220929    7.185523 ^ _370_/Y (sky130_fd_sc_hd__a21oi_1)
                                                         _034_ (net)
                      0.157205    0.000067    7.185590 ^ _470_/D (sky130_fd_sc_hd__dfxtp_1)
                                              7.185590   data arrival time

                                 25.000000   25.000000   clock clk (rise edge)
                                  0.000000   25.000000   clock source latency
     1    0.017755    0.134427    0.091131   25.091129 ^ clk (in)
                                                         clk (net)
                      0.134432    0.000000   25.091129 ^ clkbuf_0_clk/A (sky130_fd_sc_hd__clkbuf_16)
     4    0.040158    0.094951    0.279286   25.370417 ^ clkbuf_0_clk/X (sky130_fd_sc_hd__clkbuf_16)
                                                         clknet_0_clk (net)
                      0.094964    0.001149   25.371565 ^ clkbuf_2_2__f_clk/A (sky130_fd_sc_hd__clkbuf_16)
    13    0.045717    0.101409    0.267871   25.639437 ^ clkbuf_2_2__f_clk/X (sky130_fd_sc_hd__clkbuf_16)
                                                         clknet_2_2__leaf_clk (net)
                      0.101410    0.000732   25.640167 ^ _470_/CLK (sky130_fd_sc_hd__dfxtp_1)
                                 -0.250000   25.390169   clock uncertainty
                                  0.000000   25.390169   clock reconvergence pessimism
                                 -0.145716   25.244453   library setup time
                                             25.244453   data required time
---------------------------------------------------------------------------------------------
                                             25.244453   data required time
                                             -7.185590   data arrival time
---------------------------------------------------------------------------------------------
                                             18.058863   slack (MET)


Startpoint: reset (input port clocked by clk)
Endpoint: _468_ (rising edge-triggered flip-flop clocked by clk)
Path Group: clk
Path Type: max

Fanout         Cap        Slew       Delay        Time   Description
---------------------------------------------------------------------------------------------
                                  0.000000    0.000000   clock clk (rise edge)
                                  0.000000    0.000000   clock network delay (propagated)
                                  5.000000    5.000000 v input external delay
     1    0.002765    0.018324    0.009122    5.009122 v reset (in)
                                                         reset (net)
                      0.018324    0.000000    5.009122 v input11/A (sky130_fd_sc_hd__clkbuf_2)
     5    0.025039    0.180832    0.267461    5.276583 v input11/X (sky130_fd_sc_hd__clkbuf_2)
                                                         net11 (net)
                      0.180851    0.001937    5.278521 v _329_/B1 (sky130_fd_sc_hd__a2111o_1)
     1    0.003353    0.112644    0.779409    6.057930 v _329_/X (sky130_fd_sc_hd__a2111o_1)
                                                         _137_ (net)
                      0.112644    0.000077    6.058007 v _330_/C1 (sky130_fd_sc_hd__a211o_1)
     2    0.008996    0.139994    0.508634    6.566641 v _330_/X (sky130_fd_sc_hd__a211o_1)
                                                         _138_ (net)
                      0.139994    0.000365    6.567006 v fanout26/A (sky130_fd_sc_hd__buf_2)
    10    0.040154    0.189633    0.396153    6.963159 v fanout26/X (sky130_fd_sc_hd__buf_2)
                                                         net26 (net)
                      0.189660    0.002279    6.965438 v _364_/B1 (sky130_fd_sc_hd__a21oi_1)
     1    0.002392    0.157058    0.220810    7.186248 ^ _364_/Y (sky130_fd_sc_hd__a21oi_1)
                                                         _032_ (net)
                      0.157058    0.000069    7.186317 ^ _468_/D (sky130_fd_sc_hd__dfxtp_1)
                                              7.186317   data arrival time

                                 25.000000   25.000000   clock clk (rise edge)
                                  0.000000   25.000000   clock source latency
     1    0.017755    0.134427    0.091131   25.091129 ^ clk (in)
                                                         clk (net)
                      0.134432    0.000000   25.091129 ^ clkbuf_0_clk/A (sky130_fd_sc_hd__clkbuf_16)
     4    0.040158    0.094951    0.279286   25.370417 ^ clkbuf_0_clk/X (sky130_fd_sc_hd__clkbuf_16)
                                                         clknet_0_clk (net)
                      0.094967    0.001236   25.371653 ^ clkbuf_2_0__f_clk/A (sky130_fd_sc_hd__clkbuf_16)
    16    0.045190    0.100642    0.267143   25.638796 ^ clkbuf_2_0__f_clk/X (sky130_fd_sc_hd__clkbuf_16)
                                                         clknet_2_0__leaf_clk (net)
                      0.100740    0.002549   25.641344 ^ _468_/CLK (sky130_fd_sc_hd__dfxtp_1)
                                 -0.250000   25.391344   clock uncertainty
                                  0.000000   25.391344   clock reconvergence pessimism
                                 -0.145792   25.245552   library setup time
                                             25.245552   data required time
---------------------------------------------------------------------------------------------
                                             25.245552   data required time
                                             -7.186317   data arrival time
---------------------------------------------------------------------------------------------
                                             18.059235   slack (MET)


Startpoint: reset (input port clocked by clk)
Endpoint: _465_ (rising edge-triggered flip-flop clocked by clk)
Path Group: clk
Path Type: max

Fanout         Cap        Slew       Delay        Time   Description
---------------------------------------------------------------------------------------------
                                  0.000000    0.000000   clock clk (rise edge)
                                  0.000000    0.000000   clock network delay (propagated)
                                  5.000000    5.000000 v input external delay
     1    0.002765    0.018324    0.009122    5.009122 v reset (in)
                                                         reset (net)
                      0.018324    0.000000    5.009122 v input11/A (sky130_fd_sc_hd__clkbuf_2)
     5    0.025039    0.180832    0.267461    5.276583 v input11/X (sky130_fd_sc_hd__clkbuf_2)
                                                         net11 (net)
                      0.180851    0.001937    5.278521 v _329_/B1 (sky130_fd_sc_hd__a2111o_1)
     1    0.003353    0.112644    0.779409    6.057930 v _329_/X (sky130_fd_sc_hd__a2111o_1)
                                                         _137_ (net)
                      0.112644    0.000077    6.058007 v _330_/C1 (sky130_fd_sc_hd__a211o_1)
     2    0.008996    0.139994    0.508634    6.566641 v _330_/X (sky130_fd_sc_hd__a211o_1)
                                                         _138_ (net)
                      0.139994    0.000365    6.567006 v fanout26/A (sky130_fd_sc_hd__buf_2)
    10    0.040154    0.189633    0.396153    6.963159 v fanout26/X (sky130_fd_sc_hd__buf_2)
                                                         net26 (net)
                      0.189652    0.001995    6.965155 v _356_/B1 (sky130_fd_sc_hd__a21oi_1)
     1    0.002203    0.151836    0.216324    7.181479 ^ _356_/Y (sky130_fd_sc_hd__a21oi_1)
                                                         _029_ (net)
                      0.151836    0.000046    7.181524 ^ _465_/D (sky130_fd_sc_hd__dfxtp_1)
                                              7.181524   data arrival time

                                 25.000000   25.000000   clock clk (rise edge)
                                  0.000000   25.000000   clock source latency
     1    0.017755    0.134427    0.091131   25.091129 ^ clk (in)
                                                         clk (net)
                      0.134432    0.000000   25.091129 ^ clkbuf_0_clk/A (sky130_fd_sc_hd__clkbuf_16)
     4    0.040158    0.094951    0.279286   25.370417 ^ clkbuf_0_clk/X (sky130_fd_sc_hd__clkbuf_16)
                                                         clknet_0_clk (net)
                      0.094964    0.001149   25.371565 ^ clkbuf_2_2__f_clk/A (sky130_fd_sc_hd__clkbuf_16)
    13    0.045717    0.101409    0.267871   25.639437 ^ clkbuf_2_2__f_clk/X (sky130_fd_sc_hd__clkbuf_16)
                                                         clknet_2_2__leaf_clk (net)
                      0.101411    0.000789   25.640224 ^ _465_/CLK (sky130_fd_sc_hd__dfxtp_1)
                                 -0.250000   25.390226   clock uncertainty
                                  0.000000   25.390226   clock reconvergence pessimism
                                 -0.144321   25.245903   library setup time
                                             25.245903   data required time
---------------------------------------------------------------------------------------------
                                             25.245903   data required time
                                             -7.181524   data arrival time
---------------------------------------------------------------------------------------------
                                             18.064379   slack (MET)


Startpoint: reset (input port clocked by clk)
Endpoint: _471_ (rising edge-triggered flip-flop clocked by clk)
Path Group: clk
Path Type: max

Fanout         Cap        Slew       Delay        Time   Description
---------------------------------------------------------------------------------------------
                                  0.000000    0.000000   clock clk (rise edge)
                                  0.000000    0.000000   clock network delay (propagated)
                                  5.000000    5.000000 v input external delay
     1    0.002765    0.018324    0.009122    5.009122 v reset (in)
                                                         reset (net)
                      0.018324    0.000000    5.009122 v input11/A (sky130_fd_sc_hd__clkbuf_2)
     5    0.025039    0.180832    0.267461    5.276583 v input11/X (sky130_fd_sc_hd__clkbuf_2)
                                                         net11 (net)
                      0.180851    0.001937    5.278521 v _329_/B1 (sky130_fd_sc_hd__a2111o_1)
     1    0.003353    0.112644    0.779409    6.057930 v _329_/X (sky130_fd_sc_hd__a2111o_1)
                                                         _137_ (net)
                      0.112644    0.000077    6.058007 v _330_/C1 (sky130_fd_sc_hd__a211o_1)
     2    0.008996    0.139994    0.508634    6.566641 v _330_/X (sky130_fd_sc_hd__a211o_1)
                                                         _138_ (net)
                      0.139994    0.000365    6.567006 v fanout26/A (sky130_fd_sc_hd__buf_2)
    10    0.040154    0.189633    0.396153    6.963159 v fanout26/X (sky130_fd_sc_hd__buf_2)
                                                         net26 (net)
                      0.189633    0.000451    6.963610 v _372_/B1 (sky130_fd_sc_hd__a21oi_1)
     1    0.002065    0.148004    0.213025    7.176635 ^ _372_/Y (sky130_fd_sc_hd__a21oi_1)
                                                         _035_ (net)
                      0.148004    0.000042    7.176677 ^ _471_/D (sky130_fd_sc_hd__dfxtp_1)
                                              7.176677   data arrival time

                                 25.000000   25.000000   clock clk (rise edge)
                                  0.000000   25.000000   clock source latency
     1    0.017755    0.134427    0.091131   25.091129 ^ clk (in)
                                                         clk (net)
                      0.134432    0.000000   25.091129 ^ clkbuf_0_clk/A (sky130_fd_sc_hd__clkbuf_16)
     4    0.040158    0.094951    0.279286   25.370417 ^ clkbuf_0_clk/X (sky130_fd_sc_hd__clkbuf_16)
                                                         clknet_0_clk (net)
                      0.094964    0.001149   25.371565 ^ clkbuf_2_2__f_clk/A (sky130_fd_sc_hd__clkbuf_16)
    13    0.045717    0.101409    0.267871   25.639437 ^ clkbuf_2_2__f_clk/X (sky130_fd_sc_hd__clkbuf_16)
                                                         clknet_2_2__leaf_clk (net)
                      0.101409    0.000503   25.639938 ^ _471_/CLK (sky130_fd_sc_hd__dfxtp_1)
                                 -0.250000   25.389940   clock uncertainty
                                  0.000000   25.389940   clock reconvergence pessimism
                                 -0.143326   25.246613   library setup time
                                             25.246613   data required time
---------------------------------------------------------------------------------------------
                                             25.246613   data required time
                                             -7.176677   data arrival time
---------------------------------------------------------------------------------------------
                                             18.069935   slack (MET)


Startpoint: reset (input port clocked by clk)
Endpoint: _467_ (rising edge-triggered flip-flop clocked by clk)
Path Group: clk
Path Type: max

Fanout         Cap        Slew       Delay        Time   Description
---------------------------------------------------------------------------------------------
                                  0.000000    0.000000   clock clk (rise edge)
                                  0.000000    0.000000   clock network delay (propagated)
                                  5.000000    5.000000 v input external delay
     1    0.002765    0.018324    0.009122    5.009122 v reset (in)
                                                         reset (net)
                      0.018324    0.000000    5.009122 v input11/A (sky130_fd_sc_hd__clkbuf_2)
     5    0.025039    0.180832    0.267461    5.276583 v input11/X (sky130_fd_sc_hd__clkbuf_2)
                                                         net11 (net)
                      0.180851    0.001937    5.278521 v _329_/B1 (sky130_fd_sc_hd__a2111o_1)
     1    0.003353    0.112644    0.779409    6.057930 v _329_/X (sky130_fd_sc_hd__a2111o_1)
                                                         _137_ (net)
                      0.112644    0.000077    6.058007 v _330_/C1 (sky130_fd_sc_hd__a211o_1)
     2    0.008996    0.139994    0.508634    6.566641 v _330_/X (sky130_fd_sc_hd__a211o_1)
                                                         _138_ (net)
                      0.139994    0.000365    6.567006 v fanout26/A (sky130_fd_sc_hd__buf_2)
    10    0.040154    0.189633    0.396153    6.963159 v fanout26/X (sky130_fd_sc_hd__buf_2)
                                                         net26 (net)
                      0.189662    0.002348    6.965508 v _362_/B1 (sky130_fd_sc_hd__a21oi_1)
     1    0.001885    0.142998    0.208738    7.174246 ^ _362_/Y (sky130_fd_sc_hd__a21oi_1)
                                                         _031_ (net)
                      0.142998    0.000053    7.174299 ^ _467_/D (sky130_fd_sc_hd__dfxtp_1)
                                              7.174299   data arrival time

                                 25.000000   25.000000   clock clk (rise edge)
                                  0.000000   25.000000   clock source latency
     1    0.017755    0.134427    0.091131   25.091129 ^ clk (in)
                                                         clk (net)
                      0.134432    0.000000   25.091129 ^ clkbuf_0_clk/A (sky130_fd_sc_hd__clkbuf_16)
     4    0.040158    0.094951    0.279286   25.370417 ^ clkbuf_0_clk/X (sky130_fd_sc_hd__clkbuf_16)
                                                         clknet_0_clk (net)
                      0.094964    0.001149   25.371565 ^ clkbuf_2_2__f_clk/A (sky130_fd_sc_hd__clkbuf_16)
    13    0.045717    0.101409    0.267871   25.639437 ^ clkbuf_2_2__f_clk/X (sky130_fd_sc_hd__clkbuf_16)
                                                         clknet_2_2__leaf_clk (net)
                      0.101442    0.001608   25.641045 ^ _467_/CLK (sky130_fd_sc_hd__dfxtp_1)
                                 -0.250000   25.391045   clock uncertainty
                                  0.000000   25.391045   clock reconvergence pessimism
                                 -0.142020   25.249025   library setup time
                                             25.249025   data required time
---------------------------------------------------------------------------------------------
                                             25.249025   data required time
                                             -7.174299   data arrival time
---------------------------------------------------------------------------------------------
                                             18.074726   slack (MET)


Startpoint: reset (input port clocked by clk)
Endpoint: _473_ (rising edge-triggered flip-flop clocked by clk)
Path Group: clk
Path Type: max

Fanout         Cap        Slew       Delay        Time   Description
---------------------------------------------------------------------------------------------
                                  0.000000    0.000000   clock clk (rise edge)
                                  0.000000    0.000000   clock network delay (propagated)
                                  5.000000    5.000000 v input external delay
     1    0.002765    0.018324    0.009122    5.009122 v reset (in)
                                                         reset (net)
                      0.018324    0.000000    5.009122 v input11/A (sky130_fd_sc_hd__clkbuf_2)
     5    0.025039    0.180832    0.267461    5.276583 v input11/X (sky130_fd_sc_hd__clkbuf_2)
                                                         net11 (net)
                      0.180851    0.001937    5.278521 v _329_/B1 (sky130_fd_sc_hd__a2111o_1)
     1    0.003353    0.112644    0.779409    6.057930 v _329_/X (sky130_fd_sc_hd__a2111o_1)
                                                         _137_ (net)
                      0.112644    0.000077    6.058007 v _330_/C1 (sky130_fd_sc_hd__a211o_1)
     2    0.008996    0.139994    0.508634    6.566641 v _330_/X (sky130_fd_sc_hd__a211o_1)
                                                         _138_ (net)
                      0.139994    0.000365    6.567006 v fanout26/A (sky130_fd_sc_hd__buf_2)
    10    0.040154    0.189633    0.396153    6.963159 v fanout26/X (sky130_fd_sc_hd__buf_2)
                                                         net26 (net)
                      0.189638    0.001232    6.964392 v _378_/B1 (sky130_fd_sc_hd__a21oi_1)
     1    0.001883    0.142940    0.208680    7.173072 ^ _378_/Y (sky130_fd_sc_hd__a21oi_1)
                                                         _037_ (net)
                      0.142940    0.000053    7.173124 ^ _473_/D (sky130_fd_sc_hd__dfxtp_1)
                                              7.173124   data arrival time

                                 25.000000   25.000000   clock clk (rise edge)
                                  0.000000   25.000000   clock source latency
     1    0.017755    0.134427    0.091131   25.091129 ^ clk (in)
                                                         clk (net)
                      0.134432    0.000000   25.091129 ^ clkbuf_0_clk/A (sky130_fd_sc_hd__clkbuf_16)
     4    0.040158    0.094951    0.279286   25.370417 ^ clkbuf_0_clk/X (sky130_fd_sc_hd__clkbuf_16)
                                                         clknet_0_clk (net)
                      0.094964    0.001149   25.371565 ^ clkbuf_2_2__f_clk/A (sky130_fd_sc_hd__clkbuf_16)
    13    0.045717    0.101409    0.267871   25.639437 ^ clkbuf_2_2__f_clk/X (sky130_fd_sc_hd__clkbuf_16)
                                                         clknet_2_2__leaf_clk (net)
                      0.101438    0.001529   25.640966 ^ _473_/CLK (sky130_fd_sc_hd__dfxtp_1)
                                 -0.250000   25.390966   clock uncertainty
                                  0.000000   25.390966   clock reconvergence pessimism
                                 -0.142006   25.248960   library setup time
                                             25.248960   data required time
---------------------------------------------------------------------------------------------
                                             25.248960   data required time
                                             -7.173124   data arrival time
---------------------------------------------------------------------------------------------
                                             18.075836   slack (MET)


Startpoint: reset (input port clocked by clk)
Endpoint: _463_ (rising edge-triggered flip-flop clocked by clk)
Path Group: clk
Path Type: max

Fanout         Cap        Slew       Delay        Time   Description
---------------------------------------------------------------------------------------------
                                  0.000000    0.000000   clock clk (rise edge)
                                  0.000000    0.000000   clock network delay (propagated)
                                  5.000000    5.000000 v input external delay
     1    0.002765    0.018324    0.009122    5.009122 v reset (in)
                                                         reset (net)
                      0.018324    0.000000    5.009122 v input11/A (sky130_fd_sc_hd__clkbuf_2)
     5    0.025039    0.180832    0.267461    5.276583 v input11/X (sky130_fd_sc_hd__clkbuf_2)
                                                         net11 (net)
                      0.180851    0.001937    5.278521 v _329_/B1 (sky130_fd_sc_hd__a2111o_1)
     1    0.003353    0.112644    0.779409    6.057930 v _329_/X (sky130_fd_sc_hd__a2111o_1)
                                                         _137_ (net)
                      0.112644    0.000077    6.058007 v _330_/C1 (sky130_fd_sc_hd__a211o_1)
     2    0.008996    0.139994    0.508634    6.566641 v _330_/X (sky130_fd_sc_hd__a211o_1)
                                                         _138_ (net)
                      0.139994    0.000365    6.567006 v fanout26/A (sky130_fd_sc_hd__buf_2)
    10    0.040154    0.189633    0.396153    6.963159 v fanout26/X (sky130_fd_sc_hd__buf_2)
                                                         net26 (net)
                      0.189657    0.002170    6.965329 v _351_/B1 (sky130_fd_sc_hd__a21oi_1)
     1    0.001794    0.140453    0.206554    7.171883 ^ _351_/Y (sky130_fd_sc_hd__a21oi_1)
                                                         _027_ (net)
                      0.140453    0.000049    7.171933 ^ _463_/D (sky130_fd_sc_hd__dfxtp_1)
                                              7.171933   data arrival time

                                 25.000000   25.000000   clock clk (rise edge)
                                  0.000000   25.000000   clock source latency
     1    0.017755    0.134427    0.091131   25.091129 ^ clk (in)
                                                         clk (net)
                      0.134432    0.000000   25.091129 ^ clkbuf_0_clk/A (sky130_fd_sc_hd__clkbuf_16)
     4    0.040158    0.094951    0.279286   25.370417 ^ clkbuf_0_clk/X (sky130_fd_sc_hd__clkbuf_16)
                                                         clknet_0_clk (net)
                      0.094967    0.001236   25.371653 ^ clkbuf_2_0__f_clk/A (sky130_fd_sc_hd__clkbuf_16)
    16    0.045190    0.100642    0.267143   25.638796 ^ clkbuf_2_0__f_clk/X (sky130_fd_sc_hd__clkbuf_16)
                                                         clknet_2_0__leaf_clk (net)
                      0.100741    0.002558   25.641354 ^ _463_/CLK (sky130_fd_sc_hd__dfxtp_1)
                                 -0.250000   25.391354   clock uncertainty
                                  0.000000   25.391354   clock reconvergence pessimism
                                 -0.141478   25.249876   library setup time
                                             25.249876   data required time
---------------------------------------------------------------------------------------------
                                             25.249876   data required time
                                             -7.171933   data arrival time
---------------------------------------------------------------------------------------------
                                             18.077944   slack (MET)


Startpoint: _479_ (rising edge-triggered flip-flop clocked by clk)
Endpoint: fsm_error (output port clocked by clk)
Path Group: clk
Path Type: max

Fanout         Cap        Slew       Delay        Time   Description
---------------------------------------------------------------------------------------------
                                  0.000000    0.000000   clock clk (rise edge)
                                  0.000000    0.000000   clock source latency
     1    0.017755    0.134427    0.091131    0.091131 ^ clk (in)
                                                         clk (net)
                      0.134432    0.000000    0.091131 ^ clkbuf_0_clk/A (sky130_fd_sc_hd__clkbuf_16)
     4    0.040158    0.094951    0.279287    0.370417 ^ clkbuf_0_clk/X (sky130_fd_sc_hd__clkbuf_16)
                                                         clknet_0_clk (net)
                      0.094961    0.001042    0.371459 ^ clkbuf_2_3__f_clk/A (sky130_fd_sc_hd__clkbuf_16)
    14    0.046175    0.102047    0.268466    0.639925 ^ clkbuf_2_3__f_clk/X (sky130_fd_sc_hd__clkbuf_16)
                                                         clknet_2_3__leaf_clk (net)
                      0.102054    0.000870    0.640796 ^ _479_/CLK (sky130_fd_sc_hd__dfxtp_1)
     2    0.004792    0.094505    0.661313    1.302109 ^ _479_/Q (sky130_fd_sc_hd__dfxtp_1)
                                                         net17 (net)
                      0.094505    0.000120    1.302229 ^ output17/A (sky130_fd_sc_hd__buf_2)
     1    0.034682    0.275285    0.357001    1.659230 ^ output17/X (sky130_fd_sc_hd__buf_2)
                                                         fsm_error (net)
                      0.275285    0.000794    1.660024 ^ fsm_error (out)
                                              1.660024   data arrival time

                                 25.000000   25.000000   clock clk (rise edge)
                                  0.000000   25.000000   clock network delay (propagated)
                                 -0.250000   24.750000   clock uncertainty
                                  0.000000   24.750000   clock reconvergence pessimism
                                 -5.000000   19.750000   output external delay
                                             19.750000   data required time
---------------------------------------------------------------------------------------------
                                             19.750000   data required time
                                             -1.660024   data arrival time
---------------------------------------------------------------------------------------------
                                             18.089975   slack (MET)


Startpoint: reset (input port clocked by clk)
Endpoint: _472_ (rising edge-triggered flip-flop clocked by clk)
Path Group: clk
Path Type: max

Fanout         Cap        Slew       Delay        Time   Description
---------------------------------------------------------------------------------------------
                                  0.000000    0.000000   clock clk (rise edge)
                                  0.000000    0.000000   clock network delay (propagated)
                                  5.000000    5.000000 v input external delay
     1    0.002765    0.018324    0.009122    5.009122 v reset (in)
                                                         reset (net)
                      0.018324    0.000000    5.009122 v input11/A (sky130_fd_sc_hd__clkbuf_2)
     5    0.025039    0.180832    0.267461    5.276583 v input11/X (sky130_fd_sc_hd__clkbuf_2)
                                                         net11 (net)
                      0.180851    0.001937    5.278521 v _329_/B1 (sky130_fd_sc_hd__a2111o_1)
     1    0.003353    0.112644    0.779409    6.057930 v _329_/X (sky130_fd_sc_hd__a2111o_1)
                                                         _137_ (net)
                      0.112644    0.000077    6.058007 v _330_/C1 (sky130_fd_sc_hd__a211o_1)
     2    0.008996    0.139994    0.508634    6.566641 v _330_/X (sky130_fd_sc_hd__a211o_1)
                                                         _138_ (net)
                      0.139994    0.000365    6.567006 v fanout26/A (sky130_fd_sc_hd__buf_2)
    10    0.040154    0.189633    0.396153    6.963159 v fanout26/X (sky130_fd_sc_hd__buf_2)
                                                         net26 (net)
                      0.189637    0.001190    6.964349 v _375_/A (sky130_fd_sc_hd__nor2_1)
     1    0.001934    0.110618    0.194188    7.158536 ^ _375_/Y (sky130_fd_sc_hd__nor2_1)
                                                         _036_ (net)
                      0.110618    0.000054    7.158591 ^ _472_/D (sky130_fd_sc_hd__dfxtp_1)
                                              7.158591   data arrival time

                                 25.000000   25.000000   clock clk (rise edge)
                                  0.000000   25.000000   clock source latency
     1    0.017755    0.134427    0.091131   25.091129 ^ clk (in)
                                                         clk (net)
                      0.134432    0.000000   25.091129 ^ clkbuf_0_clk/A (sky130_fd_sc_hd__clkbuf_16)
     4    0.040158    0.094951    0.279286   25.370417 ^ clkbuf_0_clk/X (sky130_fd_sc_hd__clkbuf_16)
                                                         clknet_0_clk (net)
                      0.094964    0.001149   25.371565 ^ clkbuf_2_2__f_clk/A (sky130_fd_sc_hd__clkbuf_16)
    13    0.045717    0.101409    0.267871   25.639437 ^ clkbuf_2_2__f_clk/X (sky130_fd_sc_hd__clkbuf_16)
                                                         clknet_2_2__leaf_clk (net)
                      0.101432    0.001409   25.640844 ^ _472_/CLK (sky130_fd_sc_hd__dfxtp_1)
                                 -0.250000   25.390846   clock uncertainty
                                  0.000000   25.390846   clock reconvergence pessimism
                                 -0.133609   25.257236   library setup time
                                             25.257236   data required time
---------------------------------------------------------------------------------------------
                                             25.257236   data required time
                                             -7.158591   data arrival time
---------------------------------------------------------------------------------------------
                                             18.098646   slack (MET)


Startpoint: _452_ (rising edge-triggered flip-flop clocked by clk)
Endpoint: group_error (output port clocked by clk)
Path Group: clk
Path Type: max

Fanout         Cap        Slew       Delay        Time   Description
---------------------------------------------------------------------------------------------
                                  0.000000    0.000000   clock clk (rise edge)
                                  0.000000    0.000000   clock source latency
     1    0.017755    0.134427    0.091131    0.091131 ^ clk (in)
                                                         clk (net)
                      0.134432    0.000000    0.091131 ^ clkbuf_0_clk/A (sky130_fd_sc_hd__clkbuf_16)
     4    0.040158    0.094951    0.279287    0.370417 ^ clkbuf_0_clk/X (sky130_fd_sc_hd__clkbuf_16)
                                                         clknet_0_clk (net)
                      0.094964    0.001151    0.371568 ^ clkbuf_2_1__f_clk/A (sky130_fd_sc_hd__clkbuf_16)
    12    0.045065    0.100585    0.267296    0.638864 ^ clkbuf_2_1__f_clk/X (sky130_fd_sc_hd__clkbuf_16)
                                                         clknet_2_1__leaf_clk (net)
                      0.100592    0.000901    0.639765 ^ _452_/CLK (sky130_fd_sc_hd__dfxtp_1)
     2    0.003970    0.083866    0.651361    1.291127 ^ _452_/Q (sky130_fd_sc_hd__dfxtp_1)
                                                         net18 (net)
                      0.083866    0.000084    1.291211 ^ output18/A (sky130_fd_sc_hd__buf_2)
     1    0.034110    0.270991    0.349083    1.640294 ^ output18/X (sky130_fd_sc_hd__buf_2)
                                                         group_error (net)
                      0.270991    0.000642    1.640936 ^ group_error (out)
                                              1.640936   data arrival time

                                 25.000000   25.000000   clock clk (rise edge)
                                  0.000000   25.000000   clock network delay (propagated)
                                 -0.250000   24.750000   clock uncertainty
                                  0.000000   24.750000   clock reconvergence pessimism
                                 -5.000000   19.750000   output external delay
                                             19.750000   data required time
---------------------------------------------------------------------------------------------
                                             19.750000   data required time
                                             -1.640936   data arrival time
---------------------------------------------------------------------------------------------
                                             18.109064   slack (MET)


Startpoint: reset (input port clocked by clk)
Endpoint: _461_ (rising edge-triggered flip-flop clocked by clk)
Path Group: clk
Path Type: max

Fanout         Cap        Slew       Delay        Time   Description
---------------------------------------------------------------------------------------------
                                  0.000000    0.000000   clock clk (rise edge)
                                  0.000000    0.000000   clock network delay (propagated)
                                  5.000000    5.000000 v input external delay
     1    0.002765    0.018324    0.009122    5.009122 v reset (in)
                                                         reset (net)
                      0.018324    0.000000    5.009122 v input11/A (sky130_fd_sc_hd__clkbuf_2)
     5    0.025039    0.180832    0.267461    5.276583 v input11/X (sky130_fd_sc_hd__clkbuf_2)
                                                         net11 (net)
                      0.180851    0.001937    5.278521 v _329_/B1 (sky130_fd_sc_hd__a2111o_1)
     1    0.003353    0.112644    0.779409    6.057930 v _329_/X (sky130_fd_sc_hd__a2111o_1)
                                                         _137_ (net)
                      0.112644    0.000077    6.058007 v _330_/C1 (sky130_fd_sc_hd__a211o_1)
     2    0.008996    0.139994    0.508634    6.566641 v _330_/X (sky130_fd_sc_hd__a211o_1)
                                                         _138_ (net)
                      0.139994    0.000327    6.566968 v fanout27/A (sky130_fd_sc_hd__clkbuf_2)
     6    0.024135    0.174744    0.320422    6.887390 v fanout27/X (sky130_fd_sc_hd__clkbuf_2)
                                                         net27 (net)
                      0.174749    0.001153    6.888543 v _344_/B1 (sky130_fd_sc_hd__a21oi_1)
     1    0.002184    0.150964    0.209860    7.098403 ^ _344_/Y (sky130_fd_sc_hd__a21oi_1)
                                                         _025_ (net)
                      0.150964    0.000061    7.098464 ^ _461_/D (sky130_fd_sc_hd__dfxtp_1)
                                              7.098464   data arrival time

                                 25.000000   25.000000   clock clk (rise edge)
                                  0.000000   25.000000   clock source latency
     1    0.017755    0.134427    0.091131   25.091129 ^ clk (in)
                                                         clk (net)
                      0.134432    0.000000   25.091129 ^ clkbuf_0_clk/A (sky130_fd_sc_hd__clkbuf_16)
     4    0.040158    0.094951    0.279286   25.370417 ^ clkbuf_0_clk/X (sky130_fd_sc_hd__clkbuf_16)
                                                         clknet_0_clk (net)
                      0.094964    0.001149   25.371565 ^ clkbuf_2_2__f_clk/A (sky130_fd_sc_hd__clkbuf_16)
    13    0.045717    0.101409    0.267871   25.639437 ^ clkbuf_2_2__f_clk/X (sky130_fd_sc_hd__clkbuf_16)
                                                         clknet_2_2__leaf_clk (net)
                      0.101432    0.001409   25.640844 ^ _461_/CLK (sky130_fd_sc_hd__dfxtp_1)
                                 -0.250000   25.390846   clock uncertainty
                                  0.000000   25.390846   clock reconvergence pessimism
                                 -0.144091   25.246756   library setup time
                                             25.246756   data required time
---------------------------------------------------------------------------------------------
                                             25.246756   data required time
                                             -7.098464   data arrival time
---------------------------------------------------------------------------------------------
                                             18.148291   slack (MET)


Startpoint: reset (input port clocked by clk)
Endpoint: _460_ (rising edge-triggered flip-flop clocked by clk)
Path Group: clk
Path Type: max

Fanout         Cap        Slew       Delay        Time   Description
---------------------------------------------------------------------------------------------
                                  0.000000    0.000000   clock clk (rise edge)
                                  0.000000    0.000000   clock network delay (propagated)
                                  5.000000    5.000000 v input external delay
     1    0.002765    0.018324    0.009122    5.009122 v reset (in)
                                                         reset (net)
                      0.018324    0.000000    5.009122 v input11/A (sky130_fd_sc_hd__clkbuf_2)
     5    0.025039    0.180832    0.267461    5.276583 v input11/X (sky130_fd_sc_hd__clkbuf_2)
                                                         net11 (net)
                      0.180851    0.001937    5.278521 v _329_/B1 (sky130_fd_sc_hd__a2111o_1)
     1    0.003353    0.112644    0.779409    6.057930 v _329_/X (sky130_fd_sc_hd__a2111o_1)
                                                         _137_ (net)
                      0.112644    0.000077    6.058007 v _330_/C1 (sky130_fd_sc_hd__a211o_1)
     2    0.008996    0.139994    0.508634    6.566641 v _330_/X (sky130_fd_sc_hd__a211o_1)
                                                         _138_ (net)
                      0.139994    0.000327    6.566968 v fanout27/A (sky130_fd_sc_hd__clkbuf_2)
     6    0.024135    0.174744    0.320422    6.887390 v fanout27/X (sky130_fd_sc_hd__clkbuf_2)
                                                         net27 (net)
                      0.174750    0.001247    6.888638 v _342_/B1 (sky130_fd_sc_hd__a21oi_1)
     1    0.001938    0.151982    0.203994    7.092631 ^ _342_/Y (sky130_fd_sc_hd__a21oi_1)
                                                         _024_ (net)
                      0.151982    0.000054    7.092685 ^ _460_/D (sky130_fd_sc_hd__dfxtp_1)
                                              7.092685   data arrival time

                                 25.000000   25.000000   clock clk (rise edge)
                                  0.000000   25.000000   clock source latency
     1    0.017755    0.134427    0.091131   25.091129 ^ clk (in)
                                                         clk (net)
                      0.134432    0.000000   25.091129 ^ clkbuf_0_clk/A (sky130_fd_sc_hd__clkbuf_16)
     4    0.040158    0.094951    0.279286   25.370417 ^ clkbuf_0_clk/X (sky130_fd_sc_hd__clkbuf_16)
                                                         clknet_0_clk (net)
                      0.094964    0.001149   25.371565 ^ clkbuf_2_2__f_clk/A (sky130_fd_sc_hd__clkbuf_16)
    13    0.045717    0.101409    0.267871   25.639437 ^ clkbuf_2_2__f_clk/X (sky130_fd_sc_hd__clkbuf_16)
                                                         clknet_2_2__leaf_clk (net)
                      0.101440    0.001583   25.641020 ^ _460_/CLK (sky130_fd_sc_hd__dfxtp_1)
                                 -0.250000   25.391020   clock uncertainty
                                  0.000000   25.391020   clock reconvergence pessimism
                                 -0.144354   25.246666   library setup time
                                             25.246666   data required time
---------------------------------------------------------------------------------------------
                                             25.246666   data required time
                                             -7.092685   data arrival time
---------------------------------------------------------------------------------------------
                                             18.153980   slack (MET)


Startpoint: reset (input port clocked by clk)
Endpoint: _466_ (rising edge-triggered flip-flop clocked by clk)
Path Group: clk
Path Type: max

Fanout         Cap        Slew       Delay        Time   Description
---------------------------------------------------------------------------------------------
                                  0.000000    0.000000   clock clk (rise edge)
                                  0.000000    0.000000   clock network delay (propagated)
                                  5.000000    5.000000 v input external delay
     1    0.002765    0.018324    0.009122    5.009122 v reset (in)
                                                         reset (net)
                      0.018324    0.000000    5.009122 v input11/A (sky130_fd_sc_hd__clkbuf_2)
     5    0.025039    0.180832    0.267461    5.276583 v input11/X (sky130_fd_sc_hd__clkbuf_2)
                                                         net11 (net)
                      0.180851    0.001937    5.278521 v _329_/B1 (sky130_fd_sc_hd__a2111o_1)
     1    0.003353    0.112644    0.779409    6.057930 v _329_/X (sky130_fd_sc_hd__a2111o_1)
                                                         _137_ (net)
                      0.112644    0.000077    6.058007 v _330_/C1 (sky130_fd_sc_hd__a211o_1)
     2    0.008996    0.139994    0.508634    6.566641 v _330_/X (sky130_fd_sc_hd__a211o_1)
                                                         _138_ (net)
                      0.139994    0.000327    6.566968 v fanout27/A (sky130_fd_sc_hd__clkbuf_2)
     6    0.024135    0.174744    0.320422    6.887390 v fanout27/X (sky130_fd_sc_hd__clkbuf_2)
                                                         net27 (net)
                      0.174754    0.001438    6.888828 v _358_/B1 (sky130_fd_sc_hd__a21oi_1)
     1    0.001855    0.141747    0.202002    7.090830 ^ _358_/Y (sky130_fd_sc_hd__a21oi_1)
                                                         _030_ (net)
                      0.141747    0.000052    7.090882 ^ _466_/D (sky130_fd_sc_hd__dfxtp_1)
                                              7.090882   data arrival time

                                 25.000000   25.000000   clock clk (rise edge)
                                  0.000000   25.000000   clock source latency
     1    0.017755    0.134427    0.091131   25.091129 ^ clk (in)
                                                         clk (net)
                      0.134432    0.000000   25.091129 ^ clkbuf_0_clk/A (sky130_fd_sc_hd__clkbuf_16)
     4    0.040158    0.094951    0.279286   25.370417 ^ clkbuf_0_clk/X (sky130_fd_sc_hd__clkbuf_16)
                                                         clknet_0_clk (net)
                      0.094964    0.001149   25.371565 ^ clkbuf_2_2__f_clk/A (sky130_fd_sc_hd__clkbuf_16)
    13    0.045717    0.101409    0.267871   25.639437 ^ clkbuf_2_2__f_clk/X (sky130_fd_sc_hd__clkbuf_16)
                                                         clknet_2_2__leaf_clk (net)
                      0.101431    0.001386   25.640821 ^ _466_/CLK (sky130_fd_sc_hd__dfxtp_1)
                                 -0.250000   25.390823   clock uncertainty
                                  0.000000   25.390823   clock reconvergence pessimism
                                 -0.141697   25.249126   library setup time
                                             25.249126   data required time
---------------------------------------------------------------------------------------------
                                             25.249126   data required time
                                             -7.090882   data arrival time
---------------------------------------------------------------------------------------------
                                             18.158243   slack (MET)


Startpoint: reset (input port clocked by clk)
Endpoint: _462_ (rising edge-triggered flip-flop clocked by clk)
Path Group: clk
Path Type: max

Fanout         Cap        Slew       Delay        Time   Description
---------------------------------------------------------------------------------------------
                                  0.000000    0.000000   clock clk (rise edge)
                                  0.000000    0.000000   clock network delay (propagated)
                                  5.000000    5.000000 v input external delay
     1    0.002765    0.018324    0.009122    5.009122 v reset (in)
                                                         reset (net)
                      0.018324    0.000000    5.009122 v input11/A (sky130_fd_sc_hd__clkbuf_2)
     5    0.025039    0.180832    0.267461    5.276583 v input11/X (sky130_fd_sc_hd__clkbuf_2)
                                                         net11 (net)
                      0.180851    0.001937    5.278521 v _329_/B1 (sky130_fd_sc_hd__a2111o_1)
     1    0.003353    0.112644    0.779409    6.057930 v _329_/X (sky130_fd_sc_hd__a2111o_1)
                                                         _137_ (net)
                      0.112644    0.000077    6.058007 v _330_/C1 (sky130_fd_sc_hd__a211o_1)
     2    0.008996    0.139994    0.508634    6.566641 v _330_/X (sky130_fd_sc_hd__a211o_1)
                                                         _138_ (net)
                      0.139994    0.000327    6.566968 v fanout27/A (sky130_fd_sc_hd__clkbuf_2)
     6    0.024135    0.174744    0.320422    6.887390 v fanout27/X (sky130_fd_sc_hd__clkbuf_2)
                                                         net27 (net)
                      0.174753    0.001386    6.888775 v _347_/A (sky130_fd_sc_hd__nor2_1)
     1    0.002158    0.115442    0.193114    7.081889 ^ _347_/Y (sky130_fd_sc_hd__nor2_1)
                                                         _026_ (net)
                      0.115442    0.000063    7.081952 ^ _462_/D (sky130_fd_sc_hd__dfxtp_1)
                                              7.081952   data arrival time

                                 25.000000   25.000000   clock clk (rise edge)
                                  0.000000   25.000000   clock source latency
     1    0.017755    0.134427    0.091131   25.091129 ^ clk (in)
                                                         clk (net)
                      0.134432    0.000000   25.091129 ^ clkbuf_0_clk/A (sky130_fd_sc_hd__clkbuf_16)
     4    0.040158    0.094951    0.279286   25.370417 ^ clkbuf_0_clk/X (sky130_fd_sc_hd__clkbuf_16)
                                                         clknet_0_clk (net)
                      0.094964    0.001149   25.371565 ^ clkbuf_2_2__f_clk/A (sky130_fd_sc_hd__clkbuf_16)
    13    0.045717    0.101409    0.267871   25.639437 ^ clkbuf_2_2__f_clk/X (sky130_fd_sc_hd__clkbuf_16)
                                                         clknet_2_2__leaf_clk (net)
                      0.101439    0.001561   25.640997 ^ _462_/CLK (sky130_fd_sc_hd__dfxtp_1)
                                 -0.250000   25.390999   clock uncertainty
                                  0.000000   25.390999   clock reconvergence pessimism
                                 -0.134861   25.256138   library setup time
                                             25.256138   data required time
---------------------------------------------------------------------------------------------
                                             25.256138   data required time
                                             -7.081952   data arrival time
---------------------------------------------------------------------------------------------
                                             18.174185   slack (MET)


Startpoint: reset (input port clocked by clk)
Endpoint: _475_ (rising edge-triggered flip-flop clocked by clk)
Path Group: clk
Path Type: max

Fanout         Cap        Slew       Delay        Time   Description
---------------------------------------------------------------------------------------------
                                  0.000000    0.000000   clock clk (rise edge)
                                  0.000000    0.000000   clock network delay (propagated)
                                  5.000000    5.000000 v input external delay
     1    0.002765    0.018324    0.009122    5.009122 v reset (in)
                                                         reset (net)
                      0.018324    0.000000    5.009122 v input11/A (sky130_fd_sc_hd__clkbuf_2)
     5    0.025039    0.180832    0.267461    5.276583 v input11/X (sky130_fd_sc_hd__clkbuf_2)
                                                         net11 (net)
                      0.180851    0.001937    5.278521 v _329_/B1 (sky130_fd_sc_hd__a2111o_1)
     1    0.003353    0.112644    0.779409    6.057930 v _329_/X (sky130_fd_sc_hd__a2111o_1)
                                                         _137_ (net)
                      0.112644    0.000077    6.058007 v _330_/C1 (sky130_fd_sc_hd__a211o_1)
     2    0.008996    0.139994    0.508634    6.566641 v _330_/X (sky130_fd_sc_hd__a211o_1)
                                                         _138_ (net)
                      0.139994    0.000327    6.566968 v fanout27/A (sky130_fd_sc_hd__clkbuf_2)
     6    0.024135    0.174744    0.320422    6.887390 v fanout27/X (sky130_fd_sc_hd__clkbuf_2)
                                                         net27 (net)
                      0.174744    0.000289    6.887679 v _382_/A (sky130_fd_sc_hd__nor2_1)
     1    0.001779    0.106226    0.185140    7.072819 ^ _382_/Y (sky130_fd_sc_hd__nor2_1)
                                                         _039_ (net)
                      0.106226    0.000050    7.072868 ^ _475_/D (sky130_fd_sc_hd__dfxtp_1)
                                              7.072868   data arrival time

                                 25.000000   25.000000   clock clk (rise edge)
                                  0.000000   25.000000   clock source latency
     1    0.017755    0.134427    0.091131   25.091129 ^ clk (in)
                                                         clk (net)
                      0.134432    0.000000   25.091129 ^ clkbuf_0_clk/A (sky130_fd_sc_hd__clkbuf_16)
     4    0.040158    0.094951    0.279286   25.370417 ^ clkbuf_0_clk/X (sky130_fd_sc_hd__clkbuf_16)
                                                         clknet_0_clk (net)
                      0.094964    0.001149   25.371565 ^ clkbuf_2_2__f_clk/A (sky130_fd_sc_hd__clkbuf_16)
    13    0.045717    0.101409    0.267871   25.639437 ^ clkbuf_2_2__f_clk/X (sky130_fd_sc_hd__clkbuf_16)
                                                         clknet_2_2__leaf_clk (net)
                      0.101441    0.001599   25.641035 ^ _475_/CLK (sky130_fd_sc_hd__dfxtp_1)
                                 -0.250000   25.391035   clock uncertainty
                                  0.000000   25.391035   clock reconvergence pessimism
                                 -0.132467   25.258570   library setup time
                                             25.258570   data required time
---------------------------------------------------------------------------------------------
                                             25.258570   data required time
                                             -7.072868   data arrival time
---------------------------------------------------------------------------------------------
                                             18.185701   slack (MET)


Startpoint: file_denied (input port clocked by clk)
Endpoint: _483_ (rising edge-triggered flip-flop clocked by clk)
Path Group: clk
Path Type: max

Fanout         Cap        Slew       Delay        Time   Description
---------------------------------------------------------------------------------------------
                                  0.000000    0.000000   clock clk (rise edge)
                                  0.000000    0.000000   clock network delay (propagated)
                                  5.000000    5.000000 v input external delay
     1    0.002849    0.018645    0.009391    5.009391 v file_denied (in)
                                                         file_denied (net)
                      0.018645    0.000000    5.009391 v input3/A (sky130_fd_sc_hd__buf_1)
     4    0.013269    0.158915    0.224780    5.234170 v input3/X (sky130_fd_sc_hd__buf_1)
                                                         net3 (net)
                      0.158915    0.000445    5.234616 v _260_/A1 (sky130_fd_sc_hd__o41ai_1)
     1    0.004060    0.535664    0.705578    5.940194 ^ _260_/Y (sky130_fd_sc_hd__o41ai_1)
                                                         _092_ (net)
                      0.535664    0.000102    5.940296 ^ _263_/A1 (sky130_fd_sc_hd__a31o_1)
     2    0.009739    0.178113    0.519529    6.459825 ^ _263_/X (sky130_fd_sc_hd__a31o_1)
                                                         _095_ (net)
                      0.178113    0.000275    6.460100 ^ _426_/B (sky130_fd_sc_hd__nor2_1)
     1    0.002095    0.078874    0.104501    6.564601 v _426_/Y (sky130_fd_sc_hd__nor2_1)
                                                         _047_ (net)
                      0.078874    0.000043    6.564644 v _483_/D (sky130_fd_sc_hd__dfxtp_1)
                                              6.564644   data arrival time

                                 25.000000   25.000000   clock clk (rise edge)
                                  0.000000   25.000000   clock source latency
     1    0.017755    0.134427    0.091131   25.091129 ^ clk (in)
                                                         clk (net)
                      0.134432    0.000000   25.091129 ^ clkbuf_0_clk/A (sky130_fd_sc_hd__clkbuf_16)
     4    0.040158    0.094951    0.279286   25.370417 ^ clkbuf_0_clk/X (sky130_fd_sc_hd__clkbuf_16)
                                                         clknet_0_clk (net)
                      0.094964    0.001151   25.371567 ^ clkbuf_2_1__f_clk/A (sky130_fd_sc_hd__clkbuf_16)
    12    0.045065    0.100585    0.267297   25.638865 ^ clkbuf_2_1__f_clk/X (sky130_fd_sc_hd__clkbuf_16)
                                                         clknet_2_1__leaf_clk (net)
                      0.100597    0.001057   25.639921 ^ _483_/CLK (sky130_fd_sc_hd__dfxtp_1)
                                 -0.250000   25.389921   clock uncertainty
                                  0.000000   25.389921   clock reconvergence pessimism
                                 -0.264425   25.125498   library setup time
                                             25.125498   data required time
---------------------------------------------------------------------------------------------
                                             25.125498   data required time
                                             -6.564644   data arrival time
---------------------------------------------------------------------------------------------
                                             18.560852   slack (MET)


Startpoint: reset (input port clocked by clk)
Endpoint: _457_ (rising edge-triggered flip-flop clocked by clk)
Path Group: clk
Path Type: max

Fanout         Cap        Slew       Delay        Time   Description
---------------------------------------------------------------------------------------------
                                  0.000000    0.000000   clock clk (rise edge)
                                  0.000000    0.000000   clock network delay (propagated)
                                  5.000000    5.000000 ^ input external delay
     1    0.002950    0.033244    0.016581    5.016581 ^ reset (in)
                                                         reset (net)
                      0.033244    0.000000    5.016581 ^ input11/A (sky130_fd_sc_hd__clkbuf_2)
     5    0.026071    0.228541    0.289230    5.305810 ^ input11/X (sky130_fd_sc_hd__clkbuf_2)
                                                         net11 (net)
                      0.228619    0.000603    5.306413 ^ fanout29/A (sky130_fd_sc_hd__buf_2)
    10    0.042197    0.331751    0.458254    5.764667 ^ fanout29/X (sky130_fd_sc_hd__buf_2)
                                                         net29 (net)
                      0.331781    0.003321    5.767988 ^ _224_/A (sky130_fd_sc_hd__inv_2)
     9    0.035268    0.178456    0.269566    6.037554 v _224_/Y (sky130_fd_sc_hd__inv_2)
                                                         _060_ (net)
                      0.178456    0.000596    6.038150 v _316_/B (sky130_fd_sc_hd__and2_1)
     1    0.001948    0.061708    0.357089    6.395239 v _316_/X (sky130_fd_sc_hd__and2_1)
                                                         _021_ (net)
                      0.061708    0.000054    6.395293 v _457_/D (sky130_fd_sc_hd__dfxtp_1)
                                              6.395293   data arrival time

                                 25.000000   25.000000   clock clk (rise edge)
                                  0.000000   25.000000   clock source latency
     1    0.017755    0.134427    0.091131   25.091129 ^ clk (in)
                                                         clk (net)
                      0.134432    0.000000   25.091129 ^ clkbuf_0_clk/A (sky130_fd_sc_hd__clkbuf_16)
     4    0.040158    0.094951    0.279286   25.370417 ^ clkbuf_0_clk/X (sky130_fd_sc_hd__clkbuf_16)
                                                         clknet_0_clk (net)
                      0.094961    0.001043   25.371458 ^ clkbuf_2_3__f_clk/A (sky130_fd_sc_hd__clkbuf_16)
    14    0.046175    0.102047    0.268466   25.639925 ^ clkbuf_2_3__f_clk/X (sky130_fd_sc_hd__clkbuf_16)
                                                         clknet_2_3__leaf_clk (net)
                      0.102059    0.001055   25.640980 ^ _457_/CLK (sky130_fd_sc_hd__dfxtp_1)
                                 -0.250000   25.390980   clock uncertainty
                                  0.000000   25.390980   clock reconvergence pessimism
                                 -0.256899   25.134083   library setup time
                                             25.134083   data required time
---------------------------------------------------------------------------------------------
                                             25.134083   data required time
                                             -6.395293   data arrival time
---------------------------------------------------------------------------------------------
                                             18.738789   slack (MET)


Startpoint: reset (input port clocked by clk)
Endpoint: _459_ (rising edge-triggered flip-flop clocked by clk)
Path Group: clk
Path Type: max

Fanout         Cap        Slew       Delay        Time   Description
---------------------------------------------------------------------------------------------
                                  0.000000    0.000000   clock clk (rise edge)
                                  0.000000    0.000000   clock network delay (propagated)
                                  5.000000    5.000000 v input external delay
     1    0.002765    0.018324    0.009122    5.009122 v reset (in)
                                                         reset (net)
                      0.018324    0.000000    5.009122 v input11/A (sky130_fd_sc_hd__clkbuf_2)
     5    0.025039    0.180832    0.267461    5.276583 v input11/X (sky130_fd_sc_hd__clkbuf_2)
                                                         net11 (net)
                      0.180832    0.000578    5.277161 v fanout29/A (sky130_fd_sc_hd__buf_2)
    10    0.040154    0.189859    0.415421    5.692582 v fanout29/X (sky130_fd_sc_hd__buf_2)
                                                         net29 (net)
                      0.189891    0.002468    5.695049 v _319_/B1 (sky130_fd_sc_hd__a21oi_1)
     2    0.008165    0.328466    0.356223    6.051273 ^ _319_/Y (sky130_fd_sc_hd__a21oi_1)
                                                         _129_ (net)
                      0.328466    0.000254    6.051528 ^ _324_/C1 (sky130_fd_sc_hd__o221a_1)
     1    0.002410    0.089189    0.436103    6.487630 ^ _324_/X (sky130_fd_sc_hd__o221a_1)
                                                         _023_ (net)
                      0.089189    0.000051    6.487681 ^ _459_/D (sky130_fd_sc_hd__dfxtp_1)
                                              6.487681   data arrival time

                                 25.000000   25.000000   clock clk (rise edge)
                                  0.000000   25.000000   clock source latency
     1    0.017755    0.134427    0.091131   25.091129 ^ clk (in)
                                                         clk (net)
                      0.134432    0.000000   25.091129 ^ clkbuf_0_clk/A (sky130_fd_sc_hd__clkbuf_16)
     4    0.040158    0.094951    0.279286   25.370417 ^ clkbuf_0_clk/X (sky130_fd_sc_hd__clkbuf_16)
                                                         clknet_0_clk (net)
                      0.094967    0.001236   25.371653 ^ clkbuf_2_0__f_clk/A (sky130_fd_sc_hd__clkbuf_16)
    16    0.045190    0.100642    0.267143   25.638796 ^ clkbuf_2_0__f_clk/X (sky130_fd_sc_hd__clkbuf_16)
                                                         clknet_2_0__leaf_clk (net)
                      0.100642    0.000551   25.639345 ^ _459_/CLK (sky130_fd_sc_hd__dfxtp_1)
                                 -0.250000   25.389347   clock uncertainty
                                  0.000000   25.389347   clock reconvergence pessimism
                                 -0.128175   25.261171   library setup time
                                             25.261171   data required time
---------------------------------------------------------------------------------------------
                                             25.261171   data required time
                                             -6.487681   data arrival time
---------------------------------------------------------------------------------------------
                                             18.773491   slack (MET)


Startpoint: reset (input port clocked by clk)
Endpoint: _458_ (rising edge-triggered flip-flop clocked by clk)
Path Group: clk
Path Type: max

Fanout         Cap        Slew       Delay        Time   Description
---------------------------------------------------------------------------------------------
                                  0.000000    0.000000   clock clk (rise edge)
                                  0.000000    0.000000   clock network delay (propagated)
                                  5.000000    5.000000 v input external delay
     1    0.002765    0.018324    0.009122    5.009122 v reset (in)
                                                         reset (net)
                      0.018324    0.000000    5.009122 v input11/A (sky130_fd_sc_hd__clkbuf_2)
     5    0.025039    0.180832    0.267461    5.276583 v input11/X (sky130_fd_sc_hd__clkbuf_2)
                                                         net11 (net)
                      0.180832    0.000578    5.277161 v fanout29/A (sky130_fd_sc_hd__buf_2)
    10    0.040154    0.189859    0.415421    5.692582 v fanout29/X (sky130_fd_sc_hd__buf_2)
                                                         net29 (net)
                      0.189891    0.002468    5.695049 v _319_/B1 (sky130_fd_sc_hd__a21oi_1)
     2    0.008165    0.328466    0.356223    6.051273 ^ _319_/Y (sky130_fd_sc_hd__a21oi_1)
                                                         _129_ (net)
                      0.328466    0.000272    6.051545 ^ _323_/B1 (sky130_fd_sc_hd__o211a_1)
     1    0.002032    0.069187    0.374789    6.426334 ^ _323_/X (sky130_fd_sc_hd__o211a_1)
                                                         _022_ (net)
                      0.069187    0.000057    6.426391 ^ _458_/D (sky130_fd_sc_hd__dfxtp_1)
                                              6.426391   data arrival time

                                 25.000000   25.000000   clock clk (rise edge)
                                  0.000000   25.000000   clock source latency
     1    0.017755    0.134427    0.091131   25.091129 ^ clk (in)
                                                         clk (net)
                      0.134432    0.000000   25.091129 ^ clkbuf_0_clk/A (sky130_fd_sc_hd__clkbuf_16)
     4    0.040158    0.094951    0.279286   25.370417 ^ clkbuf_0_clk/X (sky130_fd_sc_hd__clkbuf_16)
                                                         clknet_0_clk (net)
                      0.094964    0.001151   25.371567 ^ clkbuf_2_1__f_clk/A (sky130_fd_sc_hd__clkbuf_16)
    12    0.045065    0.100585    0.267297   25.638865 ^ clkbuf_2_1__f_clk/X (sky130_fd_sc_hd__clkbuf_16)
                                                         clknet_2_1__leaf_clk (net)
                      0.100588    0.000718   25.639582 ^ _458_/CLK (sky130_fd_sc_hd__dfxtp_1)
                                 -0.250000   25.389584   clock uncertainty
                                  0.000000   25.389584   clock reconvergence pessimism
                                 -0.122988   25.266594   library setup time
                                             25.266594   data required time
---------------------------------------------------------------------------------------------
                                             25.266594   data required time
                                             -6.426391   data arrival time
---------------------------------------------------------------------------------------------
                                             18.840204   slack (MET)


Startpoint: reset (input port clocked by clk)
Endpoint: _480_ (rising edge-triggered flip-flop clocked by clk)
Path Group: clk
Path Type: max

Fanout         Cap        Slew       Delay        Time   Description
---------------------------------------------------------------------------------------------
                                  0.000000    0.000000   clock clk (rise edge)
                                  0.000000    0.000000   clock network delay (propagated)
                                  5.000000    5.000000 ^ input external delay
     1    0.002950    0.033244    0.016581    5.016581 ^ reset (in)
                                                         reset (net)
                      0.033244    0.000000    5.016581 ^ input11/A (sky130_fd_sc_hd__clkbuf_2)
     5    0.026071    0.228541    0.289230    5.305810 ^ input11/X (sky130_fd_sc_hd__clkbuf_2)
                                                         net11 (net)
                      0.228619    0.000603    5.306413 ^ fanout29/A (sky130_fd_sc_hd__buf_2)
    10    0.042197    0.331751    0.458254    5.764667 ^ fanout29/X (sky130_fd_sc_hd__buf_2)
                                                         net29 (net)
                      0.331781    0.003321    5.767988 ^ _224_/A (sky130_fd_sc_hd__inv_2)
     9    0.035268    0.178456    0.269566    6.037554 v _224_/Y (sky130_fd_sc_hd__inv_2)
                                                         _060_ (net)
                      0.178467    0.001553    6.039106 v _423_/B1 (sky130_fd_sc_hd__o21a_1)
     1    0.003033    0.067206    0.241825    6.280931 v _423_/X (sky130_fd_sc_hd__o21a_1)
                                                         _044_ (net)
                      0.067206    0.000101    6.281032 v _480_/D (sky130_fd_sc_hd__dfxtp_1)
                                              6.281032   data arrival time

                                 25.000000   25.000000   clock clk (rise edge)
                                  0.000000   25.000000   clock source latency
     1    0.017755    0.134427    0.091131   25.091129 ^ clk (in)
                                                         clk (net)
                      0.134432    0.000000   25.091129 ^ clkbuf_0_clk/A (sky130_fd_sc_hd__clkbuf_16)
     4    0.040158    0.094951    0.279286   25.370417 ^ clkbuf_0_clk/X (sky130_fd_sc_hd__clkbuf_16)
                                                         clknet_0_clk (net)
                      0.094961    0.001043   25.371458 ^ clkbuf_2_3__f_clk/A (sky130_fd_sc_hd__clkbuf_16)
    14    0.046175    0.102047    0.268466   25.639925 ^ clkbuf_2_3__f_clk/X (sky130_fd_sc_hd__clkbuf_16)
                                                         clknet_2_3__leaf_clk (net)
                      0.102062    0.001133   25.641058 ^ _480_/CLK (sky130_fd_sc_hd__dfxtp_1)
                                 -0.250000   25.391058   clock uncertainty
                                  0.000000   25.391058   clock reconvergence pessimism
                                 -0.259183   25.131876   library setup time
                                             25.131876   data required time
---------------------------------------------------------------------------------------------
                                             25.131876   data required time
                                             -6.281032   data arrival time
---------------------------------------------------------------------------------------------
                                             18.850843   slack (MET)


Startpoint: reset (input port clocked by clk)
Endpoint: _481_ (rising edge-triggered flip-flop clocked by clk)
Path Group: clk
Path Type: max

Fanout         Cap        Slew       Delay        Time   Description
---------------------------------------------------------------------------------------------
                                  0.000000    0.000000   clock clk (rise edge)
                                  0.000000    0.000000   clock network delay (propagated)
                                  5.000000    5.000000 ^ input external delay
     1    0.002950    0.033244    0.016581    5.016581 ^ reset (in)
                                                         reset (net)
                      0.033244    0.000000    5.016581 ^ input11/A (sky130_fd_sc_hd__clkbuf_2)
     5    0.026071    0.228541    0.289230    5.305810 ^ input11/X (sky130_fd_sc_hd__clkbuf_2)
                                                         net11 (net)
                      0.228619    0.000603    5.306413 ^ fanout29/A (sky130_fd_sc_hd__buf_2)
    10    0.042197    0.331751    0.458254    5.764667 ^ fanout29/X (sky130_fd_sc_hd__buf_2)
                                                         net29 (net)
                      0.331781    0.003321    5.767988 ^ _224_/A (sky130_fd_sc_hd__inv_2)
     9    0.035268    0.178456    0.269566    6.037554 v _224_/Y (sky130_fd_sc_hd__inv_2)
                                                         _060_ (net)
                      0.178467    0.001563    6.039116 v _424_/B1 (sky130_fd_sc_hd__o21a_1)
     1    0.002381    0.061381    0.234785    6.273901 v _424_/X (sky130_fd_sc_hd__o21a_1)
                                                         _045_ (net)
                      0.061381    0.000069    6.273971 v _481_/D (sky130_fd_sc_hd__dfxtp_1)
                                              6.273971   data arrival time

                                 25.000000   25.000000   clock clk (rise edge)
                                  0.000000   25.000000   clock source latency
     1    0.017755    0.134427    0.091131   25.091129 ^ clk (in)
                                                         clk (net)
                      0.134432    0.000000   25.091129 ^ clkbuf_0_clk/A (sky130_fd_sc_hd__clkbuf_16)
     4    0.040158    0.094951    0.279286   25.370417 ^ clkbuf_0_clk/X (sky130_fd_sc_hd__clkbuf_16)
                                                         clknet_0_clk (net)
                      0.094961    0.001043   25.371458 ^ clkbuf_2_3__f_clk/A (sky130_fd_sc_hd__clkbuf_16)
    14    0.046175    0.102047    0.268466   25.639925 ^ clkbuf_2_3__f_clk/X (sky130_fd_sc_hd__clkbuf_16)
                                                         clknet_2_3__leaf_clk (net)
                      0.102060    0.001059   25.640984 ^ _481_/CLK (sky130_fd_sc_hd__dfxtp_1)
                                 -0.250000   25.390984   clock uncertainty
                                  0.000000   25.390984   clock reconvergence pessimism
                                 -0.256763   25.134220   library setup time
                                             25.134220   data required time
---------------------------------------------------------------------------------------------
                                             25.134220   data required time
                                             -6.273971   data arrival time
---------------------------------------------------------------------------------------------
                                             18.860250   slack (MET)


Startpoint: reset (input port clocked by clk)
Endpoint: _452_ (rising edge-triggered flip-flop clocked by clk)
Path Group: clk
Path Type: max

Fanout         Cap        Slew       Delay        Time   Description
---------------------------------------------------------------------------------------------
                                  0.000000    0.000000   clock clk (rise edge)
                                  0.000000    0.000000   clock network delay (propagated)
                                  5.000000    5.000000 ^ input external delay
     1    0.002950    0.033244    0.016581    5.016581 ^ reset (in)
                                                         reset (net)
                      0.033244    0.000000    5.016581 ^ input11/A (sky130_fd_sc_hd__clkbuf_2)
     5    0.026071    0.228541    0.289230    5.305810 ^ input11/X (sky130_fd_sc_hd__clkbuf_2)
                                                         net11 (net)
                      0.228619    0.000603    5.306413 ^ fanout29/A (sky130_fd_sc_hd__buf_2)
    10    0.042197    0.331751    0.458254    5.764667 ^ fanout29/X (sky130_fd_sc_hd__buf_2)
                                                         net29 (net)
                      0.331781    0.003321    5.767988 ^ _224_/A (sky130_fd_sc_hd__inv_2)
     9    0.035268    0.178456    0.269566    6.037554 v _224_/Y (sky130_fd_sc_hd__inv_2)
                                                         _060_ (net)
                      0.178468    0.001573    6.039126 v _311_/B1 (sky130_fd_sc_hd__o21a_1)
     1    0.002028    0.057998    0.230961    6.270087 v _311_/X (sky130_fd_sc_hd__o21a_1)
                                                         _016_ (net)
                      0.057998    0.000057    6.270144 v _452_/D (sky130_fd_sc_hd__dfxtp_1)
                                              6.270144   data arrival time

                                 25.000000   25.000000   clock clk (rise edge)
                                  0.000000   25.000000   clock source latency
     1    0.017755    0.134427    0.091131   25.091129 ^ clk (in)
                                                         clk (net)
                      0.134432    0.000000   25.091129 ^ clkbuf_0_clk/A (sky130_fd_sc_hd__clkbuf_16)
     4    0.040158    0.094951    0.279286   25.370417 ^ clkbuf_0_clk/X (sky130_fd_sc_hd__clkbuf_16)
                                                         clknet_0_clk (net)
                      0.094964    0.001151   25.371567 ^ clkbuf_2_1__f_clk/A (sky130_fd_sc_hd__clkbuf_16)
    12    0.045065    0.100585    0.267297   25.638865 ^ clkbuf_2_1__f_clk/X (sky130_fd_sc_hd__clkbuf_16)
                                                         clknet_2_1__leaf_clk (net)
                      0.100592    0.000901   25.639765 ^ _452_/CLK (sky130_fd_sc_hd__dfxtp_1)
                                 -0.250000   25.389765   clock uncertainty
                                  0.000000   25.389765   clock reconvergence pessimism
                                 -0.255753   25.134012   library setup time
                                             25.134012   data required time
---------------------------------------------------------------------------------------------
                                             25.134012   data required time
                                             -6.270144   data arrival time
---------------------------------------------------------------------------------------------
                                             18.863869   slack (MET)


Startpoint: reset (input port clocked by clk)
Endpoint: _487_ (rising edge-triggered flip-flop clocked by clk)
Path Group: clk
Path Type: max

Fanout         Cap        Slew       Delay        Time   Description
---------------------------------------------------------------------------------------------
                                  0.000000    0.000000   clock clk (rise edge)
                                  0.000000    0.000000   clock network delay (propagated)
                                  5.000000    5.000000 ^ input external delay
     1    0.002950    0.033244    0.016581    5.016581 ^ reset (in)
                                                         reset (net)
                      0.033244    0.000000    5.016581 ^ input11/A (sky130_fd_sc_hd__clkbuf_2)
     5    0.026071    0.228541    0.289230    5.305810 ^ input11/X (sky130_fd_sc_hd__clkbuf_2)
                                                         net11 (net)
                      0.228619    0.000603    5.306413 ^ fanout29/A (sky130_fd_sc_hd__buf_2)
    10    0.042197    0.331751    0.458254    5.764667 ^ fanout29/X (sky130_fd_sc_hd__buf_2)
                                                         net29 (net)
                      0.331781    0.003321    5.767988 ^ _224_/A (sky130_fd_sc_hd__inv_2)
     9    0.035268    0.178456    0.269566    6.037554 v _224_/Y (sky130_fd_sc_hd__inv_2)
                                                         _060_ (net)
                      0.178458    0.000892    6.038445 v _435_/B1 (sky130_fd_sc_hd__o21a_1)
     1    0.001917    0.057229    0.229750    6.268195 v _435_/X (sky130_fd_sc_hd__o21a_1)
                                                         _051_ (net)
                      0.057229    0.000054    6.268249 v _487_/D (sky130_fd_sc_hd__dfxtp_1)
                                              6.268249   data arrival time

                                 25.000000   25.000000   clock clk (rise edge)
                                  0.000000   25.000000   clock source latency
     1    0.017755    0.134427    0.091131   25.091129 ^ clk (in)
                                                         clk (net)
                      0.134432    0.000000   25.091129 ^ clkbuf_0_clk/A (sky130_fd_sc_hd__clkbuf_16)
     4    0.040158    0.094951    0.279286   25.370417 ^ clkbuf_0_clk/X (sky130_fd_sc_hd__clkbuf_16)
                                                         clknet_0_clk (net)
                      0.094961    0.001043   25.371458 ^ clkbuf_2_3__f_clk/A (sky130_fd_sc_hd__clkbuf_16)
    14    0.046175    0.102047    0.268466   25.639925 ^ clkbuf_2_3__f_clk/X (sky130_fd_sc_hd__clkbuf_16)
                                                         clknet_2_3__leaf_clk (net)
                      0.102059    0.001030   25.640955 ^ _487_/CLK (sky130_fd_sc_hd__dfxtp_1)
                                 -0.250000   25.390955   clock uncertainty
                                  0.000000   25.390955   clock reconvergence pessimism
                                 -0.255039   25.135918   library setup time
                                             25.135918   data required time
---------------------------------------------------------------------------------------------
                                             25.135918   data required time
                                             -6.268249   data arrival time
---------------------------------------------------------------------------------------------
                                             18.867668   slack (MET)


Startpoint: reset (input port clocked by clk)
Endpoint: _453_ (rising edge-triggered flip-flop clocked by clk)
Path Group: clk
Path Type: max

Fanout         Cap        Slew       Delay        Time   Description
---------------------------------------------------------------------------------------------
                                  0.000000    0.000000   clock clk (rise edge)
                                  0.000000    0.000000   clock network delay (propagated)
                                  5.000000    5.000000 v input external delay
     1    0.002765    0.018324    0.009122    5.009122 v reset (in)
                                                         reset (net)
                      0.018324    0.000000    5.009122 v input11/A (sky130_fd_sc_hd__clkbuf_2)
     5    0.025039    0.180832    0.267461    5.276583 v input11/X (sky130_fd_sc_hd__clkbuf_2)
                                                         net11 (net)
                      0.180832    0.000578    5.277161 v fanout29/A (sky130_fd_sc_hd__buf_2)
    10    0.040154    0.189859    0.415421    5.692582 v fanout29/X (sky130_fd_sc_hd__buf_2)
                                                         net29 (net)
                      0.189913    0.003060    5.695642 v _312_/B (sky130_fd_sc_hd__or2_1)
     1    0.002956    0.098070    0.505751    6.201393 v _312_/X (sky130_fd_sc_hd__or2_1)
                                                         _017_ (net)
                      0.098070    0.000096    6.201488 v _453_/D (sky130_fd_sc_hd__dfxtp_1)
                                              6.201488   data arrival time

                                 25.000000   25.000000   clock clk (rise edge)
                                  0.000000   25.000000   clock source latency
     1    0.017755    0.134427    0.091131   25.091129 ^ clk (in)
                                                         clk (net)
                      0.134432    0.000000   25.091129 ^ clkbuf_0_clk/A (sky130_fd_sc_hd__clkbuf_16)
     4    0.040158    0.094951    0.279286   25.370417 ^ clkbuf_0_clk/X (sky130_fd_sc_hd__clkbuf_16)
                                                         clknet_0_clk (net)
                      0.094961    0.001043   25.371458 ^ clkbuf_2_3__f_clk/A (sky130_fd_sc_hd__clkbuf_16)
    14    0.046175    0.102047    0.268466   25.639925 ^ clkbuf_2_3__f_clk/X (sky130_fd_sc_hd__clkbuf_16)
                                                         clknet_2_3__leaf_clk (net)
                      0.102061    0.001105   25.641029 ^ _453_/CLK (sky130_fd_sc_hd__dfxtp_1)
                                 -0.250000   25.391031   clock uncertainty
                                  0.000000   25.391031   clock reconvergence pessimism
                                 -0.272005   25.119026   library setup time
                                             25.119026   data required time
---------------------------------------------------------------------------------------------
                                             25.119026   data required time
                                             -6.201488   data arrival time
---------------------------------------------------------------------------------------------
                                             18.917536   slack (MET)


Startpoint: reset (input port clocked by clk)
Endpoint: _482_ (rising edge-triggered flip-flop clocked by clk)
Path Group: clk
Path Type: max

Fanout         Cap        Slew       Delay        Time   Description
---------------------------------------------------------------------------------------------
                                  0.000000    0.000000   clock clk (rise edge)
                                  0.000000    0.000000   clock network delay (propagated)
                                  5.000000    5.000000 v input external delay
     1    0.002765    0.018324    0.009122    5.009122 v reset (in)
                                                         reset (net)
                      0.018324    0.000000    5.009122 v input11/A (sky130_fd_sc_hd__clkbuf_2)
     5    0.025039    0.180832    0.267461    5.276583 v input11/X (sky130_fd_sc_hd__clkbuf_2)
                                                         net11 (net)
                      0.180832    0.000578    5.277161 v fanout29/A (sky130_fd_sc_hd__buf_2)
    10    0.040154    0.189859    0.415421    5.692582 v fanout29/X (sky130_fd_sc_hd__buf_2)
                                                         net29 (net)
                      0.189881    0.002117    5.694699 v _425_/B1 (sky130_fd_sc_hd__a31o_1)
     1    0.001962    0.058828    0.367227    6.061926 v _425_/X (sky130_fd_sc_hd__a31o_1)
                                                         _046_ (net)
                      0.058828    0.000056    6.061982 v _482_/D (sky130_fd_sc_hd__dfxtp_1)
                                              6.061982   data arrival time

                                 25.000000   25.000000   clock clk (rise edge)
                                  0.000000   25.000000   clock source latency
     1    0.017755    0.134427    0.091131   25.091129 ^ clk (in)
                                                         clk (net)
                      0.134432    0.000000   25.091129 ^ clkbuf_0_clk/A (sky130_fd_sc_hd__clkbuf_16)
     4    0.040158    0.094951    0.279286   25.370417 ^ clkbuf_0_clk/X (sky130_fd_sc_hd__clkbuf_16)
                                                         clknet_0_clk (net)
                      0.094964    0.001151   25.371567 ^ clkbuf_2_1__f_clk/A (sky130_fd_sc_hd__clkbuf_16)
    12    0.045065    0.100585    0.267297   25.638865 ^ clkbuf_2_1__f_clk/X (sky130_fd_sc_hd__clkbuf_16)
                                                         clknet_2_1__leaf_clk (net)
                      0.100588    0.000734   25.639597 ^ _482_/CLK (sky130_fd_sc_hd__dfxtp_1)
                                 -0.250000   25.389599   clock uncertainty
                                  0.000000   25.389599   clock reconvergence pessimism
                                 -0.256099   25.133499   library setup time
                                             25.133499   data required time
---------------------------------------------------------------------------------------------
                                             25.133499   data required time
                                             -6.061982   data arrival time
---------------------------------------------------------------------------------------------
                                             19.071518   slack (MET)


Startpoint: reset (input port clocked by clk)
Endpoint: _485_ (rising edge-triggered flip-flop clocked by clk)
Path Group: clk
Path Type: max

Fanout         Cap        Slew       Delay        Time   Description
---------------------------------------------------------------------------------------------
                                  0.000000    0.000000   clock clk (rise edge)
                                  0.000000    0.000000   clock network delay (propagated)
                                  5.000000    5.000000 ^ input external delay
     1    0.002950    0.033244    0.016581    5.016581 ^ reset (in)
                                                         reset (net)
                      0.033244    0.000000    5.016581 ^ input11/A (sky130_fd_sc_hd__clkbuf_2)
     5    0.026071    0.228541    0.289230    5.305810 ^ input11/X (sky130_fd_sc_hd__clkbuf_2)
                                                         net11 (net)
                      0.228619    0.000603    5.306413 ^ fanout29/A (sky130_fd_sc_hd__buf_2)
    10    0.042197    0.331751    0.458254    5.764667 ^ fanout29/X (sky130_fd_sc_hd__buf_2)
                                                         net29 (net)
                      0.331751    0.001001    5.765668 ^ _429_/A (sky130_fd_sc_hd__nor2_1)
     1    0.002016    0.078366    0.165968    5.931636 v _429_/Y (sky130_fd_sc_hd__nor2_1)
                                                         _049_ (net)
                      0.078366    0.000057    5.931693 v _485_/D (sky130_fd_sc_hd__dfxtp_1)
                                              5.931693   data arrival time

                                 25.000000   25.000000   clock clk (rise edge)
                                  0.000000   25.000000   clock source latency
     1    0.017755    0.134427    0.091131   25.091129 ^ clk (in)
                                                         clk (net)
                      0.134432    0.000000   25.091129 ^ clkbuf_0_clk/A (sky130_fd_sc_hd__clkbuf_16)
     4    0.040158    0.094951    0.279286   25.370417 ^ clkbuf_0_clk/X (sky130_fd_sc_hd__clkbuf_16)
                                                         clknet_0_clk (net)
                      0.094964    0.001151   25.371567 ^ clkbuf_2_1__f_clk/A (sky130_fd_sc_hd__clkbuf_16)
    12    0.045065    0.100585    0.267297   25.638865 ^ clkbuf_2_1__f_clk/X (sky130_fd_sc_hd__clkbuf_16)
                                                         clknet_2_1__leaf_clk (net)
                      0.100597    0.001041   25.639906 ^ _485_/CLK (sky130_fd_sc_hd__dfxtp_1)
                                 -0.250000   25.389906   clock uncertainty
                                  0.000000   25.389906   clock reconvergence pessimism
                                 -0.264214   25.125692   library setup time
                                             25.125692   data required time
---------------------------------------------------------------------------------------------
                                             25.125692   data required time
                                             -5.931693   data arrival time
---------------------------------------------------------------------------------------------
                                             19.194000   slack (MET)


Startpoint: reset (input port clocked by clk)
Endpoint: _454_ (rising edge-triggered flip-flop clocked by clk)
Path Group: clk
Path Type: max

Fanout         Cap        Slew       Delay        Time   Description
---------------------------------------------------------------------------------------------
                                  0.000000    0.000000   clock clk (rise edge)
                                  0.000000    0.000000   clock network delay (propagated)
                                  5.000000    5.000000 ^ input external delay
     1    0.002950    0.033244    0.016581    5.016581 ^ reset (in)
                                                         reset (net)
                      0.033244    0.000000    5.016581 ^ input11/A (sky130_fd_sc_hd__clkbuf_2)
     5    0.026071    0.228541    0.289230    5.305810 ^ input11/X (sky130_fd_sc_hd__clkbuf_2)
                                                         net11 (net)
                      0.228619    0.000603    5.306413 ^ fanout29/A (sky130_fd_sc_hd__buf_2)
    10    0.042197    0.331751    0.458254    5.764667 ^ fanout29/X (sky130_fd_sc_hd__buf_2)
                                                         net29 (net)
                      0.331781    0.003307    5.767974 ^ _313_/B (sky130_fd_sc_hd__nor2_1)
     1    0.002018    0.074347    0.143797    5.911772 v _313_/Y (sky130_fd_sc_hd__nor2_1)
                                                         _018_ (net)
                      0.074347    0.000056    5.911828 v _454_/D (sky130_fd_sc_hd__dfxtp_1)
                                              5.911828   data arrival time

                                 25.000000   25.000000   clock clk (rise edge)
                                  0.000000   25.000000   clock source latency
     1    0.017755    0.134427    0.091131   25.091129 ^ clk (in)
                                                         clk (net)
                      0.134432    0.000000   25.091129 ^ clkbuf_0_clk/A (sky130_fd_sc_hd__clkbuf_16)
     4    0.040158    0.094951    0.279286   25.370417 ^ clkbuf_0_clk/X (sky130_fd_sc_hd__clkbuf_16)
                                                         clknet_0_clk (net)
                      0.094961    0.001043   25.371458 ^ clkbuf_2_3__f_clk/A (sky130_fd_sc_hd__clkbuf_16)
    14    0.046175    0.102047    0.268466   25.639925 ^ clkbuf_2_3__f_clk/X (sky130_fd_sc_hd__clkbuf_16)
                                                         clknet_2_3__leaf_clk (net)
                      0.102062    0.001123   25.641047 ^ _454_/CLK (sky130_fd_sc_hd__dfxtp_1)
                                 -0.250000   25.391048   clock uncertainty
                                  0.000000   25.391048   clock reconvergence pessimism
                                 -0.262149   25.128899   library setup time
                                             25.128899   data required time
---------------------------------------------------------------------------------------------
                                             25.128899   data required time
                                             -5.911828   data arrival time
---------------------------------------------------------------------------------------------
                                             19.217072   slack (MET)


Startpoint: reset (input port clocked by clk)
Endpoint: _455_ (rising edge-triggered flip-flop clocked by clk)
Path Group: clk
Path Type: max

Fanout         Cap        Slew       Delay        Time   Description
---------------------------------------------------------------------------------------------
                                  0.000000    0.000000   clock clk (rise edge)
                                  0.000000    0.000000   clock network delay (propagated)
                                  5.000000    5.000000 ^ input external delay
     1    0.002950    0.033244    0.016581    5.016581 ^ reset (in)
                                                         reset (net)
                      0.033244    0.000000    5.016581 ^ input11/A (sky130_fd_sc_hd__clkbuf_2)
     5    0.026071    0.228541    0.289230    5.305810 ^ input11/X (sky130_fd_sc_hd__clkbuf_2)
                                                         net11 (net)
                      0.228649    0.002253    5.308063 ^ _314_/B (sky130_fd_sc_hd__nor2_1)
     1    0.002774    0.063628    0.129805    5.437868 v _314_/Y (sky130_fd_sc_hd__nor2_1)
                                                         _019_ (net)
                      0.063628    0.000062    5.437930 v _455_/D (sky130_fd_sc_hd__dfxtp_1)
                                              5.437930   data arrival time

                                 25.000000   25.000000   clock clk (rise edge)
                                  0.000000   25.000000   clock source latency
     1    0.017755    0.134427    0.091131   25.091129 ^ clk (in)
                                                         clk (net)
                      0.134432    0.000000   25.091129 ^ clkbuf_0_clk/A (sky130_fd_sc_hd__clkbuf_16)
     4    0.040158    0.094951    0.279286   25.370417 ^ clkbuf_0_clk/X (sky130_fd_sc_hd__clkbuf_16)
                                                         clknet_0_clk (net)
                      0.094961    0.001043   25.371458 ^ clkbuf_2_3__f_clk/A (sky130_fd_sc_hd__clkbuf_16)
    14    0.046175    0.102047    0.268466   25.639925 ^ clkbuf_2_3__f_clk/X (sky130_fd_sc_hd__clkbuf_16)
                                                         clknet_2_3__leaf_clk (net)
                      0.102059    0.001039   25.640965 ^ _455_/CLK (sky130_fd_sc_hd__dfxtp_1)
                                 -0.250000   25.390965   clock uncertainty
                                  0.000000   25.390965   clock reconvergence pessimism
                                 -0.257697   25.133266   library setup time
                                             25.133266   data required time
---------------------------------------------------------------------------------------------
                                             25.133266   data required time
                                             -5.437930   data arrival time
---------------------------------------------------------------------------------------------
                                             19.695337   slack (MET)


Startpoint: reset (input port clocked by clk)
Endpoint: _456_ (rising edge-triggered flip-flop clocked by clk)
Path Group: clk
Path Type: max

Fanout         Cap        Slew       Delay        Time   Description
---------------------------------------------------------------------------------------------
                                  0.000000    0.000000   clock clk (rise edge)
                                  0.000000    0.000000   clock network delay (propagated)
                                  5.000000    5.000000 ^ input external delay
     1    0.002950    0.033244    0.016581    5.016581 ^ reset (in)
                                                         reset (net)
                      0.033244    0.000000    5.016581 ^ input11/A (sky130_fd_sc_hd__clkbuf_2)
     5    0.026071    0.228541    0.289230    5.305810 ^ input11/X (sky130_fd_sc_hd__clkbuf_2)
                                                         net11 (net)
                      0.228649    0.002251    5.308061 ^ _315_/B (sky130_fd_sc_hd__nor2_1)
     1    0.002102    0.059502    0.121955    5.430016 v _315_/Y (sky130_fd_sc_hd__nor2_1)
                                                         _020_ (net)
                      0.059502    0.000059    5.430075 v _456_/D (sky130_fd_sc_hd__dfxtp_1)
                                              5.430075   data arrival time

                                 25.000000   25.000000   clock clk (rise edge)
                                  0.000000   25.000000   clock source latency
     1    0.017755    0.134427    0.091131   25.091129 ^ clk (in)
                                                         clk (net)
                      0.134432    0.000000   25.091129 ^ clkbuf_0_clk/A (sky130_fd_sc_hd__clkbuf_16)
     4    0.040158    0.094951    0.279286   25.370417 ^ clkbuf_0_clk/X (sky130_fd_sc_hd__clkbuf_16)
                                                         clknet_0_clk (net)
                      0.094961    0.001043   25.371458 ^ clkbuf_2_3__f_clk/A (sky130_fd_sc_hd__clkbuf_16)
    14    0.046175    0.102047    0.268466   25.639925 ^ clkbuf_2_3__f_clk/X (sky130_fd_sc_hd__clkbuf_16)
                                                         clknet_2_3__leaf_clk (net)
                      0.102061    0.001114   25.641039 ^ _456_/CLK (sky130_fd_sc_hd__dfxtp_1)
                                 -0.250000   25.391039   clock uncertainty
                                  0.000000   25.391039   clock reconvergence pessimism
                                 -0.255982   25.135057   library setup time
                                             25.135057   data required time
---------------------------------------------------------------------------------------------
                                             25.135057   data required time
                                             -5.430075   data arrival time
---------------------------------------------------------------------------------------------
                                             19.704981   slack (MET)



