
===========================================================================
report_checks -path_delay min (Hold)
============================================================================
======================= nom_ss_100C_1v60 Corner ===================================

Startpoint: _725_ (rising edge-triggered flip-flop clocked by wb_clk_i)
Endpoint: _725_ (rising edge-triggered flip-flop clocked by wb_clk_i)
Path Group: wb_clk_i
Path Type: min

Fanout         Cap        Slew       Delay        Time   Description
---------------------------------------------------------------------------------------------
                                  0.000000    0.000000   clock wb_clk_i (rise edge)
                                  0.000000    0.000000   clock source latency
     2    0.024010    0.178101    0.122636    0.122636 ^ wb_clk_i (in)
                                                         wb_clk_i (net)
                      0.178133    0.000000    0.122636 ^ clkbuf_0_wb_clk_i/A (sky130_fd_sc_hd__clkbuf_16)
    17    0.109159    0.188823    0.374197    0.496832 ^ clkbuf_0_wb_clk_i/X (sky130_fd_sc_hd__clkbuf_16)
                                                         clknet_0_wb_clk_i (net)
                      0.188846    0.002179    0.499011 ^ clkbuf_3_2__f_wb_clk_i/A (sky130_fd_sc_hd__clkbuf_16)
    14    0.042281    0.096840    0.307288    0.806299 ^ clkbuf_3_2__f_wb_clk_i/X (sky130_fd_sc_hd__clkbuf_16)
                                                         clknet_3_2__leaf_wb_clk_i (net)
                      0.096875    0.000832    0.807131 ^ _725_/CLK (sky130_fd_sc_hd__dfxtp_1)
     6    0.014599    0.141161    0.669541    1.476672 v _725_/Q (sky130_fd_sc_hd__dfxtp_1)
                                                         group_timeout_count[6] (net)
                      0.141161    0.000320    1.476992 v _518_/A (sky130_fd_sc_hd__nand2_1)
     1    0.002164    0.064154    0.111923    1.588915 ^ _518_/Y (sky130_fd_sc_hd__nand2_1)
                                                         _262_ (net)
                      0.064154    0.000062    1.588977 ^ _520_/B (sky130_fd_sc_hd__and3_1)
     1    0.002419    0.081864    0.280449    1.869426 ^ _520_/X (sky130_fd_sc_hd__and3_1)
                                                         _097_ (net)
                      0.081864    0.000066    1.869492 ^ _725_/D (sky130_fd_sc_hd__dfxtp_1)
                                              1.869492   data arrival time

                                  0.000000    0.000000   clock wb_clk_i (rise edge)
                                  0.000000    0.000000   clock source latency
     2    0.024010    0.178101    0.122636    0.122636 ^ wb_clk_i (in)
                                                         wb_clk_i (net)
                      0.178133    0.000000    0.122636 ^ clkbuf_0_wb_clk_i/A (sky130_fd_sc_hd__clkbuf_16)
    17    0.109159    0.188823    0.374197    0.496832 ^ clkbuf_0_wb_clk_i/X (sky130_fd_sc_hd__clkbuf_16)
                                                         clknet_0_wb_clk_i (net)
                      0.188846    0.002179    0.499011 ^ clkbuf_3_2__f_wb_clk_i/A (sky130_fd_sc_hd__clkbuf_16)
    14    0.042281    0.096840    0.307288    0.806299 ^ clkbuf_3_2__f_wb_clk_i/X (sky130_fd_sc_hd__clkbuf_16)
                                                         clknet_3_2__leaf_wb_clk_i (net)
                      0.096875    0.000832    0.807131 ^ _725_/CLK (sky130_fd_sc_hd__dfxtp_1)
                                  0.250000    1.057131   clock uncertainty
                                  0.000000    1.057131   clock reconvergence pessimism
                                 -0.070508    0.986623   library hold time
                                              0.986623   data required time
---------------------------------------------------------------------------------------------
                                              0.986623   data required time
                                             -1.869492   data arrival time
---------------------------------------------------------------------------------------------
                                              0.882868   slack (MET)


Startpoint: _760_ (rising edge-triggered flip-flop clocked by wb_clk_i)
Endpoint: _758_ (rising edge-triggered flip-flop clocked by wb_clk_i)
Path Group: wb_clk_i
Path Type: min

Fanout         Cap        Slew       Delay        Time   Description
---------------------------------------------------------------------------------------------
                                  0.000000    0.000000   clock wb_clk_i (rise edge)
                                  0.000000    0.000000   clock source latency
     2    0.024010    0.178101    0.122636    0.122636 ^ wb_clk_i (in)
                                                         wb_clk_i (net)
                      0.178133    0.000000    0.122636 ^ clkbuf_0_wb_clk_i/A (sky130_fd_sc_hd__clkbuf_16)
    17    0.109159    0.188823    0.374197    0.496832 ^ clkbuf_0_wb_clk_i/X (sky130_fd_sc_hd__clkbuf_16)
                                                         clknet_0_wb_clk_i (net)
                      0.188859    0.002590    0.499422 ^ clkbuf_3_7__f_wb_clk_i/A (sky130_fd_sc_hd__clkbuf_16)
    13    0.039512    0.093822    0.303284    0.802706 ^ clkbuf_3_7__f_wb_clk_i/X (sky130_fd_sc_hd__clkbuf_16)
                                                         clknet_3_7__leaf_wb_clk_i (net)
                      0.093862    0.001809    0.804514 ^ _760_/CLK (sky130_fd_sc_hd__dfxtp_1)
     4    0.014853    0.143293    0.669719    1.474234 v _760_/Q (sky130_fd_sc_hd__dfxtp_1)
                                                         global_timeout_count[15] (net)
                      0.143293    0.000408    1.474642 v _582_/A (sky130_fd_sc_hd__nand2_2)
     5    0.020709    0.182411    0.214516    1.689159 ^ _582_/Y (sky130_fd_sc_hd__nand2_2)
                                                         _306_ (net)
                      0.182411    0.000299    1.689458 ^ _617_/A1 (sky130_fd_sc_hd__a21oi_1)
     1    0.002044    0.066752    0.155308    1.844766 v _617_/Y (sky130_fd_sc_hd__a21oi_1)
                                                         _130_ (net)
                      0.066752    0.000059    1.844824 v _758_/D (sky130_fd_sc_hd__dfxtp_1)
                                              1.844824   data arrival time

                                  0.000000    0.000000   clock wb_clk_i (rise edge)
                                  0.000000    0.000000   clock source latency
     2    0.024010    0.178101    0.122636    0.122636 ^ wb_clk_i (in)
                                                         wb_clk_i (net)
                      0.178133    0.000000    0.122636 ^ clkbuf_0_wb_clk_i/A (sky130_fd_sc_hd__clkbuf_16)
    17    0.109159    0.188823    0.374197    0.496832 ^ clkbuf_0_wb_clk_i/X (sky130_fd_sc_hd__clkbuf_16)
                                                         clknet_0_wb_clk_i (net)
                      0.188859    0.002590    0.499422 ^ clkbuf_3_7__f_wb_clk_i/A (sky130_fd_sc_hd__clkbuf_16)
    13    0.039512    0.093822    0.303284    0.802706 ^ clkbuf_3_7__f_wb_clk_i/X (sky130_fd_sc_hd__clkbuf_16)
                                                         clknet_3_7__leaf_wb_clk_i (net)
                      0.093860    0.001762    0.804468 ^ _758_/CLK (sky130_fd_sc_hd__dfxtp_1)
                                  0.250000    1.054468   clock uncertainty
                                  0.000000    1.054468   clock reconvergence pessimism
                                 -0.098177    0.956291   library hold time
                                              0.956291   data required time
---------------------------------------------------------------------------------------------
                                              0.956291   data required time
                                             -1.844824   data arrival time
---------------------------------------------------------------------------------------------
                                              0.888534   slack (MET)


Startpoint: _760_ (rising edge-triggered flip-flop clocked by wb_clk_i)
Endpoint: _756_ (rising edge-triggered flip-flop clocked by wb_clk_i)
Path Group: wb_clk_i
Path Type: min

Fanout         Cap        Slew       Delay        Time   Description
---------------------------------------------------------------------------------------------
                                  0.000000    0.000000   clock wb_clk_i (rise edge)
                                  0.000000    0.000000   clock source latency
     2    0.024010    0.178101    0.122636    0.122636 ^ wb_clk_i (in)
                                                         wb_clk_i (net)
                      0.178133    0.000000    0.122636 ^ clkbuf_0_wb_clk_i/A (sky130_fd_sc_hd__clkbuf_16)
    17    0.109159    0.188823    0.374197    0.496832 ^ clkbuf_0_wb_clk_i/X (sky130_fd_sc_hd__clkbuf_16)
                                                         clknet_0_wb_clk_i (net)
                      0.188859    0.002590    0.499422 ^ clkbuf_3_7__f_wb_clk_i/A (sky130_fd_sc_hd__clkbuf_16)
    13    0.039512    0.093822    0.303284    0.802706 ^ clkbuf_3_7__f_wb_clk_i/X (sky130_fd_sc_hd__clkbuf_16)
                                                         clknet_3_7__leaf_wb_clk_i (net)
                      0.093862    0.001809    0.804514 ^ _760_/CLK (sky130_fd_sc_hd__dfxtp_1)
     4    0.014853    0.143293    0.669719    1.474234 v _760_/Q (sky130_fd_sc_hd__dfxtp_1)
                                                         global_timeout_count[15] (net)
                      0.143293    0.000408    1.474642 v _582_/A (sky130_fd_sc_hd__nand2_2)
     5    0.020709    0.182411    0.214516    1.689159 ^ _582_/Y (sky130_fd_sc_hd__nand2_2)
                                                         _306_ (net)
                      0.182470    0.000451    1.689610 ^ _612_/A1 (sky130_fd_sc_hd__a21oi_1)
     1    0.002083    0.066956    0.155852    1.845461 v _612_/Y (sky130_fd_sc_hd__a21oi_1)
                                                         _128_ (net)
                      0.066956    0.000041    1.845502 v _756_/D (sky130_fd_sc_hd__dfxtp_1)
                                              1.845502   data arrival time

                                  0.000000    0.000000   clock wb_clk_i (rise edge)
                                  0.000000    0.000000   clock source latency
     2    0.024010    0.178101    0.122636    0.122636 ^ wb_clk_i (in)
                                                         wb_clk_i (net)
                      0.178133    0.000000    0.122636 ^ clkbuf_0_wb_clk_i/A (sky130_fd_sc_hd__clkbuf_16)
    17    0.109159    0.188823    0.374197    0.496832 ^ clkbuf_0_wb_clk_i/X (sky130_fd_sc_hd__clkbuf_16)
                                                         clknet_0_wb_clk_i (net)
                      0.188859    0.002590    0.499422 ^ clkbuf_3_7__f_wb_clk_i/A (sky130_fd_sc_hd__clkbuf_16)
    13    0.039512    0.093822    0.303284    0.802706 ^ clkbuf_3_7__f_wb_clk_i/X (sky130_fd_sc_hd__clkbuf_16)
                                                         clknet_3_7__leaf_wb_clk_i (net)
                      0.093829    0.000915    0.803621 ^ _756_/CLK (sky130_fd_sc_hd__dfxtp_1)
                                  0.250000    1.053621   clock uncertainty
                                  0.000000    1.053621   clock reconvergence pessimism
                                 -0.098261    0.955360   library hold time
                                              0.955360   data required time
---------------------------------------------------------------------------------------------
                                              0.955360   data required time
                                             -1.845502   data arrival time
---------------------------------------------------------------------------------------------
                                              0.890143   slack (MET)


Startpoint: _760_ (rising edge-triggered flip-flop clocked by wb_clk_i)
Endpoint: _754_ (rising edge-triggered flip-flop clocked by wb_clk_i)
Path Group: wb_clk_i
Path Type: min

Fanout         Cap        Slew       Delay        Time   Description
---------------------------------------------------------------------------------------------
                                  0.000000    0.000000   clock wb_clk_i (rise edge)
                                  0.000000    0.000000   clock source latency
     2    0.024010    0.178101    0.122636    0.122636 ^ wb_clk_i (in)
                                                         wb_clk_i (net)
                      0.178133    0.000000    0.122636 ^ clkbuf_0_wb_clk_i/A (sky130_fd_sc_hd__clkbuf_16)
    17    0.109159    0.188823    0.374197    0.496832 ^ clkbuf_0_wb_clk_i/X (sky130_fd_sc_hd__clkbuf_16)
                                                         clknet_0_wb_clk_i (net)
                      0.188859    0.002590    0.499422 ^ clkbuf_3_7__f_wb_clk_i/A (sky130_fd_sc_hd__clkbuf_16)
    13    0.039512    0.093822    0.303284    0.802706 ^ clkbuf_3_7__f_wb_clk_i/X (sky130_fd_sc_hd__clkbuf_16)
                                                         clknet_3_7__leaf_wb_clk_i (net)
                      0.093862    0.001809    0.804514 ^ _760_/CLK (sky130_fd_sc_hd__dfxtp_1)
     4    0.014853    0.143293    0.669719    1.474234 v _760_/Q (sky130_fd_sc_hd__dfxtp_1)
                                                         global_timeout_count[15] (net)
                      0.143293    0.000408    1.474642 v _582_/A (sky130_fd_sc_hd__nand2_2)
     5    0.020709    0.182411    0.214516    1.689159 ^ _582_/Y (sky130_fd_sc_hd__nand2_2)
                                                         _306_ (net)
                      0.182470    0.000554    1.689712 ^ _607_/A1 (sky130_fd_sc_hd__a21oi_1)
     1    0.002206    0.079422    0.157452    1.847164 v _607_/Y (sky130_fd_sc_hd__a21oi_1)
                                                         _126_ (net)
                      0.079422    0.000062    1.847226 v _754_/D (sky130_fd_sc_hd__dfxtp_1)
                                              1.847226   data arrival time

                                  0.000000    0.000000   clock wb_clk_i (rise edge)
                                  0.000000    0.000000   clock source latency
     2    0.024010    0.178101    0.122636    0.122636 ^ wb_clk_i (in)
                                                         wb_clk_i (net)
                      0.178133    0.000000    0.122636 ^ clkbuf_0_wb_clk_i/A (sky130_fd_sc_hd__clkbuf_16)
    17    0.109159    0.188823    0.374197    0.496832 ^ clkbuf_0_wb_clk_i/X (sky130_fd_sc_hd__clkbuf_16)
                                                         clknet_0_wb_clk_i (net)
                      0.188896    0.003474    0.500306 ^ clkbuf_3_5__f_wb_clk_i/A (sky130_fd_sc_hd__clkbuf_16)
    14    0.041698    0.096037    0.306428    0.806734 ^ clkbuf_3_5__f_wb_clk_i/X (sky130_fd_sc_hd__clkbuf_16)
                                                         clknet_3_5__leaf_wb_clk_i (net)
                      0.096088    0.001386    0.808120 ^ _754_/CLK (sky130_fd_sc_hd__dfxtp_1)
                                  0.250000    1.058120   clock uncertainty
                                  0.000000    1.058120   clock reconvergence pessimism
                                 -0.102431    0.955690   library hold time
                                              0.955690   data required time
---------------------------------------------------------------------------------------------
                                              0.955690   data required time
                                             -1.847226   data arrival time
---------------------------------------------------------------------------------------------
                                              0.891536   slack (MET)


Startpoint: _758_ (rising edge-triggered flip-flop clocked by wb_clk_i)
Endpoint: _759_ (rising edge-triggered flip-flop clocked by wb_clk_i)
Path Group: wb_clk_i
Path Type: min

Fanout         Cap        Slew       Delay        Time   Description
---------------------------------------------------------------------------------------------
                                  0.000000    0.000000   clock wb_clk_i (rise edge)
                                  0.000000    0.000000   clock source latency
     2    0.024010    0.178101    0.122636    0.122636 ^ wb_clk_i (in)
                                                         wb_clk_i (net)
                      0.178133    0.000000    0.122636 ^ clkbuf_0_wb_clk_i/A (sky130_fd_sc_hd__clkbuf_16)
    17    0.109159    0.188823    0.374197    0.496832 ^ clkbuf_0_wb_clk_i/X (sky130_fd_sc_hd__clkbuf_16)
                                                         clknet_0_wb_clk_i (net)
                      0.188859    0.002590    0.499422 ^ clkbuf_3_7__f_wb_clk_i/A (sky130_fd_sc_hd__clkbuf_16)
    13    0.039512    0.093822    0.303284    0.802706 ^ clkbuf_3_7__f_wb_clk_i/X (sky130_fd_sc_hd__clkbuf_16)
                                                         clknet_3_7__leaf_wb_clk_i (net)
                      0.093860    0.001762    0.804468 ^ _758_/CLK (sky130_fd_sc_hd__dfxtp_1)
     5    0.018645    0.175100    0.693608    1.498076 v _758_/Q (sky130_fd_sc_hd__dfxtp_1)
                                                         global_timeout_count[13] (net)
                      0.175100    0.000357    1.498433 v _618_/A1 (sky130_fd_sc_hd__a21oi_1)
     1    0.003122    0.154630    0.253205    1.751637 ^ _618_/Y (sky130_fd_sc_hd__a21oi_1)
                                                         _328_ (net)
                      0.154630    0.000066    1.751703 ^ _619_/B1 (sky130_fd_sc_hd__a211oi_1)
     1    0.002804    0.068647    0.117317    1.869021 v _619_/Y (sky130_fd_sc_hd__a211oi_1)
                                                         _131_ (net)
                      0.068647    0.000066    1.869086 v _759_/D (sky130_fd_sc_hd__dfxtp_1)
                                              1.869086   data arrival time

                                  0.000000    0.000000   clock wb_clk_i (rise edge)
                                  0.000000    0.000000   clock source latency
     2    0.024010    0.178101    0.122636    0.122636 ^ wb_clk_i (in)
                                                         wb_clk_i (net)
                      0.178133    0.000000    0.122636 ^ clkbuf_0_wb_clk_i/A (sky130_fd_sc_hd__clkbuf_16)
    17    0.109159    0.188823    0.374197    0.496832 ^ clkbuf_0_wb_clk_i/X (sky130_fd_sc_hd__clkbuf_16)
                                                         clknet_0_wb_clk_i (net)
                      0.188859    0.002590    0.499422 ^ clkbuf_3_7__f_wb_clk_i/A (sky130_fd_sc_hd__clkbuf_16)
    13    0.039512    0.093822    0.303284    0.802706 ^ clkbuf_3_7__f_wb_clk_i/X (sky130_fd_sc_hd__clkbuf_16)
                                                         clknet_3_7__leaf_wb_clk_i (net)
                      0.093864    0.001847    0.804553 ^ _759_/CLK (sky130_fd_sc_hd__dfxtp_1)
                                  0.250000    1.054553   clock uncertainty
                                  0.000000    1.054553   clock reconvergence pessimism
                                 -0.098892    0.955661   library hold time
                                              0.955661   data required time
---------------------------------------------------------------------------------------------
                                              0.955661   data required time
                                             -1.869086   data arrival time
---------------------------------------------------------------------------------------------
                                              0.913426   slack (MET)


Startpoint: _719_ (rising edge-triggered flip-flop clocked by wb_clk_i)
Endpoint: _687_ (rising edge-triggered flip-flop clocked by wb_clk_i)
Path Group: wb_clk_i
Path Type: min

Fanout         Cap        Slew       Delay        Time   Description
---------------------------------------------------------------------------------------------
                                  0.000000    0.000000   clock wb_clk_i (rise edge)
                                  0.000000    0.000000   clock source latency
     2    0.024010    0.178101    0.122636    0.122636 ^ wb_clk_i (in)
                                                         wb_clk_i (net)
                      0.178133    0.000000    0.122636 ^ clkbuf_0_wb_clk_i/A (sky130_fd_sc_hd__clkbuf_16)
    17    0.109159    0.188823    0.374197    0.496832 ^ clkbuf_0_wb_clk_i/X (sky130_fd_sc_hd__clkbuf_16)
                                                         clknet_0_wb_clk_i (net)
                      0.188846    0.002179    0.499011 ^ clkbuf_3_2__f_wb_clk_i/A (sky130_fd_sc_hd__clkbuf_16)
    14    0.042281    0.096840    0.307288    0.806299 ^ clkbuf_3_2__f_wb_clk_i/X (sky130_fd_sc_hd__clkbuf_16)
                                                         clknet_3_2__leaf_wb_clk_i (net)
                      0.096888    0.001169    0.807469 ^ _719_/CLK (sky130_fd_sc_hd__dfxtp_1)
     8    0.022504    0.207644    0.719062    1.526531 v _719_/Q (sky130_fd_sc_hd__dfxtp_1)
                                                         group_timeout_count[0] (net)
                      0.207646    0.000986    1.527516 v _413_/A (sky130_fd_sc_hd__and3_1)
     1    0.002577    0.063155    0.352753    1.880269 v _413_/X (sky130_fd_sc_hd__and3_1)
                                                         _013_ (net)
                      0.063155    0.000078    1.880347 v _687_/D (sky130_fd_sc_hd__dfrtp_1)
                                              1.880347   data arrival time

                                  0.000000    0.000000   clock wb_clk_i (rise edge)
                                  0.000000    0.000000   clock source latency
     2    0.024010    0.178101    0.122636    0.122636 ^ wb_clk_i (in)
                                                         wb_clk_i (net)
                      0.178133    0.000000    0.122636 ^ clkbuf_0_wb_clk_i/A (sky130_fd_sc_hd__clkbuf_16)
    17    0.109159    0.188823    0.374197    0.496832 ^ clkbuf_0_wb_clk_i/X (sky130_fd_sc_hd__clkbuf_16)
                                                         clknet_0_wb_clk_i (net)
                      0.188869    0.002860    0.499693 ^ clkbuf_3_0__f_wb_clk_i/A (sky130_fd_sc_hd__clkbuf_16)
    13    0.039657    0.094181    0.303547    0.803240 ^ clkbuf_3_0__f_wb_clk_i/X (sky130_fd_sc_hd__clkbuf_16)
                                                         clknet_3_0__leaf_wb_clk_i (net)
                      0.094184    0.000709    0.803949 ^ _687_/CLK (sky130_fd_sc_hd__dfrtp_1)
                                  0.250000    1.053949   clock uncertainty
                                  0.000000    1.053949   clock reconvergence pessimism
                                 -0.088811    0.965138   library hold time
                                              0.965138   data required time
---------------------------------------------------------------------------------------------
                                              0.965138   data required time
                                             -1.880347   data arrival time
---------------------------------------------------------------------------------------------
                                              0.915209   slack (MET)


Startpoint: _721_ (rising edge-triggered flip-flop clocked by wb_clk_i)
Endpoint: _721_ (rising edge-triggered flip-flop clocked by wb_clk_i)
Path Group: wb_clk_i
Path Type: min

Fanout         Cap        Slew       Delay        Time   Description
---------------------------------------------------------------------------------------------
                                  0.000000    0.000000   clock wb_clk_i (rise edge)
                                  0.000000    0.000000   clock source latency
     2    0.024010    0.178101    0.122636    0.122636 ^ wb_clk_i (in)
                                                         wb_clk_i (net)
                      0.178133    0.000000    0.122636 ^ clkbuf_0_wb_clk_i/A (sky130_fd_sc_hd__clkbuf_16)
    17    0.109159    0.188823    0.374197    0.496832 ^ clkbuf_0_wb_clk_i/X (sky130_fd_sc_hd__clkbuf_16)
                                                         clknet_0_wb_clk_i (net)
                      0.188846    0.002179    0.499011 ^ clkbuf_3_2__f_wb_clk_i/A (sky130_fd_sc_hd__clkbuf_16)
    14    0.042281    0.096840    0.307288    0.806299 ^ clkbuf_3_2__f_wb_clk_i/X (sky130_fd_sc_hd__clkbuf_16)
                                                         clknet_3_2__leaf_wb_clk_i (net)
                      0.096892    0.001259    0.807558 ^ _721_/CLK (sky130_fd_sc_hd__dfxtp_1)
     6    0.016993    0.161213    0.684659    1.492217 v _721_/Q (sky130_fd_sc_hd__dfxtp_1)
                                                         group_timeout_count[2] (net)
                      0.161213    0.000337    1.492555 v _506_/A (sky130_fd_sc_hd__nand3_1)
     1    0.002602    0.086147    0.141769    1.634323 ^ _506_/Y (sky130_fd_sc_hd__nand3_1)
                                                         _254_ (net)
                      0.086147    0.000080    1.634403 ^ _508_/B (sky130_fd_sc_hd__and3_1)
     1    0.001918    0.075693    0.281493    1.915896 ^ _508_/X (sky130_fd_sc_hd__and3_1)
                                                         _093_ (net)
                      0.075693    0.000053    1.915949 ^ _721_/D (sky130_fd_sc_hd__dfxtp_1)
                                              1.915949   data arrival time

                                  0.000000    0.000000   clock wb_clk_i (rise edge)
                                  0.000000    0.000000   clock source latency
     2    0.024010    0.178101    0.122636    0.122636 ^ wb_clk_i (in)
                                                         wb_clk_i (net)
                      0.178133    0.000000    0.122636 ^ clkbuf_0_wb_clk_i/A (sky130_fd_sc_hd__clkbuf_16)
    17    0.109159    0.188823    0.374197    0.496832 ^ clkbuf_0_wb_clk_i/X (sky130_fd_sc_hd__clkbuf_16)
                                                         clknet_0_wb_clk_i (net)
                      0.188846    0.002179    0.499011 ^ clkbuf_3_2__f_wb_clk_i/A (sky130_fd_sc_hd__clkbuf_16)
    14    0.042281    0.096840    0.307288    0.806299 ^ clkbuf_3_2__f_wb_clk_i/X (sky130_fd_sc_hd__clkbuf_16)
                                                         clknet_3_2__leaf_wb_clk_i (net)
                      0.096892    0.001259    0.807558 ^ _721_/CLK (sky130_fd_sc_hd__dfxtp_1)
                                  0.250000    1.057558   clock uncertainty
                                  0.000000    1.057558   clock reconvergence pessimism
                                 -0.069070    0.988488   library hold time
                                              0.988488   data required time
---------------------------------------------------------------------------------------------
                                              0.988488   data required time
                                             -1.915949   data arrival time
---------------------------------------------------------------------------------------------
                                              0.927461   slack (MET)


Startpoint: _742_ (rising edge-triggered flip-flop clocked by wb_clk_i)
Endpoint: _737_ (rising edge-triggered flip-flop clocked by wb_clk_i)
Path Group: wb_clk_i
Path Type: min

Fanout         Cap        Slew       Delay        Time   Description
---------------------------------------------------------------------------------------------
                                  0.000000    0.000000   clock wb_clk_i (rise edge)
                                  0.000000    0.000000   clock source latency
     2    0.024010    0.178101    0.122636    0.122636 ^ wb_clk_i (in)
                                                         wb_clk_i (net)
                      0.178133    0.000000    0.122636 ^ clkbuf_0_wb_clk_i/A (sky130_fd_sc_hd__clkbuf_16)
    17    0.109159    0.188823    0.374197    0.496832 ^ clkbuf_0_wb_clk_i/X (sky130_fd_sc_hd__clkbuf_16)
                                                         clknet_0_wb_clk_i (net)
                      0.188845    0.002161    0.498994 ^ clkbuf_3_6__f_wb_clk_i/A (sky130_fd_sc_hd__clkbuf_16)
    10    0.042134    0.096653    0.307133    0.806127 ^ clkbuf_3_6__f_wb_clk_i/X (sky130_fd_sc_hd__clkbuf_16)
                                                         clknet_3_6__leaf_wb_clk_i (net)
                      0.096693    0.001055    0.807182 ^ _742_/CLK (sky130_fd_sc_hd__dfxtp_1)
     8    0.025972    0.236978    0.740436    1.547618 v _742_/Q (sky130_fd_sc_hd__dfxtp_1)
                                                         u_system.u_global.state[1] (net)
                      0.236985    0.001528    1.549146 v _549_/A (sky130_fd_sc_hd__and2_1)
     1    0.001836    0.058473    0.344555    1.893702 v _549_/X (sky130_fd_sc_hd__and2_1)
                                                         _109_ (net)
                      0.058473    0.000036    1.893737 v _737_/D (sky130_fd_sc_hd__dfxtp_1)
                                              1.893737   data arrival time

                                  0.000000    0.000000   clock wb_clk_i (rise edge)
                                  0.000000    0.000000   clock source latency
     2    0.024010    0.178101    0.122636    0.122636 ^ wb_clk_i (in)
                                                         wb_clk_i (net)
                      0.178133    0.000000    0.122636 ^ clkbuf_0_wb_clk_i/A (sky130_fd_sc_hd__clkbuf_16)
    17    0.109159    0.188823    0.374197    0.496832 ^ clkbuf_0_wb_clk_i/X (sky130_fd_sc_hd__clkbuf_16)
                                                         clknet_0_wb_clk_i (net)
                      0.188845    0.002161    0.498994 ^ clkbuf_3_6__f_wb_clk_i/A (sky130_fd_sc_hd__clkbuf_16)
    10    0.042134    0.096653    0.307133    0.806127 ^ clkbuf_3_6__f_wb_clk_i/X (sky130_fd_sc_hd__clkbuf_16)
                                                         clknet_3_6__leaf_wb_clk_i (net)
                      0.096700    0.001233    0.807360 ^ _737_/CLK (sky130_fd_sc_hd__dfxtp_1)
                                  0.250000    1.057360   clock uncertainty
                                  0.000000    1.057360   clock reconvergence pessimism
                                 -0.094365    0.962995   library hold time
                                              0.962995   data required time
---------------------------------------------------------------------------------------------
                                              0.962995   data required time
                                             -1.893737   data arrival time
---------------------------------------------------------------------------------------------
                                              0.930743   slack (MET)


Startpoint: _703_ (rising edge-triggered flip-flop clocked by wb_clk_i)
Endpoint: _703_ (rising edge-triggered flip-flop clocked by wb_clk_i)
Path Group: wb_clk_i
Path Type: min

Fanout         Cap        Slew       Delay        Time   Description
---------------------------------------------------------------------------------------------
                                  0.000000    0.000000   clock wb_clk_i (rise edge)
                                  0.000000    0.000000   clock source latency
     2    0.024010    0.178101    0.122636    0.122636 ^ wb_clk_i (in)
                                                         wb_clk_i (net)
                      0.178133    0.000000    0.122636 ^ clkbuf_0_wb_clk_i/A (sky130_fd_sc_hd__clkbuf_16)
    17    0.109159    0.188823    0.374197    0.496832 ^ clkbuf_0_wb_clk_i/X (sky130_fd_sc_hd__clkbuf_16)
                                                         clknet_0_wb_clk_i (net)
                      0.188896    0.003474    0.500306 ^ clkbuf_3_5__f_wb_clk_i/A (sky130_fd_sc_hd__clkbuf_16)
    14    0.041698    0.096037    0.306428    0.806734 ^ clkbuf_3_5__f_wb_clk_i/X (sky130_fd_sc_hd__clkbuf_16)
                                                         clknet_3_5__leaf_wb_clk_i (net)
                      0.096101    0.001639    0.808373 ^ _703_/CLK (sky130_fd_sc_hd__dfrtp_1)
     2    0.005061    0.105342    0.676351    1.484724 ^ _703_/Q (sky130_fd_sc_hd__dfrtp_1)
                                                         net36 (net)
                      0.105342    0.000115    1.484840 ^ _364_/A_N (sky130_fd_sc_hd__and3b_1)
     3    0.007253    0.101311    0.404311    1.889150 v _364_/X (sky130_fd_sc_hd__and3b_1)
                                                         _005_ (net)
                      0.101311    0.000235    1.889385 v _703_/D (sky130_fd_sc_hd__dfrtp_1)
                                              1.889385   data arrival time

                                  0.000000    0.000000   clock wb_clk_i (rise edge)
                                  0.000000    0.000000   clock source latency
     2    0.024010    0.178101    0.122636    0.122636 ^ wb_clk_i (in)
                                                         wb_clk_i (net)
                      0.178133    0.000000    0.122636 ^ clkbuf_0_wb_clk_i/A (sky130_fd_sc_hd__clkbuf_16)
    17    0.109159    0.188823    0.374197    0.496832 ^ clkbuf_0_wb_clk_i/X (sky130_fd_sc_hd__clkbuf_16)
                                                         clknet_0_wb_clk_i (net)
                      0.188896    0.003474    0.500306 ^ clkbuf_3_5__f_wb_clk_i/A (sky130_fd_sc_hd__clkbuf_16)
    14    0.041698    0.096037    0.306428    0.806734 ^ clkbuf_3_5__f_wb_clk_i/X (sky130_fd_sc_hd__clkbuf_16)
                                                         clknet_3_5__leaf_wb_clk_i (net)
                      0.096101    0.001639    0.808373 ^ _703_/CLK (sky130_fd_sc_hd__dfrtp_1)
                                  0.250000    1.058373   clock uncertainty
                                  0.000000    1.058373   clock reconvergence pessimism
                                 -0.102510    0.955862   library hold time
                                              0.955862   data required time
---------------------------------------------------------------------------------------------
                                              0.955862   data required time
                                             -1.889385   data arrival time
---------------------------------------------------------------------------------------------
                                              0.933523   slack (MET)


Startpoint: _764_ (rising edge-triggered flip-flop clocked by wb_clk_i)
Endpoint: _764_ (rising edge-triggered flip-flop clocked by wb_clk_i)
Path Group: wb_clk_i
Path Type: min

Fanout         Cap        Slew       Delay        Time   Description
---------------------------------------------------------------------------------------------
                                  0.000000    0.000000   clock wb_clk_i (rise edge)
                                  0.000000    0.000000   clock source latency
     2    0.024010    0.178101    0.122636    0.122636 ^ wb_clk_i (in)
                                                         wb_clk_i (net)
                      0.178133    0.000000    0.122636 ^ clkbuf_0_wb_clk_i/A (sky130_fd_sc_hd__clkbuf_16)
    17    0.109159    0.188823    0.374197    0.496832 ^ clkbuf_0_wb_clk_i/X (sky130_fd_sc_hd__clkbuf_16)
                                                         clknet_0_wb_clk_i (net)
                      0.188853    0.002430    0.499263 ^ clkbuf_3_1__f_wb_clk_i/A (sky130_fd_sc_hd__clkbuf_16)
    15    0.042068    0.096612    0.307174    0.806437 ^ clkbuf_3_1__f_wb_clk_i/X (sky130_fd_sc_hd__clkbuf_16)
                                                         clknet_3_1__leaf_wb_clk_i (net)
                      0.096631    0.000604    0.807041 ^ _764_/CLK (sky130_fd_sc_hd__dfxtp_1)
     5    0.021855    0.202193    0.714834    1.521875 v _764_/Q (sky130_fd_sc_hd__dfxtp_1)
                                                         sticky_tamper_core (net)
                      0.202193    0.000417    1.522292 v _628_/A1 (sky130_fd_sc_hd__o21a_1)
     1    0.002027    0.051465    0.377417    1.899709 v _628_/X (sky130_fd_sc_hd__o21a_1)
                                                         _136_ (net)
                      0.051465    0.000058    1.899766 v _764_/D (sky130_fd_sc_hd__dfxtp_1)
                                              1.899766   data arrival time

                                  0.000000    0.000000   clock wb_clk_i (rise edge)
                                  0.000000    0.000000   clock source latency
     2    0.024010    0.178101    0.122636    0.122636 ^ wb_clk_i (in)
                                                         wb_clk_i (net)
                      0.178133    0.000000    0.122636 ^ clkbuf_0_wb_clk_i/A (sky130_fd_sc_hd__clkbuf_16)
    17    0.109159    0.188823    0.374197    0.496832 ^ clkbuf_0_wb_clk_i/X (sky130_fd_sc_hd__clkbuf_16)
                                                         clknet_0_wb_clk_i (net)
                      0.188853    0.002430    0.499263 ^ clkbuf_3_1__f_wb_clk_i/A (sky130_fd_sc_hd__clkbuf_16)
    15    0.042068    0.096612    0.307174    0.806437 ^ clkbuf_3_1__f_wb_clk_i/X (sky130_fd_sc_hd__clkbuf_16)
                                                         clknet_3_1__leaf_wb_clk_i (net)
                      0.096631    0.000604    0.807041 ^ _764_/CLK (sky130_fd_sc_hd__dfxtp_1)
                                  0.250000    1.057041   clock uncertainty
                                  0.000000    1.057041   clock reconvergence pessimism
                                 -0.091733    0.965308   library hold time
                                              0.965308   data required time
---------------------------------------------------------------------------------------------
                                              0.965308   data required time
                                             -1.899766   data arrival time
---------------------------------------------------------------------------------------------
                                              0.934458   slack (MET)


Startpoint: _743_ (rising edge-triggered flip-flop clocked by wb_clk_i)
Endpoint: _738_ (rising edge-triggered flip-flop clocked by wb_clk_i)
Path Group: wb_clk_i
Path Type: min

Fanout         Cap        Slew       Delay        Time   Description
---------------------------------------------------------------------------------------------
                                  0.000000    0.000000   clock wb_clk_i (rise edge)
                                  0.000000    0.000000   clock source latency
     2    0.024010    0.178101    0.122636    0.122636 ^ wb_clk_i (in)
                                                         wb_clk_i (net)
                      0.178133    0.000000    0.122636 ^ clkbuf_0_wb_clk_i/A (sky130_fd_sc_hd__clkbuf_16)
    17    0.109159    0.188823    0.374197    0.496832 ^ clkbuf_0_wb_clk_i/X (sky130_fd_sc_hd__clkbuf_16)
                                                         clknet_0_wb_clk_i (net)
                      0.188845    0.002161    0.498994 ^ clkbuf_3_6__f_wb_clk_i/A (sky130_fd_sc_hd__clkbuf_16)
    10    0.042134    0.096653    0.307133    0.806127 ^ clkbuf_3_6__f_wb_clk_i/X (sky130_fd_sc_hd__clkbuf_16)
                                                         clknet_3_6__leaf_wb_clk_i (net)
                      0.096689    0.000963    0.807089 ^ _743_/CLK (sky130_fd_sc_hd__dfxtp_1)
     4    0.020792    0.193193    0.708304    1.515393 v _743_/Q (sky130_fd_sc_hd__dfxtp_1)
                                                         u_system.u_global.state[2] (net)
                      0.193193    0.000460    1.515853 v _334_/A (sky130_fd_sc_hd__inv_2)
     6    0.026788    0.203104    0.245711    1.761565 ^ _334_/Y (sky130_fd_sc_hd__inv_2)
                                                         _139_ (net)
                      0.203104    0.000500    1.762065 ^ _550_/A (sky130_fd_sc_hd__nor2_1)
     1    0.002994    0.065095    0.137470    1.899535 v _550_/Y (sky130_fd_sc_hd__nor2_1)
                                                         _110_ (net)
                      0.065095    0.000089    1.899624 v _738_/D (sky130_fd_sc_hd__dfxtp_1)
                                              1.899624   data arrival time

                                  0.000000    0.000000   clock wb_clk_i (rise edge)
                                  0.000000    0.000000   clock source latency
     2    0.024010    0.178101    0.122636    0.122636 ^ wb_clk_i (in)
                                                         wb_clk_i (net)
                      0.178133    0.000000    0.122636 ^ clkbuf_0_wb_clk_i/A (sky130_fd_sc_hd__clkbuf_16)
    17    0.109159    0.188823    0.374197    0.496832 ^ clkbuf_0_wb_clk_i/X (sky130_fd_sc_hd__clkbuf_16)
                                                         clknet_0_wb_clk_i (net)
                      0.188845    0.002161    0.498994 ^ clkbuf_3_6__f_wb_clk_i/A (sky130_fd_sc_hd__clkbuf_16)
    10    0.042134    0.096653    0.307133    0.806127 ^ clkbuf_3_6__f_wb_clk_i/X (sky130_fd_sc_hd__clkbuf_16)
                                                         clknet_3_6__leaf_wb_clk_i (net)
                      0.096693    0.001051    0.807178 ^ _738_/CLK (sky130_fd_sc_hd__dfxtp_1)
                                  0.250000    1.057178   clock uncertainty
                                  0.000000    1.057178   clock reconvergence pessimism
                                 -0.096870    0.960308   library hold time
                                              0.960308   data required time
---------------------------------------------------------------------------------------------
                                              0.960308   data required time
                                             -1.899624   data arrival time
---------------------------------------------------------------------------------------------
                                              0.939316   slack (MET)


Startpoint: _735_ (rising edge-triggered flip-flop clocked by wb_clk_i)
Endpoint: _735_ (rising edge-triggered flip-flop clocked by wb_clk_i)
Path Group: wb_clk_i
Path Type: min

Fanout         Cap        Slew       Delay        Time   Description
---------------------------------------------------------------------------------------------
                                  0.000000    0.000000   clock wb_clk_i (rise edge)
                                  0.000000    0.000000   clock source latency
     2    0.024010    0.178101    0.122636    0.122636 ^ wb_clk_i (in)
                                                         wb_clk_i (net)
                      0.178133    0.000000    0.122636 ^ clkbuf_0_wb_clk_i/A (sky130_fd_sc_hd__clkbuf_16)
    17    0.109159    0.188823    0.374197    0.496832 ^ clkbuf_0_wb_clk_i/X (sky130_fd_sc_hd__clkbuf_16)
                                                         clknet_0_wb_clk_i (net)
                      0.188845    0.002161    0.498994 ^ clkbuf_3_6__f_wb_clk_i/A (sky130_fd_sc_hd__clkbuf_16)
    10    0.042134    0.096653    0.307133    0.806127 ^ clkbuf_3_6__f_wb_clk_i/X (sky130_fd_sc_hd__clkbuf_16)
                                                         clknet_3_6__leaf_wb_clk_i (net)
                      0.096700    0.001227    0.807354 ^ _735_/CLK (sky130_fd_sc_hd__dfxtp_1)
     4    0.022395    0.206709    0.718323    1.525677 v _735_/Q (sky130_fd_sc_hd__dfxtp_1)
                                                         net29 (net)
                      0.206709    0.000492    1.526169 v _547_/A1 (sky130_fd_sc_hd__o21a_1)
     1    0.002022    0.051422    0.379158    1.905327 v _547_/X (sky130_fd_sc_hd__o21a_1)
                                                         _107_ (net)
                      0.051422    0.000057    1.905383 v _735_/D (sky130_fd_sc_hd__dfxtp_1)
                                              1.905383   data arrival time

                                  0.000000    0.000000   clock wb_clk_i (rise edge)
                                  0.000000    0.000000   clock source latency
     2    0.024010    0.178101    0.122636    0.122636 ^ wb_clk_i (in)
                                                         wb_clk_i (net)
                      0.178133    0.000000    0.122636 ^ clkbuf_0_wb_clk_i/A (sky130_fd_sc_hd__clkbuf_16)
    17    0.109159    0.188823    0.374197    0.496832 ^ clkbuf_0_wb_clk_i/X (sky130_fd_sc_hd__clkbuf_16)
                                                         clknet_0_wb_clk_i (net)
                      0.188845    0.002161    0.498994 ^ clkbuf_3_6__f_wb_clk_i/A (sky130_fd_sc_hd__clkbuf_16)
    10    0.042134    0.096653    0.307133    0.806127 ^ clkbuf_3_6__f_wb_clk_i/X (sky130_fd_sc_hd__clkbuf_16)
                                                         clknet_3_6__leaf_wb_clk_i (net)
                      0.096700    0.001227    0.807354 ^ _735_/CLK (sky130_fd_sc_hd__dfxtp_1)
                                  0.250000    1.057354   clock uncertainty
                                  0.000000    1.057354   clock reconvergence pessimism
                                 -0.091700    0.965654   library hold time
                                              0.965654   data required time
---------------------------------------------------------------------------------------------
                                              0.965654   data required time
                                             -1.905383   data arrival time
---------------------------------------------------------------------------------------------
                                              0.939730   slack (MET)


Startpoint: _744_ (rising edge-triggered flip-flop clocked by wb_clk_i)
Endpoint: _739_ (rising edge-triggered flip-flop clocked by wb_clk_i)
Path Group: wb_clk_i
Path Type: min

Fanout         Cap        Slew       Delay        Time   Description
---------------------------------------------------------------------------------------------
                                  0.000000    0.000000   clock wb_clk_i (rise edge)
                                  0.000000    0.000000   clock source latency
     2    0.024010    0.178101    0.122636    0.122636 ^ wb_clk_i (in)
                                                         wb_clk_i (net)
                      0.178133    0.000000    0.122636 ^ clkbuf_0_wb_clk_i/A (sky130_fd_sc_hd__clkbuf_16)
    17    0.109159    0.188823    0.374197    0.496832 ^ clkbuf_0_wb_clk_i/X (sky130_fd_sc_hd__clkbuf_16)
                                                         clknet_0_wb_clk_i (net)
                      0.188839    0.001939    0.498772 ^ clkbuf_3_3__f_wb_clk_i/A (sky130_fd_sc_hd__clkbuf_16)
    11    0.042287    0.096877    0.307360    0.806132 ^ clkbuf_3_3__f_wb_clk_i/X (sky130_fd_sc_hd__clkbuf_16)
                                                         clknet_3_3__leaf_wb_clk_i (net)
                      0.096911    0.000873    0.807005 ^ _744_/CLK (sky130_fd_sc_hd__dfxtp_1)
     7    0.026789    0.243816    0.745821    1.552827 v _744_/Q (sky130_fd_sc_hd__dfxtp_1)
                                                         u_system.u_global.state[3] (net)
                      0.243816    0.000584    1.553410 v _551_/A (sky130_fd_sc_hd__and2_1)
     1    0.001931    0.059284    0.348916    1.902327 v _551_/X (sky130_fd_sc_hd__and2_1)
                                                         _111_ (net)
                      0.059284    0.000038    1.902365 v _739_/D (sky130_fd_sc_hd__dfxtp_1)
                                              1.902365   data arrival time

                                  0.000000    0.000000   clock wb_clk_i (rise edge)
                                  0.000000    0.000000   clock source latency
     2    0.024010    0.178101    0.122636    0.122636 ^ wb_clk_i (in)
                                                         wb_clk_i (net)
                      0.178133    0.000000    0.122636 ^ clkbuf_0_wb_clk_i/A (sky130_fd_sc_hd__clkbuf_16)
    17    0.109159    0.188823    0.374197    0.496832 ^ clkbuf_0_wb_clk_i/X (sky130_fd_sc_hd__clkbuf_16)
                                                         clknet_0_wb_clk_i (net)
                      0.188839    0.001939    0.498772 ^ clkbuf_3_3__f_wb_clk_i/A (sky130_fd_sc_hd__clkbuf_16)
    11    0.042287    0.096877    0.307360    0.806132 ^ clkbuf_3_3__f_wb_clk_i/X (sky130_fd_sc_hd__clkbuf_16)
                                                         clknet_3_3__leaf_wb_clk_i (net)
                      0.096914    0.000980    0.807112 ^ _739_/CLK (sky130_fd_sc_hd__dfxtp_1)
                                  0.250000    1.057112   clock uncertainty
                                  0.000000    1.057112   clock reconvergence pessimism
                                 -0.094621    0.962491   library hold time
                                              0.962491   data required time
---------------------------------------------------------------------------------------------
                                              0.962491   data required time
                                             -1.902365   data arrival time
---------------------------------------------------------------------------------------------
                                              0.939874   slack (MET)


Startpoint: _720_ (rising edge-triggered flip-flop clocked by wb_clk_i)
Endpoint: _688_ (rising edge-triggered flip-flop clocked by wb_clk_i)
Path Group: wb_clk_i
Path Type: min

Fanout         Cap        Slew       Delay        Time   Description
---------------------------------------------------------------------------------------------
                                  0.000000    0.000000   clock wb_clk_i (rise edge)
                                  0.000000    0.000000   clock source latency
     2    0.024010    0.178101    0.122636    0.122636 ^ wb_clk_i (in)
                                                         wb_clk_i (net)
                      0.178133    0.000000    0.122636 ^ clkbuf_0_wb_clk_i/A (sky130_fd_sc_hd__clkbuf_16)
    17    0.109159    0.188823    0.374197    0.496832 ^ clkbuf_0_wb_clk_i/X (sky130_fd_sc_hd__clkbuf_16)
                                                         clknet_0_wb_clk_i (net)
                      0.188869    0.002860    0.499693 ^ clkbuf_3_0__f_wb_clk_i/A (sky130_fd_sc_hd__clkbuf_16)
    13    0.039657    0.094181    0.303547    0.803240 ^ clkbuf_3_0__f_wb_clk_i/X (sky130_fd_sc_hd__clkbuf_16)
                                                         clknet_3_0__leaf_wb_clk_i (net)
                      0.094183    0.000654    0.803894 ^ _720_/CLK (sky130_fd_sc_hd__dfxtp_1)
     7    0.022584    0.208211    0.718591    1.522485 v _720_/Q (sky130_fd_sc_hd__dfxtp_1)
                                                         group_timeout_count[1] (net)
                      0.208211    0.000407    1.522892 v _414_/A (sky130_fd_sc_hd__and3_1)
     1    0.004741    0.081580    0.376490    1.899381 v _414_/X (sky130_fd_sc_hd__and3_1)
                                                         _014_ (net)
                      0.081580    0.000148    1.899529 v _688_/D (sky130_fd_sc_hd__dfrtp_1)
                                              1.899529   data arrival time

                                  0.000000    0.000000   clock wb_clk_i (rise edge)
                                  0.000000    0.000000   clock source latency
     2    0.024010    0.178101    0.122636    0.122636 ^ wb_clk_i (in)
                                                         wb_clk_i (net)
                      0.178133    0.000000    0.122636 ^ clkbuf_0_wb_clk_i/A (sky130_fd_sc_hd__clkbuf_16)
    17    0.109159    0.188823    0.374197    0.496832 ^ clkbuf_0_wb_clk_i/X (sky130_fd_sc_hd__clkbuf_16)
                                                         clknet_0_wb_clk_i (net)
                      0.188869    0.002860    0.499693 ^ clkbuf_3_0__f_wb_clk_i/A (sky130_fd_sc_hd__clkbuf_16)
    13    0.039657    0.094181    0.303547    0.803240 ^ clkbuf_3_0__f_wb_clk_i/X (sky130_fd_sc_hd__clkbuf_16)
                                                         clknet_3_0__leaf_wb_clk_i (net)
                      0.094204    0.001426    0.804666 ^ _688_/CLK (sky130_fd_sc_hd__dfrtp_1)
                                  0.250000    1.054666   clock uncertainty
                                  0.000000    1.054666   clock reconvergence pessimism
                                 -0.095646    0.959020   library hold time
                                              0.959020   data required time
---------------------------------------------------------------------------------------------
                                              0.959020   data required time
                                             -1.899529   data arrival time
---------------------------------------------------------------------------------------------
                                              0.940509   slack (MET)


Startpoint: _733_ (rising edge-triggered flip-flop clocked by wb_clk_i)
Endpoint: _733_ (rising edge-triggered flip-flop clocked by wb_clk_i)
Path Group: wb_clk_i
Path Type: min

Fanout         Cap        Slew       Delay        Time   Description
---------------------------------------------------------------------------------------------
                                  0.000000    0.000000   clock wb_clk_i (rise edge)
                                  0.000000    0.000000   clock source latency
     2    0.024010    0.178101    0.122636    0.122636 ^ wb_clk_i (in)
                                                         wb_clk_i (net)
                      0.178133    0.000000    0.122636 ^ clkbuf_0_wb_clk_i/A (sky130_fd_sc_hd__clkbuf_16)
    17    0.109159    0.188823    0.374197    0.496832 ^ clkbuf_0_wb_clk_i/X (sky130_fd_sc_hd__clkbuf_16)
                                                         clknet_0_wb_clk_i (net)
                      0.188869    0.002860    0.499693 ^ clkbuf_3_0__f_wb_clk_i/A (sky130_fd_sc_hd__clkbuf_16)
    13    0.039657    0.094181    0.303547    0.803240 ^ clkbuf_3_0__f_wb_clk_i/X (sky130_fd_sc_hd__clkbuf_16)
                                                         clknet_3_0__leaf_wb_clk_i (net)
                      0.094198    0.001270    0.804510 ^ _733_/CLK (sky130_fd_sc_hd__dfxtp_1)
     4    0.010194    0.106919    0.638684    1.443194 v _733_/Q (sky130_fd_sc_hd__dfxtp_1)
                                                         group_timeout_count[14] (net)
                      0.106919    0.000222    1.443416 v _542_/A (sky130_fd_sc_hd__nand2_1)
     2    0.009310    0.150747    0.171924    1.615340 ^ _542_/Y (sky130_fd_sc_hd__nand2_1)
                                                         _278_ (net)
                      0.150748    0.000241    1.615581 ^ _544_/B (sky130_fd_sc_hd__and3_1)
     1    0.002356    0.081068    0.311539    1.927119 ^ _544_/X (sky130_fd_sc_hd__and3_1)
                                                         _105_ (net)
                      0.081068    0.000068    1.927187 ^ _733_/D (sky130_fd_sc_hd__dfxtp_1)
                                              1.927187   data arrival time

                                  0.000000    0.000000   clock wb_clk_i (rise edge)
                                  0.000000    0.000000   clock source latency
     2    0.024010    0.178101    0.122636    0.122636 ^ wb_clk_i (in)
                                                         wb_clk_i (net)
                      0.178133    0.000000    0.122636 ^ clkbuf_0_wb_clk_i/A (sky130_fd_sc_hd__clkbuf_16)
    17    0.109159    0.188823    0.374197    0.496832 ^ clkbuf_0_wb_clk_i/X (sky130_fd_sc_hd__clkbuf_16)
                                                         clknet_0_wb_clk_i (net)
                      0.188869    0.002860    0.499693 ^ clkbuf_3_0__f_wb_clk_i/A (sky130_fd_sc_hd__clkbuf_16)
    13    0.039657    0.094181    0.303547    0.803240 ^ clkbuf_3_0__f_wb_clk_i/X (sky130_fd_sc_hd__clkbuf_16)
                                                         clknet_3_0__leaf_wb_clk_i (net)
                      0.094198    0.001270    0.804510 ^ _733_/CLK (sky130_fd_sc_hd__dfxtp_1)
                                  0.250000    1.054510   clock uncertainty
                                  0.000000    1.054510   clock reconvergence pessimism
                                 -0.070749    0.983762   library hold time
                                              0.983762   data required time
---------------------------------------------------------------------------------------------
                                              0.983762   data required time
                                             -1.927187   data arrival time
---------------------------------------------------------------------------------------------
                                              0.943425   slack (MET)


Startpoint: _734_ (rising edge-triggered flip-flop clocked by wb_clk_i)
Endpoint: _734_ (rising edge-triggered flip-flop clocked by wb_clk_i)
Path Group: wb_clk_i
Path Type: min

Fanout         Cap        Slew       Delay        Time   Description
---------------------------------------------------------------------------------------------
                                  0.000000    0.000000   clock wb_clk_i (rise edge)
                                  0.000000    0.000000   clock source latency
     2    0.024010    0.178101    0.122636    0.122636 ^ wb_clk_i (in)
                                                         wb_clk_i (net)
                      0.178133    0.000000    0.122636 ^ clkbuf_0_wb_clk_i/A (sky130_fd_sc_hd__clkbuf_16)
    17    0.109159    0.188823    0.374197    0.496832 ^ clkbuf_0_wb_clk_i/X (sky130_fd_sc_hd__clkbuf_16)
                                                         clknet_0_wb_clk_i (net)
                      0.188869    0.002860    0.499693 ^ clkbuf_3_0__f_wb_clk_i/A (sky130_fd_sc_hd__clkbuf_16)
    13    0.039657    0.094181    0.303547    0.803240 ^ clkbuf_3_0__f_wb_clk_i/X (sky130_fd_sc_hd__clkbuf_16)
                                                         clknet_3_0__leaf_wb_clk_i (net)
                      0.094202    0.001371    0.804612 ^ _734_/CLK (sky130_fd_sc_hd__dfxtp_1)
     3    0.011842    0.120487    0.650093    1.454704 v _734_/Q (sky130_fd_sc_hd__dfxtp_1)
                                                         group_timeout_count[15] (net)
                      0.120487    0.000306    1.455010 v _545_/A (sky130_fd_sc_hd__xnor2_1)
     1    0.002692    0.072928    0.259115    1.714125 ^ _545_/Y (sky130_fd_sc_hd__xnor2_1)
                                                         _280_ (net)
                      0.072928    0.000080    1.714206 ^ _546_/B (sky130_fd_sc_hd__and2_1)
     1    0.001936    0.068579    0.216223    1.930429 ^ _546_/X (sky130_fd_sc_hd__and2_1)
                                                         _106_ (net)
                      0.068579    0.000054    1.930483 ^ _734_/D (sky130_fd_sc_hd__dfxtp_1)
                                              1.930483   data arrival time

                                  0.000000    0.000000   clock wb_clk_i (rise edge)
                                  0.000000    0.000000   clock source latency
     2    0.024010    0.178101    0.122636    0.122636 ^ wb_clk_i (in)
                                                         wb_clk_i (net)
                      0.178133    0.000000    0.122636 ^ clkbuf_0_wb_clk_i/A (sky130_fd_sc_hd__clkbuf_16)
    17    0.109159    0.188823    0.374197    0.496832 ^ clkbuf_0_wb_clk_i/X (sky130_fd_sc_hd__clkbuf_16)
                                                         clknet_0_wb_clk_i (net)
                      0.188869    0.002860    0.499693 ^ clkbuf_3_0__f_wb_clk_i/A (sky130_fd_sc_hd__clkbuf_16)
    13    0.039657    0.094181    0.303547    0.803240 ^ clkbuf_3_0__f_wb_clk_i/X (sky130_fd_sc_hd__clkbuf_16)
                                                         clknet_3_0__leaf_wb_clk_i (net)
                      0.094202    0.001371    0.804612 ^ _734_/CLK (sky130_fd_sc_hd__dfxtp_1)
                                  0.250000    1.054612   clock uncertainty
                                  0.000000    1.054612   clock reconvergence pessimism
                                 -0.067843    0.986768   library hold time
                                              0.986768   data required time
---------------------------------------------------------------------------------------------
                                              0.986768   data required time
                                             -1.930483   data arrival time
---------------------------------------------------------------------------------------------
                                              0.943715   slack (MET)


Startpoint: _761_ (rising edge-triggered flip-flop clocked by wb_clk_i)
Endpoint: _761_ (rising edge-triggered flip-flop clocked by wb_clk_i)
Path Group: wb_clk_i
Path Type: min

Fanout         Cap        Slew       Delay        Time   Description
---------------------------------------------------------------------------------------------
                                  0.000000    0.000000   clock wb_clk_i (rise edge)
                                  0.000000    0.000000   clock source latency
     2    0.024010    0.178101    0.122636    0.122636 ^ wb_clk_i (in)
                                                         wb_clk_i (net)
                      0.178133    0.000000    0.122636 ^ clkbuf_0_wb_clk_i/A (sky130_fd_sc_hd__clkbuf_16)
    17    0.109159    0.188823    0.374197    0.496832 ^ clkbuf_0_wb_clk_i/X (sky130_fd_sc_hd__clkbuf_16)
                                                         clknet_0_wb_clk_i (net)
                      0.188839    0.001939    0.498772 ^ clkbuf_3_3__f_wb_clk_i/A (sky130_fd_sc_hd__clkbuf_16)
    11    0.042287    0.096877    0.307360    0.806132 ^ clkbuf_3_3__f_wb_clk_i/X (sky130_fd_sc_hd__clkbuf_16)
                                                         clknet_3_3__leaf_wb_clk_i (net)
                      0.096899    0.000541    0.806673 ^ _761_/CLK (sky130_fd_sc_hd__dfxtp_1)
     5    0.015629    0.149786    0.676057    1.482730 v _761_/Q (sky130_fd_sc_hd__dfxtp_1)
                                                         u_system.u_global.denial_counter[0] (net)
                      0.149786    0.000338    1.483068 v _624_/A1 (sky130_fd_sc_hd__o211a_1)
     1    0.002470    0.054838    0.429019    1.912087 v _624_/X (sky130_fd_sc_hd__o211a_1)
                                                         _133_ (net)
                      0.054838    0.000073    1.912160 v _761_/D (sky130_fd_sc_hd__dfxtp_1)
                                              1.912160   data arrival time

                                  0.000000    0.000000   clock wb_clk_i (rise edge)
                                  0.000000    0.000000   clock source latency
     2    0.024010    0.178101    0.122636    0.122636 ^ wb_clk_i (in)
                                                         wb_clk_i (net)
                      0.178133    0.000000    0.122636 ^ clkbuf_0_wb_clk_i/A (sky130_fd_sc_hd__clkbuf_16)
    17    0.109159    0.188823    0.374197    0.496832 ^ clkbuf_0_wb_clk_i/X (sky130_fd_sc_hd__clkbuf_16)
                                                         clknet_0_wb_clk_i (net)
                      0.188839    0.001939    0.498772 ^ clkbuf_3_3__f_wb_clk_i/A (sky130_fd_sc_hd__clkbuf_16)
    11    0.042287    0.096877    0.307360    0.806132 ^ clkbuf_3_3__f_wb_clk_i/X (sky130_fd_sc_hd__clkbuf_16)
                                                         clknet_3_3__leaf_wb_clk_i (net)
                      0.096899    0.000541    0.806673 ^ _761_/CLK (sky130_fd_sc_hd__dfxtp_1)
                                  0.250000    1.056673   clock uncertainty
                                  0.000000    1.056673   clock reconvergence pessimism
                                 -0.092944    0.963729   library hold time
                                              0.963729   data required time
---------------------------------------------------------------------------------------------
                                              0.963729   data required time
                                             -1.912160   data arrival time
---------------------------------------------------------------------------------------------
                                              0.948430   slack (MET)


Startpoint: _729_ (rising edge-triggered flip-flop clocked by wb_clk_i)
Endpoint: _697_ (rising edge-triggered flip-flop clocked by wb_clk_i)
Path Group: wb_clk_i
Path Type: min

Fanout         Cap        Slew       Delay        Time   Description
---------------------------------------------------------------------------------------------
                                  0.000000    0.000000   clock wb_clk_i (rise edge)
                                  0.000000    0.000000   clock source latency
     2    0.024010    0.178101    0.122636    0.122636 ^ wb_clk_i (in)
                                                         wb_clk_i (net)
                      0.178133    0.000000    0.122636 ^ clkbuf_0_wb_clk_i/A (sky130_fd_sc_hd__clkbuf_16)
    17    0.109159    0.188823    0.374197    0.496832 ^ clkbuf_0_wb_clk_i/X (sky130_fd_sc_hd__clkbuf_16)
                                                         clknet_0_wb_clk_i (net)
                      0.188846    0.002179    0.499011 ^ clkbuf_3_2__f_wb_clk_i/A (sky130_fd_sc_hd__clkbuf_16)
    14    0.042281    0.096840    0.307288    0.806299 ^ clkbuf_3_2__f_wb_clk_i/X (sky130_fd_sc_hd__clkbuf_16)
                                                         clknet_3_2__leaf_wb_clk_i (net)
                      0.096894    0.001302    0.807601 ^ _729_/CLK (sky130_fd_sc_hd__dfxtp_1)
     7    0.024216    0.222152    0.729566    1.537167 v _729_/Q (sky130_fd_sc_hd__dfxtp_1)
                                                         group_timeout_count[10] (net)
                      0.222154    0.000950    1.538116 v _423_/A (sky130_fd_sc_hd__and3_1)
     1    0.004342    0.078597    0.379679    1.917796 v _423_/X (sky130_fd_sc_hd__and3_1)
                                                         _024_ (net)
                      0.078597    0.000147    1.917943 v _697_/D (sky130_fd_sc_hd__dfrtp_1)
                                              1.917943   data arrival time

                                  0.000000    0.000000   clock wb_clk_i (rise edge)
                                  0.000000    0.000000   clock source latency
     2    0.024010    0.178101    0.122636    0.122636 ^ wb_clk_i (in)
                                                         wb_clk_i (net)
                      0.178133    0.000000    0.122636 ^ clkbuf_0_wb_clk_i/A (sky130_fd_sc_hd__clkbuf_16)
    17    0.109159    0.188823    0.374197    0.496832 ^ clkbuf_0_wb_clk_i/X (sky130_fd_sc_hd__clkbuf_16)
                                                         clknet_0_wb_clk_i (net)
                      0.188853    0.002430    0.499263 ^ clkbuf_3_1__f_wb_clk_i/A (sky130_fd_sc_hd__clkbuf_16)
    15    0.042068    0.096612    0.307174    0.806437 ^ clkbuf_3_1__f_wb_clk_i/X (sky130_fd_sc_hd__clkbuf_16)
                                                         clknet_3_1__leaf_wb_clk_i (net)
                      0.096636    0.000755    0.807192 ^ _697_/CLK (sky130_fd_sc_hd__dfrtp_1)
                                  0.250000    1.057192   clock uncertainty
                                  0.000000    1.057192   clock reconvergence pessimism
                                 -0.093948    0.963244   library hold time
                                              0.963244   data required time
---------------------------------------------------------------------------------------------
                                              0.963244   data required time
                                             -1.917943   data arrival time
---------------------------------------------------------------------------------------------
                                              0.954698   slack (MET)


Startpoint: _719_ (rising edge-triggered flip-flop clocked by wb_clk_i)
Endpoint: _719_ (rising edge-triggered flip-flop clocked by wb_clk_i)
Path Group: wb_clk_i
Path Type: min

Fanout         Cap        Slew       Delay        Time   Description
---------------------------------------------------------------------------------------------
                                  0.000000    0.000000   clock wb_clk_i (rise edge)
                                  0.000000    0.000000   clock source latency
     2    0.024010    0.178101    0.122636    0.122636 ^ wb_clk_i (in)
                                                         wb_clk_i (net)
                      0.178133    0.000000    0.122636 ^ clkbuf_0_wb_clk_i/A (sky130_fd_sc_hd__clkbuf_16)
    17    0.109159    0.188823    0.374197    0.496832 ^ clkbuf_0_wb_clk_i/X (sky130_fd_sc_hd__clkbuf_16)
                                                         clknet_0_wb_clk_i (net)
                      0.188846    0.002179    0.499011 ^ clkbuf_3_2__f_wb_clk_i/A (sky130_fd_sc_hd__clkbuf_16)
    14    0.042281    0.096840    0.307288    0.806299 ^ clkbuf_3_2__f_wb_clk_i/X (sky130_fd_sc_hd__clkbuf_16)
                                                         clknet_3_2__leaf_wb_clk_i (net)
                      0.096888    0.001169    0.807469 ^ _719_/CLK (sky130_fd_sc_hd__dfxtp_1)
     8    0.022504    0.207644    0.719062    1.526531 v _719_/Q (sky130_fd_sc_hd__dfxtp_1)
                                                         group_timeout_count[0] (net)
                      0.207644    0.000638    1.527168 v _502_/A_N (sky130_fd_sc_hd__and2b_1)
     1    0.001899    0.061462    0.419863    1.947031 ^ _502_/X (sky130_fd_sc_hd__and2b_1)
                                                         _091_ (net)
                      0.061462    0.000037    1.947069 ^ _719_/D (sky130_fd_sc_hd__dfxtp_1)
                                              1.947069   data arrival time

                                  0.000000    0.000000   clock wb_clk_i (rise edge)
                                  0.000000    0.000000   clock source latency
     2    0.024010    0.178101    0.122636    0.122636 ^ wb_clk_i (in)
                                                         wb_clk_i (net)
                      0.178133    0.000000    0.122636 ^ clkbuf_0_wb_clk_i/A (sky130_fd_sc_hd__clkbuf_16)
    17    0.109159    0.188823    0.374197    0.496832 ^ clkbuf_0_wb_clk_i/X (sky130_fd_sc_hd__clkbuf_16)
                                                         clknet_0_wb_clk_i (net)
                      0.188846    0.002179    0.499011 ^ clkbuf_3_2__f_wb_clk_i/A (sky130_fd_sc_hd__clkbuf_16)
    14    0.042281    0.096840    0.307288    0.806299 ^ clkbuf_3_2__f_wb_clk_i/X (sky130_fd_sc_hd__clkbuf_16)
                                                         clknet_3_2__leaf_wb_clk_i (net)
                      0.096888    0.001169    0.807469 ^ _719_/CLK (sky130_fd_sc_hd__dfxtp_1)
                                  0.250000    1.057469   clock uncertainty
                                  0.000000    1.057469   clock reconvergence pessimism
                                 -0.065761    0.991707   library hold time
                                              0.991707   data required time
---------------------------------------------------------------------------------------------
                                              0.991707   data required time
                                             -1.947069   data arrival time
---------------------------------------------------------------------------------------------
                                              0.955361   slack (MET)


Startpoint: _749_ (rising edge-triggered flip-flop clocked by wb_clk_i)
Endpoint: _749_ (rising edge-triggered flip-flop clocked by wb_clk_i)
Path Group: wb_clk_i
Path Type: min

Fanout         Cap        Slew       Delay        Time   Description
---------------------------------------------------------------------------------------------
                                  0.000000    0.000000   clock wb_clk_i (rise edge)
                                  0.000000    0.000000   clock source latency
     2    0.024010    0.178101    0.122636    0.122636 ^ wb_clk_i (in)
                                                         wb_clk_i (net)
                      0.178133    0.000000    0.122636 ^ clkbuf_0_wb_clk_i/A (sky130_fd_sc_hd__clkbuf_16)
    17    0.109159    0.188823    0.374197    0.496832 ^ clkbuf_0_wb_clk_i/X (sky130_fd_sc_hd__clkbuf_16)
                                                         clknet_0_wb_clk_i (net)
                      0.188859    0.002590    0.499422 ^ clkbuf_3_7__f_wb_clk_i/A (sky130_fd_sc_hd__clkbuf_16)
    13    0.039512    0.093822    0.303284    0.802706 ^ clkbuf_3_7__f_wb_clk_i/X (sky130_fd_sc_hd__clkbuf_16)
                                                         clknet_3_7__leaf_wb_clk_i (net)
                      0.093848    0.001519    0.804225 ^ _749_/CLK (sky130_fd_sc_hd__dfxtp_2)
     8    0.033344    0.158141    0.720210    1.524434 v _749_/Q (sky130_fd_sc_hd__dfxtp_2)
                                                         global_timeout_count[4] (net)
                      0.158141    0.000553    1.524987 v _592_/A (sky130_fd_sc_hd__xnor2_1)
     1    0.002880    0.076306    0.280266    1.805253 ^ _592_/Y (sky130_fd_sc_hd__xnor2_1)
                                                         _312_ (net)
                      0.076306    0.000083    1.805336 ^ _593_/A2 (sky130_fd_sc_hd__a21oi_1)
     1    0.002039    0.077066    0.121224    1.926559 v _593_/Y (sky130_fd_sc_hd__a21oi_1)
                                                         _121_ (net)
                      0.077066    0.000058    1.926618 v _749_/D (sky130_fd_sc_hd__dfxtp_2)
                                              1.926618   data arrival time

                                  0.000000    0.000000   clock wb_clk_i (rise edge)
                                  0.000000    0.000000   clock source latency
     2    0.024010    0.178101    0.122636    0.122636 ^ wb_clk_i (in)
                                                         wb_clk_i (net)
                      0.178133    0.000000    0.122636 ^ clkbuf_0_wb_clk_i/A (sky130_fd_sc_hd__clkbuf_16)
    17    0.109159    0.188823    0.374197    0.496832 ^ clkbuf_0_wb_clk_i/X (sky130_fd_sc_hd__clkbuf_16)
                                                         clknet_0_wb_clk_i (net)
                      0.188859    0.002590    0.499422 ^ clkbuf_3_7__f_wb_clk_i/A (sky130_fd_sc_hd__clkbuf_16)
    13    0.039512    0.093822    0.303284    0.802706 ^ clkbuf_3_7__f_wb_clk_i/X (sky130_fd_sc_hd__clkbuf_16)
                                                         clknet_3_7__leaf_wb_clk_i (net)
                      0.093848    0.001519    0.804225 ^ _749_/CLK (sky130_fd_sc_hd__dfxtp_2)
                                  0.250000    1.054225   clock uncertainty
                                  0.000000    1.054225   clock reconvergence pessimism
                                 -0.087160    0.967065   library hold time
                                              0.967065   data required time
---------------------------------------------------------------------------------------------
                                              0.967065   data required time
                                             -1.926618   data arrival time
---------------------------------------------------------------------------------------------
                                              0.959553   slack (MET)


Startpoint: _720_ (rising edge-triggered flip-flop clocked by wb_clk_i)
Endpoint: _720_ (rising edge-triggered flip-flop clocked by wb_clk_i)
Path Group: wb_clk_i
Path Type: min

Fanout         Cap        Slew       Delay        Time   Description
---------------------------------------------------------------------------------------------
                                  0.000000    0.000000   clock wb_clk_i (rise edge)
                                  0.000000    0.000000   clock source latency
     2    0.024010    0.178101    0.122636    0.122636 ^ wb_clk_i (in)
                                                         wb_clk_i (net)
                      0.178133    0.000000    0.122636 ^ clkbuf_0_wb_clk_i/A (sky130_fd_sc_hd__clkbuf_16)
    17    0.109159    0.188823    0.374197    0.496832 ^ clkbuf_0_wb_clk_i/X (sky130_fd_sc_hd__clkbuf_16)
                                                         clknet_0_wb_clk_i (net)
                      0.188869    0.002860    0.499693 ^ clkbuf_3_0__f_wb_clk_i/A (sky130_fd_sc_hd__clkbuf_16)
    13    0.039657    0.094181    0.303547    0.803240 ^ clkbuf_3_0__f_wb_clk_i/X (sky130_fd_sc_hd__clkbuf_16)
                                                         clknet_3_0__leaf_wb_clk_i (net)
                      0.094183    0.000654    0.803894 ^ _720_/CLK (sky130_fd_sc_hd__dfxtp_1)
     7    0.022584    0.208211    0.718591    1.522485 v _720_/Q (sky130_fd_sc_hd__dfxtp_1)
                                                         group_timeout_count[1] (net)
                      0.208211    0.000327    1.522812 v _503_/A (sky130_fd_sc_hd__nand2_1)
     1    0.002170    0.076798    0.139574    1.662386 ^ _503_/Y (sky130_fd_sc_hd__nand2_1)
                                                         _252_ (net)
                      0.076798    0.000062    1.662448 ^ _505_/B (sky130_fd_sc_hd__and3_1)
     1    0.002239    0.079637    0.282707    1.945156 ^ _505_/X (sky130_fd_sc_hd__and3_1)
                                                         _092_ (net)
                      0.079637    0.000066    1.945221 ^ _720_/D (sky130_fd_sc_hd__dfxtp_1)
                                              1.945221   data arrival time

                                  0.000000    0.000000   clock wb_clk_i (rise edge)
                                  0.000000    0.000000   clock source latency
     2    0.024010    0.178101    0.122636    0.122636 ^ wb_clk_i (in)
                                                         wb_clk_i (net)
                      0.178133    0.000000    0.122636 ^ clkbuf_0_wb_clk_i/A (sky130_fd_sc_hd__clkbuf_16)
    17    0.109159    0.188823    0.374197    0.496832 ^ clkbuf_0_wb_clk_i/X (sky130_fd_sc_hd__clkbuf_16)
                                                         clknet_0_wb_clk_i (net)
                      0.188869    0.002860    0.499693 ^ clkbuf_3_0__f_wb_clk_i/A (sky130_fd_sc_hd__clkbuf_16)
    13    0.039657    0.094181    0.303547    0.803240 ^ clkbuf_3_0__f_wb_clk_i/X (sky130_fd_sc_hd__clkbuf_16)
                                                         clknet_3_0__leaf_wb_clk_i (net)
                      0.094183    0.000654    0.803894 ^ _720_/CLK (sky130_fd_sc_hd__dfxtp_1)
                                  0.250000    1.053894   clock uncertainty
                                  0.000000    1.053894   clock reconvergence pessimism
                                 -0.070418    0.983475   library hold time
                                              0.983475   data required time
---------------------------------------------------------------------------------------------
                                              0.983475   data required time
                                             -1.945221   data arrival time
---------------------------------------------------------------------------------------------
                                              0.961746   slack (MET)


Startpoint: _753_ (rising edge-triggered flip-flop clocked by wb_clk_i)
Endpoint: _753_ (rising edge-triggered flip-flop clocked by wb_clk_i)
Path Group: wb_clk_i
Path Type: min

Fanout         Cap        Slew       Delay        Time   Description
---------------------------------------------------------------------------------------------
                                  0.000000    0.000000   clock wb_clk_i (rise edge)
                                  0.000000    0.000000   clock source latency
     2    0.024010    0.178101    0.122636    0.122636 ^ wb_clk_i (in)
                                                         wb_clk_i (net)
                      0.178133    0.000000    0.122636 ^ clkbuf_0_wb_clk_i/A (sky130_fd_sc_hd__clkbuf_16)
    17    0.109159    0.188823    0.374197    0.496832 ^ clkbuf_0_wb_clk_i/X (sky130_fd_sc_hd__clkbuf_16)
                                                         clknet_0_wb_clk_i (net)
                      0.188896    0.003474    0.500306 ^ clkbuf_3_5__f_wb_clk_i/A (sky130_fd_sc_hd__clkbuf_16)
    14    0.041698    0.096037    0.306428    0.806734 ^ clkbuf_3_5__f_wb_clk_i/X (sky130_fd_sc_hd__clkbuf_16)
                                                         clknet_3_5__leaf_wb_clk_i (net)
                      0.096083    0.001281    0.808015 ^ _753_/CLK (sky130_fd_sc_hd__dfxtp_1)
     5    0.018910    0.177395    0.696119    1.504134 v _753_/Q (sky130_fd_sc_hd__dfxtp_1)
                                                         global_timeout_count[8] (net)
                      0.177395    0.000513    1.504647 v _603_/A (sky130_fd_sc_hd__xnor2_1)
     1    0.003169    0.079664    0.296001    1.800648 ^ _603_/Y (sky130_fd_sc_hd__xnor2_1)
                                                         _319_ (net)
                      0.079664    0.000096    1.800744 ^ _604_/A2 (sky130_fd_sc_hd__a21oi_1)
     1    0.002090    0.066996    0.123225    1.923969 v _604_/Y (sky130_fd_sc_hd__a21oi_1)
                                                         _125_ (net)
                      0.066996    0.000060    1.924030 v _753_/D (sky130_fd_sc_hd__dfxtp_1)
                                              1.924030   data arrival time

                                  0.000000    0.000000   clock wb_clk_i (rise edge)
                                  0.000000    0.000000   clock source latency
     2    0.024010    0.178101    0.122636    0.122636 ^ wb_clk_i (in)
                                                         wb_clk_i (net)
                      0.178133    0.000000    0.122636 ^ clkbuf_0_wb_clk_i/A (sky130_fd_sc_hd__clkbuf_16)
    17    0.109159    0.188823    0.374197    0.496832 ^ clkbuf_0_wb_clk_i/X (sky130_fd_sc_hd__clkbuf_16)
                                                         clknet_0_wb_clk_i (net)
                      0.188896    0.003474    0.500306 ^ clkbuf_3_5__f_wb_clk_i/A (sky130_fd_sc_hd__clkbuf_16)
    14    0.041698    0.096037    0.306428    0.806734 ^ clkbuf_3_5__f_wb_clk_i/X (sky130_fd_sc_hd__clkbuf_16)
                                                         clknet_3_5__leaf_wb_clk_i (net)
                      0.096083    0.001281    0.808015 ^ _753_/CLK (sky130_fd_sc_hd__dfxtp_1)
                                  0.250000    1.058015   clock uncertainty
                                  0.000000    1.058015   clock reconvergence pessimism
                                 -0.097735    0.960279   library hold time
                                              0.960279   data required time
---------------------------------------------------------------------------------------------
                                              0.960279   data required time
                                             -1.924030   data arrival time
---------------------------------------------------------------------------------------------
                                              0.963751   slack (MET)


Startpoint: _723_ (rising edge-triggered flip-flop clocked by wb_clk_i)
Endpoint: _691_ (rising edge-triggered flip-flop clocked by wb_clk_i)
Path Group: wb_clk_i
Path Type: min

Fanout         Cap        Slew       Delay        Time   Description
---------------------------------------------------------------------------------------------
                                  0.000000    0.000000   clock wb_clk_i (rise edge)
                                  0.000000    0.000000   clock source latency
     2    0.024010    0.178101    0.122636    0.122636 ^ wb_clk_i (in)
                                                         wb_clk_i (net)
                      0.178133    0.000000    0.122636 ^ clkbuf_0_wb_clk_i/A (sky130_fd_sc_hd__clkbuf_16)
    17    0.109159    0.188823    0.374197    0.496832 ^ clkbuf_0_wb_clk_i/X (sky130_fd_sc_hd__clkbuf_16)
                                                         clknet_0_wb_clk_i (net)
                      0.188846    0.002179    0.499011 ^ clkbuf_3_2__f_wb_clk_i/A (sky130_fd_sc_hd__clkbuf_16)
    14    0.042281    0.096840    0.307288    0.806299 ^ clkbuf_3_2__f_wb_clk_i/X (sky130_fd_sc_hd__clkbuf_16)
                                                         clknet_3_2__leaf_wb_clk_i (net)
                      0.096880    0.000949    0.807248 ^ _723_/CLK (sky130_fd_sc_hd__dfxtp_1)
     8    0.021602    0.200078    0.713290    1.520539 v _723_/Q (sky130_fd_sc_hd__dfxtp_1)
                                                         group_timeout_count[4] (net)
                      0.200082    0.001184    1.521723 v _417_/A (sky130_fd_sc_hd__and3_1)
     1    0.008604    0.112212    0.404018    1.925741 v _417_/X (sky130_fd_sc_hd__and3_1)
                                                         _018_ (net)
                      0.112212    0.000416    1.926157 v _691_/D (sky130_fd_sc_hd__dfrtp_1)
                                              1.926157   data arrival time

                                  0.000000    0.000000   clock wb_clk_i (rise edge)
                                  0.000000    0.000000   clock source latency
     2    0.024010    0.178101    0.122636    0.122636 ^ wb_clk_i (in)
                                                         wb_clk_i (net)
                      0.178133    0.000000    0.122636 ^ clkbuf_0_wb_clk_i/A (sky130_fd_sc_hd__clkbuf_16)
    17    0.109159    0.188823    0.374197    0.496832 ^ clkbuf_0_wb_clk_i/X (sky130_fd_sc_hd__clkbuf_16)
                                                         clknet_0_wb_clk_i (net)
                      0.188853    0.002430    0.499263 ^ clkbuf_3_1__f_wb_clk_i/A (sky130_fd_sc_hd__clkbuf_16)
    15    0.042068    0.096612    0.307174    0.806437 ^ clkbuf_3_1__f_wb_clk_i/X (sky130_fd_sc_hd__clkbuf_16)
                                                         clknet_3_1__leaf_wb_clk_i (net)
                      0.096636    0.000768    0.807205 ^ _691_/CLK (sky130_fd_sc_hd__dfrtp_1)
                                  0.250000    1.057205   clock uncertainty
                                  0.000000    1.057205   clock reconvergence pessimism
                                 -0.106428    0.950777   library hold time
                                              0.950777   data required time
---------------------------------------------------------------------------------------------
                                              0.950777   data required time
                                             -1.926157   data arrival time
---------------------------------------------------------------------------------------------
                                              0.975380   slack (MET)


Startpoint: _746_ (rising edge-triggered flip-flop clocked by wb_clk_i)
Endpoint: _746_ (rising edge-triggered flip-flop clocked by wb_clk_i)
Path Group: wb_clk_i
Path Type: min

Fanout         Cap        Slew       Delay        Time   Description
---------------------------------------------------------------------------------------------
                                  0.000000    0.000000   clock wb_clk_i (rise edge)
                                  0.000000    0.000000   clock source latency
     2    0.024010    0.178101    0.122636    0.122636 ^ wb_clk_i (in)
                                                         wb_clk_i (net)
                      0.178133    0.000000    0.122636 ^ clkbuf_0_wb_clk_i/A (sky130_fd_sc_hd__clkbuf_16)
    17    0.109159    0.188823    0.374197    0.496832 ^ clkbuf_0_wb_clk_i/X (sky130_fd_sc_hd__clkbuf_16)
                                                         clknet_0_wb_clk_i (net)
                      0.188896    0.003474    0.500306 ^ clkbuf_3_5__f_wb_clk_i/A (sky130_fd_sc_hd__clkbuf_16)
    14    0.041698    0.096037    0.306428    0.806734 ^ clkbuf_3_5__f_wb_clk_i/X (sky130_fd_sc_hd__clkbuf_16)
                                                         clknet_3_5__leaf_wb_clk_i (net)
                      0.096088    0.001379    0.808113 ^ _746_/CLK (sky130_fd_sc_hd__dfxtp_1)
     5    0.017086    0.162035    0.684751    1.492864 v _746_/Q (sky130_fd_sc_hd__dfxtp_1)
                                                         global_timeout_count[1] (net)
                      0.162035    0.000352    1.493216 v _584_/A (sky130_fd_sc_hd__xnor2_1)
     1    0.003662    0.086375    0.301795    1.795012 ^ _584_/Y (sky130_fd_sc_hd__xnor2_1)
                                                         _307_ (net)
                      0.086375    0.000117    1.795129 ^ _585_/A2 (sky130_fd_sc_hd__a21oi_1)
     1    0.002998    0.090920    0.137125    1.932254 v _585_/Y (sky130_fd_sc_hd__a21oi_1)
                                                         _118_ (net)
                      0.090920    0.000067    1.932321 v _746_/D (sky130_fd_sc_hd__dfxtp_1)
                                              1.932321   data arrival time

                                  0.000000    0.000000   clock wb_clk_i (rise edge)
                                  0.000000    0.000000   clock source latency
     2    0.024010    0.178101    0.122636    0.122636 ^ wb_clk_i (in)
                                                         wb_clk_i (net)
                      0.178133    0.000000    0.122636 ^ clkbuf_0_wb_clk_i/A (sky130_fd_sc_hd__clkbuf_16)
    17    0.109159    0.188823    0.374197    0.496832 ^ clkbuf_0_wb_clk_i/X (sky130_fd_sc_hd__clkbuf_16)
                                                         clknet_0_wb_clk_i (net)
                      0.188896    0.003474    0.500306 ^ clkbuf_3_5__f_wb_clk_i/A (sky130_fd_sc_hd__clkbuf_16)
    14    0.041698    0.096037    0.306428    0.806734 ^ clkbuf_3_5__f_wb_clk_i/X (sky130_fd_sc_hd__clkbuf_16)
                                                         clknet_3_5__leaf_wb_clk_i (net)
                      0.096088    0.001379    0.808113 ^ _746_/CLK (sky130_fd_sc_hd__dfxtp_1)
                                  0.250000    1.058113   clock uncertainty
                                  0.000000    1.058113   clock reconvergence pessimism
                                 -0.106777    0.951336   library hold time
                                              0.951336   data required time
---------------------------------------------------------------------------------------------
                                              0.951336   data required time
                                             -1.932321   data arrival time
---------------------------------------------------------------------------------------------
                                              0.980984   slack (MET)


Startpoint: _751_ (rising edge-triggered flip-flop clocked by wb_clk_i)
Endpoint: _751_ (rising edge-triggered flip-flop clocked by wb_clk_i)
Path Group: wb_clk_i
Path Type: min

Fanout         Cap        Slew       Delay        Time   Description
---------------------------------------------------------------------------------------------
                                  0.000000    0.000000   clock wb_clk_i (rise edge)
                                  0.000000    0.000000   clock source latency
     2    0.024010    0.178101    0.122636    0.122636 ^ wb_clk_i (in)
                                                         wb_clk_i (net)
                      0.178133    0.000000    0.122636 ^ clkbuf_0_wb_clk_i/A (sky130_fd_sc_hd__clkbuf_16)
    17    0.109159    0.188823    0.374197    0.496832 ^ clkbuf_0_wb_clk_i/X (sky130_fd_sc_hd__clkbuf_16)
                                                         clknet_0_wb_clk_i (net)
                      0.188896    0.003474    0.500306 ^ clkbuf_3_5__f_wb_clk_i/A (sky130_fd_sc_hd__clkbuf_16)
    14    0.041698    0.096037    0.306428    0.806734 ^ clkbuf_3_5__f_wb_clk_i/X (sky130_fd_sc_hd__clkbuf_16)
                                                         clknet_3_5__leaf_wb_clk_i (net)
                      0.096090    0.001415    0.808149 ^ _751_/CLK (sky130_fd_sc_hd__dfxtp_1)
     5    0.021813    0.201767    0.714503    1.522652 v _751_/Q (sky130_fd_sc_hd__dfxtp_1)
                                                         global_timeout_count[6] (net)
                      0.201767    0.000357    1.523009 v _597_/A (sky130_fd_sc_hd__xnor2_1)
     1    0.002620    0.072603    0.292575    1.815584 ^ _597_/Y (sky130_fd_sc_hd__xnor2_1)
                                                         _315_ (net)
                      0.072603    0.000051    1.815636 ^ _598_/A2 (sky130_fd_sc_hd__a21oi_1)
     1    0.002247    0.079985    0.122296    1.937931 v _598_/Y (sky130_fd_sc_hd__a21oi_1)
                                                         _123_ (net)
                      0.079985    0.000066    1.937997 v _751_/D (sky130_fd_sc_hd__dfxtp_1)
                                              1.937997   data arrival time

                                  0.000000    0.000000   clock wb_clk_i (rise edge)
                                  0.000000    0.000000   clock source latency
     2    0.024010    0.178101    0.122636    0.122636 ^ wb_clk_i (in)
                                                         wb_clk_i (net)
                      0.178133    0.000000    0.122636 ^ clkbuf_0_wb_clk_i/A (sky130_fd_sc_hd__clkbuf_16)
    17    0.109159    0.188823    0.374197    0.496832 ^ clkbuf_0_wb_clk_i/X (sky130_fd_sc_hd__clkbuf_16)
                                                         clknet_0_wb_clk_i (net)
                      0.188896    0.003474    0.500306 ^ clkbuf_3_5__f_wb_clk_i/A (sky130_fd_sc_hd__clkbuf_16)
    14    0.041698    0.096037    0.306428    0.806734 ^ clkbuf_3_5__f_wb_clk_i/X (sky130_fd_sc_hd__clkbuf_16)
                                                         clknet_3_5__leaf_wb_clk_i (net)
                      0.096090    0.001415    0.808149 ^ _751_/CLK (sky130_fd_sc_hd__dfxtp_1)
                                  0.250000    1.058149   clock uncertainty
                                  0.000000    1.058149   clock reconvergence pessimism
                                 -0.102643    0.955506   library hold time
                                              0.955506   data required time
---------------------------------------------------------------------------------------------
                                              0.955506   data required time
                                             -1.937997   data arrival time
---------------------------------------------------------------------------------------------
                                              0.982491   slack (MET)


Startpoint: _727_ (rising edge-triggered flip-flop clocked by wb_clk_i)
Endpoint: _727_ (rising edge-triggered flip-flop clocked by wb_clk_i)
Path Group: wb_clk_i
Path Type: min

Fanout         Cap        Slew       Delay        Time   Description
---------------------------------------------------------------------------------------------
                                  0.000000    0.000000   clock wb_clk_i (rise edge)
                                  0.000000    0.000000   clock source latency
     2    0.024010    0.178101    0.122636    0.122636 ^ wb_clk_i (in)
                                                         wb_clk_i (net)
                      0.178133    0.000000    0.122636 ^ clkbuf_0_wb_clk_i/A (sky130_fd_sc_hd__clkbuf_16)
    17    0.109159    0.188823    0.374197    0.496832 ^ clkbuf_0_wb_clk_i/X (sky130_fd_sc_hd__clkbuf_16)
                                                         clknet_0_wb_clk_i (net)
                      0.188839    0.001939    0.498772 ^ clkbuf_3_3__f_wb_clk_i/A (sky130_fd_sc_hd__clkbuf_16)
    11    0.042287    0.096877    0.307360    0.806132 ^ clkbuf_3_3__f_wb_clk_i/X (sky130_fd_sc_hd__clkbuf_16)
                                                         clknet_3_3__leaf_wb_clk_i (net)
                      0.096908    0.000809    0.806941 ^ _727_/CLK (sky130_fd_sc_hd__dfxtp_1)
     5    0.018103    0.170538    0.691633    1.498573 v _727_/Q (sky130_fd_sc_hd__dfxtp_1)
                                                         group_timeout_count[8] (net)
                      0.170538    0.000280    1.498853 v _524_/A (sky130_fd_sc_hd__nand2_1)
     2    0.006624    0.119691    0.174614    1.673467 ^ _524_/Y (sky130_fd_sc_hd__nand2_1)
                                                         _266_ (net)
                      0.119691    0.000146    1.673612 ^ _526_/B (sky130_fd_sc_hd__and3_1)
     1    0.002129    0.078281    0.296841    1.970453 ^ _526_/X (sky130_fd_sc_hd__and3_1)
                                                         _099_ (net)
                      0.078281    0.000063    1.970516 ^ _727_/D (sky130_fd_sc_hd__dfxtp_1)
                                              1.970516   data arrival time

                                  0.000000    0.000000   clock wb_clk_i (rise edge)
                                  0.000000    0.000000   clock source latency
     2    0.024010    0.178101    0.122636    0.122636 ^ wb_clk_i (in)
                                                         wb_clk_i (net)
                      0.178133    0.000000    0.122636 ^ clkbuf_0_wb_clk_i/A (sky130_fd_sc_hd__clkbuf_16)
    17    0.109159    0.188823    0.374197    0.496832 ^ clkbuf_0_wb_clk_i/X (sky130_fd_sc_hd__clkbuf_16)
                                                         clknet_0_wb_clk_i (net)
                      0.188839    0.001939    0.498772 ^ clkbuf_3_3__f_wb_clk_i/A (sky130_fd_sc_hd__clkbuf_16)
    11    0.042287    0.096877    0.307360    0.806132 ^ clkbuf_3_3__f_wb_clk_i/X (sky130_fd_sc_hd__clkbuf_16)
                                                         clknet_3_3__leaf_wb_clk_i (net)
                      0.096908    0.000809    0.806941 ^ _727_/CLK (sky130_fd_sc_hd__dfxtp_1)
                                  0.250000    1.056941   clock uncertainty
                                  0.000000    1.056941   clock reconvergence pessimism
                                 -0.069669    0.987271   library hold time
                                              0.987271   data required time
---------------------------------------------------------------------------------------------
                                              0.987271   data required time
                                             -1.970516   data arrival time
---------------------------------------------------------------------------------------------
                                              0.983245   slack (MET)


Startpoint: _747_ (rising edge-triggered flip-flop clocked by wb_clk_i)
Endpoint: _747_ (rising edge-triggered flip-flop clocked by wb_clk_i)
Path Group: wb_clk_i
Path Type: min

Fanout         Cap        Slew       Delay        Time   Description
---------------------------------------------------------------------------------------------
                                  0.000000    0.000000   clock wb_clk_i (rise edge)
                                  0.000000    0.000000   clock source latency
     2    0.024010    0.178101    0.122636    0.122636 ^ wb_clk_i (in)
                                                         wb_clk_i (net)
                      0.178133    0.000000    0.122636 ^ clkbuf_0_wb_clk_i/A (sky130_fd_sc_hd__clkbuf_16)
    17    0.109159    0.188823    0.374197    0.496832 ^ clkbuf_0_wb_clk_i/X (sky130_fd_sc_hd__clkbuf_16)
                                                         clknet_0_wb_clk_i (net)
                      0.188875    0.003013    0.499845 ^ clkbuf_3_4__f_wb_clk_i/A (sky130_fd_sc_hd__clkbuf_16)
    12    0.042662    0.097277    0.307580    0.807425 ^ clkbuf_3_4__f_wb_clk_i/X (sky130_fd_sc_hd__clkbuf_16)
                                                         clknet_3_4__leaf_wb_clk_i (net)
                      0.097339    0.001117    0.808542 ^ _747_/CLK (sky130_fd_sc_hd__dfxtp_1)
     4    0.009941    0.104833    0.638417    1.446960 v _747_/Q (sky130_fd_sc_hd__dfxtp_1)
                                                         global_timeout_count[2] (net)
                      0.104833    0.000160    1.447119 v _586_/B1 (sky130_fd_sc_hd__a21oi_1)
     1    0.002441    0.134980    0.187829    1.634948 ^ _586_/Y (sky130_fd_sc_hd__a21oi_1)
                                                         _308_ (net)
                      0.134980    0.000070    1.635018 ^ _587_/B (sky130_fd_sc_hd__or2_1)
     1    0.002520    0.061980    0.184809    1.819827 ^ _587_/X (sky130_fd_sc_hd__or2_1)
                                                         _309_ (net)
                      0.061980    0.000048    1.819874 ^ _588_/A2 (sky130_fd_sc_hd__a21oi_1)
     1    0.002380    0.081847    0.119616    1.939491 v _588_/Y (sky130_fd_sc_hd__a21oi_1)
                                                         _119_ (net)
                      0.081847    0.000070    1.939561 v _747_/D (sky130_fd_sc_hd__dfxtp_1)
                                              1.939561   data arrival time

                                  0.000000    0.000000   clock wb_clk_i (rise edge)
                                  0.000000    0.000000   clock source latency
     2    0.024010    0.178101    0.122636    0.122636 ^ wb_clk_i (in)
                                                         wb_clk_i (net)
                      0.178133    0.000000    0.122636 ^ clkbuf_0_wb_clk_i/A (sky130_fd_sc_hd__clkbuf_16)
    17    0.109159    0.188823    0.374197    0.496832 ^ clkbuf_0_wb_clk_i/X (sky130_fd_sc_hd__clkbuf_16)
                                                         clknet_0_wb_clk_i (net)
                      0.188875    0.003013    0.499845 ^ clkbuf_3_4__f_wb_clk_i/A (sky130_fd_sc_hd__clkbuf_16)
    12    0.042662    0.097277    0.307580    0.807425 ^ clkbuf_3_4__f_wb_clk_i/X (sky130_fd_sc_hd__clkbuf_16)
                                                         clknet_3_4__leaf_wb_clk_i (net)
                      0.097339    0.001117    0.808542 ^ _747_/CLK (sky130_fd_sc_hd__dfxtp_1)
                                  0.250000    1.058542   clock uncertainty
                                  0.000000    1.058542   clock reconvergence pessimism
                                 -0.103047    0.955495   library hold time
                                              0.955495   data required time
---------------------------------------------------------------------------------------------
                                              0.955495   data required time
                                             -1.939561   data arrival time
---------------------------------------------------------------------------------------------
                                              0.984066   slack (MET)


Startpoint: _763_ (rising edge-triggered flip-flop clocked by wb_clk_i)
Endpoint: _763_ (rising edge-triggered flip-flop clocked by wb_clk_i)
Path Group: wb_clk_i
Path Type: min

Fanout         Cap        Slew       Delay        Time   Description
---------------------------------------------------------------------------------------------
                                  0.000000    0.000000   clock wb_clk_i (rise edge)
                                  0.000000    0.000000   clock source latency
     2    0.024010    0.178101    0.122636    0.122636 ^ wb_clk_i (in)
                                                         wb_clk_i (net)
                      0.178133    0.000000    0.122636 ^ clkbuf_0_wb_clk_i/A (sky130_fd_sc_hd__clkbuf_16)
    17    0.109159    0.188823    0.374197    0.496832 ^ clkbuf_0_wb_clk_i/X (sky130_fd_sc_hd__clkbuf_16)
                                                         clknet_0_wb_clk_i (net)
                      0.188853    0.002430    0.499263 ^ clkbuf_3_1__f_wb_clk_i/A (sky130_fd_sc_hd__clkbuf_16)
    15    0.042068    0.096612    0.307174    0.806437 ^ clkbuf_3_1__f_wb_clk_i/X (sky130_fd_sc_hd__clkbuf_16)
                                                         clknet_3_1__leaf_wb_clk_i (net)
                      0.096637    0.000812    0.807249 ^ _763_/CLK (sky130_fd_sc_hd__dfxtp_1)
     6    0.028774    0.260547    0.758166    1.565415 v _763_/Q (sky130_fd_sc_hd__dfxtp_1)
                                                         sticky_illegal_core (net)
                      0.260547    0.000332    1.565747 v _627_/A1 (sky130_fd_sc_hd__o21a_1)
     1    0.002055    0.051706    0.399908    1.965655 v _627_/X (sky130_fd_sc_hd__o21a_1)
                                                         _135_ (net)
                      0.051706    0.000042    1.965697 v _763_/D (sky130_fd_sc_hd__dfxtp_1)
                                              1.965697   data arrival time

                                  0.000000    0.000000   clock wb_clk_i (rise edge)
                                  0.000000    0.000000   clock source latency
     2    0.024010    0.178101    0.122636    0.122636 ^ wb_clk_i (in)
                                                         wb_clk_i (net)
                      0.178133    0.000000    0.122636 ^ clkbuf_0_wb_clk_i/A (sky130_fd_sc_hd__clkbuf_16)
    17    0.109159    0.188823    0.374197    0.496832 ^ clkbuf_0_wb_clk_i/X (sky130_fd_sc_hd__clkbuf_16)
                                                         clknet_0_wb_clk_i (net)
                      0.188853    0.002430    0.499263 ^ clkbuf_3_1__f_wb_clk_i/A (sky130_fd_sc_hd__clkbuf_16)
    15    0.042068    0.096612    0.307174    0.806437 ^ clkbuf_3_1__f_wb_clk_i/X (sky130_fd_sc_hd__clkbuf_16)
                                                         clknet_3_1__leaf_wb_clk_i (net)
                      0.096637    0.000812    0.807249 ^ _763_/CLK (sky130_fd_sc_hd__dfxtp_1)
                                  0.250000    1.057249   clock uncertainty
                                  0.000000    1.057249   clock reconvergence pessimism
                                 -0.091823    0.965426   library hold time
                                              0.965426   data required time
---------------------------------------------------------------------------------------------
                                              0.965426   data required time
                                             -1.965697   data arrival time
---------------------------------------------------------------------------------------------
                                              1.000270   slack (MET)


Startpoint: _732_ (rising edge-triggered flip-flop clocked by wb_clk_i)
Endpoint: _732_ (rising edge-triggered flip-flop clocked by wb_clk_i)
Path Group: wb_clk_i
Path Type: min

Fanout         Cap        Slew       Delay        Time   Description
---------------------------------------------------------------------------------------------
                                  0.000000    0.000000   clock wb_clk_i (rise edge)
                                  0.000000    0.000000   clock source latency
     2    0.024010    0.178101    0.122636    0.122636 ^ wb_clk_i (in)
                                                         wb_clk_i (net)
                      0.178133    0.000000    0.122636 ^ clkbuf_0_wb_clk_i/A (sky130_fd_sc_hd__clkbuf_16)
    17    0.109159    0.188823    0.374197    0.496832 ^ clkbuf_0_wb_clk_i/X (sky130_fd_sc_hd__clkbuf_16)
                                                         clknet_0_wb_clk_i (net)
                      0.188869    0.002860    0.499693 ^ clkbuf_3_0__f_wb_clk_i/A (sky130_fd_sc_hd__clkbuf_16)
    13    0.039657    0.094181    0.303547    0.803240 ^ clkbuf_3_0__f_wb_clk_i/X (sky130_fd_sc_hd__clkbuf_16)
                                                         clknet_3_0__leaf_wb_clk_i (net)
                      0.094197    0.001229    0.804469 ^ _732_/CLK (sky130_fd_sc_hd__dfxtp_1)
     4    0.008094    0.139749    0.692369    1.496838 ^ _732_/Q (sky130_fd_sc_hd__dfxtp_1)
                                                         group_timeout_count[13] (net)
                      0.139749    0.000179    1.497016 ^ _540_/A (sky130_fd_sc_hd__or2_1)
     1    0.003033    0.068635    0.196335    1.693351 ^ _540_/X (sky130_fd_sc_hd__or2_1)
                                                         _277_ (net)
                      0.068635    0.000090    1.693441 ^ _541_/B (sky130_fd_sc_hd__and3b_1)
     1    0.002632    0.084896    0.292651    1.986093 ^ _541_/X (sky130_fd_sc_hd__and3b_1)
                                                         _104_ (net)
                      0.084896    0.000077    1.986170 ^ _732_/D (sky130_fd_sc_hd__dfxtp_1)
                                              1.986170   data arrival time

                                  0.000000    0.000000   clock wb_clk_i (rise edge)
                                  0.000000    0.000000   clock source latency
     2    0.024010    0.178101    0.122636    0.122636 ^ wb_clk_i (in)
                                                         wb_clk_i (net)
                      0.178133    0.000000    0.122636 ^ clkbuf_0_wb_clk_i/A (sky130_fd_sc_hd__clkbuf_16)
    17    0.109159    0.188823    0.374197    0.496832 ^ clkbuf_0_wb_clk_i/X (sky130_fd_sc_hd__clkbuf_16)
                                                         clknet_0_wb_clk_i (net)
                      0.188869    0.002860    0.499693 ^ clkbuf_3_0__f_wb_clk_i/A (sky130_fd_sc_hd__clkbuf_16)
    13    0.039657    0.094181    0.303547    0.803240 ^ clkbuf_3_0__f_wb_clk_i/X (sky130_fd_sc_hd__clkbuf_16)
                                                         clknet_3_0__leaf_wb_clk_i (net)
                      0.094197    0.001229    0.804469 ^ _732_/CLK (sky130_fd_sc_hd__dfxtp_1)
                                  0.250000    1.054469   clock uncertainty
                                  0.000000    1.054469   clock reconvergence pessimism
                                 -0.071639    0.982830   library hold time
                                              0.982830   data required time
---------------------------------------------------------------------------------------------
                                              0.982830   data required time
                                             -1.986170   data arrival time
---------------------------------------------------------------------------------------------
                                              1.003340   slack (MET)


Startpoint: _726_ (rising edge-triggered flip-flop clocked by wb_clk_i)
Endpoint: _726_ (rising edge-triggered flip-flop clocked by wb_clk_i)
Path Group: wb_clk_i
Path Type: min

Fanout         Cap        Slew       Delay        Time   Description
---------------------------------------------------------------------------------------------
                                  0.000000    0.000000   clock wb_clk_i (rise edge)
                                  0.000000    0.000000   clock source latency
     2    0.024010    0.178101    0.122636    0.122636 ^ wb_clk_i (in)
                                                         wb_clk_i (net)
                      0.178133    0.000000    0.122636 ^ clkbuf_0_wb_clk_i/A (sky130_fd_sc_hd__clkbuf_16)
    17    0.109159    0.188823    0.374197    0.496832 ^ clkbuf_0_wb_clk_i/X (sky130_fd_sc_hd__clkbuf_16)
                                                         clknet_0_wb_clk_i (net)
                      0.188846    0.002179    0.499011 ^ clkbuf_3_2__f_wb_clk_i/A (sky130_fd_sc_hd__clkbuf_16)
    14    0.042281    0.096840    0.307288    0.806299 ^ clkbuf_3_2__f_wb_clk_i/X (sky130_fd_sc_hd__clkbuf_16)
                                                         clknet_3_2__leaf_wb_clk_i (net)
                      0.096868    0.000644    0.806943 ^ _726_/CLK (sky130_fd_sc_hd__dfxtp_1)
     4    0.010380    0.171485    0.717653    1.524596 ^ _726_/Q (sky130_fd_sc_hd__dfxtp_1)
                                                         group_timeout_count[7] (net)
                      0.171485    0.000246    1.524841 ^ _521_/B1 (sky130_fd_sc_hd__a21o_1)
     1    0.002075    0.051236    0.172712    1.697554 ^ _521_/X (sky130_fd_sc_hd__a21o_1)
                                                         _264_ (net)
                      0.051236    0.000058    1.697612 ^ _523_/C (sky130_fd_sc_hd__and3b_1)
     1    0.002301    0.081348    0.297661    1.995272 ^ _523_/X (sky130_fd_sc_hd__and3b_1)
                                                         _098_ (net)
                      0.081348    0.000069    1.995341 ^ _726_/D (sky130_fd_sc_hd__dfxtp_1)
                                              1.995341   data arrival time

                                  0.000000    0.000000   clock wb_clk_i (rise edge)
                                  0.000000    0.000000   clock source latency
     2    0.024010    0.178101    0.122636    0.122636 ^ wb_clk_i (in)
                                                         wb_clk_i (net)
                      0.178133    0.000000    0.122636 ^ clkbuf_0_wb_clk_i/A (sky130_fd_sc_hd__clkbuf_16)
    17    0.109159    0.188823    0.374197    0.496832 ^ clkbuf_0_wb_clk_i/X (sky130_fd_sc_hd__clkbuf_16)
                                                         clknet_0_wb_clk_i (net)
                      0.188846    0.002179    0.499011 ^ clkbuf_3_2__f_wb_clk_i/A (sky130_fd_sc_hd__clkbuf_16)
    14    0.042281    0.096840    0.307288    0.806299 ^ clkbuf_3_2__f_wb_clk_i/X (sky130_fd_sc_hd__clkbuf_16)
                                                         clknet_3_2__leaf_wb_clk_i (net)
                      0.096868    0.000644    0.806943 ^ _726_/CLK (sky130_fd_sc_hd__dfxtp_1)
                                  0.250000    1.056943   clock uncertainty
                                  0.000000    1.056943   clock reconvergence pessimism
                                 -0.070389    0.986554   library hold time
                                              0.986554   data required time
---------------------------------------------------------------------------------------------
                                              0.986554   data required time
                                             -1.995341   data arrival time
---------------------------------------------------------------------------------------------
                                              1.008788   slack (MET)


Startpoint: _724_ (rising edge-triggered flip-flop clocked by wb_clk_i)
Endpoint: _692_ (rising edge-triggered flip-flop clocked by wb_clk_i)
Path Group: wb_clk_i
Path Type: min

Fanout         Cap        Slew       Delay        Time   Description
---------------------------------------------------------------------------------------------
                                  0.000000    0.000000   clock wb_clk_i (rise edge)
                                  0.000000    0.000000   clock source latency
     2    0.024010    0.178101    0.122636    0.122636 ^ wb_clk_i (in)
                                                         wb_clk_i (net)
                      0.178133    0.000000    0.122636 ^ clkbuf_0_wb_clk_i/A (sky130_fd_sc_hd__clkbuf_16)
    17    0.109159    0.188823    0.374197    0.496832 ^ clkbuf_0_wb_clk_i/X (sky130_fd_sc_hd__clkbuf_16)
                                                         clknet_0_wb_clk_i (net)
                      0.188846    0.002179    0.499011 ^ clkbuf_3_2__f_wb_clk_i/A (sky130_fd_sc_hd__clkbuf_16)
    14    0.042281    0.096840    0.307288    0.806299 ^ clkbuf_3_2__f_wb_clk_i/X (sky130_fd_sc_hd__clkbuf_16)
                                                         clknet_3_2__leaf_wb_clk_i (net)
                      0.096880    0.000951    0.807250 ^ _724_/CLK (sky130_fd_sc_hd__dfxtp_1)
     7    0.022925    0.211200    0.721664    1.528914 v _724_/Q (sky130_fd_sc_hd__dfxtp_1)
                                                         group_timeout_count[5] (net)
                      0.211202    0.001033    1.529948 v _418_/A (sky130_fd_sc_hd__and3_1)
     1    0.010109    0.124998    0.421539    1.951486 v _418_/X (sky130_fd_sc_hd__and3_1)
                                                         _019_ (net)
                      0.124998    0.000465    1.951951 v _692_/D (sky130_fd_sc_hd__dfrtp_1)
                                              1.951951   data arrival time

                                  0.000000    0.000000   clock wb_clk_i (rise edge)
                                  0.000000    0.000000   clock source latency
     2    0.024010    0.178101    0.122636    0.122636 ^ wb_clk_i (in)
                                                         wb_clk_i (net)
                      0.178133    0.000000    0.122636 ^ clkbuf_0_wb_clk_i/A (sky130_fd_sc_hd__clkbuf_16)
    17    0.109159    0.188823    0.374197    0.496832 ^ clkbuf_0_wb_clk_i/X (sky130_fd_sc_hd__clkbuf_16)
                                                         clknet_0_wb_clk_i (net)
                      0.188869    0.002860    0.499693 ^ clkbuf_3_0__f_wb_clk_i/A (sky130_fd_sc_hd__clkbuf_16)
    13    0.039657    0.094181    0.303547    0.803240 ^ clkbuf_3_0__f_wb_clk_i/X (sky130_fd_sc_hd__clkbuf_16)
                                                         clknet_3_0__leaf_wb_clk_i (net)
                      0.094193    0.001129    0.804369 ^ _692_/CLK (sky130_fd_sc_hd__dfrtp_1)
                                  0.250000    1.054369   clock uncertainty
                                  0.000000    1.054369   clock reconvergence pessimism
                                 -0.111769    0.942601   library hold time
                                              0.942601   data required time
---------------------------------------------------------------------------------------------
                                              0.942601   data required time
                                             -1.951951   data arrival time
---------------------------------------------------------------------------------------------
                                              1.009350   slack (MET)


Startpoint: _757_ (rising edge-triggered flip-flop clocked by wb_clk_i)
Endpoint: _757_ (rising edge-triggered flip-flop clocked by wb_clk_i)
Path Group: wb_clk_i
Path Type: min

Fanout         Cap        Slew       Delay        Time   Description
---------------------------------------------------------------------------------------------
                                  0.000000    0.000000   clock wb_clk_i (rise edge)
                                  0.000000    0.000000   clock source latency
     2    0.024010    0.178101    0.122636    0.122636 ^ wb_clk_i (in)
                                                         wb_clk_i (net)
                      0.178133    0.000000    0.122636 ^ clkbuf_0_wb_clk_i/A (sky130_fd_sc_hd__clkbuf_16)
    17    0.109159    0.188823    0.374197    0.496832 ^ clkbuf_0_wb_clk_i/X (sky130_fd_sc_hd__clkbuf_16)
                                                         clknet_0_wb_clk_i (net)
                      0.188859    0.002590    0.499422 ^ clkbuf_3_7__f_wb_clk_i/A (sky130_fd_sc_hd__clkbuf_16)
    13    0.039512    0.093822    0.303284    0.802706 ^ clkbuf_3_7__f_wb_clk_i/X (sky130_fd_sc_hd__clkbuf_16)
                                                         clknet_3_7__leaf_wb_clk_i (net)
                      0.093837    0.001221    0.803927 ^ _757_/CLK (sky130_fd_sc_hd__dfxtp_1)
     4    0.008743    0.094934    0.628480    1.432407 v _757_/Q (sky130_fd_sc_hd__dfxtp_1)
                                                         global_timeout_count[12] (net)
                      0.094934    0.000131    1.432538 v _613_/B1 (sky130_fd_sc_hd__a31oi_1)
     1    0.003208    0.165055    0.237792    1.670330 ^ _613_/Y (sky130_fd_sc_hd__a31oi_1)
                                                         _325_ (net)
                      0.165055    0.000069    1.670399 ^ _614_/A2 (sky130_fd_sc_hd__o21a_1)
     1    0.003476    0.077966    0.245845    1.916244 ^ _614_/X (sky130_fd_sc_hd__o21a_1)
                                                         _326_ (net)
                      0.077966    0.000079    1.916322 ^ _615_/B (sky130_fd_sc_hd__nor2_1)
     1    0.001928    0.031820    0.067492    1.983814 v _615_/Y (sky130_fd_sc_hd__nor2_1)
                                                         _129_ (net)
                      0.031820    0.000054    1.983868 v _757_/D (sky130_fd_sc_hd__dfxtp_1)
                                              1.983868   data arrival time

                                  0.000000    0.000000   clock wb_clk_i (rise edge)
                                  0.000000    0.000000   clock source latency
     2    0.024010    0.178101    0.122636    0.122636 ^ wb_clk_i (in)
                                                         wb_clk_i (net)
                      0.178133    0.000000    0.122636 ^ clkbuf_0_wb_clk_i/A (sky130_fd_sc_hd__clkbuf_16)
    17    0.109159    0.188823    0.374197    0.496832 ^ clkbuf_0_wb_clk_i/X (sky130_fd_sc_hd__clkbuf_16)
                                                         clknet_0_wb_clk_i (net)
                      0.188859    0.002590    0.499422 ^ clkbuf_3_7__f_wb_clk_i/A (sky130_fd_sc_hd__clkbuf_16)
    13    0.039512    0.093822    0.303284    0.802706 ^ clkbuf_3_7__f_wb_clk_i/X (sky130_fd_sc_hd__clkbuf_16)
                                                         clknet_3_7__leaf_wb_clk_i (net)
                      0.093837    0.001221    0.803927 ^ _757_/CLK (sky130_fd_sc_hd__dfxtp_1)
                                  0.250000    1.053927   clock uncertainty
                                  0.000000    1.053927   clock reconvergence pessimism
                                 -0.084979    0.968948   library hold time
                                              0.968948   data required time
---------------------------------------------------------------------------------------------
                                              0.968948   data required time
                                             -1.983868   data arrival time
---------------------------------------------------------------------------------------------
                                              1.014920   slack (MET)


Startpoint: _731_ (rising edge-triggered flip-flop clocked by wb_clk_i)
Endpoint: _731_ (rising edge-triggered flip-flop clocked by wb_clk_i)
Path Group: wb_clk_i
Path Type: min

Fanout         Cap        Slew       Delay        Time   Description
---------------------------------------------------------------------------------------------
                                  0.000000    0.000000   clock wb_clk_i (rise edge)
                                  0.000000    0.000000   clock source latency
     2    0.024010    0.178101    0.122636    0.122636 ^ wb_clk_i (in)
                                                         wb_clk_i (net)
                      0.178133    0.000000    0.122636 ^ clkbuf_0_wb_clk_i/A (sky130_fd_sc_hd__clkbuf_16)
    17    0.109159    0.188823    0.374197    0.496832 ^ clkbuf_0_wb_clk_i/X (sky130_fd_sc_hd__clkbuf_16)
                                                         clknet_0_wb_clk_i (net)
                      0.188869    0.002860    0.499693 ^ clkbuf_3_0__f_wb_clk_i/A (sky130_fd_sc_hd__clkbuf_16)
    13    0.039657    0.094181    0.303547    0.803240 ^ clkbuf_3_0__f_wb_clk_i/X (sky130_fd_sc_hd__clkbuf_16)
                                                         clknet_3_0__leaf_wb_clk_i (net)
                      0.094184    0.000724    0.803964 ^ _731_/CLK (sky130_fd_sc_hd__dfxtp_1)
     4    0.009927    0.165180    0.711644    1.515609 ^ _731_/Q (sky130_fd_sc_hd__dfxtp_1)
                                                         group_timeout_count[12] (net)
                      0.165180    0.000167    1.515776 ^ _537_/A (sky130_fd_sc_hd__or2_1)
     1    0.002835    0.065988    0.205779    1.721555 ^ _537_/X (sky130_fd_sc_hd__or2_1)
                                                         _275_ (net)
                      0.065988    0.000084    1.721638 ^ _538_/B (sky130_fd_sc_hd__and3b_1)
     1    0.002036    0.077448    0.282749    2.004388 ^ _538_/X (sky130_fd_sc_hd__and3b_1)
                                                         _103_ (net)
                      0.077448    0.000056    2.004444 ^ _731_/D (sky130_fd_sc_hd__dfxtp_1)
                                              2.004444   data arrival time

                                  0.000000    0.000000   clock wb_clk_i (rise edge)
                                  0.000000    0.000000   clock source latency
     2    0.024010    0.178101    0.122636    0.122636 ^ wb_clk_i (in)
                                                         wb_clk_i (net)
                      0.178133    0.000000    0.122636 ^ clkbuf_0_wb_clk_i/A (sky130_fd_sc_hd__clkbuf_16)
    17    0.109159    0.188823    0.374197    0.496832 ^ clkbuf_0_wb_clk_i/X (sky130_fd_sc_hd__clkbuf_16)
                                                         clknet_0_wb_clk_i (net)
                      0.188869    0.002860    0.499693 ^ clkbuf_3_0__f_wb_clk_i/A (sky130_fd_sc_hd__clkbuf_16)
    13    0.039657    0.094181    0.303547    0.803240 ^ clkbuf_3_0__f_wb_clk_i/X (sky130_fd_sc_hd__clkbuf_16)
                                                         clknet_3_0__leaf_wb_clk_i (net)
                      0.094184    0.000724    0.803964 ^ _731_/CLK (sky130_fd_sc_hd__dfxtp_1)
                                  0.250000    1.053964   clock uncertainty
                                  0.000000    1.053964   clock reconvergence pessimism
                                 -0.069909    0.984056   library hold time
                                              0.984056   data required time
---------------------------------------------------------------------------------------------
                                              0.984056   data required time
                                             -2.004444   data arrival time
---------------------------------------------------------------------------------------------
                                              1.020388   slack (MET)


Startpoint: _728_ (rising edge-triggered flip-flop clocked by wb_clk_i)
Endpoint: _728_ (rising edge-triggered flip-flop clocked by wb_clk_i)
Path Group: wb_clk_i
Path Type: min

Fanout         Cap        Slew       Delay        Time   Description
---------------------------------------------------------------------------------------------
                                  0.000000    0.000000   clock wb_clk_i (rise edge)
                                  0.000000    0.000000   clock source latency
     2    0.024010    0.178101    0.122636    0.122636 ^ wb_clk_i (in)
                                                         wb_clk_i (net)
                      0.178133    0.000000    0.122636 ^ clkbuf_0_wb_clk_i/A (sky130_fd_sc_hd__clkbuf_16)
    17    0.109159    0.188823    0.374197    0.496832 ^ clkbuf_0_wb_clk_i/X (sky130_fd_sc_hd__clkbuf_16)
                                                         clknet_0_wb_clk_i (net)
                      0.188839    0.001939    0.498772 ^ clkbuf_3_3__f_wb_clk_i/A (sky130_fd_sc_hd__clkbuf_16)
    11    0.042287    0.096877    0.307360    0.806132 ^ clkbuf_3_3__f_wb_clk_i/X (sky130_fd_sc_hd__clkbuf_16)
                                                         clknet_3_3__leaf_wb_clk_i (net)
                      0.096906    0.000747    0.806879 ^ _728_/CLK (sky130_fd_sc_hd__dfxtp_1)
     4    0.014237    0.138144    0.667261    1.474140 v _728_/Q (sky130_fd_sc_hd__dfxtp_1)
                                                         group_timeout_count[9] (net)
                      0.138144    0.000383    1.474523 v _338_/A (sky130_fd_sc_hd__inv_2)
     2    0.008640    0.082444    0.126221    1.600744 ^ _338_/Y (sky130_fd_sc_hd__inv_2)
                                                         _143_ (net)
                      0.082444    0.000149    1.600893 ^ _528_/A (sky130_fd_sc_hd__nand2_1)
     1    0.001618    0.051506    0.085867    1.686761 v _528_/Y (sky130_fd_sc_hd__nand2_1)
                                                         _269_ (net)
                      0.051506    0.000045    1.686806 v _529_/B (sky130_fd_sc_hd__and3b_1)
     1    0.002092    0.059489    0.308051    1.994857 v _529_/X (sky130_fd_sc_hd__and3b_1)
                                                         _100_ (net)
                      0.059489    0.000043    1.994899 v _728_/D (sky130_fd_sc_hd__dfxtp_1)
                                              1.994899   data arrival time

                                  0.000000    0.000000   clock wb_clk_i (rise edge)
                                  0.000000    0.000000   clock source latency
     2    0.024010    0.178101    0.122636    0.122636 ^ wb_clk_i (in)
                                                         wb_clk_i (net)
                      0.178133    0.000000    0.122636 ^ clkbuf_0_wb_clk_i/A (sky130_fd_sc_hd__clkbuf_16)
    17    0.109159    0.188823    0.374197    0.496832 ^ clkbuf_0_wb_clk_i/X (sky130_fd_sc_hd__clkbuf_16)
                                                         clknet_0_wb_clk_i (net)
                      0.188839    0.001939    0.498772 ^ clkbuf_3_3__f_wb_clk_i/A (sky130_fd_sc_hd__clkbuf_16)
    11    0.042287    0.096877    0.307360    0.806132 ^ clkbuf_3_3__f_wb_clk_i/X (sky130_fd_sc_hd__clkbuf_16)
                                                         clknet_3_3__leaf_wb_clk_i (net)
                      0.096906    0.000747    0.806879 ^ _728_/CLK (sky130_fd_sc_hd__dfxtp_1)
                                  0.250000    1.056879   clock uncertainty
                                  0.000000    1.056879   clock reconvergence pessimism
                                 -0.094700    0.962179   library hold time
                                              0.962179   data required time
---------------------------------------------------------------------------------------------
                                              0.962179   data required time
                                             -1.994899   data arrival time
---------------------------------------------------------------------------------------------
                                              1.032720   slack (MET)


Startpoint: _762_ (rising edge-triggered flip-flop clocked by wb_clk_i)
Endpoint: _762_ (rising edge-triggered flip-flop clocked by wb_clk_i)
Path Group: wb_clk_i
Path Type: min

Fanout         Cap        Slew       Delay        Time   Description
---------------------------------------------------------------------------------------------
                                  0.000000    0.000000   clock wb_clk_i (rise edge)
                                  0.000000    0.000000   clock source latency
     2    0.024010    0.178101    0.122636    0.122636 ^ wb_clk_i (in)
                                                         wb_clk_i (net)
                      0.178133    0.000000    0.122636 ^ clkbuf_0_wb_clk_i/A (sky130_fd_sc_hd__clkbuf_16)
    17    0.109159    0.188823    0.374197    0.496832 ^ clkbuf_0_wb_clk_i/X (sky130_fd_sc_hd__clkbuf_16)
                                                         clknet_0_wb_clk_i (net)
                      0.188839    0.001939    0.498772 ^ clkbuf_3_3__f_wb_clk_i/A (sky130_fd_sc_hd__clkbuf_16)
    11    0.042287    0.096877    0.307360    0.806132 ^ clkbuf_3_3__f_wb_clk_i/X (sky130_fd_sc_hd__clkbuf_16)
                                                         clknet_3_3__leaf_wb_clk_i (net)
                      0.096899    0.000517    0.806649 ^ _762_/CLK (sky130_fd_sc_hd__dfxtp_1)
     4    0.011239    0.115523    0.647165    1.453814 v _762_/Q (sky130_fd_sc_hd__dfxtp_1)
                                                         u_system.u_global.denial_counter[1] (net)
                      0.115523    0.000249    1.454063 v _625_/A_N (sky130_fd_sc_hd__nand2b_1)
     1    0.002654    0.081877    0.308043    1.762106 v _625_/Y (sky130_fd_sc_hd__nand2b_1)
                                                         _332_ (net)
                      0.081877    0.000054    1.762160 v _626_/B1 (sky130_fd_sc_hd__o211a_1)
     1    0.003612    0.065767    0.237883    2.000043 v _626_/X (sky130_fd_sc_hd__o211a_1)
                                                         _134_ (net)
                      0.065767    0.000111    2.000154 v _762_/D (sky130_fd_sc_hd__dfxtp_1)
                                              2.000154   data arrival time

                                  0.000000    0.000000   clock wb_clk_i (rise edge)
                                  0.000000    0.000000   clock source latency
     2    0.024010    0.178101    0.122636    0.122636 ^ wb_clk_i (in)
                                                         wb_clk_i (net)
                      0.178133    0.000000    0.122636 ^ clkbuf_0_wb_clk_i/A (sky130_fd_sc_hd__clkbuf_16)
    17    0.109159    0.188823    0.374197    0.496832 ^ clkbuf_0_wb_clk_i/X (sky130_fd_sc_hd__clkbuf_16)
                                                         clknet_0_wb_clk_i (net)
                      0.188839    0.001939    0.498772 ^ clkbuf_3_3__f_wb_clk_i/A (sky130_fd_sc_hd__clkbuf_16)
    11    0.042287    0.096877    0.307360    0.806132 ^ clkbuf_3_3__f_wb_clk_i/X (sky130_fd_sc_hd__clkbuf_16)
                                                         clknet_3_3__leaf_wb_clk_i (net)
                      0.096899    0.000517    0.806649 ^ _762_/CLK (sky130_fd_sc_hd__dfxtp_1)
                                  0.250000    1.056649   clock uncertainty
                                  0.000000    1.056649   clock reconvergence pessimism
                                 -0.097075    0.959574   library hold time
                                              0.959574   data required time
---------------------------------------------------------------------------------------------
                                              0.959574   data required time
                                             -2.000154   data arrival time
---------------------------------------------------------------------------------------------
                                              1.040579   slack (MET)


Startpoint: _752_ (rising edge-triggered flip-flop clocked by wb_clk_i)
Endpoint: _752_ (rising edge-triggered flip-flop clocked by wb_clk_i)
Path Group: wb_clk_i
Path Type: min

Fanout         Cap        Slew       Delay        Time   Description
---------------------------------------------------------------------------------------------
                                  0.000000    0.000000   clock wb_clk_i (rise edge)
                                  0.000000    0.000000   clock source latency
     2    0.024010    0.178101    0.122636    0.122636 ^ wb_clk_i (in)
                                                         wb_clk_i (net)
                      0.178133    0.000000    0.122636 ^ clkbuf_0_wb_clk_i/A (sky130_fd_sc_hd__clkbuf_16)
    17    0.109159    0.188823    0.374197    0.496832 ^ clkbuf_0_wb_clk_i/X (sky130_fd_sc_hd__clkbuf_16)
                                                         clknet_0_wb_clk_i (net)
                      0.188896    0.003474    0.500306 ^ clkbuf_3_5__f_wb_clk_i/A (sky130_fd_sc_hd__clkbuf_16)
    14    0.041698    0.096037    0.306428    0.806734 ^ clkbuf_3_5__f_wb_clk_i/X (sky130_fd_sc_hd__clkbuf_16)
                                                         clknet_3_5__leaf_wb_clk_i (net)
                      0.096087    0.001367    0.808101 ^ _752_/CLK (sky130_fd_sc_hd__dfxtp_1)
     5    0.017403    0.164668    0.686829    1.494929 v _752_/Q (sky130_fd_sc_hd__dfxtp_1)
                                                         global_timeout_count[7] (net)
                      0.164668    0.000297    1.495226 v _600_/B1 (sky130_fd_sc_hd__a21oi_1)
     1    0.002022    0.123402    0.201928    1.697154 ^ _600_/Y (sky130_fd_sc_hd__a21oi_1)
                                                         _317_ (net)
                      0.123402    0.000057    1.697211 ^ _601_/B (sky130_fd_sc_hd__or2_1)
     1    0.003001    0.067952    0.184860    1.882071 ^ _601_/X (sky130_fd_sc_hd__or2_1)
                                                         _318_ (net)
                      0.067952    0.000062    1.882133 ^ _602_/A2 (sky130_fd_sc_hd__a21oi_1)
     1    0.002506    0.083647    0.123619    2.005753 v _602_/Y (sky130_fd_sc_hd__a21oi_1)
                                                         _124_ (net)
                      0.083647    0.000074    2.005827 v _752_/D (sky130_fd_sc_hd__dfxtp_1)
                                              2.005827   data arrival time

                                  0.000000    0.000000   clock wb_clk_i (rise edge)
                                  0.000000    0.000000   clock source latency
     2    0.024010    0.178101    0.122636    0.122636 ^ wb_clk_i (in)
                                                         wb_clk_i (net)
                      0.178133    0.000000    0.122636 ^ clkbuf_0_wb_clk_i/A (sky130_fd_sc_hd__clkbuf_16)
    17    0.109159    0.188823    0.374197    0.496832 ^ clkbuf_0_wb_clk_i/X (sky130_fd_sc_hd__clkbuf_16)
                                                         clknet_0_wb_clk_i (net)
                      0.188896    0.003474    0.500306 ^ clkbuf_3_5__f_wb_clk_i/A (sky130_fd_sc_hd__clkbuf_16)
    14    0.041698    0.096037    0.306428    0.806734 ^ clkbuf_3_5__f_wb_clk_i/X (sky130_fd_sc_hd__clkbuf_16)
                                                         clknet_3_5__leaf_wb_clk_i (net)
                      0.096087    0.001367    0.808101 ^ _752_/CLK (sky130_fd_sc_hd__dfxtp_1)
                                  0.250000    1.058101   clock uncertainty
                                  0.000000    1.058101   clock reconvergence pessimism
                                 -0.104028    0.954072   library hold time
                                              0.954072   data required time
---------------------------------------------------------------------------------------------
                                              0.954072   data required time
                                             -2.005827   data arrival time
---------------------------------------------------------------------------------------------
                                              1.051754   slack (MET)


Startpoint: _748_ (rising edge-triggered flip-flop clocked by wb_clk_i)
Endpoint: _748_ (rising edge-triggered flip-flop clocked by wb_clk_i)
Path Group: wb_clk_i
Path Type: min

Fanout         Cap        Slew       Delay        Time   Description
---------------------------------------------------------------------------------------------
                                  0.000000    0.000000   clock wb_clk_i (rise edge)
                                  0.000000    0.000000   clock source latency
     2    0.024010    0.178101    0.122636    0.122636 ^ wb_clk_i (in)
                                                         wb_clk_i (net)
                      0.178133    0.000000    0.122636 ^ clkbuf_0_wb_clk_i/A (sky130_fd_sc_hd__clkbuf_16)
    17    0.109159    0.188823    0.374197    0.496832 ^ clkbuf_0_wb_clk_i/X (sky130_fd_sc_hd__clkbuf_16)
                                                         clknet_0_wb_clk_i (net)
                      0.188896    0.003474    0.500306 ^ clkbuf_3_5__f_wb_clk_i/A (sky130_fd_sc_hd__clkbuf_16)
    14    0.041698    0.096037    0.306428    0.806734 ^ clkbuf_3_5__f_wb_clk_i/X (sky130_fd_sc_hd__clkbuf_16)
                                                         clknet_3_5__leaf_wb_clk_i (net)
                      0.096092    0.001464    0.808198 ^ _748_/CLK (sky130_fd_sc_hd__dfxtp_1)
     5    0.023471    0.215817    0.724688    1.532885 v _748_/Q (sky130_fd_sc_hd__dfxtp_1)
                                                         global_timeout_count[3] (net)
                      0.215817    0.000470    1.533355 v _589_/A (sky130_fd_sc_hd__nor2_1)
     1    0.001682    0.099304    0.199063    1.732418 ^ _589_/Y (sky130_fd_sc_hd__nor2_1)
                                                         _310_ (net)
                      0.099304    0.000047    1.732465 ^ _590_/B (sky130_fd_sc_hd__or2_1)
     1    0.002893    0.066433    0.172815    1.905280 ^ _590_/X (sky130_fd_sc_hd__or2_1)
                                                         _311_ (net)
                      0.066433    0.000083    1.905364 ^ _591_/A2 (sky130_fd_sc_hd__a21oi_1)
     1    0.002061    0.077373    0.117478    2.022841 v _591_/Y (sky130_fd_sc_hd__a21oi_1)
                                                         _120_ (net)
                      0.077373    0.000058    2.022900 v _748_/D (sky130_fd_sc_hd__dfxtp_1)
                                              2.022900   data arrival time

                                  0.000000    0.000000   clock wb_clk_i (rise edge)
                                  0.000000    0.000000   clock source latency
     2    0.024010    0.178101    0.122636    0.122636 ^ wb_clk_i (in)
                                                         wb_clk_i (net)
                      0.178133    0.000000    0.122636 ^ clkbuf_0_wb_clk_i/A (sky130_fd_sc_hd__clkbuf_16)
    17    0.109159    0.188823    0.374197    0.496832 ^ clkbuf_0_wb_clk_i/X (sky130_fd_sc_hd__clkbuf_16)
                                                         clknet_0_wb_clk_i (net)
                      0.188896    0.003474    0.500306 ^ clkbuf_3_5__f_wb_clk_i/A (sky130_fd_sc_hd__clkbuf_16)
    14    0.041698    0.096037    0.306428    0.806734 ^ clkbuf_3_5__f_wb_clk_i/X (sky130_fd_sc_hd__clkbuf_16)
                                                         clknet_3_5__leaf_wb_clk_i (net)
                      0.096092    0.001464    0.808198 ^ _748_/CLK (sky130_fd_sc_hd__dfxtp_1)
                                  0.250000    1.058198   clock uncertainty
                                  0.000000    1.058198   clock reconvergence pessimism
                                 -0.101655    0.956542   library hold time
                                              0.956542   data required time
---------------------------------------------------------------------------------------------
                                              0.956542   data required time
                                             -2.022900   data arrival time
---------------------------------------------------------------------------------------------
                                              1.066358   slack (MET)


Startpoint: _729_ (rising edge-triggered flip-flop clocked by wb_clk_i)
Endpoint: _729_ (rising edge-triggered flip-flop clocked by wb_clk_i)
Path Group: wb_clk_i
Path Type: min

Fanout         Cap        Slew       Delay        Time   Description
---------------------------------------------------------------------------------------------
                                  0.000000    0.000000   clock wb_clk_i (rise edge)
                                  0.000000    0.000000   clock source latency
     2    0.024010    0.178101    0.122636    0.122636 ^ wb_clk_i (in)
                                                         wb_clk_i (net)
                      0.178133    0.000000    0.122636 ^ clkbuf_0_wb_clk_i/A (sky130_fd_sc_hd__clkbuf_16)
    17    0.109159    0.188823    0.374197    0.496832 ^ clkbuf_0_wb_clk_i/X (sky130_fd_sc_hd__clkbuf_16)
                                                         clknet_0_wb_clk_i (net)
                      0.188846    0.002179    0.499011 ^ clkbuf_3_2__f_wb_clk_i/A (sky130_fd_sc_hd__clkbuf_16)
    14    0.042281    0.096840    0.307288    0.806299 ^ clkbuf_3_2__f_wb_clk_i/X (sky130_fd_sc_hd__clkbuf_16)
                                                         clknet_3_2__leaf_wb_clk_i (net)
                      0.096894    0.001302    0.807601 ^ _729_/CLK (sky130_fd_sc_hd__dfxtp_1)
     7    0.024216    0.222152    0.729566    1.537167 v _729_/Q (sky130_fd_sc_hd__dfxtp_1)
                                                         group_timeout_count[10] (net)
                      0.222155    0.001104    1.538270 v _530_/A (sky130_fd_sc_hd__nand2_1)
     3    0.008123    0.141902    0.213893    1.752164 ^ _530_/Y (sky130_fd_sc_hd__nand2_1)
                                                         _270_ (net)
                      0.141902    0.000126    1.752290 ^ _532_/B (sky130_fd_sc_hd__and3_1)
     1    0.002662    0.084866    0.312810    2.065100 ^ _532_/X (sky130_fd_sc_hd__and3_1)
                                                         _101_ (net)
                      0.084866    0.000060    2.065159 ^ _729_/D (sky130_fd_sc_hd__dfxtp_1)
                                              2.065159   data arrival time

                                  0.000000    0.000000   clock wb_clk_i (rise edge)
                                  0.000000    0.000000   clock source latency
     2    0.024010    0.178101    0.122636    0.122636 ^ wb_clk_i (in)
                                                         wb_clk_i (net)
                      0.178133    0.000000    0.122636 ^ clkbuf_0_wb_clk_i/A (sky130_fd_sc_hd__clkbuf_16)
    17    0.109159    0.188823    0.374197    0.496832 ^ clkbuf_0_wb_clk_i/X (sky130_fd_sc_hd__clkbuf_16)
                                                         clknet_0_wb_clk_i (net)
                      0.188846    0.002179    0.499011 ^ clkbuf_3_2__f_wb_clk_i/A (sky130_fd_sc_hd__clkbuf_16)
    14    0.042281    0.096840    0.307288    0.806299 ^ clkbuf_3_2__f_wb_clk_i/X (sky130_fd_sc_hd__clkbuf_16)
                                                         clknet_3_2__leaf_wb_clk_i (net)
                      0.096894    0.001302    0.807601 ^ _729_/CLK (sky130_fd_sc_hd__dfxtp_1)
                                  0.250000    1.057601   clock uncertainty
                                  0.000000    1.057601   clock reconvergence pessimism
                                 -0.071203    0.986397   library hold time
                                              0.986397   data required time
---------------------------------------------------------------------------------------------
                                              0.986397   data required time
                                             -2.065159   data arrival time
---------------------------------------------------------------------------------------------
                                              1.078762   slack (MET)


Startpoint: _749_ (rising edge-triggered flip-flop clocked by wb_clk_i)
Endpoint: _750_ (rising edge-triggered flip-flop clocked by wb_clk_i)
Path Group: wb_clk_i
Path Type: min

Fanout         Cap        Slew       Delay        Time   Description
---------------------------------------------------------------------------------------------
                                  0.000000    0.000000   clock wb_clk_i (rise edge)
                                  0.000000    0.000000   clock source latency
     2    0.024010    0.178101    0.122636    0.122636 ^ wb_clk_i (in)
                                                         wb_clk_i (net)
                      0.178133    0.000000    0.122636 ^ clkbuf_0_wb_clk_i/A (sky130_fd_sc_hd__clkbuf_16)
    17    0.109159    0.188823    0.374197    0.496832 ^ clkbuf_0_wb_clk_i/X (sky130_fd_sc_hd__clkbuf_16)
                                                         clknet_0_wb_clk_i (net)
                      0.188859    0.002590    0.499422 ^ clkbuf_3_7__f_wb_clk_i/A (sky130_fd_sc_hd__clkbuf_16)
    13    0.039512    0.093822    0.303284    0.802706 ^ clkbuf_3_7__f_wb_clk_i/X (sky130_fd_sc_hd__clkbuf_16)
                                                         clknet_3_7__leaf_wb_clk_i (net)
                      0.093848    0.001519    0.804225 ^ _749_/CLK (sky130_fd_sc_hd__dfxtp_2)
     8    0.033344    0.158141    0.720210    1.524434 v _749_/Q (sky130_fd_sc_hd__dfxtp_2)
                                                         global_timeout_count[4] (net)
                      0.158144    0.000890    1.525325 v _594_/A1 (sky130_fd_sc_hd__a21oi_1)
     1    0.001917    0.119982    0.216790    1.742114 ^ _594_/Y (sky130_fd_sc_hd__a21oi_1)
                                                         _313_ (net)
                      0.119982    0.000055    1.742169 ^ _595_/B (sky130_fd_sc_hd__or2_1)
     1    0.002940    0.067148    0.182639    1.924808 ^ _595_/X (sky130_fd_sc_hd__or2_1)
                                                         _314_ (net)
                      0.067148    0.000084    1.924892 ^ _596_/A2 (sky130_fd_sc_hd__a21oi_1)
     1    0.002058    0.077339    0.117742    2.042634 v _596_/Y (sky130_fd_sc_hd__a21oi_1)
                                                         _122_ (net)
                      0.077339    0.000041    2.042675 v _750_/D (sky130_fd_sc_hd__dfxtp_1)
                                              2.042675   data arrival time

                                  0.000000    0.000000   clock wb_clk_i (rise edge)
                                  0.000000    0.000000   clock source latency
     2    0.024010    0.178101    0.122636    0.122636 ^ wb_clk_i (in)
                                                         wb_clk_i (net)
                      0.178133    0.000000    0.122636 ^ clkbuf_0_wb_clk_i/A (sky130_fd_sc_hd__clkbuf_16)
    17    0.109159    0.188823    0.374197    0.496832 ^ clkbuf_0_wb_clk_i/X (sky130_fd_sc_hd__clkbuf_16)
                                                         clknet_0_wb_clk_i (net)
                      0.188896    0.003474    0.500306 ^ clkbuf_3_5__f_wb_clk_i/A (sky130_fd_sc_hd__clkbuf_16)
    14    0.041698    0.096037    0.306428    0.806734 ^ clkbuf_3_5__f_wb_clk_i/X (sky130_fd_sc_hd__clkbuf_16)
                                                         clknet_3_5__leaf_wb_clk_i (net)
                      0.096054    0.000708    0.807442 ^ _750_/CLK (sky130_fd_sc_hd__dfxtp_1)
                                  0.250000    1.057442   clock uncertainty
                                  0.000000    1.057442   clock reconvergence pessimism
                                 -0.101652    0.955790   library hold time
                                              0.955790   data required time
---------------------------------------------------------------------------------------------
                                              0.955790   data required time
                                             -2.042675   data arrival time
---------------------------------------------------------------------------------------------
                                              1.086885   slack (MET)


Startpoint: _711_ (rising edge-triggered flip-flop clocked by wb_clk_i)
Endpoint: _678_ (rising edge-triggered flip-flop clocked by wb_clk_i)
Path Group: wb_clk_i
Path Type: min

Fanout         Cap        Slew       Delay        Time   Description
---------------------------------------------------------------------------------------------
                                  0.000000    0.000000   clock wb_clk_i (rise edge)
                                  0.000000    0.000000   clock source latency
     2    0.024010    0.178101    0.122636    0.122636 ^ wb_clk_i (in)
                                                         wb_clk_i (net)
                      0.178133    0.000000    0.122636 ^ clkbuf_0_wb_clk_i/A (sky130_fd_sc_hd__clkbuf_16)
    17    0.109159    0.188823    0.374197    0.496832 ^ clkbuf_0_wb_clk_i/X (sky130_fd_sc_hd__clkbuf_16)
                                                         clknet_0_wb_clk_i (net)
                      0.188853    0.002430    0.499263 ^ clkbuf_3_1__f_wb_clk_i/A (sky130_fd_sc_hd__clkbuf_16)
    15    0.042068    0.096612    0.307174    0.806437 ^ clkbuf_3_1__f_wb_clk_i/X (sky130_fd_sc_hd__clkbuf_16)
                                                         clknet_3_1__leaf_wb_clk_i (net)
                      0.096628    0.000537    0.806974 ^ _711_/CLK (sky130_fd_sc_hd__dfxtp_1)
     5    0.010402    0.171779    0.717774    1.524748 ^ _711_/Q (sky130_fd_sc_hd__dfxtp_1)
                                                         group_state_bits[2] (net)
                      0.171779    0.000225    1.524973 ^ _391_/A (sky130_fd_sc_hd__and2_1)
     1    0.003330    0.086269    0.264520    1.789493 ^ _391_/X (sky130_fd_sc_hd__and2_1)
                                                         _178_ (net)
                      0.086269    0.000103    1.789596 ^ _393_/A1 (sky130_fd_sc_hd__o21a_1)
     1    0.005915    0.111103    0.274487    2.064083 ^ _393_/X (sky130_fd_sc_hd__o21a_1)
                                                         _035_ (net)
                      0.111103    0.000183    2.064267 ^ _678_/D (sky130_fd_sc_hd__dfrtp_1)
                                              2.064267   data arrival time

                                  0.000000    0.000000   clock wb_clk_i (rise edge)
                                  0.000000    0.000000   clock source latency
     2    0.024010    0.178101    0.122636    0.122636 ^ wb_clk_i (in)
                                                         wb_clk_i (net)
                      0.178133    0.000000    0.122636 ^ clkbuf_0_wb_clk_i/A (sky130_fd_sc_hd__clkbuf_16)
    17    0.109159    0.188823    0.374197    0.496832 ^ clkbuf_0_wb_clk_i/X (sky130_fd_sc_hd__clkbuf_16)
                                                         clknet_0_wb_clk_i (net)
                      0.188853    0.002430    0.499263 ^ clkbuf_3_1__f_wb_clk_i/A (sky130_fd_sc_hd__clkbuf_16)
    15    0.042068    0.096612    0.307174    0.806437 ^ clkbuf_3_1__f_wb_clk_i/X (sky130_fd_sc_hd__clkbuf_16)
                                                         clknet_3_1__leaf_wb_clk_i (net)
                      0.096642    0.000942    0.807379 ^ _678_/CLK (sky130_fd_sc_hd__dfrtp_1)
                                  0.250000    1.057379   clock uncertainty
                                  0.000000    1.057379   clock reconvergence pessimism
                                 -0.081946    0.975433   library hold time
                                              0.975433   data required time
---------------------------------------------------------------------------------------------
                                              0.975433   data required time
                                             -2.064267   data arrival time
---------------------------------------------------------------------------------------------
                                              1.088834   slack (MET)


Startpoint: _722_ (rising edge-triggered flip-flop clocked by wb_clk_i)
Endpoint: _722_ (rising edge-triggered flip-flop clocked by wb_clk_i)
Path Group: wb_clk_i
Path Type: min

Fanout         Cap        Slew       Delay        Time   Description
---------------------------------------------------------------------------------------------
                                  0.000000    0.000000   clock wb_clk_i (rise edge)
                                  0.000000    0.000000   clock source latency
     2    0.024010    0.178101    0.122636    0.122636 ^ wb_clk_i (in)
                                                         wb_clk_i (net)
                      0.178133    0.000000    0.122636 ^ clkbuf_0_wb_clk_i/A (sky130_fd_sc_hd__clkbuf_16)
    17    0.109159    0.188823    0.374197    0.496832 ^ clkbuf_0_wb_clk_i/X (sky130_fd_sc_hd__clkbuf_16)
                                                         clknet_0_wb_clk_i (net)
                      0.188846    0.002179    0.499011 ^ clkbuf_3_2__f_wb_clk_i/A (sky130_fd_sc_hd__clkbuf_16)
    14    0.042281    0.096840    0.307288    0.806299 ^ clkbuf_3_2__f_wb_clk_i/X (sky130_fd_sc_hd__clkbuf_16)
                                                         clknet_3_2__leaf_wb_clk_i (net)
                      0.096885    0.001083    0.807383 ^ _722_/CLK (sky130_fd_sc_hd__dfxtp_1)
     5    0.015731    0.246023    0.773151    1.580534 ^ _722_/Q (sky130_fd_sc_hd__dfxtp_1)
                                                         group_timeout_count[3] (net)
                      0.246023    0.000349    1.580883 ^ _510_/B1 (sky130_fd_sc_hd__a31o_1)
     1    0.001719    0.059785    0.218888    1.799771 ^ _510_/X (sky130_fd_sc_hd__a31o_1)
                                                         _257_ (net)
                      0.059785    0.000033    1.799804 ^ _511_/B (sky130_fd_sc_hd__and3b_1)
     1    0.001874    0.075515    0.277938    2.077743 ^ _511_/X (sky130_fd_sc_hd__and3b_1)
                                                         _094_ (net)
                      0.075515    0.000052    2.077795 ^ _722_/D (sky130_fd_sc_hd__dfxtp_1)
                                              2.077795   data arrival time

                                  0.000000    0.000000   clock wb_clk_i (rise edge)
                                  0.000000    0.000000   clock source latency
     2    0.024010    0.178101    0.122636    0.122636 ^ wb_clk_i (in)
                                                         wb_clk_i (net)
                      0.178133    0.000000    0.122636 ^ clkbuf_0_wb_clk_i/A (sky130_fd_sc_hd__clkbuf_16)
    17    0.109159    0.188823    0.374197    0.496832 ^ clkbuf_0_wb_clk_i/X (sky130_fd_sc_hd__clkbuf_16)
                                                         clknet_0_wb_clk_i (net)
                      0.188846    0.002179    0.499011 ^ clkbuf_3_2__f_wb_clk_i/A (sky130_fd_sc_hd__clkbuf_16)
    14    0.042281    0.096840    0.307288    0.806299 ^ clkbuf_3_2__f_wb_clk_i/X (sky130_fd_sc_hd__clkbuf_16)
                                                         clknet_3_2__leaf_wb_clk_i (net)
                      0.096885    0.001083    0.807383 ^ _722_/CLK (sky130_fd_sc_hd__dfxtp_1)
                                  0.250000    1.057383   clock uncertainty
                                  0.000000    1.057383   clock reconvergence pessimism
                                 -0.069030    0.988353   library hold time
                                              0.988353   data required time
---------------------------------------------------------------------------------------------
                                              0.988353   data required time
                                             -2.077795   data arrival time
---------------------------------------------------------------------------------------------
                                              1.089443   slack (MET)


Startpoint: _755_ (rising edge-triggered flip-flop clocked by wb_clk_i)
Endpoint: _755_ (rising edge-triggered flip-flop clocked by wb_clk_i)
Path Group: wb_clk_i
Path Type: min

Fanout         Cap        Slew       Delay        Time   Description
---------------------------------------------------------------------------------------------
                                  0.000000    0.000000   clock wb_clk_i (rise edge)
                                  0.000000    0.000000   clock source latency
     2    0.024010    0.178101    0.122636    0.122636 ^ wb_clk_i (in)
                                                         wb_clk_i (net)
                      0.178133    0.000000    0.122636 ^ clkbuf_0_wb_clk_i/A (sky130_fd_sc_hd__clkbuf_16)
    17    0.109159    0.188823    0.374197    0.496832 ^ clkbuf_0_wb_clk_i/X (sky130_fd_sc_hd__clkbuf_16)
                                                         clknet_0_wb_clk_i (net)
                      0.188859    0.002590    0.499422 ^ clkbuf_3_7__f_wb_clk_i/A (sky130_fd_sc_hd__clkbuf_16)
    13    0.039512    0.093822    0.303284    0.802706 ^ clkbuf_3_7__f_wb_clk_i/X (sky130_fd_sc_hd__clkbuf_16)
                                                         clknet_3_7__leaf_wb_clk_i (net)
                      0.093826    0.000813    0.803519 ^ _755_/CLK (sky130_fd_sc_hd__dfxtp_2)
     8    0.026996    0.133162    0.699941    1.503460 v _755_/Q (sky130_fd_sc_hd__dfxtp_2)
                                                         global_timeout_count[10] (net)
                      0.133164    0.000798    1.504258 v _579_/A (sky130_fd_sc_hd__nand2_1)
     2    0.008825    0.145505    0.179384    1.683642 ^ _579_/Y (sky130_fd_sc_hd__nand2_1)
                                                         _303_ (net)
                      0.145505    0.000199    1.683841 ^ _609_/A (sky130_fd_sc_hd__nand2_1)
     1    0.003986    0.085746    0.140749    1.824590 v _609_/Y (sky130_fd_sc_hd__nand2_1)
                                                         _323_ (net)
                      0.085746    0.000131    1.824721 v _610_/A2 (sky130_fd_sc_hd__a21oi_1)
     1    0.002892    0.148191    0.234416    2.059137 ^ _610_/Y (sky130_fd_sc_hd__a21oi_1)
                                                         _127_ (net)
                      0.148191    0.000083    2.059220 ^ _755_/D (sky130_fd_sc_hd__dfxtp_2)
                                              2.059220   data arrival time

                                  0.000000    0.000000   clock wb_clk_i (rise edge)
                                  0.000000    0.000000   clock source latency
     2    0.024010    0.178101    0.122636    0.122636 ^ wb_clk_i (in)
                                                         wb_clk_i (net)
                      0.178133    0.000000    0.122636 ^ clkbuf_0_wb_clk_i/A (sky130_fd_sc_hd__clkbuf_16)
    17    0.109159    0.188823    0.374197    0.496832 ^ clkbuf_0_wb_clk_i/X (sky130_fd_sc_hd__clkbuf_16)
                                                         clknet_0_wb_clk_i (net)
                      0.188859    0.002590    0.499422 ^ clkbuf_3_7__f_wb_clk_i/A (sky130_fd_sc_hd__clkbuf_16)
    13    0.039512    0.093822    0.303284    0.802706 ^ clkbuf_3_7__f_wb_clk_i/X (sky130_fd_sc_hd__clkbuf_16)
                                                         clknet_3_7__leaf_wb_clk_i (net)
                      0.093826    0.000813    0.803519 ^ _755_/CLK (sky130_fd_sc_hd__dfxtp_2)
                                  0.250000    1.053519   clock uncertainty
                                  0.000000    1.053519   clock reconvergence pessimism
                                 -0.086219    0.967300   library hold time
                                              0.967300   data required time
---------------------------------------------------------------------------------------------
                                              0.967300   data required time
                                             -2.059220   data arrival time
---------------------------------------------------------------------------------------------
                                              1.091920   slack (MET)


Startpoint: _758_ (rising edge-triggered flip-flop clocked by wb_clk_i)
Endpoint: _684_ (rising edge-triggered flip-flop clocked by wb_clk_i)
Path Group: wb_clk_i
Path Type: min

Fanout         Cap        Slew       Delay        Time   Description
---------------------------------------------------------------------------------------------
                                  0.000000    0.000000   clock wb_clk_i (rise edge)
                                  0.000000    0.000000   clock source latency
     2    0.024010    0.178101    0.122636    0.122636 ^ wb_clk_i (in)
                                                         wb_clk_i (net)
                      0.178133    0.000000    0.122636 ^ clkbuf_0_wb_clk_i/A (sky130_fd_sc_hd__clkbuf_16)
    17    0.109159    0.188823    0.374197    0.496832 ^ clkbuf_0_wb_clk_i/X (sky130_fd_sc_hd__clkbuf_16)
                                                         clknet_0_wb_clk_i (net)
                      0.188859    0.002590    0.499422 ^ clkbuf_3_7__f_wb_clk_i/A (sky130_fd_sc_hd__clkbuf_16)
    13    0.039512    0.093822    0.303284    0.802706 ^ clkbuf_3_7__f_wb_clk_i/X (sky130_fd_sc_hd__clkbuf_16)
                                                         clknet_3_7__leaf_wb_clk_i (net)
                      0.093860    0.001762    0.804468 ^ _758_/CLK (sky130_fd_sc_hd__dfxtp_1)
     5    0.018645    0.175100    0.693608    1.498076 v _758_/Q (sky130_fd_sc_hd__dfxtp_1)
                                                         global_timeout_count[13] (net)
                      0.175100    0.000515    1.498591 v _410_/A1 (sky130_fd_sc_hd__o221a_1)
     1    0.006783    0.100154    0.562864    2.061455 v _410_/X (sky130_fd_sc_hd__o221a_1)
                                                         _010_ (net)
                      0.100154    0.000239    2.061694 v _684_/D (sky130_fd_sc_hd__dfrtp_1)
                                              2.061694   data arrival time

                                  0.000000    0.000000   clock wb_clk_i (rise edge)
                                  0.000000    0.000000   clock source latency
     2    0.024010    0.178101    0.122636    0.122636 ^ wb_clk_i (in)
                                                         wb_clk_i (net)
                      0.178133    0.000000    0.122636 ^ clkbuf_0_wb_clk_i/A (sky130_fd_sc_hd__clkbuf_16)
    17    0.109159    0.188823    0.374197    0.496832 ^ clkbuf_0_wb_clk_i/X (sky130_fd_sc_hd__clkbuf_16)
                                                         clknet_0_wb_clk_i (net)
                      0.188859    0.002590    0.499422 ^ clkbuf_3_7__f_wb_clk_i/A (sky130_fd_sc_hd__clkbuf_16)
    13    0.039512    0.093822    0.303284    0.802706 ^ clkbuf_3_7__f_wb_clk_i/X (sky130_fd_sc_hd__clkbuf_16)
                                                         clknet_3_7__leaf_wb_clk_i (net)
                      0.093830    0.000968    0.803674 ^ _684_/CLK (sky130_fd_sc_hd__dfrtp_1)
                                  0.250000    1.053674   clock uncertainty
                                  0.000000    1.053674   clock reconvergence pessimism
                                 -0.102633    0.951041   library hold time
                                              0.951041   data required time
---------------------------------------------------------------------------------------------
                                              0.951041   data required time
                                             -2.061694   data arrival time
---------------------------------------------------------------------------------------------
                                              1.110653   slack (MET)


Startpoint: _763_ (rising edge-triggered flip-flop clocked by wb_clk_i)
Endpoint: _741_ (rising edge-triggered flip-flop clocked by wb_clk_i)
Path Group: wb_clk_i
Path Type: min

Fanout         Cap        Slew       Delay        Time   Description
---------------------------------------------------------------------------------------------
                                  0.000000    0.000000   clock wb_clk_i (rise edge)
                                  0.000000    0.000000   clock source latency
     2    0.024010    0.178101    0.122636    0.122636 ^ wb_clk_i (in)
                                                         wb_clk_i (net)
                      0.178133    0.000000    0.122636 ^ clkbuf_0_wb_clk_i/A (sky130_fd_sc_hd__clkbuf_16)
    17    0.109159    0.188823    0.374197    0.496832 ^ clkbuf_0_wb_clk_i/X (sky130_fd_sc_hd__clkbuf_16)
                                                         clknet_0_wb_clk_i (net)
                      0.188853    0.002430    0.499263 ^ clkbuf_3_1__f_wb_clk_i/A (sky130_fd_sc_hd__clkbuf_16)
    15    0.042068    0.096612    0.307174    0.806437 ^ clkbuf_3_1__f_wb_clk_i/X (sky130_fd_sc_hd__clkbuf_16)
                                                         clknet_3_1__leaf_wb_clk_i (net)
                      0.096637    0.000812    0.807249 ^ _763_/CLK (sky130_fd_sc_hd__dfxtp_1)
     6    0.030112    0.451528    0.919593    1.726842 ^ _763_/Q (sky130_fd_sc_hd__dfxtp_1)
                                                         sticky_illegal_core (net)
                      0.451528    0.001492    1.728335 ^ _554_/A1 (sky130_fd_sc_hd__o31a_1)
     1    0.001960    0.065323    0.376981    2.105316 ^ _554_/X (sky130_fd_sc_hd__o31a_1)
                                                         _113_ (net)
                      0.065323    0.000056    2.105372 ^ _741_/D (sky130_fd_sc_hd__dfxtp_1)
                                              2.105372   data arrival time

                                  0.000000    0.000000   clock wb_clk_i (rise edge)
                                  0.000000    0.000000   clock source latency
     2    0.024010    0.178101    0.122636    0.122636 ^ wb_clk_i (in)
                                                         wb_clk_i (net)
                      0.178133    0.000000    0.122636 ^ clkbuf_0_wb_clk_i/A (sky130_fd_sc_hd__clkbuf_16)
    17    0.109159    0.188823    0.374197    0.496832 ^ clkbuf_0_wb_clk_i/X (sky130_fd_sc_hd__clkbuf_16)
                                                         clknet_0_wb_clk_i (net)
                      0.188875    0.003013    0.499845 ^ clkbuf_3_4__f_wb_clk_i/A (sky130_fd_sc_hd__clkbuf_16)
    12    0.042662    0.097277    0.307580    0.807425 ^ clkbuf_3_4__f_wb_clk_i/X (sky130_fd_sc_hd__clkbuf_16)
                                                         clknet_3_4__leaf_wb_clk_i (net)
                      0.097368    0.001710    0.809136 ^ _741_/CLK (sky130_fd_sc_hd__dfxtp_1)
                                  0.250000    1.059136   clock uncertainty
                                  0.000000    1.059136   clock reconvergence pessimism
                                 -0.066583    0.992553   library hold time
                                              0.992553   data required time
---------------------------------------------------------------------------------------------
                                              0.992553   data required time
                                             -2.105372   data arrival time
---------------------------------------------------------------------------------------------
                                              1.112819   slack (MET)


Startpoint: _714_ (rising edge-triggered flip-flop clocked by wb_clk_i)
Endpoint: _672_ (rising edge-triggered flip-flop clocked by wb_clk_i)
Path Group: wb_clk_i
Path Type: min

Fanout         Cap        Slew       Delay        Time   Description
---------------------------------------------------------------------------------------------
                                  0.000000    0.000000   clock wb_clk_i (rise edge)
                                  0.000000    0.000000   clock source latency
     2    0.024010    0.178101    0.122636    0.122636 ^ wb_clk_i (in)
                                                         wb_clk_i (net)
                      0.178133    0.000000    0.122636 ^ clkbuf_0_wb_clk_i/A (sky130_fd_sc_hd__clkbuf_16)
    17    0.109159    0.188823    0.374197    0.496832 ^ clkbuf_0_wb_clk_i/X (sky130_fd_sc_hd__clkbuf_16)
                                                         clknet_0_wb_clk_i (net)
                      0.188875    0.003013    0.499845 ^ clkbuf_3_4__f_wb_clk_i/A (sky130_fd_sc_hd__clkbuf_16)
    12    0.042662    0.097277    0.307580    0.807425 ^ clkbuf_3_4__f_wb_clk_i/X (sky130_fd_sc_hd__clkbuf_16)
                                                         clknet_3_4__leaf_wb_clk_i (net)
                      0.097361    0.001571    0.808996 ^ _714_/CLK (sky130_fd_sc_hd__dfrtp_1)
     3    0.007479    0.134332    0.702456    1.511452 ^ _714_/Q (sky130_fd_sc_hd__dfrtp_1)
                                                         sw_sticky_illegal (net)
                      0.134332    0.000110    1.511562 ^ _374_/A1 (sky130_fd_sc_hd__a22o_1)
     1    0.006416    0.124324    0.327248    1.838810 ^ _374_/X (sky130_fd_sc_hd__a22o_1)
                                                         _167_ (net)
                      0.124324    0.000286    1.839096 ^ _375_/A2 (sky130_fd_sc_hd__o21a_1)
     1    0.005468    0.104907    0.253464    2.092560 ^ _375_/X (sky130_fd_sc_hd__o21a_1)
                                                         _017_ (net)
                      0.104907    0.000207    2.092767 ^ _672_/D (sky130_fd_sc_hd__dfrtp_1)
                                              2.092767   data arrival time

                                  0.000000    0.000000   clock wb_clk_i (rise edge)
                                  0.000000    0.000000   clock source latency
     2    0.024010    0.178101    0.122636    0.122636 ^ wb_clk_i (in)
                                                         wb_clk_i (net)
                      0.178133    0.000000    0.122636 ^ clkbuf_0_wb_clk_i/A (sky130_fd_sc_hd__clkbuf_16)
    17    0.109159    0.188823    0.374197    0.496832 ^ clkbuf_0_wb_clk_i/X (sky130_fd_sc_hd__clkbuf_16)
                                                         clknet_0_wb_clk_i (net)
                      0.188875    0.003013    0.499845 ^ clkbuf_3_4__f_wb_clk_i/A (sky130_fd_sc_hd__clkbuf_16)
    12    0.042662    0.097277    0.307580    0.807425 ^ clkbuf_3_4__f_wb_clk_i/X (sky130_fd_sc_hd__clkbuf_16)
                                                         clknet_3_4__leaf_wb_clk_i (net)
                      0.097340    0.001132    0.808557 ^ _672_/CLK (sky130_fd_sc_hd__dfrtp_1)
                                  0.250000    1.058557   clock uncertainty
                                  0.000000    1.058557   clock reconvergence pessimism
                                 -0.080418    0.978139   library hold time
                                              0.978139   data required time
---------------------------------------------------------------------------------------------
                                              0.978139   data required time
                                             -2.092767   data arrival time
---------------------------------------------------------------------------------------------
                                              1.114628   slack (MET)


Startpoint: _713_ (rising edge-triggered flip-flop clocked by wb_clk_i)
Endpoint: _671_ (rising edge-triggered flip-flop clocked by wb_clk_i)
Path Group: wb_clk_i
Path Type: min

Fanout         Cap        Slew       Delay        Time   Description
---------------------------------------------------------------------------------------------
                                  0.000000    0.000000   clock wb_clk_i (rise edge)
                                  0.000000    0.000000   clock source latency
     2    0.024010    0.178101    0.122636    0.122636 ^ wb_clk_i (in)
                                                         wb_clk_i (net)
                      0.178133    0.000000    0.122636 ^ clkbuf_0_wb_clk_i/A (sky130_fd_sc_hd__clkbuf_16)
    17    0.109159    0.188823    0.374197    0.496832 ^ clkbuf_0_wb_clk_i/X (sky130_fd_sc_hd__clkbuf_16)
                                                         clknet_0_wb_clk_i (net)
                      0.188853    0.002430    0.499263 ^ clkbuf_3_1__f_wb_clk_i/A (sky130_fd_sc_hd__clkbuf_16)
    15    0.042068    0.096612    0.307174    0.806437 ^ clkbuf_3_1__f_wb_clk_i/X (sky130_fd_sc_hd__clkbuf_16)
                                                         clknet_3_1__leaf_wb_clk_i (net)
                      0.096634    0.000720    0.807157 ^ _713_/CLK (sky130_fd_sc_hd__dfrtp_1)
     3    0.011590    0.185511    0.745428    1.552585 ^ _713_/Q (sky130_fd_sc_hd__dfrtp_1)
                                                         sw_sticky_tamper (net)
                      0.185511    0.000286    1.552871 ^ _371_/A1 (sky130_fd_sc_hd__a22o_1)
     1    0.003195    0.080707    0.311341    1.864212 ^ _371_/X (sky130_fd_sc_hd__a22o_1)
                                                         _165_ (net)
                      0.080707    0.000097    1.864309 ^ _372_/A2 (sky130_fd_sc_hd__o21a_1)
     1    0.005309    0.102628    0.235522    2.099831 ^ _372_/X (sky130_fd_sc_hd__o21a_1)
                                                         _006_ (net)
                      0.102628    0.000185    2.100017 ^ _671_/D (sky130_fd_sc_hd__dfrtp_1)
                                              2.100017   data arrival time

                                  0.000000    0.000000   clock wb_clk_i (rise edge)
                                  0.000000    0.000000   clock source latency
     2    0.024010    0.178101    0.122636    0.122636 ^ wb_clk_i (in)
                                                         wb_clk_i (net)
                      0.178133    0.000000    0.122636 ^ clkbuf_0_wb_clk_i/A (sky130_fd_sc_hd__clkbuf_16)
    17    0.109159    0.188823    0.374197    0.496832 ^ clkbuf_0_wb_clk_i/X (sky130_fd_sc_hd__clkbuf_16)
                                                         clknet_0_wb_clk_i (net)
                      0.188875    0.003013    0.499845 ^ clkbuf_3_4__f_wb_clk_i/A (sky130_fd_sc_hd__clkbuf_16)
    12    0.042662    0.097277    0.307580    0.807425 ^ clkbuf_3_4__f_wb_clk_i/X (sky130_fd_sc_hd__clkbuf_16)
                                                         clknet_3_4__leaf_wb_clk_i (net)
                      0.097352    0.001396    0.808822 ^ _671_/CLK (sky130_fd_sc_hd__dfrtp_1)
                                  0.250000    1.058822   clock uncertainty
                                  0.000000    1.058822   clock reconvergence pessimism
                                 -0.079896    0.978926   library hold time
                                              0.978926   data required time
---------------------------------------------------------------------------------------------
                                              0.978926   data required time
                                             -2.100017   data arrival time
---------------------------------------------------------------------------------------------
                                              1.121091   slack (MET)


Startpoint: _716_ (rising edge-triggered flip-flop clocked by wb_clk_i)
Endpoint: _674_ (rising edge-triggered flip-flop clocked by wb_clk_i)
Path Group: wb_clk_i
Path Type: min

Fanout         Cap        Slew       Delay        Time   Description
---------------------------------------------------------------------------------------------
                                  0.000000    0.000000   clock wb_clk_i (rise edge)
                                  0.000000    0.000000   clock source latency
     2    0.024010    0.178101    0.122636    0.122636 ^ wb_clk_i (in)
                                                         wb_clk_i (net)
                      0.178133    0.000000    0.122636 ^ clkbuf_0_wb_clk_i/A (sky130_fd_sc_hd__clkbuf_16)
    17    0.109159    0.188823    0.374197    0.496832 ^ clkbuf_0_wb_clk_i/X (sky130_fd_sc_hd__clkbuf_16)
                                                         clknet_0_wb_clk_i (net)
                      0.188875    0.003013    0.499845 ^ clkbuf_3_4__f_wb_clk_i/A (sky130_fd_sc_hd__clkbuf_16)
    12    0.042662    0.097277    0.307580    0.807425 ^ clkbuf_3_4__f_wb_clk_i/X (sky130_fd_sc_hd__clkbuf_16)
                                                         clknet_3_4__leaf_wb_clk_i (net)
                      0.097342    0.001183    0.808608 ^ _716_/CLK (sky130_fd_sc_hd__dfrtp_1)
     3    0.009649    0.161163    0.725287    1.533895 ^ _716_/Q (sky130_fd_sc_hd__dfrtp_1)
                                                         sw_sticky_breach (net)
                      0.161163    0.000258    1.534153 ^ _380_/A1 (sky130_fd_sc_hd__a22o_1)
     1    0.003656    0.086825    0.306892    1.841046 ^ _380_/X (sky130_fd_sc_hd__a22o_1)
                                                         _171_ (net)
                      0.086825    0.000113    1.841159 ^ _381_/A2 (sky130_fd_sc_hd__o21a_1)
     1    0.006833    0.124048    0.254203    2.095362 ^ _381_/X (sky130_fd_sc_hd__o21a_1)
                                                         _031_ (net)
                      0.124048    0.000293    2.095654 ^ _674_/D (sky130_fd_sc_hd__dfrtp_1)
                                              2.095654   data arrival time

                                  0.000000    0.000000   clock wb_clk_i (rise edge)
                                  0.000000    0.000000   clock source latency
     2    0.024010    0.178101    0.122636    0.122636 ^ wb_clk_i (in)
                                                         wb_clk_i (net)
                      0.178133    0.000000    0.122636 ^ clkbuf_0_wb_clk_i/A (sky130_fd_sc_hd__clkbuf_16)
    17    0.109159    0.188823    0.374197    0.496832 ^ clkbuf_0_wb_clk_i/X (sky130_fd_sc_hd__clkbuf_16)
                                                         clknet_0_wb_clk_i (net)
                      0.188896    0.003474    0.500306 ^ clkbuf_3_5__f_wb_clk_i/A (sky130_fd_sc_hd__clkbuf_16)
    14    0.041698    0.096037    0.306428    0.806734 ^ clkbuf_3_5__f_wb_clk_i/X (sky130_fd_sc_hd__clkbuf_16)
                                                         clknet_3_5__leaf_wb_clk_i (net)
                      0.096080    0.001211    0.807945 ^ _674_/CLK (sky130_fd_sc_hd__dfrtp_1)
                                  0.250000    1.057945   clock uncertainty
                                  0.000000    1.057945   clock reconvergence pessimism
                                 -0.084992    0.972953   library hold time
                                              0.972953   data required time
---------------------------------------------------------------------------------------------
                                              0.972953   data required time
                                             -2.095654   data arrival time
---------------------------------------------------------------------------------------------
                                              1.122701   slack (MET)


Startpoint: _730_ (rising edge-triggered flip-flop clocked by wb_clk_i)
Endpoint: _730_ (rising edge-triggered flip-flop clocked by wb_clk_i)
Path Group: wb_clk_i
Path Type: min

Fanout         Cap        Slew       Delay        Time   Description
---------------------------------------------------------------------------------------------
                                  0.000000    0.000000   clock wb_clk_i (rise edge)
                                  0.000000    0.000000   clock source latency
     2    0.024010    0.178101    0.122636    0.122636 ^ wb_clk_i (in)
                                                         wb_clk_i (net)
                      0.178133    0.000000    0.122636 ^ clkbuf_0_wb_clk_i/A (sky130_fd_sc_hd__clkbuf_16)
    17    0.109159    0.188823    0.374197    0.496832 ^ clkbuf_0_wb_clk_i/X (sky130_fd_sc_hd__clkbuf_16)
                                                         clknet_0_wb_clk_i (net)
                      0.188839    0.001939    0.498772 ^ clkbuf_3_3__f_wb_clk_i/A (sky130_fd_sc_hd__clkbuf_16)
    11    0.042287    0.096877    0.307360    0.806132 ^ clkbuf_3_3__f_wb_clk_i/X (sky130_fd_sc_hd__clkbuf_16)
                                                         clknet_3_3__leaf_wb_clk_i (net)
                      0.096912    0.000915    0.807047 ^ _730_/CLK (sky130_fd_sc_hd__dfxtp_1)
     5    0.020330    0.189278    0.705583    1.512630 v _730_/Q (sky130_fd_sc_hd__dfxtp_1)
                                                         group_timeout_count[11] (net)
                      0.189278    0.000447    1.513077 v _337_/A (sky130_fd_sc_hd__inv_2)
     3    0.010375    0.100605    0.157971    1.671048 ^ _337_/Y (sky130_fd_sc_hd__inv_2)
                                                         _142_ (net)
                      0.100605    0.000158    1.671206 ^ _534_/A (sky130_fd_sc_hd__nand2_1)
     1    0.002326    0.064252    0.101408    1.772614 v _534_/Y (sky130_fd_sc_hd__nand2_1)
                                                         _273_ (net)
                      0.064252    0.000067    1.772681 v _535_/B (sky130_fd_sc_hd__and3b_1)
     1    0.002490    0.062684    0.318797    2.091479 v _535_/X (sky130_fd_sc_hd__and3b_1)
                                                         _102_ (net)
                      0.062684    0.000053    2.091532 v _730_/D (sky130_fd_sc_hd__dfxtp_1)
                                              2.091532   data arrival time

                                  0.000000    0.000000   clock wb_clk_i (rise edge)
                                  0.000000    0.000000   clock source latency
     2    0.024010    0.178101    0.122636    0.122636 ^ wb_clk_i (in)
                                                         wb_clk_i (net)
                      0.178133    0.000000    0.122636 ^ clkbuf_0_wb_clk_i/A (sky130_fd_sc_hd__clkbuf_16)
    17    0.109159    0.188823    0.374197    0.496832 ^ clkbuf_0_wb_clk_i/X (sky130_fd_sc_hd__clkbuf_16)
                                                         clknet_0_wb_clk_i (net)
                      0.188839    0.001939    0.498772 ^ clkbuf_3_3__f_wb_clk_i/A (sky130_fd_sc_hd__clkbuf_16)
    11    0.042287    0.096877    0.307360    0.806132 ^ clkbuf_3_3__f_wb_clk_i/X (sky130_fd_sc_hd__clkbuf_16)
                                                         clknet_3_3__leaf_wb_clk_i (net)
                      0.096912    0.000915    0.807047 ^ _730_/CLK (sky130_fd_sc_hd__dfxtp_1)
                                  0.250000    1.057047   clock uncertainty
                                  0.000000    1.057047   clock reconvergence pessimism
                                 -0.095906    0.961141   library hold time
                                              0.961141   data required time
---------------------------------------------------------------------------------------------
                                              0.961141   data required time
                                             -2.091532   data arrival time
---------------------------------------------------------------------------------------------
                                              1.130391   slack (MET)


Startpoint: _747_ (rising edge-triggered flip-flop clocked by wb_clk_i)
Endpoint: _673_ (rising edge-triggered flip-flop clocked by wb_clk_i)
Path Group: wb_clk_i
Path Type: min

Fanout         Cap        Slew       Delay        Time   Description
---------------------------------------------------------------------------------------------
                                  0.000000    0.000000   clock wb_clk_i (rise edge)
                                  0.000000    0.000000   clock source latency
     2    0.024010    0.178101    0.122636    0.122636 ^ wb_clk_i (in)
                                                         wb_clk_i (net)
                      0.178133    0.000000    0.122636 ^ clkbuf_0_wb_clk_i/A (sky130_fd_sc_hd__clkbuf_16)
    17    0.109159    0.188823    0.374197    0.496832 ^ clkbuf_0_wb_clk_i/X (sky130_fd_sc_hd__clkbuf_16)
                                                         clknet_0_wb_clk_i (net)
                      0.188875    0.003013    0.499845 ^ clkbuf_3_4__f_wb_clk_i/A (sky130_fd_sc_hd__clkbuf_16)
    12    0.042662    0.097277    0.307580    0.807425 ^ clkbuf_3_4__f_wb_clk_i/X (sky130_fd_sc_hd__clkbuf_16)
                                                         clknet_3_4__leaf_wb_clk_i (net)
                      0.097339    0.001117    0.808542 ^ _747_/CLK (sky130_fd_sc_hd__dfxtp_1)
     4    0.010306    0.170436    0.717129    1.525671 ^ _747_/Q (sky130_fd_sc_hd__dfxtp_1)
                                                         global_timeout_count[2] (net)
                      0.170436    0.000207    1.525878 ^ _376_/A (sky130_fd_sc_hd__and3_1)
     1    0.002579    0.083840    0.309890    1.835768 ^ _376_/X (sky130_fd_sc_hd__and3_1)
                                                         _168_ (net)
                      0.083840    0.000050    1.835818 ^ _378_/A1 (sky130_fd_sc_hd__o21a_1)
     1    0.006934    0.125499    0.284710    2.120528 ^ _378_/X (sky130_fd_sc_hd__o21a_1)
                                                         _028_ (net)
                      0.125499    0.000239    2.120767 ^ _673_/D (sky130_fd_sc_hd__dfrtp_1)
                                              2.120767   data arrival time

                                  0.000000    0.000000   clock wb_clk_i (rise edge)
                                  0.000000    0.000000   clock source latency
     2    0.024010    0.178101    0.122636    0.122636 ^ wb_clk_i (in)
                                                         wb_clk_i (net)
                      0.178133    0.000000    0.122636 ^ clkbuf_0_wb_clk_i/A (sky130_fd_sc_hd__clkbuf_16)
    17    0.109159    0.188823    0.374197    0.496832 ^ clkbuf_0_wb_clk_i/X (sky130_fd_sc_hd__clkbuf_16)
                                                         clknet_0_wb_clk_i (net)
                      0.188875    0.003013    0.499845 ^ clkbuf_3_4__f_wb_clk_i/A (sky130_fd_sc_hd__clkbuf_16)
    12    0.042662    0.097277    0.307580    0.807425 ^ clkbuf_3_4__f_wb_clk_i/X (sky130_fd_sc_hd__clkbuf_16)
                                                         clknet_3_4__leaf_wb_clk_i (net)
                      0.097342    0.001176    0.808601 ^ _673_/CLK (sky130_fd_sc_hd__dfrtp_1)
                                  0.250000    1.058601   clock uncertainty
                                  0.000000    1.058601   clock reconvergence pessimism
                                 -0.085115    0.973486   library hold time
                                              0.973486   data required time
---------------------------------------------------------------------------------------------
                                              0.973486   data required time
                                             -2.120767   data arrival time
---------------------------------------------------------------------------------------------
                                              1.147281   slack (MET)


Startpoint: _755_ (rising edge-triggered flip-flop clocked by wb_clk_i)
Endpoint: _681_ (rising edge-triggered flip-flop clocked by wb_clk_i)
Path Group: wb_clk_i
Path Type: min

Fanout         Cap        Slew       Delay        Time   Description
---------------------------------------------------------------------------------------------
                                  0.000000    0.000000   clock wb_clk_i (rise edge)
                                  0.000000    0.000000   clock source latency
     2    0.024010    0.178101    0.122636    0.122636 ^ wb_clk_i (in)
                                                         wb_clk_i (net)
                      0.178133    0.000000    0.122636 ^ clkbuf_0_wb_clk_i/A (sky130_fd_sc_hd__clkbuf_16)
    17    0.109159    0.188823    0.374197    0.496832 ^ clkbuf_0_wb_clk_i/X (sky130_fd_sc_hd__clkbuf_16)
                                                         clknet_0_wb_clk_i (net)
                      0.188859    0.002590    0.499422 ^ clkbuf_3_7__f_wb_clk_i/A (sky130_fd_sc_hd__clkbuf_16)
    13    0.039512    0.093822    0.303284    0.802706 ^ clkbuf_3_7__f_wb_clk_i/X (sky130_fd_sc_hd__clkbuf_16)
                                                         clknet_3_7__leaf_wb_clk_i (net)
                      0.093826    0.000813    0.803519 ^ _755_/CLK (sky130_fd_sc_hd__dfxtp_2)
     8    0.028156    0.236232    0.796143    1.599661 ^ _755_/Q (sky130_fd_sc_hd__dfxtp_2)
                                                         global_timeout_count[10] (net)
                      0.236236    0.001339    1.601001 ^ _405_/A1 (sky130_fd_sc_hd__a22o_1)
     1    0.001911    0.064607    0.316081    1.917081 ^ _405_/X (sky130_fd_sc_hd__a22o_1)
                                                         _189_ (net)
                      0.064607    0.000039    1.917120 ^ _406_/B (sky130_fd_sc_hd__and2_1)
     1    0.002262    0.072639    0.217049    2.134169 ^ _406_/X (sky130_fd_sc_hd__and2_1)
                                                         _007_ (net)
                      0.072639    0.000045    2.134214 ^ _681_/D (sky130_fd_sc_hd__dfrtp_1)
                                              2.134214   data arrival time

                                  0.000000    0.000000   clock wb_clk_i (rise edge)
                                  0.000000    0.000000   clock source latency
     2    0.024010    0.178101    0.122636    0.122636 ^ wb_clk_i (in)
                                                         wb_clk_i (net)
                      0.178133    0.000000    0.122636 ^ clkbuf_0_wb_clk_i/A (sky130_fd_sc_hd__clkbuf_16)
    17    0.109159    0.188823    0.374197    0.496832 ^ clkbuf_0_wb_clk_i/X (sky130_fd_sc_hd__clkbuf_16)
                                                         clknet_0_wb_clk_i (net)
                      0.188845    0.002161    0.498994 ^ clkbuf_3_6__f_wb_clk_i/A (sky130_fd_sc_hd__clkbuf_16)
    10    0.042134    0.096653    0.307133    0.806127 ^ clkbuf_3_6__f_wb_clk_i/X (sky130_fd_sc_hd__clkbuf_16)
                                                         clknet_3_6__leaf_wb_clk_i (net)
                      0.096673    0.000556    0.806682 ^ _681_/CLK (sky130_fd_sc_hd__dfrtp_1)
                                  0.250000    1.056682   clock uncertainty
                                  0.000000    1.056682   clock reconvergence pessimism
                                 -0.073165    0.983517   library hold time
                                              0.983517   data required time
---------------------------------------------------------------------------------------------
                                              0.983517   data required time
                                             -2.134214   data arrival time
---------------------------------------------------------------------------------------------
                                              1.150697   slack (MET)


Startpoint: _709_ (rising edge-triggered flip-flop clocked by wb_clk_i)
Endpoint: _676_ (rising edge-triggered flip-flop clocked by wb_clk_i)
Path Group: wb_clk_i
Path Type: min

Fanout         Cap        Slew       Delay        Time   Description
---------------------------------------------------------------------------------------------
                                  0.000000    0.000000   clock wb_clk_i (rise edge)
                                  0.000000    0.000000   clock source latency
     2    0.024010    0.178101    0.122636    0.122636 ^ wb_clk_i (in)
                                                         wb_clk_i (net)
                      0.178133    0.000000    0.122636 ^ clkbuf_0_wb_clk_i/A (sky130_fd_sc_hd__clkbuf_16)
    17    0.109159    0.188823    0.374197    0.496832 ^ clkbuf_0_wb_clk_i/X (sky130_fd_sc_hd__clkbuf_16)
                                                         clknet_0_wb_clk_i (net)
                      0.188853    0.002430    0.499263 ^ clkbuf_3_1__f_wb_clk_i/A (sky130_fd_sc_hd__clkbuf_16)
    15    0.042068    0.096612    0.307174    0.806437 ^ clkbuf_3_1__f_wb_clk_i/X (sky130_fd_sc_hd__clkbuf_16)
                                                         clknet_3_1__leaf_wb_clk_i (net)
                      0.096627    0.000495    0.806932 ^ _709_/CLK (sky130_fd_sc_hd__dfxtp_1)
     5    0.012660    0.202887    0.741461    1.548392 ^ _709_/Q (sky130_fd_sc_hd__dfxtp_1)
                                                         group_state_bits[0] (net)
                      0.202887    0.000389    1.548781 ^ _386_/B2 (sky130_fd_sc_hd__a22o_1)
     1    0.005774    0.116045    0.326764    1.875544 ^ _386_/X (sky130_fd_sc_hd__a22o_1)
                                                         _175_ (net)
                      0.116045    0.000230    1.875774 ^ _387_/A2 (sky130_fd_sc_hd__o21a_1)
     1    0.005590    0.106609    0.251674    2.127448 ^ _387_/X (sky130_fd_sc_hd__o21a_1)
                                                         _033_ (net)
                      0.106609    0.000245    2.127693 ^ _676_/D (sky130_fd_sc_hd__dfrtp_1)
                                              2.127693   data arrival time

                                  0.000000    0.000000   clock wb_clk_i (rise edge)
                                  0.000000    0.000000   clock source latency
     2    0.024010    0.178101    0.122636    0.122636 ^ wb_clk_i (in)
                                                         wb_clk_i (net)
                      0.178133    0.000000    0.122636 ^ clkbuf_0_wb_clk_i/A (sky130_fd_sc_hd__clkbuf_16)
    17    0.109159    0.188823    0.374197    0.496832 ^ clkbuf_0_wb_clk_i/X (sky130_fd_sc_hd__clkbuf_16)
                                                         clknet_0_wb_clk_i (net)
                      0.188896    0.003474    0.500306 ^ clkbuf_3_5__f_wb_clk_i/A (sky130_fd_sc_hd__clkbuf_16)
    14    0.041698    0.096037    0.306428    0.806734 ^ clkbuf_3_5__f_wb_clk_i/X (sky130_fd_sc_hd__clkbuf_16)
                                                         clknet_3_5__leaf_wb_clk_i (net)
                      0.096063    0.000862    0.807596 ^ _676_/CLK (sky130_fd_sc_hd__dfrtp_1)
                                  0.250000    1.057596   clock uncertainty
                                  0.000000    1.057596   clock reconvergence pessimism
                                 -0.081016    0.976580   library hold time
                                              0.976580   data required time
---------------------------------------------------------------------------------------------
                                              0.976580   data required time
                                             -2.127693   data arrival time
---------------------------------------------------------------------------------------------
                                              1.151113   slack (MET)


Startpoint: _764_ (rising edge-triggered flip-flop clocked by wb_clk_i)
Endpoint: _718_ (rising edge-triggered flip-flop clocked by wb_clk_i)
Path Group: wb_clk_i
Path Type: min

Fanout         Cap        Slew       Delay        Time   Description
---------------------------------------------------------------------------------------------
                                  0.000000    0.000000   clock wb_clk_i (rise edge)
                                  0.000000    0.000000   clock source latency
     2    0.024010    0.178101    0.122636    0.122636 ^ wb_clk_i (in)
                                                         wb_clk_i (net)
                      0.178133    0.000000    0.122636 ^ clkbuf_0_wb_clk_i/A (sky130_fd_sc_hd__clkbuf_16)
    17    0.109159    0.188823    0.374197    0.496832 ^ clkbuf_0_wb_clk_i/X (sky130_fd_sc_hd__clkbuf_16)
                                                         clknet_0_wb_clk_i (net)
                      0.188853    0.002430    0.499263 ^ clkbuf_3_1__f_wb_clk_i/A (sky130_fd_sc_hd__clkbuf_16)
    15    0.042068    0.096612    0.307174    0.806437 ^ clkbuf_3_1__f_wb_clk_i/X (sky130_fd_sc_hd__clkbuf_16)
                                                         clknet_3_1__leaf_wb_clk_i (net)
                      0.096631    0.000604    0.807041 ^ _764_/CLK (sky130_fd_sc_hd__dfxtp_1)
     5    0.022843    0.347610    0.845485    1.652526 ^ _764_/Q (sky130_fd_sc_hd__dfxtp_1)
                                                         sticky_tamper_core (net)
                      0.347610    0.001075    1.653601 ^ _446_/A (sky130_fd_sc_hd__nor2_2)
     6    0.027250    0.156728    0.261576    1.915177 v _446_/Y (sky130_fd_sc_hd__nor2_2)
                                                         _202_ (net)
                      0.156729    0.000683    1.915860 v _497_/A1 (sky130_fd_sc_hd__a21oi_1)
     1    0.001959    0.121164    0.217184    2.133044 ^ _497_/Y (sky130_fd_sc_hd__a21oi_1)
                                                         _090_ (net)
                      0.121164    0.000056    2.133101 ^ _718_/D (sky130_fd_sc_hd__dfxtp_1)
                                              2.133101   data arrival time

                                  0.000000    0.000000   clock wb_clk_i (rise edge)
                                  0.000000    0.000000   clock source latency
     2    0.024010    0.178101    0.122636    0.122636 ^ wb_clk_i (in)
                                                         wb_clk_i (net)
                      0.178133    0.000000    0.122636 ^ clkbuf_0_wb_clk_i/A (sky130_fd_sc_hd__clkbuf_16)
    17    0.109159    0.188823    0.374197    0.496832 ^ clkbuf_0_wb_clk_i/X (sky130_fd_sc_hd__clkbuf_16)
                                                         clknet_0_wb_clk_i (net)
                      0.188845    0.002161    0.498994 ^ clkbuf_3_6__f_wb_clk_i/A (sky130_fd_sc_hd__clkbuf_16)
    10    0.042134    0.096653    0.307133    0.806127 ^ clkbuf_3_6__f_wb_clk_i/X (sky130_fd_sc_hd__clkbuf_16)
                                                         clknet_3_6__leaf_wb_clk_i (net)
                      0.096699    0.001217    0.807344 ^ _718_/CLK (sky130_fd_sc_hd__dfxtp_1)
                                  0.250000    1.057344   clock uncertainty
                                  0.000000    1.057344   clock reconvergence pessimism
                                 -0.079676    0.977669   library hold time
                                              0.977669   data required time
---------------------------------------------------------------------------------------------
                                              0.977669   data required time
                                             -2.133101   data arrival time
---------------------------------------------------------------------------------------------
                                              1.155432   slack (MET)


Startpoint: _764_ (rising edge-triggered flip-flop clocked by wb_clk_i)
Endpoint: _712_ (rising edge-triggered flip-flop clocked by wb_clk_i)
Path Group: wb_clk_i
Path Type: min

Fanout         Cap        Slew       Delay        Time   Description
---------------------------------------------------------------------------------------------
                                  0.000000    0.000000   clock wb_clk_i (rise edge)
                                  0.000000    0.000000   clock source latency
     2    0.024010    0.178101    0.122636    0.122636 ^ wb_clk_i (in)
                                                         wb_clk_i (net)
                      0.178133    0.000000    0.122636 ^ clkbuf_0_wb_clk_i/A (sky130_fd_sc_hd__clkbuf_16)
    17    0.109159    0.188823    0.374197    0.496832 ^ clkbuf_0_wb_clk_i/X (sky130_fd_sc_hd__clkbuf_16)
                                                         clknet_0_wb_clk_i (net)
                      0.188853    0.002430    0.499263 ^ clkbuf_3_1__f_wb_clk_i/A (sky130_fd_sc_hd__clkbuf_16)
    15    0.042068    0.096612    0.307174    0.806437 ^ clkbuf_3_1__f_wb_clk_i/X (sky130_fd_sc_hd__clkbuf_16)
                                                         clknet_3_1__leaf_wb_clk_i (net)
                      0.096631    0.000604    0.807041 ^ _764_/CLK (sky130_fd_sc_hd__dfxtp_1)
     5    0.022843    0.347610    0.845485    1.652526 ^ _764_/Q (sky130_fd_sc_hd__dfxtp_1)
                                                         sticky_tamper_core (net)
                      0.347610    0.001075    1.653601 ^ _446_/A (sky130_fd_sc_hd__nor2_2)
     6    0.027250    0.156728    0.261576    1.915177 v _446_/Y (sky130_fd_sc_hd__nor2_2)
                                                         _202_ (net)
                      0.156728    0.000512    1.915689 v _468_/A1 (sky130_fd_sc_hd__a31oi_1)
     1    0.001923    0.126857    0.227118    2.142807 ^ _468_/Y (sky130_fd_sc_hd__a31oi_1)
                                                         _084_ (net)
                      0.126857    0.000054    2.142861 ^ _712_/D (sky130_fd_sc_hd__dfxtp_1)
                                              2.142861   data arrival time

                                  0.000000    0.000000   clock wb_clk_i (rise edge)
                                  0.000000    0.000000   clock source latency
     2    0.024010    0.178101    0.122636    0.122636 ^ wb_clk_i (in)
                                                         wb_clk_i (net)
                      0.178133    0.000000    0.122636 ^ clkbuf_0_wb_clk_i/A (sky130_fd_sc_hd__clkbuf_16)
    17    0.109159    0.188823    0.374197    0.496832 ^ clkbuf_0_wb_clk_i/X (sky130_fd_sc_hd__clkbuf_16)
                                                         clknet_0_wb_clk_i (net)
                      0.188839    0.001939    0.498772 ^ clkbuf_3_3__f_wb_clk_i/A (sky130_fd_sc_hd__clkbuf_16)
    11    0.042287    0.096877    0.307360    0.806132 ^ clkbuf_3_3__f_wb_clk_i/X (sky130_fd_sc_hd__clkbuf_16)
                                                         clknet_3_3__leaf_wb_clk_i (net)
                      0.096917    0.001056    0.807188 ^ _712_/CLK (sky130_fd_sc_hd__dfxtp_1)
                                  0.250000    1.057188   clock uncertainty
                                  0.000000    1.057188   clock reconvergence pessimism
                                 -0.080965    0.976223   library hold time
                                              0.976223   data required time
---------------------------------------------------------------------------------------------
                                              0.976223   data required time
                                             -2.142861   data arrival time
---------------------------------------------------------------------------------------------
                                              1.166638   slack (MET)


Startpoint: _759_ (rising edge-triggered flip-flop clocked by wb_clk_i)
Endpoint: _760_ (rising edge-triggered flip-flop clocked by wb_clk_i)
Path Group: wb_clk_i
Path Type: min

Fanout         Cap        Slew       Delay        Time   Description
---------------------------------------------------------------------------------------------
                                  0.000000    0.000000   clock wb_clk_i (rise edge)
                                  0.000000    0.000000   clock source latency
     2    0.024010    0.178101    0.122636    0.122636 ^ wb_clk_i (in)
                                                         wb_clk_i (net)
                      0.178133    0.000000    0.122636 ^ clkbuf_0_wb_clk_i/A (sky130_fd_sc_hd__clkbuf_16)
    17    0.109159    0.188823    0.374197    0.496832 ^ clkbuf_0_wb_clk_i/X (sky130_fd_sc_hd__clkbuf_16)
                                                         clknet_0_wb_clk_i (net)
                      0.188859    0.002590    0.499422 ^ clkbuf_3_7__f_wb_clk_i/A (sky130_fd_sc_hd__clkbuf_16)
    13    0.039512    0.093822    0.303284    0.802706 ^ clkbuf_3_7__f_wb_clk_i/X (sky130_fd_sc_hd__clkbuf_16)
                                                         clknet_3_7__leaf_wb_clk_i (net)
                      0.093864    0.001847    0.804553 ^ _759_/CLK (sky130_fd_sc_hd__dfxtp_1)
     3    0.008727    0.094851    0.628292    1.432845 v _759_/Q (sky130_fd_sc_hd__dfxtp_1)
                                                         global_timeout_count[14] (net)
                      0.094851    0.000306    1.433152 v _581_/A (sky130_fd_sc_hd__and3_1)
     3    0.011703    0.138432    0.379209    1.812360 v _581_/X (sky130_fd_sc_hd__and3_1)
                                                         _305_ (net)
                      0.138432    0.000358    1.812719 v _620_/A2 (sky130_fd_sc_hd__o21ba_1)
     1    0.002025    0.050254    0.325161    2.137879 v _620_/X (sky130_fd_sc_hd__o21ba_1)
                                                         _132_ (net)
                      0.050254    0.000056    2.137935 v _760_/D (sky130_fd_sc_hd__dfxtp_1)
                                              2.137935   data arrival time

                                  0.000000    0.000000   clock wb_clk_i (rise edge)
                                  0.000000    0.000000   clock source latency
     2    0.024010    0.178101    0.122636    0.122636 ^ wb_clk_i (in)
                                                         wb_clk_i (net)
                      0.178133    0.000000    0.122636 ^ clkbuf_0_wb_clk_i/A (sky130_fd_sc_hd__clkbuf_16)
    17    0.109159    0.188823    0.374197    0.496832 ^ clkbuf_0_wb_clk_i/X (sky130_fd_sc_hd__clkbuf_16)
                                                         clknet_0_wb_clk_i (net)
                      0.188859    0.002590    0.499422 ^ clkbuf_3_7__f_wb_clk_i/A (sky130_fd_sc_hd__clkbuf_16)
    13    0.039512    0.093822    0.303284    0.802706 ^ clkbuf_3_7__f_wb_clk_i/X (sky130_fd_sc_hd__clkbuf_16)
                                                         clknet_3_7__leaf_wb_clk_i (net)
                      0.093862    0.001809    0.804514 ^ _760_/CLK (sky130_fd_sc_hd__dfxtp_1)
                                  0.250000    1.054515   clock uncertainty
                                  0.000000    1.054515   clock reconvergence pessimism
                                 -0.091940    0.962574   library hold time
                                              0.962574   data required time
---------------------------------------------------------------------------------------------
                                              0.962574   data required time
                                             -2.137935   data arrival time
---------------------------------------------------------------------------------------------
                                              1.175361   slack (MET)


Startpoint: _710_ (rising edge-triggered flip-flop clocked by wb_clk_i)
Endpoint: _677_ (rising edge-triggered flip-flop clocked by wb_clk_i)
Path Group: wb_clk_i
Path Type: min

Fanout         Cap        Slew       Delay        Time   Description
---------------------------------------------------------------------------------------------
                                  0.000000    0.000000   clock wb_clk_i (rise edge)
                                  0.000000    0.000000   clock source latency
     2    0.024010    0.178101    0.122636    0.122636 ^ wb_clk_i (in)
                                                         wb_clk_i (net)
                      0.178133    0.000000    0.122636 ^ clkbuf_0_wb_clk_i/A (sky130_fd_sc_hd__clkbuf_16)
    17    0.109159    0.188823    0.374197    0.496832 ^ clkbuf_0_wb_clk_i/X (sky130_fd_sc_hd__clkbuf_16)
                                                         clknet_0_wb_clk_i (net)
                      0.188853    0.002430    0.499263 ^ clkbuf_3_1__f_wb_clk_i/A (sky130_fd_sc_hd__clkbuf_16)
    15    0.042068    0.096612    0.307174    0.806437 ^ clkbuf_3_1__f_wb_clk_i/X (sky130_fd_sc_hd__clkbuf_16)
                                                         clknet_3_1__leaf_wb_clk_i (net)
                      0.096629    0.000566    0.807003 ^ _710_/CLK (sky130_fd_sc_hd__dfxtp_1)
     6    0.016118    0.251537    0.777035    1.584038 ^ _710_/Q (sky130_fd_sc_hd__dfxtp_1)
                                                         group_state_bits[1] (net)
                      0.251537    0.000347    1.584385 ^ _388_/A (sky130_fd_sc_hd__and2_1)
     1    0.003673    0.091335    0.300642    1.885027 ^ _388_/X (sky130_fd_sc_hd__and2_1)
                                                         _176_ (net)
                      0.091335    0.000116    1.885143 ^ _390_/A1 (sky130_fd_sc_hd__o21a_1)
     1    0.006461    0.118794    0.282457    2.167600 ^ _390_/X (sky130_fd_sc_hd__o21a_1)
                                                         _034_ (net)
                      0.118794    0.000214    2.167814 ^ _677_/D (sky130_fd_sc_hd__dfrtp_1)
                                              2.167814   data arrival time

                                  0.000000    0.000000   clock wb_clk_i (rise edge)
                                  0.000000    0.000000   clock source latency
     2    0.024010    0.178101    0.122636    0.122636 ^ wb_clk_i (in)
                                                         wb_clk_i (net)
                      0.178133    0.000000    0.122636 ^ clkbuf_0_wb_clk_i/A (sky130_fd_sc_hd__clkbuf_16)
    17    0.109159    0.188823    0.374197    0.496832 ^ clkbuf_0_wb_clk_i/X (sky130_fd_sc_hd__clkbuf_16)
                                                         clknet_0_wb_clk_i (net)
                      0.188853    0.002430    0.499263 ^ clkbuf_3_1__f_wb_clk_i/A (sky130_fd_sc_hd__clkbuf_16)
    15    0.042068    0.096612    0.307174    0.806437 ^ clkbuf_3_1__f_wb_clk_i/X (sky130_fd_sc_hd__clkbuf_16)
                                                         clknet_3_1__leaf_wb_clk_i (net)
                      0.096640    0.000879    0.807315 ^ _677_/CLK (sky130_fd_sc_hd__dfrtp_1)
                                  0.250000    1.057315   clock uncertainty
                                  0.000000    1.057315   clock reconvergence pessimism
                                 -0.083701    0.973614   library hold time
                                              0.973614   data required time
---------------------------------------------------------------------------------------------
                                              0.973614   data required time
                                             -2.167814   data arrival time
---------------------------------------------------------------------------------------------
                                              1.194200   slack (MET)


Startpoint: _756_ (rising edge-triggered flip-flop clocked by wb_clk_i)
Endpoint: _682_ (rising edge-triggered flip-flop clocked by wb_clk_i)
Path Group: wb_clk_i
Path Type: min

Fanout         Cap        Slew       Delay        Time   Description
---------------------------------------------------------------------------------------------
                                  0.000000    0.000000   clock wb_clk_i (rise edge)
                                  0.000000    0.000000   clock source latency
     2    0.024010    0.178101    0.122636    0.122636 ^ wb_clk_i (in)
                                                         wb_clk_i (net)
                      0.178133    0.000000    0.122636 ^ clkbuf_0_wb_clk_i/A (sky130_fd_sc_hd__clkbuf_16)
    17    0.109159    0.188823    0.374197    0.496832 ^ clkbuf_0_wb_clk_i/X (sky130_fd_sc_hd__clkbuf_16)
                                                         clknet_0_wb_clk_i (net)
                      0.188859    0.002590    0.499422 ^ clkbuf_3_7__f_wb_clk_i/A (sky130_fd_sc_hd__clkbuf_16)
    13    0.039512    0.093822    0.303284    0.802706 ^ clkbuf_3_7__f_wb_clk_i/X (sky130_fd_sc_hd__clkbuf_16)
                                                         clknet_3_7__leaf_wb_clk_i (net)
                      0.093829    0.000915    0.803621 ^ _756_/CLK (sky130_fd_sc_hd__dfxtp_1)
     5    0.020026    0.307332    0.815546    1.619167 ^ _756_/Q (sky130_fd_sc_hd__dfxtp_1)
                                                         global_timeout_count[11] (net)
                      0.307332    0.000475    1.619642 ^ _407_/A1 (sky130_fd_sc_hd__a22o_1)
     1    0.002076    0.067256    0.346600    1.966242 ^ _407_/X (sky130_fd_sc_hd__a22o_1)
                                                         _190_ (net)
                      0.067256    0.000057    1.966299 ^ _408_/B (sky130_fd_sc_hd__and2_1)
     1    0.002220    0.072120    0.217572    2.183871 ^ _408_/X (sky130_fd_sc_hd__and2_1)
                                                         _008_ (net)
                      0.072120    0.000045    2.183916 ^ _682_/D (sky130_fd_sc_hd__dfrtp_1)
                                              2.183916   data arrival time

                                  0.000000    0.000000   clock wb_clk_i (rise edge)
                                  0.000000    0.000000   clock source latency
     2    0.024010    0.178101    0.122636    0.122636 ^ wb_clk_i (in)
                                                         wb_clk_i (net)
                      0.178133    0.000000    0.122636 ^ clkbuf_0_wb_clk_i/A (sky130_fd_sc_hd__clkbuf_16)
    17    0.109159    0.188823    0.374197    0.496832 ^ clkbuf_0_wb_clk_i/X (sky130_fd_sc_hd__clkbuf_16)
                                                         clknet_0_wb_clk_i (net)
                      0.188845    0.002161    0.498994 ^ clkbuf_3_6__f_wb_clk_i/A (sky130_fd_sc_hd__clkbuf_16)
    10    0.042134    0.096653    0.307133    0.806127 ^ clkbuf_3_6__f_wb_clk_i/X (sky130_fd_sc_hd__clkbuf_16)
                                                         clknet_3_6__leaf_wb_clk_i (net)
                      0.096674    0.000585    0.806712 ^ _682_/CLK (sky130_fd_sc_hd__dfrtp_1)
                                  0.250000    1.056712   clock uncertainty
                                  0.000000    1.056712   clock reconvergence pessimism
                                 -0.073047    0.983665   library hold time
                                              0.983665   data required time
---------------------------------------------------------------------------------------------
                                              0.983665   data required time
                                             -2.183916   data arrival time
---------------------------------------------------------------------------------------------
                                              1.200251   slack (MET)


Startpoint: _723_ (rising edge-triggered flip-flop clocked by wb_clk_i)
Endpoint: _723_ (rising edge-triggered flip-flop clocked by wb_clk_i)
Path Group: wb_clk_i
Path Type: min

Fanout         Cap        Slew       Delay        Time   Description
---------------------------------------------------------------------------------------------
                                  0.000000    0.000000   clock wb_clk_i (rise edge)
                                  0.000000    0.000000   clock source latency
     2    0.024010    0.178101    0.122636    0.122636 ^ wb_clk_i (in)
                                                         wb_clk_i (net)
                      0.178133    0.000000    0.122636 ^ clkbuf_0_wb_clk_i/A (sky130_fd_sc_hd__clkbuf_16)
    17    0.109159    0.188823    0.374197    0.496832 ^ clkbuf_0_wb_clk_i/X (sky130_fd_sc_hd__clkbuf_16)
                                                         clknet_0_wb_clk_i (net)
                      0.188846    0.002179    0.499011 ^ clkbuf_3_2__f_wb_clk_i/A (sky130_fd_sc_hd__clkbuf_16)
    14    0.042281    0.096840    0.307288    0.806299 ^ clkbuf_3_2__f_wb_clk_i/X (sky130_fd_sc_hd__clkbuf_16)
                                                         clknet_3_2__leaf_wb_clk_i (net)
                      0.096880    0.000949    0.807248 ^ _723_/CLK (sky130_fd_sc_hd__dfxtp_1)
     8    0.022352    0.340601    0.840513    1.647761 ^ _723_/Q (sky130_fd_sc_hd__dfxtp_1)
                                                         group_timeout_count[4] (net)
                      0.340601    0.000373    1.648134 ^ _513_/A (sky130_fd_sc_hd__or2_1)
     1    0.002304    0.061058    0.264850    1.912984 ^ _513_/X (sky130_fd_sc_hd__or2_1)
                                                         _259_ (net)
                      0.061058    0.000066    1.913050 ^ _514_/B (sky130_fd_sc_hd__and3b_1)
     1    0.002625    0.084914    0.289609    2.202658 ^ _514_/X (sky130_fd_sc_hd__and3b_1)
                                                         _095_ (net)
                      0.084914    0.000059    2.202717 ^ _723_/D (sky130_fd_sc_hd__dfxtp_1)
                                              2.202717   data arrival time

                                  0.000000    0.000000   clock wb_clk_i (rise edge)
                                  0.000000    0.000000   clock source latency
     2    0.024010    0.178101    0.122636    0.122636 ^ wb_clk_i (in)
                                                         wb_clk_i (net)
                      0.178133    0.000000    0.122636 ^ clkbuf_0_wb_clk_i/A (sky130_fd_sc_hd__clkbuf_16)
    17    0.109159    0.188823    0.374197    0.496832 ^ clkbuf_0_wb_clk_i/X (sky130_fd_sc_hd__clkbuf_16)
                                                         clknet_0_wb_clk_i (net)
                      0.188846    0.002179    0.499011 ^ clkbuf_3_2__f_wb_clk_i/A (sky130_fd_sc_hd__clkbuf_16)
    14    0.042281    0.096840    0.307288    0.806299 ^ clkbuf_3_2__f_wb_clk_i/X (sky130_fd_sc_hd__clkbuf_16)
                                                         clknet_3_2__leaf_wb_clk_i (net)
                      0.096880    0.000949    0.807248 ^ _723_/CLK (sky130_fd_sc_hd__dfxtp_1)
                                  0.250000    1.057248   clock uncertainty
                                  0.000000    1.057248   clock reconvergence pessimism
                                 -0.071217    0.986032   library hold time
                                              0.986032   data required time
---------------------------------------------------------------------------------------------
                                              0.986032   data required time
                                             -2.202717   data arrival time
---------------------------------------------------------------------------------------------
                                              1.216685   slack (MET)


Startpoint: _712_ (rising edge-triggered flip-flop clocked by wb_clk_i)
Endpoint: _679_ (rising edge-triggered flip-flop clocked by wb_clk_i)
Path Group: wb_clk_i
Path Type: min

Fanout         Cap        Slew       Delay        Time   Description
---------------------------------------------------------------------------------------------
                                  0.000000    0.000000   clock wb_clk_i (rise edge)
                                  0.000000    0.000000   clock source latency
     2    0.024010    0.178101    0.122636    0.122636 ^ wb_clk_i (in)
                                                         wb_clk_i (net)
                      0.178133    0.000000    0.122636 ^ clkbuf_0_wb_clk_i/A (sky130_fd_sc_hd__clkbuf_16)
    17    0.109159    0.188823    0.374197    0.496832 ^ clkbuf_0_wb_clk_i/X (sky130_fd_sc_hd__clkbuf_16)
                                                         clknet_0_wb_clk_i (net)
                      0.188839    0.001939    0.498772 ^ clkbuf_3_3__f_wb_clk_i/A (sky130_fd_sc_hd__clkbuf_16)
    11    0.042287    0.096877    0.307360    0.806132 ^ clkbuf_3_3__f_wb_clk_i/X (sky130_fd_sc_hd__clkbuf_16)
                                                         clknet_3_3__leaf_wb_clk_i (net)
                      0.096917    0.001056    0.807188 ^ _712_/CLK (sky130_fd_sc_hd__dfxtp_1)
     6    0.021067    0.195458    0.710272    1.517460 v _712_/Q (sky130_fd_sc_hd__dfxtp_1)
                                                         group_state_bits[3] (net)
                      0.195458    0.000390    1.517849 v _395_/A1 (sky130_fd_sc_hd__o211a_1)
     1    0.003138    0.061288    0.455529    1.973378 v _395_/X (sky130_fd_sc_hd__o211a_1)
                                                         _181_ (net)
                      0.061288    0.000092    1.973469 v _396_/B1 (sky130_fd_sc_hd__o21a_1)
     1    0.005210    0.079062    0.206556    2.180026 v _396_/X (sky130_fd_sc_hd__o21a_1)
                                                         _036_ (net)
                      0.079062    0.000195    2.180220 v _679_/D (sky130_fd_sc_hd__dfrtp_1)
                                              2.180220   data arrival time

                                  0.000000    0.000000   clock wb_clk_i (rise edge)
                                  0.000000    0.000000   clock source latency
     2    0.024010    0.178101    0.122636    0.122636 ^ wb_clk_i (in)
                                                         wb_clk_i (net)
                      0.178133    0.000000    0.122636 ^ clkbuf_0_wb_clk_i/A (sky130_fd_sc_hd__clkbuf_16)
    17    0.109159    0.188823    0.374197    0.496832 ^ clkbuf_0_wb_clk_i/X (sky130_fd_sc_hd__clkbuf_16)
                                                         clknet_0_wb_clk_i (net)
                      0.188896    0.003474    0.500306 ^ clkbuf_3_5__f_wb_clk_i/A (sky130_fd_sc_hd__clkbuf_16)
    14    0.041698    0.096037    0.306428    0.806734 ^ clkbuf_3_5__f_wb_clk_i/X (sky130_fd_sc_hd__clkbuf_16)
                                                         clknet_3_5__leaf_wb_clk_i (net)
                      0.096070    0.001012    0.807746 ^ _679_/CLK (sky130_fd_sc_hd__dfrtp_1)
                                  0.250000    1.057746   clock uncertainty
                                  0.000000    1.057746   clock reconvergence pessimism
                                 -0.094258    0.963488   library hold time
                                              0.963488   data required time
---------------------------------------------------------------------------------------------
                                              0.963488   data required time
                                             -2.180220   data arrival time
---------------------------------------------------------------------------------------------
                                              1.216732   slack (MET)


Startpoint: _764_ (rising edge-triggered flip-flop clocked by wb_clk_i)
Endpoint: _711_ (rising edge-triggered flip-flop clocked by wb_clk_i)
Path Group: wb_clk_i
Path Type: min

Fanout         Cap        Slew       Delay        Time   Description
---------------------------------------------------------------------------------------------
                                  0.000000    0.000000   clock wb_clk_i (rise edge)
                                  0.000000    0.000000   clock source latency
     2    0.024010    0.178101    0.122636    0.122636 ^ wb_clk_i (in)
                                                         wb_clk_i (net)
                      0.178133    0.000000    0.122636 ^ clkbuf_0_wb_clk_i/A (sky130_fd_sc_hd__clkbuf_16)
    17    0.109159    0.188823    0.374197    0.496832 ^ clkbuf_0_wb_clk_i/X (sky130_fd_sc_hd__clkbuf_16)
                                                         clknet_0_wb_clk_i (net)
                      0.188853    0.002430    0.499263 ^ clkbuf_3_1__f_wb_clk_i/A (sky130_fd_sc_hd__clkbuf_16)
    15    0.042068    0.096612    0.307174    0.806437 ^ clkbuf_3_1__f_wb_clk_i/X (sky130_fd_sc_hd__clkbuf_16)
                                                         clknet_3_1__leaf_wb_clk_i (net)
                      0.096631    0.000604    0.807041 ^ _764_/CLK (sky130_fd_sc_hd__dfxtp_1)
     5    0.022843    0.347610    0.845485    1.652526 ^ _764_/Q (sky130_fd_sc_hd__dfxtp_1)
                                                         sticky_tamper_core (net)
                      0.347610    0.001113    1.653639 ^ _460_/A (sky130_fd_sc_hd__or3_1)
     3    0.012156    0.188304    0.382873    2.036512 ^ _460_/X (sky130_fd_sc_hd__or3_1)
                                                         _215_ (net)
                      0.188304    0.000263    2.036775 ^ _466_/C1 (sky130_fd_sc_hd__a211oi_1)
     1    0.005036    0.083484    0.140919    2.177694 v _466_/Y (sky130_fd_sc_hd__a211oi_1)
                                                         _083_ (net)
                      0.083484    0.000197    2.177891 v _711_/D (sky130_fd_sc_hd__dfxtp_1)
                                              2.177891   data arrival time

                                  0.000000    0.000000   clock wb_clk_i (rise edge)
                                  0.000000    0.000000   clock source latency
     2    0.024010    0.178101    0.122636    0.122636 ^ wb_clk_i (in)
                                                         wb_clk_i (net)
                      0.178133    0.000000    0.122636 ^ clkbuf_0_wb_clk_i/A (sky130_fd_sc_hd__clkbuf_16)
    17    0.109159    0.188823    0.374197    0.496832 ^ clkbuf_0_wb_clk_i/X (sky130_fd_sc_hd__clkbuf_16)
                                                         clknet_0_wb_clk_i (net)
                      0.188853    0.002430    0.499263 ^ clkbuf_3_1__f_wb_clk_i/A (sky130_fd_sc_hd__clkbuf_16)
    15    0.042068    0.096612    0.307174    0.806437 ^ clkbuf_3_1__f_wb_clk_i/X (sky130_fd_sc_hd__clkbuf_16)
                                                         clknet_3_1__leaf_wb_clk_i (net)
                      0.096628    0.000537    0.806974 ^ _711_/CLK (sky130_fd_sc_hd__dfxtp_1)
                                  0.250000    1.056974   clock uncertainty
                                  0.000000    1.056974   clock reconvergence pessimism
                                 -0.103837    0.953137   library hold time
                                              0.953137   data required time
---------------------------------------------------------------------------------------------
                                              0.953137   data required time
                                             -2.177891   data arrival time
---------------------------------------------------------------------------------------------
                                              1.224755   slack (MET)


Startpoint: _724_ (rising edge-triggered flip-flop clocked by wb_clk_i)
Endpoint: _724_ (rising edge-triggered flip-flop clocked by wb_clk_i)
Path Group: wb_clk_i
Path Type: min

Fanout         Cap        Slew       Delay        Time   Description
---------------------------------------------------------------------------------------------
                                  0.000000    0.000000   clock wb_clk_i (rise edge)
                                  0.000000    0.000000   clock source latency
     2    0.024010    0.178101    0.122636    0.122636 ^ wb_clk_i (in)
                                                         wb_clk_i (net)
                      0.178133    0.000000    0.122636 ^ clkbuf_0_wb_clk_i/A (sky130_fd_sc_hd__clkbuf_16)
    17    0.109159    0.188823    0.374197    0.496832 ^ clkbuf_0_wb_clk_i/X (sky130_fd_sc_hd__clkbuf_16)
                                                         clknet_0_wb_clk_i (net)
                      0.188846    0.002179    0.499011 ^ clkbuf_3_2__f_wb_clk_i/A (sky130_fd_sc_hd__clkbuf_16)
    14    0.042281    0.096840    0.307288    0.806299 ^ clkbuf_3_2__f_wb_clk_i/X (sky130_fd_sc_hd__clkbuf_16)
                                                         clknet_3_2__leaf_wb_clk_i (net)
                      0.096880    0.000951    0.807250 ^ _724_/CLK (sky130_fd_sc_hd__dfxtp_1)
     7    0.023359    0.354971    0.850868    1.658118 ^ _724_/Q (sky130_fd_sc_hd__dfxtp_1)
                                                         group_timeout_count[5] (net)
                      0.354971    0.000658    1.658776 ^ _516_/A (sky130_fd_sc_hd__or2_1)
     1    0.002148    0.057138    0.267807    1.926583 ^ _516_/X (sky130_fd_sc_hd__or2_1)
                                                         _261_ (net)
                      0.057138    0.000061    1.926644 ^ _517_/B (sky130_fd_sc_hd__and3b_1)
     1    0.002779    0.086914    0.290383    2.217027 ^ _517_/X (sky130_fd_sc_hd__and3b_1)
                                                         _096_ (net)
                      0.086914    0.000079    2.217105 ^ _724_/D (sky130_fd_sc_hd__dfxtp_1)
                                              2.217105   data arrival time

                                  0.000000    0.000000   clock wb_clk_i (rise edge)
                                  0.000000    0.000000   clock source latency
     2    0.024010    0.178101    0.122636    0.122636 ^ wb_clk_i (in)
                                                         wb_clk_i (net)
                      0.178133    0.000000    0.122636 ^ clkbuf_0_wb_clk_i/A (sky130_fd_sc_hd__clkbuf_16)
    17    0.109159    0.188823    0.374197    0.496832 ^ clkbuf_0_wb_clk_i/X (sky130_fd_sc_hd__clkbuf_16)
                                                         clknet_0_wb_clk_i (net)
                      0.188846    0.002179    0.499011 ^ clkbuf_3_2__f_wb_clk_i/A (sky130_fd_sc_hd__clkbuf_16)
    14    0.042281    0.096840    0.307288    0.806299 ^ clkbuf_3_2__f_wb_clk_i/X (sky130_fd_sc_hd__clkbuf_16)
                                                         clknet_3_2__leaf_wb_clk_i (net)
                      0.096880    0.000951    0.807250 ^ _724_/CLK (sky130_fd_sc_hd__dfxtp_1)
                                  0.250000    1.057250   clock uncertainty
                                  0.000000    1.057250   clock reconvergence pessimism
                                 -0.071682    0.985568   library hold time
                                              0.985568   data required time
---------------------------------------------------------------------------------------------
                                              0.985568   data required time
                                             -2.217105   data arrival time
---------------------------------------------------------------------------------------------
                                              1.231537   slack (MET)


Startpoint: _764_ (rising edge-triggered flip-flop clocked by wb_clk_i)
Endpoint: _717_ (rising edge-triggered flip-flop clocked by wb_clk_i)
Path Group: wb_clk_i
Path Type: min

Fanout         Cap        Slew       Delay        Time   Description
---------------------------------------------------------------------------------------------
                                  0.000000    0.000000   clock wb_clk_i (rise edge)
                                  0.000000    0.000000   clock source latency
     2    0.024010    0.178101    0.122636    0.122636 ^ wb_clk_i (in)
                                                         wb_clk_i (net)
                      0.178133    0.000000    0.122636 ^ clkbuf_0_wb_clk_i/A (sky130_fd_sc_hd__clkbuf_16)
    17    0.109159    0.188823    0.374197    0.496832 ^ clkbuf_0_wb_clk_i/X (sky130_fd_sc_hd__clkbuf_16)
                                                         clknet_0_wb_clk_i (net)
                      0.188853    0.002430    0.499263 ^ clkbuf_3_1__f_wb_clk_i/A (sky130_fd_sc_hd__clkbuf_16)
    15    0.042068    0.096612    0.307174    0.806437 ^ clkbuf_3_1__f_wb_clk_i/X (sky130_fd_sc_hd__clkbuf_16)
                                                         clknet_3_1__leaf_wb_clk_i (net)
                      0.096631    0.000604    0.807041 ^ _764_/CLK (sky130_fd_sc_hd__dfxtp_1)
     5    0.022843    0.347610    0.845485    1.652526 ^ _764_/Q (sky130_fd_sc_hd__dfxtp_1)
                                                         sticky_tamper_core (net)
                      0.347610    0.001075    1.653601 ^ _446_/A (sky130_fd_sc_hd__nor2_2)
     6    0.027250    0.156728    0.261576    1.915177 v _446_/Y (sky130_fd_sc_hd__nor2_2)
                                                         _202_ (net)
                      0.156730    0.000857    1.916034 v _495_/A1 (sky130_fd_sc_hd__a21o_1)
     1    0.002072    0.052092    0.312355    2.228389 v _495_/X (sky130_fd_sc_hd__a21o_1)
                                                         _089_ (net)
                      0.052092    0.000058    2.228446 v _717_/D (sky130_fd_sc_hd__dfxtp_2)
                                              2.228446   data arrival time

                                  0.000000    0.000000   clock wb_clk_i (rise edge)
                                  0.000000    0.000000   clock source latency
     2    0.024010    0.178101    0.122636    0.122636 ^ wb_clk_i (in)
                                                         wb_clk_i (net)
                      0.178133    0.000000    0.122636 ^ clkbuf_0_wb_clk_i/A (sky130_fd_sc_hd__clkbuf_16)
    17    0.109159    0.188823    0.374197    0.496832 ^ clkbuf_0_wb_clk_i/X (sky130_fd_sc_hd__clkbuf_16)
                                                         clknet_0_wb_clk_i (net)
                      0.188839    0.001939    0.498772 ^ clkbuf_3_3__f_wb_clk_i/A (sky130_fd_sc_hd__clkbuf_16)
    11    0.042287    0.096877    0.307360    0.806132 ^ clkbuf_3_3__f_wb_clk_i/X (sky130_fd_sc_hd__clkbuf_16)
                                                         clknet_3_3__leaf_wb_clk_i (net)
                      0.096909    0.000828    0.806960 ^ _717_/CLK (sky130_fd_sc_hd__dfxtp_2)
                                  0.250000    1.056960   clock uncertainty
                                  0.000000    1.056960   clock reconvergence pessimism
                                 -0.077212    0.979748   library hold time
                                              0.979748   data required time
---------------------------------------------------------------------------------------------
                                              0.979748   data required time
                                             -2.228446   data arrival time
---------------------------------------------------------------------------------------------
                                              1.248699   slack (MET)


Startpoint: _765_ (rising edge-triggered flip-flop clocked by wb_clk_i)
Endpoint: _675_ (rising edge-triggered flip-flop clocked by wb_clk_i)
Path Group: wb_clk_i
Path Type: min

Fanout         Cap        Slew       Delay        Time   Description
---------------------------------------------------------------------------------------------
                                  0.000000    0.000000   clock wb_clk_i (rise edge)
                                  0.000000    0.000000   clock source latency
     2    0.024010    0.178101    0.122636    0.122636 ^ wb_clk_i (in)
                                                         wb_clk_i (net)
                      0.178133    0.000000    0.122636 ^ clkbuf_0_wb_clk_i/A (sky130_fd_sc_hd__clkbuf_16)
    17    0.109159    0.188823    0.374197    0.496832 ^ clkbuf_0_wb_clk_i/X (sky130_fd_sc_hd__clkbuf_16)
                                                         clknet_0_wb_clk_i (net)
                      0.188875    0.003013    0.499845 ^ clkbuf_3_4__f_wb_clk_i/A (sky130_fd_sc_hd__clkbuf_16)
    12    0.042662    0.097277    0.307580    0.807425 ^ clkbuf_3_4__f_wb_clk_i/X (sky130_fd_sc_hd__clkbuf_16)
                                                         clknet_3_4__leaf_wb_clk_i (net)
                      0.097347    0.001283    0.808708 ^ _765_/CLK (sky130_fd_sc_hd__dfrtp_1)
     3    0.011776    0.187862    0.747726    1.556434 ^ _765_/Q (sky130_fd_sc_hd__dfrtp_1)
                                                         sw_sticky_group_error (net)
                      0.187862    0.000322    1.556756 ^ _383_/A1 (sky130_fd_sc_hd__a22o_1)
     1    0.004460    0.097449    0.328618    1.885375 ^ _383_/X (sky130_fd_sc_hd__a22o_1)
                                                         _173_ (net)
                      0.097449    0.000159    1.885534 ^ _384_/B1 (sky130_fd_sc_hd__o211a_1)
     1    0.005986    0.110124    0.343278    2.228812 ^ _384_/X (sky130_fd_sc_hd__o211a_1)
                                                         _032_ (net)
                      0.110124    0.000227    2.229038 ^ _675_/D (sky130_fd_sc_hd__dfrtp_1)
                                              2.229038   data arrival time

                                  0.000000    0.000000   clock wb_clk_i (rise edge)
                                  0.000000    0.000000   clock source latency
     2    0.024010    0.178101    0.122636    0.122636 ^ wb_clk_i (in)
                                                         wb_clk_i (net)
                      0.178133    0.000000    0.122636 ^ clkbuf_0_wb_clk_i/A (sky130_fd_sc_hd__clkbuf_16)
    17    0.109159    0.188823    0.374197    0.496832 ^ clkbuf_0_wb_clk_i/X (sky130_fd_sc_hd__clkbuf_16)
                                                         clknet_0_wb_clk_i (net)
                      0.188896    0.003474    0.500306 ^ clkbuf_3_5__f_wb_clk_i/A (sky130_fd_sc_hd__clkbuf_16)
    14    0.041698    0.096037    0.306428    0.806734 ^ clkbuf_3_5__f_wb_clk_i/X (sky130_fd_sc_hd__clkbuf_16)
                                                         clknet_3_5__leaf_wb_clk_i (net)
                      0.096076    0.001127    0.807861 ^ _675_/CLK (sky130_fd_sc_hd__dfrtp_1)
                                  0.250000    1.057861   clock uncertainty
                                  0.000000    1.057861   clock reconvergence pessimism
                                 -0.081816    0.976046   library hold time
                                              0.976046   data required time
---------------------------------------------------------------------------------------------
                                              0.976046   data required time
                                             -2.229038   data arrival time
---------------------------------------------------------------------------------------------
                                              1.252993   slack (MET)


Startpoint: _735_ (rising edge-triggered flip-flop clocked by wb_clk_i)
Endpoint: _680_ (rising edge-triggered flip-flop clocked by wb_clk_i)
Path Group: wb_clk_i
Path Type: min

Fanout         Cap        Slew       Delay        Time   Description
---------------------------------------------------------------------------------------------
                                  0.000000    0.000000   clock wb_clk_i (rise edge)
                                  0.000000    0.000000   clock source latency
     2    0.024010    0.178101    0.122636    0.122636 ^ wb_clk_i (in)
                                                         wb_clk_i (net)
                      0.178133    0.000000    0.122636 ^ clkbuf_0_wb_clk_i/A (sky130_fd_sc_hd__clkbuf_16)
    17    0.109159    0.188823    0.374197    0.496832 ^ clkbuf_0_wb_clk_i/X (sky130_fd_sc_hd__clkbuf_16)
                                                         clknet_0_wb_clk_i (net)
                      0.188845    0.002161    0.498994 ^ clkbuf_3_6__f_wb_clk_i/A (sky130_fd_sc_hd__clkbuf_16)
    10    0.042134    0.096653    0.307133    0.806127 ^ clkbuf_3_6__f_wb_clk_i/X (sky130_fd_sc_hd__clkbuf_16)
                                                         clknet_3_6__leaf_wb_clk_i (net)
                      0.096700    0.001227    0.807354 ^ _735_/CLK (sky130_fd_sc_hd__dfxtp_1)
     4    0.022395    0.206709    0.718323    1.525677 v _735_/Q (sky130_fd_sc_hd__dfxtp_1)
                                                         net29 (net)
                      0.206709    0.000639    1.526316 v _401_/A1 (sky130_fd_sc_hd__a22o_1)
     1    0.003250    0.073179    0.429945    1.956261 v _401_/X (sky130_fd_sc_hd__a22o_1)
                                                         _186_ (net)
                      0.073179    0.000072    1.956332 v _402_/B1 (sky130_fd_sc_hd__o211a_1)
     1    0.006616    0.090918    0.261335    2.217667 v _402_/X (sky130_fd_sc_hd__o211a_1)
                                                         _037_ (net)
                      0.090918    0.000278    2.217945 v _680_/D (sky130_fd_sc_hd__dfrtp_1)
                                              2.217945   data arrival time

                                  0.000000    0.000000   clock wb_clk_i (rise edge)
                                  0.000000    0.000000   clock source latency
     2    0.024010    0.178101    0.122636    0.122636 ^ wb_clk_i (in)
                                                         wb_clk_i (net)
                      0.178133    0.000000    0.122636 ^ clkbuf_0_wb_clk_i/A (sky130_fd_sc_hd__clkbuf_16)
    17    0.109159    0.188823    0.374197    0.496832 ^ clkbuf_0_wb_clk_i/X (sky130_fd_sc_hd__clkbuf_16)
                                                         clknet_0_wb_clk_i (net)
                      0.188859    0.002590    0.499422 ^ clkbuf_3_7__f_wb_clk_i/A (sky130_fd_sc_hd__clkbuf_16)
    13    0.039512    0.093822    0.303284    0.802706 ^ clkbuf_3_7__f_wb_clk_i/X (sky130_fd_sc_hd__clkbuf_16)
                                                         clknet_3_7__leaf_wb_clk_i (net)
                      0.093854    0.001655    0.804361 ^ _680_/CLK (sky130_fd_sc_hd__dfrtp_1)
                                  0.250000    1.054361   clock uncertainty
                                  0.000000    1.054361   clock reconvergence pessimism
                                 -0.099198    0.955162   library hold time
                                              0.955162   data required time
---------------------------------------------------------------------------------------------
                                              0.955162   data required time
                                             -2.217945   data arrival time
---------------------------------------------------------------------------------------------
                                              1.262783   slack (MET)


Startpoint: _728_ (rising edge-triggered flip-flop clocked by wb_clk_i)
Endpoint: _709_ (rising edge-triggered flip-flop clocked by wb_clk_i)
Path Group: wb_clk_i
Path Type: min

Fanout         Cap        Slew       Delay        Time   Description
---------------------------------------------------------------------------------------------
                                  0.000000    0.000000   clock wb_clk_i (rise edge)
                                  0.000000    0.000000   clock source latency
     2    0.024010    0.178101    0.122636    0.122636 ^ wb_clk_i (in)
                                                         wb_clk_i (net)
                      0.178133    0.000000    0.122636 ^ clkbuf_0_wb_clk_i/A (sky130_fd_sc_hd__clkbuf_16)
    17    0.109159    0.188823    0.374197    0.496832 ^ clkbuf_0_wb_clk_i/X (sky130_fd_sc_hd__clkbuf_16)
                                                         clknet_0_wb_clk_i (net)
                      0.188839    0.001939    0.498772 ^ clkbuf_3_3__f_wb_clk_i/A (sky130_fd_sc_hd__clkbuf_16)
    11    0.042287    0.096877    0.307360    0.806132 ^ clkbuf_3_3__f_wb_clk_i/X (sky130_fd_sc_hd__clkbuf_16)
                                                         clknet_3_3__leaf_wb_clk_i (net)
                      0.096906    0.000747    0.806879 ^ _728_/CLK (sky130_fd_sc_hd__dfxtp_1)
     4    0.014864    0.233687    0.764277    1.571156 ^ _728_/Q (sky130_fd_sc_hd__dfxtp_1)
                                                         group_timeout_count[9] (net)
                      0.233687    0.000380    1.571536 ^ _444_/A (sky130_fd_sc_hd__or3b_1)
     2    0.008529    0.138431    0.306171    1.877707 ^ _444_/X (sky130_fd_sc_hd__or3b_1)
                                                         _200_ (net)
                      0.138431    0.000263    1.877970 ^ _445_/B (sky130_fd_sc_hd__nor2_1)
     1    0.002645    0.046851    0.095061    1.973030 v _445_/Y (sky130_fd_sc_hd__nor2_1)
                                                         _201_ (net)
                      0.046853    0.000076    1.973106 v _448_/A1 (sky130_fd_sc_hd__a31o_1)
     1    0.004809    0.079664    0.327283    2.300390 v _448_/X (sky130_fd_sc_hd__a31o_1)
                                                         _081_ (net)
                      0.079664    0.000196    2.300585 v _709_/D (sky130_fd_sc_hd__dfxtp_1)
                                              2.300585   data arrival time

                                  0.000000    0.000000   clock wb_clk_i (rise edge)
                                  0.000000    0.000000   clock source latency
     2    0.024010    0.178101    0.122636    0.122636 ^ wb_clk_i (in)
                                                         wb_clk_i (net)
                      0.178133    0.000000    0.122636 ^ clkbuf_0_wb_clk_i/A (sky130_fd_sc_hd__clkbuf_16)
    17    0.109159    0.188823    0.374197    0.496832 ^ clkbuf_0_wb_clk_i/X (sky130_fd_sc_hd__clkbuf_16)
                                                         clknet_0_wb_clk_i (net)
                      0.188853    0.002430    0.499263 ^ clkbuf_3_1__f_wb_clk_i/A (sky130_fd_sc_hd__clkbuf_16)
    15    0.042068    0.096612    0.307174    0.806437 ^ clkbuf_3_1__f_wb_clk_i/X (sky130_fd_sc_hd__clkbuf_16)
                                                         clknet_3_1__leaf_wb_clk_i (net)
                      0.096627    0.000495    0.806932 ^ _709_/CLK (sky130_fd_sc_hd__dfxtp_1)
                                  0.250000    1.056932   clock uncertainty
                                  0.000000    1.056932   clock reconvergence pessimism
                                 -0.102393    0.954538   library hold time
                                              0.954538   data required time
---------------------------------------------------------------------------------------------
                                              0.954538   data required time
                                             -2.300585   data arrival time
---------------------------------------------------------------------------------------------
                                              1.346047   slack (MET)


Startpoint: _761_ (rising edge-triggered flip-flop clocked by wb_clk_i)
Endpoint: _742_ (rising edge-triggered flip-flop clocked by wb_clk_i)
Path Group: wb_clk_i
Path Type: min

Fanout         Cap        Slew       Delay        Time   Description
---------------------------------------------------------------------------------------------
                                  0.000000    0.000000   clock wb_clk_i (rise edge)
                                  0.000000    0.000000   clock source latency
     2    0.024010    0.178101    0.122636    0.122636 ^ wb_clk_i (in)
                                                         wb_clk_i (net)
                      0.178133    0.000000    0.122636 ^ clkbuf_0_wb_clk_i/A (sky130_fd_sc_hd__clkbuf_16)
    17    0.109159    0.188823    0.374197    0.496832 ^ clkbuf_0_wb_clk_i/X (sky130_fd_sc_hd__clkbuf_16)
                                                         clknet_0_wb_clk_i (net)
                      0.188839    0.001939    0.498772 ^ clkbuf_3_3__f_wb_clk_i/A (sky130_fd_sc_hd__clkbuf_16)
    11    0.042287    0.096877    0.307360    0.806132 ^ clkbuf_3_3__f_wb_clk_i/X (sky130_fd_sc_hd__clkbuf_16)
                                                         clknet_3_3__leaf_wb_clk_i (net)
                      0.096899    0.000541    0.806673 ^ _761_/CLK (sky130_fd_sc_hd__dfxtp_1)
     5    0.016335    0.254636    0.779354    1.586027 ^ _761_/Q (sky130_fd_sc_hd__dfxtp_1)
                                                         u_system.u_global.denial_counter[0] (net)
                      0.254636    0.000360    1.586387 ^ _557_/A1 (sky130_fd_sc_hd__o31a_1)
     1    0.002817    0.076821    0.323651    1.910038 ^ _557_/X (sky130_fd_sc_hd__o31a_1)
                                                         _284_ (net)
                      0.076821    0.000079    1.910118 ^ _558_/A2 (sky130_fd_sc_hd__o21a_1)
     1    0.003278    0.075132    0.210397    2.120514 ^ _558_/X (sky130_fd_sc_hd__o21a_1)
                                                         _285_ (net)
                      0.075132    0.000100    2.120615 ^ _561_/A1 (sky130_fd_sc_hd__o21a_1)
     1    0.002207    0.061252    0.225818    2.346432 ^ _561_/X (sky130_fd_sc_hd__o21a_1)
                                                         _114_ (net)
                      0.061252    0.000062    2.346495 ^ _742_/D (sky130_fd_sc_hd__dfxtp_1)
                                              2.346495   data arrival time

                                  0.000000    0.000000   clock wb_clk_i (rise edge)
                                  0.000000    0.000000   clock source latency
     2    0.024010    0.178101    0.122636    0.122636 ^ wb_clk_i (in)
                                                         wb_clk_i (net)
                      0.178133    0.000000    0.122636 ^ clkbuf_0_wb_clk_i/A (sky130_fd_sc_hd__clkbuf_16)
    17    0.109159    0.188823    0.374197    0.496832 ^ clkbuf_0_wb_clk_i/X (sky130_fd_sc_hd__clkbuf_16)
                                                         clknet_0_wb_clk_i (net)
                      0.188845    0.002161    0.498994 ^ clkbuf_3_6__f_wb_clk_i/A (sky130_fd_sc_hd__clkbuf_16)
    10    0.042134    0.096653    0.307133    0.806127 ^ clkbuf_3_6__f_wb_clk_i/X (sky130_fd_sc_hd__clkbuf_16)
                                                         clknet_3_6__leaf_wb_clk_i (net)
                      0.096693    0.001055    0.807182 ^ _742_/CLK (sky130_fd_sc_hd__dfxtp_1)
                                  0.250000    1.057182   clock uncertainty
                                  0.000000    1.057182   clock reconvergence pessimism
                                 -0.065743    0.991439   library hold time
                                              0.991439   data required time
---------------------------------------------------------------------------------------------
                                              0.991439   data required time
                                             -2.346495   data arrival time
---------------------------------------------------------------------------------------------
                                              1.355056   slack (MET)


Startpoint: _740_ (rising edge-triggered flip-flop clocked by wb_clk_i)
Endpoint: _745_ (rising edge-triggered flip-flop clocked by wb_clk_i)
Path Group: wb_clk_i
Path Type: min

Fanout         Cap        Slew       Delay        Time   Description
---------------------------------------------------------------------------------------------
                                  0.000000    0.000000   clock wb_clk_i (rise edge)
                                  0.000000    0.000000   clock source latency
     2    0.024010    0.178101    0.122636    0.122636 ^ wb_clk_i (in)
                                                         wb_clk_i (net)
                      0.178133    0.000000    0.122636 ^ clkbuf_0_wb_clk_i/A (sky130_fd_sc_hd__clkbuf_16)
    17    0.109159    0.188823    0.374197    0.496832 ^ clkbuf_0_wb_clk_i/X (sky130_fd_sc_hd__clkbuf_16)
                                                         clknet_0_wb_clk_i (net)
                      0.188845    0.002161    0.498994 ^ clkbuf_3_6__f_wb_clk_i/A (sky130_fd_sc_hd__clkbuf_16)
    10    0.042134    0.096653    0.307133    0.806127 ^ clkbuf_3_6__f_wb_clk_i/X (sky130_fd_sc_hd__clkbuf_16)
                                                         clknet_3_6__leaf_wb_clk_i (net)
                      0.096696    0.001138    0.807264 ^ _740_/CLK (sky130_fd_sc_hd__dfxtp_1)
     2    0.005973    0.110473    0.671238    1.478503 ^ _740_/Q (sky130_fd_sc_hd__dfxtp_1)
                                                         u_system.u_global.prev_state[4] (net)
                      0.110473    0.000091    1.478593 ^ _574_/A2 (sky130_fd_sc_hd__a211o_1)
     2    0.008292    0.128238    0.303351    1.781944 ^ _574_/X (sky130_fd_sc_hd__a211o_1)
                                                         _298_ (net)
                      0.128238    0.000287    1.782231 ^ fanout72/A (sky130_fd_sc_hd__buf_2)
    10    0.044244    0.346537    0.423025    2.205256 ^ fanout72/X (sky130_fd_sc_hd__buf_2)
                                                         net72 (net)
                      0.346546    0.002180    2.207436 ^ _583_/B1 (sky130_fd_sc_hd__a21oi_1)
     1    0.002646    0.086475    0.155502    2.362939 v _583_/Y (sky130_fd_sc_hd__a21oi_1)
                                                         _117_ (net)
                      0.086475    0.000080    2.363018 v _745_/D (sky130_fd_sc_hd__dfxtp_1)
                                              2.363018   data arrival time

                                  0.000000    0.000000   clock wb_clk_i (rise edge)
                                  0.000000    0.000000   clock source latency
     2    0.024010    0.178101    0.122636    0.122636 ^ wb_clk_i (in)
                                                         wb_clk_i (net)
                      0.178133    0.000000    0.122636 ^ clkbuf_0_wb_clk_i/A (sky130_fd_sc_hd__clkbuf_16)
    17    0.109159    0.188823    0.374197    0.496832 ^ clkbuf_0_wb_clk_i/X (sky130_fd_sc_hd__clkbuf_16)
                                                         clknet_0_wb_clk_i (net)
                      0.188896    0.003474    0.500306 ^ clkbuf_3_5__f_wb_clk_i/A (sky130_fd_sc_hd__clkbuf_16)
    14    0.041698    0.096037    0.306428    0.806734 ^ clkbuf_3_5__f_wb_clk_i/X (sky130_fd_sc_hd__clkbuf_16)
                                                         clknet_3_5__leaf_wb_clk_i (net)
                      0.096090    0.001415    0.808149 ^ _745_/CLK (sky130_fd_sc_hd__dfxtp_1)
                                  0.250000    1.058149   clock uncertainty
                                  0.000000    1.058149   clock reconvergence pessimism
                                 -0.105096    0.953052   library hold time
                                              0.953052   data required time
---------------------------------------------------------------------------------------------
                                              0.953052   data required time
                                             -2.363018   data arrival time
---------------------------------------------------------------------------------------------
                                              1.409966   slack (MET)


Startpoint: _728_ (rising edge-triggered flip-flop clocked by wb_clk_i)
Endpoint: _710_ (rising edge-triggered flip-flop clocked by wb_clk_i)
Path Group: wb_clk_i
Path Type: min

Fanout         Cap        Slew       Delay        Time   Description
---------------------------------------------------------------------------------------------
                                  0.000000    0.000000   clock wb_clk_i (rise edge)
                                  0.000000    0.000000   clock source latency
     2    0.024010    0.178101    0.122636    0.122636 ^ wb_clk_i (in)
                                                         wb_clk_i (net)
                      0.178133    0.000000    0.122636 ^ clkbuf_0_wb_clk_i/A (sky130_fd_sc_hd__clkbuf_16)
    17    0.109159    0.188823    0.374197    0.496832 ^ clkbuf_0_wb_clk_i/X (sky130_fd_sc_hd__clkbuf_16)
                                                         clknet_0_wb_clk_i (net)
                      0.188839    0.001939    0.498772 ^ clkbuf_3_3__f_wb_clk_i/A (sky130_fd_sc_hd__clkbuf_16)
    11    0.042287    0.096877    0.307360    0.806132 ^ clkbuf_3_3__f_wb_clk_i/X (sky130_fd_sc_hd__clkbuf_16)
                                                         clknet_3_3__leaf_wb_clk_i (net)
                      0.096906    0.000747    0.806879 ^ _728_/CLK (sky130_fd_sc_hd__dfxtp_1)
     4    0.014237    0.138144    0.667261    1.474140 v _728_/Q (sky130_fd_sc_hd__dfxtp_1)
                                                         group_timeout_count[9] (net)
                      0.138144    0.000383    1.474523 v _338_/A (sky130_fd_sc_hd__inv_2)
     2    0.008640    0.082444    0.126221    1.600744 ^ _338_/Y (sky130_fd_sc_hd__inv_2)
                                                         _143_ (net)
                      0.082444    0.000251    1.600995 ^ _453_/A2 (sky130_fd_sc_hd__a41o_1)
     1    0.003261    0.077066    0.353324    1.954319 ^ _453_/X (sky130_fd_sc_hd__a41o_1)
                                                         _208_ (net)
                      0.077066    0.000099    1.954418 ^ _461_/A2 (sky130_fd_sc_hd__a31o_1)
     2    0.009378    0.161565    0.366265    2.320683 ^ _461_/X (sky130_fd_sc_hd__a31o_1)
                                                         _216_ (net)
                      0.161565    0.000189    2.320872 ^ _462_/B (sky130_fd_sc_hd__nor2_1)
     1    0.002313    0.048912    0.100640    2.421512 v _462_/Y (sky130_fd_sc_hd__nor2_1)
                                                         _082_ (net)
                      0.048912    0.000068    2.421580 v _710_/D (sky130_fd_sc_hd__dfxtp_1)
                                              2.421580   data arrival time

                                  0.000000    0.000000   clock wb_clk_i (rise edge)
                                  0.000000    0.000000   clock source latency
     2    0.024010    0.178101    0.122636    0.122636 ^ wb_clk_i (in)
                                                         wb_clk_i (net)
                      0.178133    0.000000    0.122636 ^ clkbuf_0_wb_clk_i/A (sky130_fd_sc_hd__clkbuf_16)
    17    0.109159    0.188823    0.374197    0.496832 ^ clkbuf_0_wb_clk_i/X (sky130_fd_sc_hd__clkbuf_16)
                                                         clknet_0_wb_clk_i (net)
                      0.188853    0.002430    0.499263 ^ clkbuf_3_1__f_wb_clk_i/A (sky130_fd_sc_hd__clkbuf_16)
    15    0.042068    0.096612    0.307174    0.806437 ^ clkbuf_3_1__f_wb_clk_i/X (sky130_fd_sc_hd__clkbuf_16)
                                                         clknet_3_1__leaf_wb_clk_i (net)
                      0.096629    0.000566    0.807003 ^ _710_/CLK (sky130_fd_sc_hd__dfxtp_1)
                                  0.250000    1.057003   clock uncertainty
                                  0.000000    1.057003   clock reconvergence pessimism
                                 -0.090768    0.966235   library hold time
                                              0.966235   data required time
---------------------------------------------------------------------------------------------
                                              0.966235   data required time
                                             -2.421580   data arrival time
---------------------------------------------------------------------------------------------
                                              1.455345   slack (MET)


Startpoint: _762_ (rising edge-triggered flip-flop clocked by wb_clk_i)
Endpoint: _744_ (rising edge-triggered flip-flop clocked by wb_clk_i)
Path Group: wb_clk_i
Path Type: min

Fanout         Cap        Slew       Delay        Time   Description
---------------------------------------------------------------------------------------------
                                  0.000000    0.000000   clock wb_clk_i (rise edge)
                                  0.000000    0.000000   clock source latency
     2    0.024010    0.178101    0.122636    0.122636 ^ wb_clk_i (in)
                                                         wb_clk_i (net)
                      0.178133    0.000000    0.122636 ^ clkbuf_0_wb_clk_i/A (sky130_fd_sc_hd__clkbuf_16)
    17    0.109159    0.188823    0.374197    0.496832 ^ clkbuf_0_wb_clk_i/X (sky130_fd_sc_hd__clkbuf_16)
                                                         clknet_0_wb_clk_i (net)
                      0.188839    0.001939    0.498772 ^ clkbuf_3_3__f_wb_clk_i/A (sky130_fd_sc_hd__clkbuf_16)
    11    0.042287    0.096877    0.307360    0.806132 ^ clkbuf_3_3__f_wb_clk_i/X (sky130_fd_sc_hd__clkbuf_16)
                                                         clknet_3_3__leaf_wb_clk_i (net)
                      0.096899    0.000517    0.806649 ^ _762_/CLK (sky130_fd_sc_hd__dfxtp_1)
     4    0.011686    0.189709    0.731387    1.538036 ^ _762_/Q (sky130_fd_sc_hd__dfxtp_1)
                                                         u_system.u_global.denial_counter[1] (net)
                      0.189709    0.000234    1.538270 ^ _471_/A (sky130_fd_sc_hd__or2_1)
     3    0.008535    0.142973    0.276201    1.814471 ^ _471_/X (sky130_fd_sc_hd__or2_1)
                                                         _223_ (net)
                      0.142973    0.000236    1.814708 ^ _567_/A2 (sky130_fd_sc_hd__a31o_1)
     1    0.004941    0.098927    0.339197    2.153905 ^ _567_/X (sky130_fd_sc_hd__a31o_1)
                                                         _292_ (net)
                      0.098927    0.000168    2.154073 ^ _568_/C (sky130_fd_sc_hd__and3_1)
     1    0.003431    0.094705    0.321909    2.475982 ^ _568_/X (sky130_fd_sc_hd__and3_1)
                                                         _116_ (net)
                      0.094705    0.000115    2.476097 ^ _744_/D (sky130_fd_sc_hd__dfxtp_1)
                                              2.476097   data arrival time

                                  0.000000    0.000000   clock wb_clk_i (rise edge)
                                  0.000000    0.000000   clock source latency
     2    0.024010    0.178101    0.122636    0.122636 ^ wb_clk_i (in)
                                                         wb_clk_i (net)
                      0.178133    0.000000    0.122636 ^ clkbuf_0_wb_clk_i/A (sky130_fd_sc_hd__clkbuf_16)
    17    0.109159    0.188823    0.374197    0.496832 ^ clkbuf_0_wb_clk_i/X (sky130_fd_sc_hd__clkbuf_16)
                                                         clknet_0_wb_clk_i (net)
                      0.188839    0.001939    0.498772 ^ clkbuf_3_3__f_wb_clk_i/A (sky130_fd_sc_hd__clkbuf_16)
    11    0.042287    0.096877    0.307360    0.806132 ^ clkbuf_3_3__f_wb_clk_i/X (sky130_fd_sc_hd__clkbuf_16)
                                                         clknet_3_3__leaf_wb_clk_i (net)
                      0.096911    0.000873    0.807005 ^ _744_/CLK (sky130_fd_sc_hd__dfxtp_1)
                                  0.250000    1.057005   clock uncertainty
                                  0.000000    1.057005   clock reconvergence pessimism
                                 -0.073489    0.983516   library hold time
                                              0.983516   data required time
---------------------------------------------------------------------------------------------
                                              0.983516   data required time
                                             -2.476097   data arrival time
---------------------------------------------------------------------------------------------
                                              1.492581   slack (MET)


Startpoint: _761_ (rising edge-triggered flip-flop clocked by wb_clk_i)
Endpoint: _743_ (rising edge-triggered flip-flop clocked by wb_clk_i)
Path Group: wb_clk_i
Path Type: min

Fanout         Cap        Slew       Delay        Time   Description
---------------------------------------------------------------------------------------------
                                  0.000000    0.000000   clock wb_clk_i (rise edge)
                                  0.000000    0.000000   clock source latency
     2    0.024010    0.178101    0.122636    0.122636 ^ wb_clk_i (in)
                                                         wb_clk_i (net)
                      0.178133    0.000000    0.122636 ^ clkbuf_0_wb_clk_i/A (sky130_fd_sc_hd__clkbuf_16)
    17    0.109159    0.188823    0.374197    0.496832 ^ clkbuf_0_wb_clk_i/X (sky130_fd_sc_hd__clkbuf_16)
                                                         clknet_0_wb_clk_i (net)
                      0.188839    0.001939    0.498772 ^ clkbuf_3_3__f_wb_clk_i/A (sky130_fd_sc_hd__clkbuf_16)
    11    0.042287    0.096877    0.307360    0.806132 ^ clkbuf_3_3__f_wb_clk_i/X (sky130_fd_sc_hd__clkbuf_16)
                                                         clknet_3_3__leaf_wb_clk_i (net)
                      0.096899    0.000541    0.806673 ^ _761_/CLK (sky130_fd_sc_hd__dfxtp_1)
     5    0.016335    0.254636    0.779354    1.586027 ^ _761_/Q (sky130_fd_sc_hd__dfxtp_1)
                                                         u_system.u_global.denial_counter[0] (net)
                      0.254636    0.000323    1.586350 ^ _485_/A (sky130_fd_sc_hd__or2_1)
     2    0.006357    0.112917    0.279647    1.865997 ^ _485_/X (sky130_fd_sc_hd__or2_1)
                                                         _237_ (net)
                      0.112917    0.000183    1.866180 ^ _563_/A2 (sky130_fd_sc_hd__o32a_1)
     1    0.004169    0.098685    0.315890    2.182070 ^ _563_/X (sky130_fd_sc_hd__o32a_1)
                                                         _289_ (net)
                      0.098685    0.000150    2.182220 ^ _564_/A_N (sky130_fd_sc_hd__and2b_1)
     1    0.002375    0.061234    0.360588    2.542808 v _564_/X (sky130_fd_sc_hd__and2b_1)
                                                         _115_ (net)
                      0.061234    0.000071    2.542879 v _743_/D (sky130_fd_sc_hd__dfxtp_1)
                                              2.542879   data arrival time

                                  0.000000    0.000000   clock wb_clk_i (rise edge)
                                  0.000000    0.000000   clock source latency
     2    0.024010    0.178101    0.122636    0.122636 ^ wb_clk_i (in)
                                                         wb_clk_i (net)
                      0.178133    0.000000    0.122636 ^ clkbuf_0_wb_clk_i/A (sky130_fd_sc_hd__clkbuf_16)
    17    0.109159    0.188823    0.374197    0.496832 ^ clkbuf_0_wb_clk_i/X (sky130_fd_sc_hd__clkbuf_16)
                                                         clknet_0_wb_clk_i (net)
                      0.188845    0.002161    0.498994 ^ clkbuf_3_6__f_wb_clk_i/A (sky130_fd_sc_hd__clkbuf_16)
    10    0.042134    0.096653    0.307133    0.806127 ^ clkbuf_3_6__f_wb_clk_i/X (sky130_fd_sc_hd__clkbuf_16)
                                                         clknet_3_6__leaf_wb_clk_i (net)
                      0.096689    0.000963    0.807089 ^ _743_/CLK (sky130_fd_sc_hd__dfxtp_1)
                                  0.250000    1.057089   clock uncertainty
                                  0.000000    1.057089   clock reconvergence pessimism
                                 -0.095412    0.961677   library hold time
                                              0.961677   data required time
---------------------------------------------------------------------------------------------
                                              0.961677   data required time
                                             -2.542879   data arrival time
---------------------------------------------------------------------------------------------
                                              1.581201   slack (MET)


Startpoint: _744_ (rising edge-triggered flip-flop clocked by wb_clk_i)
Endpoint: _683_ (rising edge-triggered flip-flop clocked by wb_clk_i)
Path Group: wb_clk_i
Path Type: min

Fanout         Cap        Slew       Delay        Time   Description
---------------------------------------------------------------------------------------------
                                  0.000000    0.000000   clock wb_clk_i (rise edge)
                                  0.000000    0.000000   clock source latency
     2    0.024010    0.178101    0.122636    0.122636 ^ wb_clk_i (in)
                                                         wb_clk_i (net)
                      0.178133    0.000000    0.122636 ^ clkbuf_0_wb_clk_i/A (sky130_fd_sc_hd__clkbuf_16)
    17    0.109159    0.188823    0.374197    0.496832 ^ clkbuf_0_wb_clk_i/X (sky130_fd_sc_hd__clkbuf_16)
                                                         clknet_0_wb_clk_i (net)
                      0.188839    0.001939    0.498772 ^ clkbuf_3_3__f_wb_clk_i/A (sky130_fd_sc_hd__clkbuf_16)
    11    0.042287    0.096877    0.307360    0.806132 ^ clkbuf_3_3__f_wb_clk_i/X (sky130_fd_sc_hd__clkbuf_16)
                                                         clknet_3_3__leaf_wb_clk_i (net)
                      0.096911    0.000873    0.807005 ^ _744_/CLK (sky130_fd_sc_hd__dfxtp_1)
     7    0.026789    0.243816    0.745821    1.552827 v _744_/Q (sky130_fd_sc_hd__dfxtp_1)
                                                         u_system.u_global.state[3] (net)
                      0.243818    0.001105    1.553932 v _351_/A (sky130_fd_sc_hd__and3_1)
     6    0.024827    0.241988    0.539068    2.093000 v _351_/X (sky130_fd_sc_hd__and3_1)
                                                         _154_ (net)
                      0.241988    0.000536    2.093536 v _409_/B1 (sky130_fd_sc_hd__o221a_1)
     1    0.003955    0.077526    0.510999    2.604534 v _409_/X (sky130_fd_sc_hd__o221a_1)
                                                         _009_ (net)
                      0.077526    0.000106    2.604641 v _683_/D (sky130_fd_sc_hd__dfrtp_1)
                                              2.604641   data arrival time

                                  0.000000    0.000000   clock wb_clk_i (rise edge)
                                  0.000000    0.000000   clock source latency
     2    0.024010    0.178101    0.122636    0.122636 ^ wb_clk_i (in)
                                                         wb_clk_i (net)
                      0.178133    0.000000    0.122636 ^ clkbuf_0_wb_clk_i/A (sky130_fd_sc_hd__clkbuf_16)
    17    0.109159    0.188823    0.374197    0.496832 ^ clkbuf_0_wb_clk_i/X (sky130_fd_sc_hd__clkbuf_16)
                                                         clknet_0_wb_clk_i (net)
                      0.188859    0.002590    0.499422 ^ clkbuf_3_7__f_wb_clk_i/A (sky130_fd_sc_hd__clkbuf_16)
    13    0.039512    0.093822    0.303284    0.802706 ^ clkbuf_3_7__f_wb_clk_i/X (sky130_fd_sc_hd__clkbuf_16)
                                                         clknet_3_7__leaf_wb_clk_i (net)
                      0.093831    0.001020    0.803726 ^ _683_/CLK (sky130_fd_sc_hd__dfrtp_1)
                                  0.250000    1.053726   clock uncertainty
                                  0.000000    1.053726   clock reconvergence pessimism
                                 -0.094232    0.959494   library hold time
                                              0.959494   data required time
---------------------------------------------------------------------------------------------
                                              0.959494   data required time
                                             -2.604641   data arrival time
---------------------------------------------------------------------------------------------
                                              1.645146   slack (MET)


Startpoint: _703_ (rising edge-triggered flip-flop clocked by wb_clk_i)
Endpoint: _706_ (rising edge-triggered flip-flop clocked by wb_clk_i)
Path Group: wb_clk_i
Path Type: min

Fanout         Cap        Slew       Delay        Time   Description
---------------------------------------------------------------------------------------------
                                  0.000000    0.000000   clock wb_clk_i (rise edge)
                                  0.000000    0.000000   clock source latency
     2    0.024010    0.178101    0.122636    0.122636 ^ wb_clk_i (in)
                                                         wb_clk_i (net)
                      0.178133    0.000000    0.122636 ^ clkbuf_0_wb_clk_i/A (sky130_fd_sc_hd__clkbuf_16)
    17    0.109159    0.188823    0.374197    0.496832 ^ clkbuf_0_wb_clk_i/X (sky130_fd_sc_hd__clkbuf_16)
                                                         clknet_0_wb_clk_i (net)
                      0.188896    0.003474    0.500306 ^ clkbuf_3_5__f_wb_clk_i/A (sky130_fd_sc_hd__clkbuf_16)
    14    0.041698    0.096037    0.306428    0.806734 ^ clkbuf_3_5__f_wb_clk_i/X (sky130_fd_sc_hd__clkbuf_16)
                                                         clknet_3_5__leaf_wb_clk_i (net)
                      0.096101    0.001639    0.808373 ^ _703_/CLK (sky130_fd_sc_hd__dfrtp_1)
     2    0.005061    0.105342    0.676351    1.484724 ^ _703_/Q (sky130_fd_sc_hd__dfrtp_1)
                                                         net36 (net)
                      0.105342    0.000115    1.484840 ^ _364_/A_N (sky130_fd_sc_hd__and3b_1)
     3    0.007253    0.101311    0.404311    1.889150 v _364_/X (sky130_fd_sc_hd__and3b_1)
                                                         _005_ (net)
                      0.101311    0.000173    1.889323 v _430_/B (sky130_fd_sc_hd__and3_1)
     5    0.013744    0.151006    0.440590    2.329914 v _430_/X (sky130_fd_sc_hd__and3_1)
                                                         _192_ (net)
                      0.151006    0.000536    2.330450 v _433_/B (sky130_fd_sc_hd__and2_1)
     1    0.002271    0.061150    0.346894    2.677344 v _433_/X (sky130_fd_sc_hd__and2_1)
                                                         _002_ (net)
                      0.061150    0.000064    2.677408 v _706_/D (sky130_fd_sc_hd__dfrtp_1)
                                              2.677408   data arrival time

                                  0.000000    0.000000   clock wb_clk_i (rise edge)
                                  0.000000    0.000000   clock source latency
     2    0.024010    0.178101    0.122636    0.122636 ^ wb_clk_i (in)
                                                         wb_clk_i (net)
                      0.178133    0.000000    0.122636 ^ clkbuf_0_wb_clk_i/A (sky130_fd_sc_hd__clkbuf_16)
    17    0.109159    0.188823    0.374197    0.496832 ^ clkbuf_0_wb_clk_i/X (sky130_fd_sc_hd__clkbuf_16)
                                                         clknet_0_wb_clk_i (net)
                      0.188875    0.003013    0.499845 ^ clkbuf_3_4__f_wb_clk_i/A (sky130_fd_sc_hd__clkbuf_16)
    12    0.042662    0.097277    0.307580    0.807425 ^ clkbuf_3_4__f_wb_clk_i/X (sky130_fd_sc_hd__clkbuf_16)
                                                         clknet_3_4__leaf_wb_clk_i (net)
                      0.097363    0.001626    0.809052 ^ _706_/CLK (sky130_fd_sc_hd__dfrtp_1)
                                  0.250000    1.059052   clock uncertainty
                                  0.000000    1.059052   clock reconvergence pessimism
                                 -0.087293    0.971759   library hold time
                                              0.971759   data required time
---------------------------------------------------------------------------------------------
                                              0.971759   data required time
                                             -2.677408   data arrival time
---------------------------------------------------------------------------------------------
                                              1.705649   slack (MET)


Startpoint: _703_ (rising edge-triggered flip-flop clocked by wb_clk_i)
Endpoint: _707_ (rising edge-triggered flip-flop clocked by wb_clk_i)
Path Group: wb_clk_i
Path Type: min

Fanout         Cap        Slew       Delay        Time   Description
---------------------------------------------------------------------------------------------
                                  0.000000    0.000000   clock wb_clk_i (rise edge)
                                  0.000000    0.000000   clock source latency
     2    0.024010    0.178101    0.122636    0.122636 ^ wb_clk_i (in)
                                                         wb_clk_i (net)
                      0.178133    0.000000    0.122636 ^ clkbuf_0_wb_clk_i/A (sky130_fd_sc_hd__clkbuf_16)
    17    0.109159    0.188823    0.374197    0.496832 ^ clkbuf_0_wb_clk_i/X (sky130_fd_sc_hd__clkbuf_16)
                                                         clknet_0_wb_clk_i (net)
                      0.188896    0.003474    0.500306 ^ clkbuf_3_5__f_wb_clk_i/A (sky130_fd_sc_hd__clkbuf_16)
    14    0.041698    0.096037    0.306428    0.806734 ^ clkbuf_3_5__f_wb_clk_i/X (sky130_fd_sc_hd__clkbuf_16)
                                                         clknet_3_5__leaf_wb_clk_i (net)
                      0.096101    0.001639    0.808373 ^ _703_/CLK (sky130_fd_sc_hd__dfrtp_1)
     2    0.005061    0.105342    0.676351    1.484724 ^ _703_/Q (sky130_fd_sc_hd__dfrtp_1)
                                                         net36 (net)
                      0.105342    0.000115    1.484840 ^ _364_/A_N (sky130_fd_sc_hd__and3b_1)
     3    0.007253    0.101311    0.404311    1.889150 v _364_/X (sky130_fd_sc_hd__and3b_1)
                                                         _005_ (net)
                      0.101311    0.000173    1.889323 v _430_/B (sky130_fd_sc_hd__and3_1)
     5    0.013744    0.151006    0.440590    2.329914 v _430_/X (sky130_fd_sc_hd__and3_1)
                                                         _192_ (net)
                      0.151006    0.000448    2.330361 v _434_/B (sky130_fd_sc_hd__and2_1)
     1    0.002274    0.061174    0.346935    2.677296 v _434_/X (sky130_fd_sc_hd__and2_1)
                                                         _003_ (net)
                      0.061174    0.000046    2.677342 v _707_/D (sky130_fd_sc_hd__dfrtp_1)
                                              2.677342   data arrival time

                                  0.000000    0.000000   clock wb_clk_i (rise edge)
                                  0.000000    0.000000   clock source latency
     2    0.024010    0.178101    0.122636    0.122636 ^ wb_clk_i (in)
                                                         wb_clk_i (net)
                      0.178133    0.000000    0.122636 ^ clkbuf_0_wb_clk_i/A (sky130_fd_sc_hd__clkbuf_16)
    17    0.109159    0.188823    0.374197    0.496832 ^ clkbuf_0_wb_clk_i/X (sky130_fd_sc_hd__clkbuf_16)
                                                         clknet_0_wb_clk_i (net)
                      0.188875    0.003013    0.499845 ^ clkbuf_3_4__f_wb_clk_i/A (sky130_fd_sc_hd__clkbuf_16)
    12    0.042662    0.097277    0.307580    0.807425 ^ clkbuf_3_4__f_wb_clk_i/X (sky130_fd_sc_hd__clkbuf_16)
                                                         clknet_3_4__leaf_wb_clk_i (net)
                      0.097346    0.001273    0.808698 ^ _707_/CLK (sky130_fd_sc_hd__dfrtp_1)
                                  0.250000    1.058698   clock uncertainty
                                  0.000000    1.058698   clock reconvergence pessimism
                                 -0.087306    0.971392   library hold time
                                              0.971392   data required time
---------------------------------------------------------------------------------------------
                                              0.971392   data required time
                                             -2.677342   data arrival time
---------------------------------------------------------------------------------------------
                                              1.705950   slack (MET)


Startpoint: _703_ (rising edge-triggered flip-flop clocked by wb_clk_i)
Endpoint: _708_ (rising edge-triggered flip-flop clocked by wb_clk_i)
Path Group: wb_clk_i
Path Type: min

Fanout         Cap        Slew       Delay        Time   Description
---------------------------------------------------------------------------------------------
                                  0.000000    0.000000   clock wb_clk_i (rise edge)
                                  0.000000    0.000000   clock source latency
     2    0.024010    0.178101    0.122636    0.122636 ^ wb_clk_i (in)
                                                         wb_clk_i (net)
                      0.178133    0.000000    0.122636 ^ clkbuf_0_wb_clk_i/A (sky130_fd_sc_hd__clkbuf_16)
    17    0.109159    0.188823    0.374197    0.496832 ^ clkbuf_0_wb_clk_i/X (sky130_fd_sc_hd__clkbuf_16)
                                                         clknet_0_wb_clk_i (net)
                      0.188896    0.003474    0.500306 ^ clkbuf_3_5__f_wb_clk_i/A (sky130_fd_sc_hd__clkbuf_16)
    14    0.041698    0.096037    0.306428    0.806734 ^ clkbuf_3_5__f_wb_clk_i/X (sky130_fd_sc_hd__clkbuf_16)
                                                         clknet_3_5__leaf_wb_clk_i (net)
                      0.096101    0.001639    0.808373 ^ _703_/CLK (sky130_fd_sc_hd__dfrtp_1)
     2    0.005061    0.105342    0.676351    1.484724 ^ _703_/Q (sky130_fd_sc_hd__dfrtp_1)
                                                         net36 (net)
                      0.105342    0.000115    1.484840 ^ _364_/A_N (sky130_fd_sc_hd__and3b_1)
     3    0.007253    0.101311    0.404311    1.889150 v _364_/X (sky130_fd_sc_hd__and3b_1)
                                                         _005_ (net)
                      0.101311    0.000173    1.889323 v _430_/B (sky130_fd_sc_hd__and3_1)
     5    0.013744    0.151006    0.440590    2.329914 v _430_/X (sky130_fd_sc_hd__and3_1)
                                                         _192_ (net)
                      0.151006    0.000511    2.330425 v _435_/B (sky130_fd_sc_hd__and2_1)
     1    0.002300    0.061380    0.347209    2.677633 v _435_/X (sky130_fd_sc_hd__and2_1)
                                                         _004_ (net)
                      0.061380    0.000065    2.677698 v _708_/D (sky130_fd_sc_hd__dfrtp_1)
                                              2.677698   data arrival time

                                  0.000000    0.000000   clock wb_clk_i (rise edge)
                                  0.000000    0.000000   clock source latency
     2    0.024010    0.178101    0.122636    0.122636 ^ wb_clk_i (in)
                                                         wb_clk_i (net)
                      0.178133    0.000000    0.122636 ^ clkbuf_0_wb_clk_i/A (sky130_fd_sc_hd__clkbuf_16)
    17    0.109159    0.188823    0.374197    0.496832 ^ clkbuf_0_wb_clk_i/X (sky130_fd_sc_hd__clkbuf_16)
                                                         clknet_0_wb_clk_i (net)
                      0.188875    0.003013    0.499845 ^ clkbuf_3_4__f_wb_clk_i/A (sky130_fd_sc_hd__clkbuf_16)
    12    0.042662    0.097277    0.307580    0.807425 ^ clkbuf_3_4__f_wb_clk_i/X (sky130_fd_sc_hd__clkbuf_16)
                                                         clknet_3_4__leaf_wb_clk_i (net)
                      0.097349    0.001329    0.808754 ^ _708_/CLK (sky130_fd_sc_hd__dfrtp_1)
                                  0.250000    1.058754   clock uncertainty
                                  0.000000    1.058754   clock reconvergence pessimism
                                 -0.087382    0.971372   library hold time
                                              0.971372   data required time
---------------------------------------------------------------------------------------------
                                              0.971372   data required time
                                             -2.677698   data arrival time
---------------------------------------------------------------------------------------------
                                              1.706326   slack (MET)


Startpoint: _703_ (rising edge-triggered flip-flop clocked by wb_clk_i)
Endpoint: _704_ (rising edge-triggered flip-flop clocked by wb_clk_i)
Path Group: wb_clk_i
Path Type: min

Fanout         Cap        Slew       Delay        Time   Description
---------------------------------------------------------------------------------------------
                                  0.000000    0.000000   clock wb_clk_i (rise edge)
                                  0.000000    0.000000   clock source latency
     2    0.024010    0.178101    0.122636    0.122636 ^ wb_clk_i (in)
                                                         wb_clk_i (net)
                      0.178133    0.000000    0.122636 ^ clkbuf_0_wb_clk_i/A (sky130_fd_sc_hd__clkbuf_16)
    17    0.109159    0.188823    0.374197    0.496832 ^ clkbuf_0_wb_clk_i/X (sky130_fd_sc_hd__clkbuf_16)
                                                         clknet_0_wb_clk_i (net)
                      0.188896    0.003474    0.500306 ^ clkbuf_3_5__f_wb_clk_i/A (sky130_fd_sc_hd__clkbuf_16)
    14    0.041698    0.096037    0.306428    0.806734 ^ clkbuf_3_5__f_wb_clk_i/X (sky130_fd_sc_hd__clkbuf_16)
                                                         clknet_3_5__leaf_wb_clk_i (net)
                      0.096101    0.001639    0.808373 ^ _703_/CLK (sky130_fd_sc_hd__dfrtp_1)
     2    0.005061    0.105342    0.676351    1.484724 ^ _703_/Q (sky130_fd_sc_hd__dfrtp_1)
                                                         net36 (net)
                      0.105342    0.000115    1.484840 ^ _364_/A_N (sky130_fd_sc_hd__and3b_1)
     3    0.007253    0.101311    0.404311    1.889150 v _364_/X (sky130_fd_sc_hd__and3b_1)
                                                         _005_ (net)
                      0.101311    0.000173    1.889323 v _430_/B (sky130_fd_sc_hd__and3_1)
     5    0.013744    0.151006    0.440590    2.329914 v _430_/X (sky130_fd_sc_hd__and3_1)
                                                         _192_ (net)
                      0.151006    0.000593    2.330506 v _431_/B (sky130_fd_sc_hd__and2_1)
     1    0.002302    0.061388    0.347228    2.677734 v _431_/X (sky130_fd_sc_hd__and2_1)
                                                         _000_ (net)
                      0.061388    0.000047    2.677781 v _704_/D (sky130_fd_sc_hd__dfrtp_1)
                                              2.677781   data arrival time

                                  0.000000    0.000000   clock wb_clk_i (rise edge)
                                  0.000000    0.000000   clock source latency
     2    0.024010    0.178101    0.122636    0.122636 ^ wb_clk_i (in)
                                                         wb_clk_i (net)
                      0.178133    0.000000    0.122636 ^ clkbuf_0_wb_clk_i/A (sky130_fd_sc_hd__clkbuf_16)
    17    0.109159    0.188823    0.374197    0.496832 ^ clkbuf_0_wb_clk_i/X (sky130_fd_sc_hd__clkbuf_16)
                                                         clknet_0_wb_clk_i (net)
                      0.188853    0.002430    0.499263 ^ clkbuf_3_1__f_wb_clk_i/A (sky130_fd_sc_hd__clkbuf_16)
    15    0.042068    0.096612    0.307174    0.806437 ^ clkbuf_3_1__f_wb_clk_i/X (sky130_fd_sc_hd__clkbuf_16)
                                                         clknet_3_1__leaf_wb_clk_i (net)
                      0.096635    0.000752    0.807189 ^ _704_/CLK (sky130_fd_sc_hd__dfrtp_1)
                                  0.250000    1.057189   clock uncertainty
                                  0.000000    1.057189   clock reconvergence pessimism
                                 -0.087558    0.969630   library hold time
                                              0.969630   data required time
---------------------------------------------------------------------------------------------
                                              0.969630   data required time
                                             -2.677781   data arrival time
---------------------------------------------------------------------------------------------
                                              1.708150   slack (MET)


Startpoint: _703_ (rising edge-triggered flip-flop clocked by wb_clk_i)
Endpoint: _705_ (rising edge-triggered flip-flop clocked by wb_clk_i)
Path Group: wb_clk_i
Path Type: min

Fanout         Cap        Slew       Delay        Time   Description
---------------------------------------------------------------------------------------------
                                  0.000000    0.000000   clock wb_clk_i (rise edge)
                                  0.000000    0.000000   clock source latency
     2    0.024010    0.178101    0.122636    0.122636 ^ wb_clk_i (in)
                                                         wb_clk_i (net)
                      0.178133    0.000000    0.122636 ^ clkbuf_0_wb_clk_i/A (sky130_fd_sc_hd__clkbuf_16)
    17    0.109159    0.188823    0.374197    0.496832 ^ clkbuf_0_wb_clk_i/X (sky130_fd_sc_hd__clkbuf_16)
                                                         clknet_0_wb_clk_i (net)
                      0.188896    0.003474    0.500306 ^ clkbuf_3_5__f_wb_clk_i/A (sky130_fd_sc_hd__clkbuf_16)
    14    0.041698    0.096037    0.306428    0.806734 ^ clkbuf_3_5__f_wb_clk_i/X (sky130_fd_sc_hd__clkbuf_16)
                                                         clknet_3_5__leaf_wb_clk_i (net)
                      0.096101    0.001639    0.808373 ^ _703_/CLK (sky130_fd_sc_hd__dfrtp_1)
     2    0.005061    0.105342    0.676351    1.484724 ^ _703_/Q (sky130_fd_sc_hd__dfrtp_1)
                                                         net36 (net)
                      0.105342    0.000115    1.484840 ^ _364_/A_N (sky130_fd_sc_hd__and3b_1)
     3    0.007253    0.101311    0.404311    1.889150 v _364_/X (sky130_fd_sc_hd__and3b_1)
                                                         _005_ (net)
                      0.101311    0.000173    1.889323 v _430_/B (sky130_fd_sc_hd__and3_1)
     5    0.013744    0.151006    0.440590    2.329914 v _430_/X (sky130_fd_sc_hd__and3_1)
                                                         _192_ (net)
                      0.151006    0.000250    2.330164 v _432_/B (sky130_fd_sc_hd__and2_1)
     1    0.002613    0.063809    0.350534    2.680698 v _432_/X (sky130_fd_sc_hd__and2_1)
                                                         _001_ (net)
                      0.063809    0.000077    2.680776 v _705_/D (sky130_fd_sc_hd__dfrtp_1)
                                              2.680776   data arrival time

                                  0.000000    0.000000   clock wb_clk_i (rise edge)
                                  0.000000    0.000000   clock source latency
     2    0.024010    0.178101    0.122636    0.122636 ^ wb_clk_i (in)
                                                         wb_clk_i (net)
                      0.178133    0.000000    0.122636 ^ clkbuf_0_wb_clk_i/A (sky130_fd_sc_hd__clkbuf_16)
    17    0.109159    0.188823    0.374197    0.496832 ^ clkbuf_0_wb_clk_i/X (sky130_fd_sc_hd__clkbuf_16)
                                                         clknet_0_wb_clk_i (net)
                      0.188896    0.003474    0.500306 ^ clkbuf_3_5__f_wb_clk_i/A (sky130_fd_sc_hd__clkbuf_16)
    14    0.041698    0.096037    0.306428    0.806734 ^ clkbuf_3_5__f_wb_clk_i/X (sky130_fd_sc_hd__clkbuf_16)
                                                         clknet_3_5__leaf_wb_clk_i (net)
                      0.096097    0.001568    0.808302 ^ _705_/CLK (sky130_fd_sc_hd__dfrtp_1)
                                  0.250000    1.058302   clock uncertainty
                                  0.000000    1.058302   clock reconvergence pessimism
                                 -0.088588    0.969714   library hold time
                                              0.969714   data required time
---------------------------------------------------------------------------------------------
                                              0.969714   data required time
                                             -2.680776   data arrival time
---------------------------------------------------------------------------------------------
                                              1.711062   slack (MET)


Startpoint: _715_ (rising edge-triggered flip-flop clocked by wb_clk_i)
Endpoint: _715_ (rising edge-triggered flip-flop clocked by wb_clk_i)
Path Group: wb_clk_i
Path Type: min

Fanout         Cap        Slew       Delay        Time   Description
---------------------------------------------------------------------------------------------
                                  0.000000    0.000000   clock wb_clk_i (rise edge)
                                  0.000000    0.000000   clock source latency
     2    0.024010    0.178101    0.122636    0.122636 ^ wb_clk_i (in)
                                                         wb_clk_i (net)
                      0.178133    0.000000    0.122636 ^ clkbuf_0_wb_clk_i/A (sky130_fd_sc_hd__clkbuf_16)
    17    0.109159    0.188823    0.374197    0.496832 ^ clkbuf_0_wb_clk_i/X (sky130_fd_sc_hd__clkbuf_16)
                                                         clknet_0_wb_clk_i (net)
                      0.188853    0.002430    0.499263 ^ clkbuf_3_1__f_wb_clk_i/A (sky130_fd_sc_hd__clkbuf_16)
    15    0.042068    0.096612    0.307174    0.806437 ^ clkbuf_3_1__f_wb_clk_i/X (sky130_fd_sc_hd__clkbuf_16)
                                                         clknet_3_1__leaf_wb_clk_i (net)
                      0.096642    0.000951    0.807388 ^ _715_/CLK (sky130_fd_sc_hd__dfrtp_1)
     3    0.010616    0.173263    0.735170    1.542558 ^ _715_/Q (sky130_fd_sc_hd__dfrtp_1)
                                                         sw_sticky_fsm_error (net)
                      0.173263    0.000188    1.542745 ^ _355_/A2 (sky130_fd_sc_hd__o21ba_1)
     1    0.002969    0.073470    0.258483    1.801228 ^ _355_/X (sky130_fd_sc_hd__o21ba_1)
                                                         _087_ (net)
                      0.073470    0.000090    1.801319 ^ hold2/A (sky130_fd_sc_hd__dlygate4sd3_1)
     1    0.002159    0.084661    1.032503    2.833822 ^ hold2/X (sky130_fd_sc_hd__dlygate4sd3_1)
                                                         net91 (net)
                      0.084661    0.000060    2.833882 ^ _715_/D (sky130_fd_sc_hd__dfrtp_1)
                                              2.833882   data arrival time

                                  0.000000    0.000000   clock wb_clk_i (rise edge)
                                  0.000000    0.000000   clock source latency
     2    0.024010    0.178101    0.122636    0.122636 ^ wb_clk_i (in)
                                                         wb_clk_i (net)
                      0.178133    0.000000    0.122636 ^ clkbuf_0_wb_clk_i/A (sky130_fd_sc_hd__clkbuf_16)
    17    0.109159    0.188823    0.374197    0.496832 ^ clkbuf_0_wb_clk_i/X (sky130_fd_sc_hd__clkbuf_16)
                                                         clknet_0_wb_clk_i (net)
                      0.188853    0.002430    0.499263 ^ clkbuf_3_1__f_wb_clk_i/A (sky130_fd_sc_hd__clkbuf_16)
    15    0.042068    0.096612    0.307174    0.806437 ^ clkbuf_3_1__f_wb_clk_i/X (sky130_fd_sc_hd__clkbuf_16)
                                                         clknet_3_1__leaf_wb_clk_i (net)
                      0.096642    0.000951    0.807388 ^ _715_/CLK (sky130_fd_sc_hd__dfrtp_1)
                                  0.250000    1.057388   clock uncertainty
                                  0.000000    1.057388   clock reconvergence pessimism
                                 -0.075913    0.981474   library hold time
                                              0.981474   data required time
---------------------------------------------------------------------------------------------
                                              0.981474   data required time
                                             -2.833882   data arrival time
---------------------------------------------------------------------------------------------
                                              1.852407   slack (MET)


Startpoint: _732_ (rising edge-triggered flip-flop clocked by wb_clk_i)
Endpoint: _700_ (rising edge-triggered flip-flop clocked by wb_clk_i)
Path Group: wb_clk_i
Path Type: min

Fanout         Cap        Slew       Delay        Time   Description
---------------------------------------------------------------------------------------------
                                  0.000000    0.000000   clock wb_clk_i (rise edge)
                                  0.000000    0.000000   clock source latency
     2    0.024010    0.178101    0.122636    0.122636 ^ wb_clk_i (in)
                                                         wb_clk_i (net)
                      0.178133    0.000000    0.122636 ^ clkbuf_0_wb_clk_i/A (sky130_fd_sc_hd__clkbuf_16)
    17    0.109159    0.188823    0.374197    0.496832 ^ clkbuf_0_wb_clk_i/X (sky130_fd_sc_hd__clkbuf_16)
                                                         clknet_0_wb_clk_i (net)
                      0.188869    0.002860    0.499693 ^ clkbuf_3_0__f_wb_clk_i/A (sky130_fd_sc_hd__clkbuf_16)
    13    0.039657    0.094181    0.303547    0.803240 ^ clkbuf_3_0__f_wb_clk_i/X (sky130_fd_sc_hd__clkbuf_16)
                                                         clknet_3_0__leaf_wb_clk_i (net)
                      0.094197    0.001229    0.804469 ^ _732_/CLK (sky130_fd_sc_hd__dfxtp_1)
     4    0.008094    0.139749    0.692369    1.496838 ^ _732_/Q (sky130_fd_sc_hd__dfxtp_1)
                                                         group_timeout_count[13] (net)
                      0.139749    0.000166    1.497003 ^ hold9/A (sky130_fd_sc_hd__dlygate4sd3_1)
     1    0.002090    0.083871    1.057840    2.554843 ^ hold9/X (sky130_fd_sc_hd__dlygate4sd3_1)
                                                         net98 (net)
                      0.083871    0.000061    2.554905 ^ _426_/A (sky130_fd_sc_hd__and3_1)
     1    0.002613    0.084203    0.276317    2.831222 ^ _426_/X (sky130_fd_sc_hd__and3_1)
                                                         _027_ (net)
                      0.084203    0.000072    2.831294 ^ _700_/D (sky130_fd_sc_hd__dfrtp_1)
                                              2.831294   data arrival time

                                  0.000000    0.000000   clock wb_clk_i (rise edge)
                                  0.000000    0.000000   clock source latency
     2    0.024010    0.178101    0.122636    0.122636 ^ wb_clk_i (in)
                                                         wb_clk_i (net)
                      0.178133    0.000000    0.122636 ^ clkbuf_0_wb_clk_i/A (sky130_fd_sc_hd__clkbuf_16)
    17    0.109159    0.188823    0.374197    0.496832 ^ clkbuf_0_wb_clk_i/X (sky130_fd_sc_hd__clkbuf_16)
                                                         clknet_0_wb_clk_i (net)
                      0.188869    0.002860    0.499693 ^ clkbuf_3_0__f_wb_clk_i/A (sky130_fd_sc_hd__clkbuf_16)
    13    0.039657    0.094181    0.303547    0.803240 ^ clkbuf_3_0__f_wb_clk_i/X (sky130_fd_sc_hd__clkbuf_16)
                                                         clknet_3_0__leaf_wb_clk_i (net)
                      0.094197    0.001234    0.804474 ^ _700_/CLK (sky130_fd_sc_hd__dfrtp_1)
                                  0.250000    1.054474   clock uncertainty
                                  0.000000    1.054474   clock reconvergence pessimism
                                 -0.076210    0.978264   library hold time
                                              0.978264   data required time
---------------------------------------------------------------------------------------------
                                              0.978264   data required time
                                             -2.831294   data arrival time
---------------------------------------------------------------------------------------------
                                              1.853030   slack (MET)


Startpoint: _713_ (rising edge-triggered flip-flop clocked by wb_clk_i)
Endpoint: _713_ (rising edge-triggered flip-flop clocked by wb_clk_i)
Path Group: wb_clk_i
Path Type: min

Fanout         Cap        Slew       Delay        Time   Description
---------------------------------------------------------------------------------------------
                                  0.000000    0.000000   clock wb_clk_i (rise edge)
                                  0.000000    0.000000   clock source latency
     2    0.024010    0.178101    0.122636    0.122636 ^ wb_clk_i (in)
                                                         wb_clk_i (net)
                      0.178133    0.000000    0.122636 ^ clkbuf_0_wb_clk_i/A (sky130_fd_sc_hd__clkbuf_16)
    17    0.109159    0.188823    0.374197    0.496832 ^ clkbuf_0_wb_clk_i/X (sky130_fd_sc_hd__clkbuf_16)
                                                         clknet_0_wb_clk_i (net)
                      0.188853    0.002430    0.499263 ^ clkbuf_3_1__f_wb_clk_i/A (sky130_fd_sc_hd__clkbuf_16)
    15    0.042068    0.096612    0.307174    0.806437 ^ clkbuf_3_1__f_wb_clk_i/X (sky130_fd_sc_hd__clkbuf_16)
                                                         clknet_3_1__leaf_wb_clk_i (net)
                      0.096634    0.000720    0.807157 ^ _713_/CLK (sky130_fd_sc_hd__dfrtp_1)
     3    0.011590    0.185511    0.745428    1.552585 ^ _713_/Q (sky130_fd_sc_hd__dfrtp_1)
                                                         sw_sticky_tamper (net)
                      0.185511    0.000227    1.552812 ^ _357_/A2 (sky130_fd_sc_hd__o21ba_1)
     1    0.002284    0.064689    0.254158    1.806970 ^ _357_/X (sky130_fd_sc_hd__o21ba_1)
                                                         _085_ (net)
                      0.064689    0.000048    1.807019 ^ hold4/A (sky130_fd_sc_hd__dlygate4sd3_1)
     1    0.002135    0.084393    1.028302    2.835320 ^ hold4/X (sky130_fd_sc_hd__dlygate4sd3_1)
                                                         net93 (net)
                      0.084393    0.000061    2.835381 ^ _713_/D (sky130_fd_sc_hd__dfrtp_1)
                                              2.835381   data arrival time

                                  0.000000    0.000000   clock wb_clk_i (rise edge)
                                  0.000000    0.000000   clock source latency
     2    0.024010    0.178101    0.122636    0.122636 ^ wb_clk_i (in)
                                                         wb_clk_i (net)
                      0.178133    0.000000    0.122636 ^ clkbuf_0_wb_clk_i/A (sky130_fd_sc_hd__clkbuf_16)
    17    0.109159    0.188823    0.374197    0.496832 ^ clkbuf_0_wb_clk_i/X (sky130_fd_sc_hd__clkbuf_16)
                                                         clknet_0_wb_clk_i (net)
                      0.188853    0.002430    0.499263 ^ clkbuf_3_1__f_wb_clk_i/A (sky130_fd_sc_hd__clkbuf_16)
    15    0.042068    0.096612    0.307174    0.806437 ^ clkbuf_3_1__f_wb_clk_i/X (sky130_fd_sc_hd__clkbuf_16)
                                                         clknet_3_1__leaf_wb_clk_i (net)
                      0.096634    0.000720    0.807157 ^ _713_/CLK (sky130_fd_sc_hd__dfrtp_1)
                                  0.250000    1.057157   clock uncertainty
                                  0.000000    1.057157   clock reconvergence pessimism
                                 -0.075853    0.981303   library hold time
                                              0.981303   data required time
---------------------------------------------------------------------------------------------
                                              0.981303   data required time
                                             -2.835381   data arrival time
---------------------------------------------------------------------------------------------
                                              1.854078   slack (MET)


Startpoint: _716_ (rising edge-triggered flip-flop clocked by wb_clk_i)
Endpoint: _716_ (rising edge-triggered flip-flop clocked by wb_clk_i)
Path Group: wb_clk_i
Path Type: min

Fanout         Cap        Slew       Delay        Time   Description
---------------------------------------------------------------------------------------------
                                  0.000000    0.000000   clock wb_clk_i (rise edge)
                                  0.000000    0.000000   clock source latency
     2    0.024010    0.178101    0.122636    0.122636 ^ wb_clk_i (in)
                                                         wb_clk_i (net)
                      0.178133    0.000000    0.122636 ^ clkbuf_0_wb_clk_i/A (sky130_fd_sc_hd__clkbuf_16)
    17    0.109159    0.188823    0.374197    0.496832 ^ clkbuf_0_wb_clk_i/X (sky130_fd_sc_hd__clkbuf_16)
                                                         clknet_0_wb_clk_i (net)
                      0.188875    0.003013    0.499845 ^ clkbuf_3_4__f_wb_clk_i/A (sky130_fd_sc_hd__clkbuf_16)
    12    0.042662    0.097277    0.307580    0.807425 ^ clkbuf_3_4__f_wb_clk_i/X (sky130_fd_sc_hd__clkbuf_16)
                                                         clknet_3_4__leaf_wb_clk_i (net)
                      0.097342    0.001183    0.808608 ^ _716_/CLK (sky130_fd_sc_hd__dfrtp_1)
     3    0.009649    0.161163    0.725287    1.533895 ^ _716_/Q (sky130_fd_sc_hd__dfrtp_1)
                                                         sw_sticky_breach (net)
                      0.161163    0.000195    1.534090 ^ _354_/A1 (sky130_fd_sc_hd__o21ba_1)
     1    0.002395    0.066958    0.276828    1.810917 ^ _354_/X (sky130_fd_sc_hd__o21ba_1)
                                                         _088_ (net)
                      0.066958    0.000073    1.810990 ^ hold6/A (sky130_fd_sc_hd__dlygate4sd3_1)
     1    0.002082    0.083742    1.028478    2.839468 ^ hold6/X (sky130_fd_sc_hd__dlygate4sd3_1)
                                                         net95 (net)
                      0.083742    0.000059    2.839527 ^ _716_/D (sky130_fd_sc_hd__dfrtp_1)
                                              2.839527   data arrival time

                                  0.000000    0.000000   clock wb_clk_i (rise edge)
                                  0.000000    0.000000   clock source latency
     2    0.024010    0.178101    0.122636    0.122636 ^ wb_clk_i (in)
                                                         wb_clk_i (net)
                      0.178133    0.000000    0.122636 ^ clkbuf_0_wb_clk_i/A (sky130_fd_sc_hd__clkbuf_16)
    17    0.109159    0.188823    0.374197    0.496832 ^ clkbuf_0_wb_clk_i/X (sky130_fd_sc_hd__clkbuf_16)
                                                         clknet_0_wb_clk_i (net)
                      0.188875    0.003013    0.499845 ^ clkbuf_3_4__f_wb_clk_i/A (sky130_fd_sc_hd__clkbuf_16)
    12    0.042662    0.097277    0.307580    0.807425 ^ clkbuf_3_4__f_wb_clk_i/X (sky130_fd_sc_hd__clkbuf_16)
                                                         clknet_3_4__leaf_wb_clk_i (net)
                      0.097342    0.001183    0.808608 ^ _716_/CLK (sky130_fd_sc_hd__dfrtp_1)
                                  0.250000    1.058608   clock uncertainty
                                  0.000000    1.058608   clock reconvergence pessimism
                                 -0.075589    0.983019   library hold time
                                              0.983019   data required time
---------------------------------------------------------------------------------------------
                                              0.983019   data required time
                                             -2.839527   data arrival time
---------------------------------------------------------------------------------------------
                                              1.856508   slack (MET)


Startpoint: _718_ (rising edge-triggered flip-flop clocked by wb_clk_i)
Endpoint: _740_ (rising edge-triggered flip-flop clocked by wb_clk_i)
Path Group: wb_clk_i
Path Type: min

Fanout         Cap        Slew       Delay        Time   Description
---------------------------------------------------------------------------------------------
                                  0.000000    0.000000   clock wb_clk_i (rise edge)
                                  0.000000    0.000000   clock source latency
     2    0.024010    0.178101    0.122636    0.122636 ^ wb_clk_i (in)
                                                         wb_clk_i (net)
                      0.178133    0.000000    0.122636 ^ clkbuf_0_wb_clk_i/A (sky130_fd_sc_hd__clkbuf_16)
    17    0.109159    0.188823    0.374197    0.496832 ^ clkbuf_0_wb_clk_i/X (sky130_fd_sc_hd__clkbuf_16)
                                                         clknet_0_wb_clk_i (net)
                      0.188845    0.002161    0.498994 ^ clkbuf_3_6__f_wb_clk_i/A (sky130_fd_sc_hd__clkbuf_16)
    10    0.042134    0.096653    0.307133    0.806127 ^ clkbuf_3_6__f_wb_clk_i/X (sky130_fd_sc_hd__clkbuf_16)
                                                         clknet_3_6__leaf_wb_clk_i (net)
                      0.096699    0.001217    0.807344 ^ _718_/CLK (sky130_fd_sc_hd__dfxtp_1)
     4    0.008255    0.091001    0.626424    1.433768 v _718_/Q (sky130_fd_sc_hd__dfxtp_1)
                                                         u_system.u_global.state[4] (net)
                      0.091001    0.000111    1.433879 v hold15/A (sky130_fd_sc_hd__dlygate4sd3_1)
     1    0.004963    0.128163    1.166556    2.600435 v hold15/X (sky130_fd_sc_hd__dlygate4sd3_1)
                                                         net104 (net)
                      0.128163    0.000148    2.600583 v _335_/A (sky130_fd_sc_hd__inv_2)
     4    0.011944    0.101638    0.139194    2.739778 ^ _335_/Y (sky130_fd_sc_hd__inv_2)
                                                         _140_ (net)
                      0.101638    0.000286    2.740064 ^ _552_/A (sky130_fd_sc_hd__nor2_1)
     1    0.002228    0.043879    0.087838    2.827901 v _552_/Y (sky130_fd_sc_hd__nor2_1)
                                                         _112_ (net)
                      0.043879    0.000064    2.827965 v _740_/D (sky130_fd_sc_hd__dfxtp_1)
                                              2.827965   data arrival time

                                  0.000000    0.000000   clock wb_clk_i (rise edge)
                                  0.000000    0.000000   clock source latency
     2    0.024010    0.178101    0.122636    0.122636 ^ wb_clk_i (in)
                                                         wb_clk_i (net)
                      0.178133    0.000000    0.122636 ^ clkbuf_0_wb_clk_i/A (sky130_fd_sc_hd__clkbuf_16)
    17    0.109159    0.188823    0.374197    0.496832 ^ clkbuf_0_wb_clk_i/X (sky130_fd_sc_hd__clkbuf_16)
                                                         clknet_0_wb_clk_i (net)
                      0.188845    0.002161    0.498994 ^ clkbuf_3_6__f_wb_clk_i/A (sky130_fd_sc_hd__clkbuf_16)
    10    0.042134    0.096653    0.307133    0.806127 ^ clkbuf_3_6__f_wb_clk_i/X (sky130_fd_sc_hd__clkbuf_16)
                                                         clknet_3_6__leaf_wb_clk_i (net)
                      0.096696    0.001138    0.807264 ^ _740_/CLK (sky130_fd_sc_hd__dfxtp_1)
                                  0.250000    1.057264   clock uncertainty
                                  0.000000    1.057264   clock reconvergence pessimism
                                 -0.088850    0.968414   library hold time
                                              0.968414   data required time
---------------------------------------------------------------------------------------------
                                              0.968414   data required time
                                             -2.827965   data arrival time
---------------------------------------------------------------------------------------------
                                              1.859551   slack (MET)


Startpoint: _726_ (rising edge-triggered flip-flop clocked by wb_clk_i)
Endpoint: _694_ (rising edge-triggered flip-flop clocked by wb_clk_i)
Path Group: wb_clk_i
Path Type: min

Fanout         Cap        Slew       Delay        Time   Description
---------------------------------------------------------------------------------------------
                                  0.000000    0.000000   clock wb_clk_i (rise edge)
                                  0.000000    0.000000   clock source latency
     2    0.024010    0.178101    0.122636    0.122636 ^ wb_clk_i (in)
                                                         wb_clk_i (net)
                      0.178133    0.000000    0.122636 ^ clkbuf_0_wb_clk_i/A (sky130_fd_sc_hd__clkbuf_16)
    17    0.109159    0.188823    0.374197    0.496832 ^ clkbuf_0_wb_clk_i/X (sky130_fd_sc_hd__clkbuf_16)
                                                         clknet_0_wb_clk_i (net)
                      0.188846    0.002179    0.499011 ^ clkbuf_3_2__f_wb_clk_i/A (sky130_fd_sc_hd__clkbuf_16)
    14    0.042281    0.096840    0.307288    0.806299 ^ clkbuf_3_2__f_wb_clk_i/X (sky130_fd_sc_hd__clkbuf_16)
                                                         clknet_3_2__leaf_wb_clk_i (net)
                      0.096868    0.000644    0.806943 ^ _726_/CLK (sky130_fd_sc_hd__dfxtp_1)
     4    0.010380    0.171485    0.717653    1.524596 ^ _726_/Q (sky130_fd_sc_hd__dfxtp_1)
                                                         group_timeout_count[7] (net)
                      0.171485    0.000253    1.524848 ^ hold14/A (sky130_fd_sc_hd__dlygate4sd3_1)
     1    0.001692    0.078943    1.064268    2.589117 ^ hold14/X (sky130_fd_sc_hd__dlygate4sd3_1)
                                                         net103 (net)
                      0.078943    0.000047    2.589163 ^ _420_/A (sky130_fd_sc_hd__and3_1)
     1    0.002127    0.078166    0.267190    2.856354 ^ _420_/X (sky130_fd_sc_hd__and3_1)
                                                         _021_ (net)
                      0.078166    0.000059    2.856412 ^ _694_/D (sky130_fd_sc_hd__dfrtp_1)
                                              2.856412   data arrival time

                                  0.000000    0.000000   clock wb_clk_i (rise edge)
                                  0.000000    0.000000   clock source latency
     2    0.024010    0.178101    0.122636    0.122636 ^ wb_clk_i (in)
                                                         wb_clk_i (net)
                      0.178133    0.000000    0.122636 ^ clkbuf_0_wb_clk_i/A (sky130_fd_sc_hd__clkbuf_16)
    17    0.109159    0.188823    0.374197    0.496832 ^ clkbuf_0_wb_clk_i/X (sky130_fd_sc_hd__clkbuf_16)
                                                         clknet_0_wb_clk_i (net)
                      0.188846    0.002179    0.499011 ^ clkbuf_3_2__f_wb_clk_i/A (sky130_fd_sc_hd__clkbuf_16)
    14    0.042281    0.096840    0.307288    0.806299 ^ clkbuf_3_2__f_wb_clk_i/X (sky130_fd_sc_hd__clkbuf_16)
                                                         clknet_3_2__leaf_wb_clk_i (net)
                      0.096880    0.000966    0.807265 ^ _694_/CLK (sky130_fd_sc_hd__dfrtp_1)
                                  0.250000    1.057265   clock uncertainty
                                  0.000000    1.057265   clock reconvergence pessimism
                                 -0.074392    0.982873   library hold time
                                              0.982873   data required time
---------------------------------------------------------------------------------------------
                                              0.982873   data required time
                                             -2.856412   data arrival time
---------------------------------------------------------------------------------------------
                                              1.873539   slack (MET)


Startpoint: _731_ (rising edge-triggered flip-flop clocked by wb_clk_i)
Endpoint: _699_ (rising edge-triggered flip-flop clocked by wb_clk_i)
Path Group: wb_clk_i
Path Type: min

Fanout         Cap        Slew       Delay        Time   Description
---------------------------------------------------------------------------------------------
                                  0.000000    0.000000   clock wb_clk_i (rise edge)
                                  0.000000    0.000000   clock source latency
     2    0.024010    0.178101    0.122636    0.122636 ^ wb_clk_i (in)
                                                         wb_clk_i (net)
                      0.178133    0.000000    0.122636 ^ clkbuf_0_wb_clk_i/A (sky130_fd_sc_hd__clkbuf_16)
    17    0.109159    0.188823    0.374197    0.496832 ^ clkbuf_0_wb_clk_i/X (sky130_fd_sc_hd__clkbuf_16)
                                                         clknet_0_wb_clk_i (net)
                      0.188869    0.002860    0.499693 ^ clkbuf_3_0__f_wb_clk_i/A (sky130_fd_sc_hd__clkbuf_16)
    13    0.039657    0.094181    0.303547    0.803240 ^ clkbuf_3_0__f_wb_clk_i/X (sky130_fd_sc_hd__clkbuf_16)
                                                         clknet_3_0__leaf_wb_clk_i (net)
                      0.094184    0.000724    0.803964 ^ _731_/CLK (sky130_fd_sc_hd__dfxtp_1)
     4    0.009927    0.165180    0.711644    1.515609 ^ _731_/Q (sky130_fd_sc_hd__dfxtp_1)
                                                         group_timeout_count[12] (net)
                      0.165180    0.000204    1.515812 ^ hold12/A (sky130_fd_sc_hd__dlygate4sd3_1)
     1    0.002957    0.093526    1.081151    2.596963 ^ hold12/X (sky130_fd_sc_hd__dlygate4sd3_1)
                                                         net101 (net)
                      0.093526    0.000090    2.597053 ^ _425_/A (sky130_fd_sc_hd__and3_1)
     1    0.002207    0.079164    0.274109    2.871162 ^ _425_/X (sky130_fd_sc_hd__and3_1)
                                                         _026_ (net)
                      0.079164    0.000063    2.871225 ^ _699_/D (sky130_fd_sc_hd__dfrtp_1)
                                              2.871225   data arrival time

                                  0.000000    0.000000   clock wb_clk_i (rise edge)
                                  0.000000    0.000000   clock source latency
     2    0.024010    0.178101    0.122636    0.122636 ^ wb_clk_i (in)
                                                         wb_clk_i (net)
                      0.178133    0.000000    0.122636 ^ clkbuf_0_wb_clk_i/A (sky130_fd_sc_hd__clkbuf_16)
    17    0.109159    0.188823    0.374197    0.496832 ^ clkbuf_0_wb_clk_i/X (sky130_fd_sc_hd__clkbuf_16)
                                                         clknet_0_wb_clk_i (net)
                      0.188853    0.002430    0.499263 ^ clkbuf_3_1__f_wb_clk_i/A (sky130_fd_sc_hd__clkbuf_16)
    15    0.042068    0.096612    0.307174    0.806437 ^ clkbuf_3_1__f_wb_clk_i/X (sky130_fd_sc_hd__clkbuf_16)
                                                         clknet_3_1__leaf_wb_clk_i (net)
                      0.096633    0.000686    0.807123 ^ _699_/CLK (sky130_fd_sc_hd__dfrtp_1)
                                  0.250000    1.057123   clock uncertainty
                                  0.000000    1.057123   clock reconvergence pessimism
                                 -0.074661    0.982462   library hold time
                                              0.982462   data required time
---------------------------------------------------------------------------------------------
                                              0.982462   data required time
                                             -2.871225   data arrival time
---------------------------------------------------------------------------------------------
                                              1.888763   slack (MET)


Startpoint: _717_ (rising edge-triggered flip-flop clocked by wb_clk_i)
Endpoint: _736_ (rising edge-triggered flip-flop clocked by wb_clk_i)
Path Group: wb_clk_i
Path Type: min

Fanout         Cap        Slew       Delay        Time   Description
---------------------------------------------------------------------------------------------
                                  0.000000    0.000000   clock wb_clk_i (rise edge)
                                  0.000000    0.000000   clock source latency
     2    0.024010    0.178101    0.122636    0.122636 ^ wb_clk_i (in)
                                                         wb_clk_i (net)
                      0.178133    0.000000    0.122636 ^ clkbuf_0_wb_clk_i/A (sky130_fd_sc_hd__clkbuf_16)
    17    0.109159    0.188823    0.374197    0.496832 ^ clkbuf_0_wb_clk_i/X (sky130_fd_sc_hd__clkbuf_16)
                                                         clknet_0_wb_clk_i (net)
                      0.188839    0.001939    0.498772 ^ clkbuf_3_3__f_wb_clk_i/A (sky130_fd_sc_hd__clkbuf_16)
    11    0.042287    0.096877    0.307360    0.806132 ^ clkbuf_3_3__f_wb_clk_i/X (sky130_fd_sc_hd__clkbuf_16)
                                                         clknet_3_3__leaf_wb_clk_i (net)
                      0.096909    0.000828    0.806960 ^ _717_/CLK (sky130_fd_sc_hd__dfxtp_2)
     8    0.030589    0.254828    0.810838    1.617797 ^ _717_/Q (sky130_fd_sc_hd__dfxtp_2)
                                                         u_system.u_global.state[0] (net)
                      0.254828    0.000453    1.618251 ^ hold21/A (sky130_fd_sc_hd__dlygate4sd3_1)
     1    0.002628    0.089720    1.109141    2.727392 ^ hold21/X (sky130_fd_sc_hd__dlygate4sd3_1)
                                                         net110 (net)
                      0.089720    0.000056    2.727448 ^ _548_/A (sky130_fd_sc_hd__or2_1)
     1    0.001850    0.053614    0.160661    2.888109 ^ _548_/X (sky130_fd_sc_hd__or2_1)
                                                         _108_ (net)
                      0.053614    0.000051    2.888160 ^ _736_/D (sky130_fd_sc_hd__dfxtp_1)
                                              2.888160   data arrival time

                                  0.000000    0.000000   clock wb_clk_i (rise edge)
                                  0.000000    0.000000   clock source latency
     2    0.024010    0.178101    0.122636    0.122636 ^ wb_clk_i (in)
                                                         wb_clk_i (net)
                      0.178133    0.000000    0.122636 ^ clkbuf_0_wb_clk_i/A (sky130_fd_sc_hd__clkbuf_16)
    17    0.109159    0.188823    0.374197    0.496832 ^ clkbuf_0_wb_clk_i/X (sky130_fd_sc_hd__clkbuf_16)
                                                         clknet_0_wb_clk_i (net)
                      0.188839    0.001939    0.498772 ^ clkbuf_3_3__f_wb_clk_i/A (sky130_fd_sc_hd__clkbuf_16)
    11    0.042287    0.096877    0.307360    0.806132 ^ clkbuf_3_3__f_wb_clk_i/X (sky130_fd_sc_hd__clkbuf_16)
                                                         clknet_3_3__leaf_wb_clk_i (net)
                      0.096909    0.000828    0.806960 ^ _736_/CLK (sky130_fd_sc_hd__dfxtp_1)
                                  0.250000    1.056960   clock uncertainty
                                  0.000000    1.056960   clock reconvergence pessimism
                                 -0.063933    0.993027   library hold time
                                              0.993027   data required time
---------------------------------------------------------------------------------------------
                                              0.993027   data required time
                                             -2.888160   data arrival time
---------------------------------------------------------------------------------------------
                                              1.895133   slack (MET)


Startpoint: _765_ (rising edge-triggered flip-flop clocked by wb_clk_i)
Endpoint: _765_ (rising edge-triggered flip-flop clocked by wb_clk_i)
Path Group: wb_clk_i
Path Type: min

Fanout         Cap        Slew       Delay        Time   Description
---------------------------------------------------------------------------------------------
                                  0.000000    0.000000   clock wb_clk_i (rise edge)
                                  0.000000    0.000000   clock source latency
     2    0.024010    0.178101    0.122636    0.122636 ^ wb_clk_i (in)
                                                         wb_clk_i (net)
                      0.178133    0.000000    0.122636 ^ clkbuf_0_wb_clk_i/A (sky130_fd_sc_hd__clkbuf_16)
    17    0.109159    0.188823    0.374197    0.496832 ^ clkbuf_0_wb_clk_i/X (sky130_fd_sc_hd__clkbuf_16)
                                                         clknet_0_wb_clk_i (net)
                      0.188875    0.003013    0.499845 ^ clkbuf_3_4__f_wb_clk_i/A (sky130_fd_sc_hd__clkbuf_16)
    12    0.042662    0.097277    0.307580    0.807425 ^ clkbuf_3_4__f_wb_clk_i/X (sky130_fd_sc_hd__clkbuf_16)
                                                         clknet_3_4__leaf_wb_clk_i (net)
                      0.097347    0.001283    0.808708 ^ _765_/CLK (sky130_fd_sc_hd__dfrtp_1)
     3    0.011776    0.187862    0.747726    1.556434 ^ _765_/Q (sky130_fd_sc_hd__dfrtp_1)
                                                         sw_sticky_group_error (net)
                      0.187862    0.000196    1.556630 ^ _348_/A1 (sky130_fd_sc_hd__o21ba_1)
     1    0.002945    0.074945    0.293710    1.850340 ^ _348_/X (sky130_fd_sc_hd__o21ba_1)
                                                         _137_ (net)
                      0.074945    0.000091    1.850431 ^ hold8/A (sky130_fd_sc_hd__dlygate4sd3_1)
     1    0.002669    0.090147    1.040962    2.891392 ^ hold8/X (sky130_fd_sc_hd__dlygate4sd3_1)
                                                         net97 (net)
                      0.090147    0.000077    2.891469 ^ _765_/D (sky130_fd_sc_hd__dfrtp_1)
                                              2.891469   data arrival time

                                  0.000000    0.000000   clock wb_clk_i (rise edge)
                                  0.000000    0.000000   clock source latency
     2    0.024010    0.178101    0.122636    0.122636 ^ wb_clk_i (in)
                                                         wb_clk_i (net)
                      0.178133    0.000000    0.122636 ^ clkbuf_0_wb_clk_i/A (sky130_fd_sc_hd__clkbuf_16)
    17    0.109159    0.188823    0.374197    0.496832 ^ clkbuf_0_wb_clk_i/X (sky130_fd_sc_hd__clkbuf_16)
                                                         clknet_0_wb_clk_i (net)
                      0.188875    0.003013    0.499845 ^ clkbuf_3_4__f_wb_clk_i/A (sky130_fd_sc_hd__clkbuf_16)
    12    0.042662    0.097277    0.307580    0.807425 ^ clkbuf_3_4__f_wb_clk_i/X (sky130_fd_sc_hd__clkbuf_16)
                                                         clknet_3_4__leaf_wb_clk_i (net)
                      0.097347    0.001283    0.808708 ^ _765_/CLK (sky130_fd_sc_hd__dfrtp_1)
                                  0.250000    1.058708   clock uncertainty
                                  0.000000    1.058708   clock reconvergence pessimism
                                 -0.077049    0.981659   library hold time
                                              0.981659   data required time
---------------------------------------------------------------------------------------------
                                              0.981659   data required time
                                             -2.891469   data arrival time
---------------------------------------------------------------------------------------------
                                              1.909810   slack (MET)


Startpoint: _705_ (rising edge-triggered flip-flop clocked by wb_clk_i)
Endpoint: _714_ (rising edge-triggered flip-flop clocked by wb_clk_i)
Path Group: wb_clk_i
Path Type: min

Fanout         Cap        Slew       Delay        Time   Description
---------------------------------------------------------------------------------------------
                                  0.000000    0.000000   clock wb_clk_i (rise edge)
                                  0.000000    0.000000   clock source latency
     2    0.024010    0.178101    0.122636    0.122636 ^ wb_clk_i (in)
                                                         wb_clk_i (net)
                      0.178133    0.000000    0.122636 ^ clkbuf_0_wb_clk_i/A (sky130_fd_sc_hd__clkbuf_16)
    17    0.109159    0.188823    0.374197    0.496832 ^ clkbuf_0_wb_clk_i/X (sky130_fd_sc_hd__clkbuf_16)
                                                         clknet_0_wb_clk_i (net)
                      0.188896    0.003474    0.500306 ^ clkbuf_3_5__f_wb_clk_i/A (sky130_fd_sc_hd__clkbuf_16)
    14    0.041698    0.096037    0.306428    0.806734 ^ clkbuf_3_5__f_wb_clk_i/X (sky130_fd_sc_hd__clkbuf_16)
                                                         clknet_3_5__leaf_wb_clk_i (net)
                      0.096097    0.001568    0.808302 ^ _705_/CLK (sky130_fd_sc_hd__dfrtp_1)
     1    0.005819    0.114237    0.684315    1.492617 ^ _705_/Q (sky130_fd_sc_hd__dfrtp_1)
                                                         ctrl_clear_pulse[1] (net)
                      0.114237    0.000227    1.492844 ^ _356_/B1_N (sky130_fd_sc_hd__o21ba_1)
     1    0.001985    0.049937    0.268931    1.761774 v _356_/X (sky130_fd_sc_hd__o21ba_1)
                                                         _086_ (net)
                      0.049937    0.000056    1.761830 v hold11/A (sky130_fd_sc_hd__dlygate4sd3_1)
     1    0.002734    0.105153    1.113645    2.875475 v hold11/X (sky130_fd_sc_hd__dlygate4sd3_1)
                                                         net100 (net)
                      0.105153    0.000080    2.875555 v _714_/D (sky130_fd_sc_hd__dfrtp_1)
                                              2.875555   data arrival time

                                  0.000000    0.000000   clock wb_clk_i (rise edge)
                                  0.000000    0.000000   clock source latency
     2    0.024010    0.178101    0.122636    0.122636 ^ wb_clk_i (in)
                                                         wb_clk_i (net)
                      0.178133    0.000000    0.122636 ^ clkbuf_0_wb_clk_i/A (sky130_fd_sc_hd__clkbuf_16)
    17    0.109159    0.188823    0.374197    0.496832 ^ clkbuf_0_wb_clk_i/X (sky130_fd_sc_hd__clkbuf_16)
                                                         clknet_0_wb_clk_i (net)
                      0.188875    0.003013    0.499845 ^ clkbuf_3_4__f_wb_clk_i/A (sky130_fd_sc_hd__clkbuf_16)
    12    0.042662    0.097277    0.307580    0.807425 ^ clkbuf_3_4__f_wb_clk_i/X (sky130_fd_sc_hd__clkbuf_16)
                                                         clknet_3_4__leaf_wb_clk_i (net)
                      0.097361    0.001571    0.808996 ^ _714_/CLK (sky130_fd_sc_hd__dfrtp_1)
                                  0.250000    1.058996   clock uncertainty
                                  0.000000    1.058996   clock reconvergence pessimism
                                 -0.103630    0.955366   library hold time
                                              0.955366   data required time
---------------------------------------------------------------------------------------------
                                              0.955366   data required time
                                             -2.875555   data arrival time
---------------------------------------------------------------------------------------------
                                              1.920190   slack (MET)


Startpoint: _734_ (rising edge-triggered flip-flop clocked by wb_clk_i)
Endpoint: _702_ (rising edge-triggered flip-flop clocked by wb_clk_i)
Path Group: wb_clk_i
Path Type: min

Fanout         Cap        Slew       Delay        Time   Description
---------------------------------------------------------------------------------------------
                                  0.000000    0.000000   clock wb_clk_i (rise edge)
                                  0.000000    0.000000   clock source latency
     2    0.024010    0.178101    0.122636    0.122636 ^ wb_clk_i (in)
                                                         wb_clk_i (net)
                      0.178133    0.000000    0.122636 ^ clkbuf_0_wb_clk_i/A (sky130_fd_sc_hd__clkbuf_16)
    17    0.109159    0.188823    0.374197    0.496832 ^ clkbuf_0_wb_clk_i/X (sky130_fd_sc_hd__clkbuf_16)
                                                         clknet_0_wb_clk_i (net)
                      0.188869    0.002860    0.499693 ^ clkbuf_3_0__f_wb_clk_i/A (sky130_fd_sc_hd__clkbuf_16)
    13    0.039657    0.094181    0.303547    0.803240 ^ clkbuf_3_0__f_wb_clk_i/X (sky130_fd_sc_hd__clkbuf_16)
                                                         clknet_3_0__leaf_wb_clk_i (net)
                      0.094202    0.001371    0.804612 ^ _734_/CLK (sky130_fd_sc_hd__dfxtp_1)
     3    0.012386    0.199298    0.737480    1.542091 ^ _734_/Q (sky130_fd_sc_hd__dfxtp_1)
                                                         group_timeout_count[15] (net)
                      0.199298    0.000225    1.542316 ^ hold18/A (sky130_fd_sc_hd__dlygate4sd3_1)
     1    0.002280    0.085935    1.084246    2.626562 ^ hold18/X (sky130_fd_sc_hd__dlygate4sd3_1)
                                                         net107 (net)
                      0.085935    0.000066    2.626628 ^ _428_/A (sky130_fd_sc_hd__and3_1)
     1    0.003411    0.094586    0.288932    2.915560 ^ _428_/X (sky130_fd_sc_hd__and3_1)
                                                         _030_ (net)
                      0.094586    0.000103    2.915664 ^ _702_/D (sky130_fd_sc_hd__dfrtp_1)
                                              2.915664   data arrival time

                                  0.000000    0.000000   clock wb_clk_i (rise edge)
                                  0.000000    0.000000   clock source latency
     2    0.024010    0.178101    0.122636    0.122636 ^ wb_clk_i (in)
                                                         wb_clk_i (net)
                      0.178133    0.000000    0.122636 ^ clkbuf_0_wb_clk_i/A (sky130_fd_sc_hd__clkbuf_16)
    17    0.109159    0.188823    0.374197    0.496832 ^ clkbuf_0_wb_clk_i/X (sky130_fd_sc_hd__clkbuf_16)
                                                         clknet_0_wb_clk_i (net)
                      0.188869    0.002860    0.499693 ^ clkbuf_3_0__f_wb_clk_i/A (sky130_fd_sc_hd__clkbuf_16)
    13    0.039657    0.094181    0.303547    0.803240 ^ clkbuf_3_0__f_wb_clk_i/X (sky130_fd_sc_hd__clkbuf_16)
                                                         clknet_3_0__leaf_wb_clk_i (net)
                      0.094205    0.001449    0.804689 ^ _702_/CLK (sky130_fd_sc_hd__dfrtp_1)
                                  0.250000    1.054689   clock uncertainty
                                  0.000000    1.054689   clock reconvergence pessimism
                                 -0.078578    0.976112   library hold time
                                              0.976112   data required time
---------------------------------------------------------------------------------------------
                                              0.976112   data required time
                                             -2.915664   data arrival time
---------------------------------------------------------------------------------------------
                                              1.939552   slack (MET)


Startpoint: _733_ (rising edge-triggered flip-flop clocked by wb_clk_i)
Endpoint: _701_ (rising edge-triggered flip-flop clocked by wb_clk_i)
Path Group: wb_clk_i
Path Type: min

Fanout         Cap        Slew       Delay        Time   Description
---------------------------------------------------------------------------------------------
                                  0.000000    0.000000   clock wb_clk_i (rise edge)
                                  0.000000    0.000000   clock source latency
     2    0.024010    0.178101    0.122636    0.122636 ^ wb_clk_i (in)
                                                         wb_clk_i (net)
                      0.178133    0.000000    0.122636 ^ clkbuf_0_wb_clk_i/A (sky130_fd_sc_hd__clkbuf_16)
    17    0.109159    0.188823    0.374197    0.496832 ^ clkbuf_0_wb_clk_i/X (sky130_fd_sc_hd__clkbuf_16)
                                                         clknet_0_wb_clk_i (net)
                      0.188869    0.002860    0.499693 ^ clkbuf_3_0__f_wb_clk_i/A (sky130_fd_sc_hd__clkbuf_16)
    13    0.039657    0.094181    0.303547    0.803240 ^ clkbuf_3_0__f_wb_clk_i/X (sky130_fd_sc_hd__clkbuf_16)
                                                         clknet_3_0__leaf_wb_clk_i (net)
                      0.094198    0.001270    0.804510 ^ _733_/CLK (sky130_fd_sc_hd__dfxtp_1)
     4    0.010659    0.175372    0.719339    1.523849 ^ _733_/Q (sky130_fd_sc_hd__dfxtp_1)
                                                         group_timeout_count[14] (net)
                      0.175372    0.000221    1.524071 ^ hold13/A (sky130_fd_sc_hd__dlygate4sd3_1)
     1    0.003924    0.106154    1.099975    2.624046 ^ hold13/X (sky130_fd_sc_hd__dlygate4sd3_1)
                                                         net102 (net)
                      0.106154    0.000122    2.624168 ^ _427_/A (sky130_fd_sc_hd__and3_1)
     1    0.003206    0.091844    0.293856    2.918024 ^ _427_/X (sky130_fd_sc_hd__and3_1)
                                                         _029_ (net)
                      0.091844    0.000094    2.918118 ^ _701_/D (sky130_fd_sc_hd__dfrtp_1)
                                              2.918118   data arrival time

                                  0.000000    0.000000   clock wb_clk_i (rise edge)
                                  0.000000    0.000000   clock source latency
     2    0.024010    0.178101    0.122636    0.122636 ^ wb_clk_i (in)
                                                         wb_clk_i (net)
                      0.178133    0.000000    0.122636 ^ clkbuf_0_wb_clk_i/A (sky130_fd_sc_hd__clkbuf_16)
    17    0.109159    0.188823    0.374197    0.496832 ^ clkbuf_0_wb_clk_i/X (sky130_fd_sc_hd__clkbuf_16)
                                                         clknet_0_wb_clk_i (net)
                      0.188869    0.002860    0.499693 ^ clkbuf_3_0__f_wb_clk_i/A (sky130_fd_sc_hd__clkbuf_16)
    13    0.039657    0.094181    0.303547    0.803240 ^ clkbuf_3_0__f_wb_clk_i/X (sky130_fd_sc_hd__clkbuf_16)
                                                         clknet_3_0__leaf_wb_clk_i (net)
                      0.094200    0.001322    0.804562 ^ _701_/CLK (sky130_fd_sc_hd__dfrtp_1)
                                  0.250000    1.054562   clock uncertainty
                                  0.000000    1.054562   clock reconvergence pessimism
                                 -0.077953    0.976609   library hold time
                                              0.976609   data required time
---------------------------------------------------------------------------------------------
                                              0.976609   data required time
                                             -2.918118   data arrival time
---------------------------------------------------------------------------------------------
                                              1.941509   slack (MET)


Startpoint: _722_ (rising edge-triggered flip-flop clocked by wb_clk_i)
Endpoint: _690_ (rising edge-triggered flip-flop clocked by wb_clk_i)
Path Group: wb_clk_i
Path Type: min

Fanout         Cap        Slew       Delay        Time   Description
---------------------------------------------------------------------------------------------
                                  0.000000    0.000000   clock wb_clk_i (rise edge)
                                  0.000000    0.000000   clock source latency
     2    0.024010    0.178101    0.122636    0.122636 ^ wb_clk_i (in)
                                                         wb_clk_i (net)
                      0.178133    0.000000    0.122636 ^ clkbuf_0_wb_clk_i/A (sky130_fd_sc_hd__clkbuf_16)
    17    0.109159    0.188823    0.374197    0.496832 ^ clkbuf_0_wb_clk_i/X (sky130_fd_sc_hd__clkbuf_16)
                                                         clknet_0_wb_clk_i (net)
                      0.188846    0.002179    0.499011 ^ clkbuf_3_2__f_wb_clk_i/A (sky130_fd_sc_hd__clkbuf_16)
    14    0.042281    0.096840    0.307288    0.806299 ^ clkbuf_3_2__f_wb_clk_i/X (sky130_fd_sc_hd__clkbuf_16)
                                                         clknet_3_2__leaf_wb_clk_i (net)
                      0.096885    0.001083    0.807383 ^ _722_/CLK (sky130_fd_sc_hd__dfxtp_1)
     5    0.014947    0.144073    0.671741    1.479123 v _722_/Q (sky130_fd_sc_hd__dfxtp_1)
                                                         group_timeout_count[3] (net)
                      0.144073    0.000177    1.479301 v hold20/A (sky130_fd_sc_hd__dlygate4sd3_1)
     1    0.001637    0.095342    1.139209    2.618510 v hold20/X (sky130_fd_sc_hd__dlygate4sd3_1)
                                                         net109 (net)
                      0.095342    0.000032    2.618541 v _416_/A (sky130_fd_sc_hd__and3_1)
     1    0.002736    0.064061    0.300829    2.919370 v _416_/X (sky130_fd_sc_hd__and3_1)
                                                         _016_ (net)
                      0.064061    0.000076    2.919446 v _690_/D (sky130_fd_sc_hd__dfrtp_1)
                                              2.919446   data arrival time

                                  0.000000    0.000000   clock wb_clk_i (rise edge)
                                  0.000000    0.000000   clock source latency
     2    0.024010    0.178101    0.122636    0.122636 ^ wb_clk_i (in)
                                                         wb_clk_i (net)
                      0.178133    0.000000    0.122636 ^ clkbuf_0_wb_clk_i/A (sky130_fd_sc_hd__clkbuf_16)
    17    0.109159    0.188823    0.374197    0.496832 ^ clkbuf_0_wb_clk_i/X (sky130_fd_sc_hd__clkbuf_16)
                                                         clknet_0_wb_clk_i (net)
                      0.188846    0.002179    0.499011 ^ clkbuf_3_2__f_wb_clk_i/A (sky130_fd_sc_hd__clkbuf_16)
    14    0.042281    0.096840    0.307288    0.806299 ^ clkbuf_3_2__f_wb_clk_i/X (sky130_fd_sc_hd__clkbuf_16)
                                                         clknet_3_2__leaf_wb_clk_i (net)
                      0.096879    0.000920    0.807219 ^ _690_/CLK (sky130_fd_sc_hd__dfrtp_1)
                                  0.250000    1.057219   clock uncertainty
                                  0.000000    1.057219   clock reconvergence pessimism
                                 -0.088492    0.968727   library hold time
                                              0.968727   data required time
---------------------------------------------------------------------------------------------
                                              0.968727   data required time
                                             -2.919446   data arrival time
---------------------------------------------------------------------------------------------
                                              1.950719   slack (MET)


Startpoint: _759_ (rising edge-triggered flip-flop clocked by wb_clk_i)
Endpoint: _685_ (rising edge-triggered flip-flop clocked by wb_clk_i)
Path Group: wb_clk_i
Path Type: min

Fanout         Cap        Slew       Delay        Time   Description
---------------------------------------------------------------------------------------------
                                  0.000000    0.000000   clock wb_clk_i (rise edge)
                                  0.000000    0.000000   clock source latency
     2    0.024010    0.178101    0.122636    0.122636 ^ wb_clk_i (in)
                                                         wb_clk_i (net)
                      0.178133    0.000000    0.122636 ^ clkbuf_0_wb_clk_i/A (sky130_fd_sc_hd__clkbuf_16)
    17    0.109159    0.188823    0.374197    0.496832 ^ clkbuf_0_wb_clk_i/X (sky130_fd_sc_hd__clkbuf_16)
                                                         clknet_0_wb_clk_i (net)
                      0.188859    0.002590    0.499422 ^ clkbuf_3_7__f_wb_clk_i/A (sky130_fd_sc_hd__clkbuf_16)
    13    0.039512    0.093822    0.303284    0.802706 ^ clkbuf_3_7__f_wb_clk_i/X (sky130_fd_sc_hd__clkbuf_16)
                                                         clknet_3_7__leaf_wb_clk_i (net)
                      0.093864    0.001847    0.804553 ^ _759_/CLK (sky130_fd_sc_hd__dfxtp_1)
     3    0.009034    0.152782    0.702035    1.506588 ^ _759_/Q (sky130_fd_sc_hd__dfxtp_1)
                                                         global_timeout_count[14] (net)
                      0.152782    0.000202    1.506790 ^ hold16/A (sky130_fd_sc_hd__dlygate4sd3_1)
     2    0.007915    0.160415    1.140529    2.647318 ^ hold16/X (sky130_fd_sc_hd__dlygate4sd3_1)
                                                         net105 (net)
                      0.160415    0.000120    2.647439 ^ _411_/A (sky130_fd_sc_hd__and3_1)
     1    0.002300    0.080349    0.301803    2.949242 ^ _411_/X (sky130_fd_sc_hd__and3_1)
                                                         _011_ (net)
                      0.080349    0.000064    2.949307 ^ _685_/D (sky130_fd_sc_hd__dfrtp_1)
                                              2.949307   data arrival time

                                  0.000000    0.000000   clock wb_clk_i (rise edge)
                                  0.000000    0.000000   clock source latency
     2    0.024010    0.178101    0.122636    0.122636 ^ wb_clk_i (in)
                                                         wb_clk_i (net)
                      0.178133    0.000000    0.122636 ^ clkbuf_0_wb_clk_i/A (sky130_fd_sc_hd__clkbuf_16)
    17    0.109159    0.188823    0.374197    0.496832 ^ clkbuf_0_wb_clk_i/X (sky130_fd_sc_hd__clkbuf_16)
                                                         clknet_0_wb_clk_i (net)
                      0.188859    0.002590    0.499422 ^ clkbuf_3_7__f_wb_clk_i/A (sky130_fd_sc_hd__clkbuf_16)
    13    0.039512    0.093822    0.303284    0.802706 ^ clkbuf_3_7__f_wb_clk_i/X (sky130_fd_sc_hd__clkbuf_16)
                                                         clknet_3_7__leaf_wb_clk_i (net)
                      0.093829    0.000954    0.803660 ^ _685_/CLK (sky130_fd_sc_hd__dfrtp_1)
                                  0.250000    1.053660   clock uncertainty
                                  0.000000    1.053660   clock reconvergence pessimism
                                 -0.075391    0.978269   library hold time
                                              0.978269   data required time
---------------------------------------------------------------------------------------------
                                              0.978269   data required time
                                             -2.949307   data arrival time
---------------------------------------------------------------------------------------------
                                              1.971038   slack (MET)


Startpoint: _725_ (rising edge-triggered flip-flop clocked by wb_clk_i)
Endpoint: _693_ (rising edge-triggered flip-flop clocked by wb_clk_i)
Path Group: wb_clk_i
Path Type: min

Fanout         Cap        Slew       Delay        Time   Description
---------------------------------------------------------------------------------------------
                                  0.000000    0.000000   clock wb_clk_i (rise edge)
                                  0.000000    0.000000   clock source latency
     2    0.024010    0.178101    0.122636    0.122636 ^ wb_clk_i (in)
                                                         wb_clk_i (net)
                      0.178133    0.000000    0.122636 ^ clkbuf_0_wb_clk_i/A (sky130_fd_sc_hd__clkbuf_16)
    17    0.109159    0.188823    0.374197    0.496832 ^ clkbuf_0_wb_clk_i/X (sky130_fd_sc_hd__clkbuf_16)
                                                         clknet_0_wb_clk_i (net)
                      0.188846    0.002179    0.499011 ^ clkbuf_3_2__f_wb_clk_i/A (sky130_fd_sc_hd__clkbuf_16)
    14    0.042281    0.096840    0.307288    0.806299 ^ clkbuf_3_2__f_wb_clk_i/X (sky130_fd_sc_hd__clkbuf_16)
                                                         clknet_3_2__leaf_wb_clk_i (net)
                      0.096875    0.000832    0.807131 ^ _725_/CLK (sky130_fd_sc_hd__dfxtp_1)
     6    0.014599    0.141161    0.669541    1.476672 v _725_/Q (sky130_fd_sc_hd__dfxtp_1)
                                                         group_timeout_count[6] (net)
                      0.141161    0.000175    1.476847 v hold24/A (sky130_fd_sc_hd__dlygate4sd3_1)
     1    0.002950    0.107104    1.160019    2.636867 v hold24/X (sky130_fd_sc_hd__dlygate4sd3_1)
                                                         net113 (net)
                      0.107104    0.000092    2.636959 v _419_/A (sky130_fd_sc_hd__and3_1)
     1    0.003067    0.066943    0.310195    2.947154 v _419_/X (sky130_fd_sc_hd__and3_1)
                                                         _020_ (net)
                      0.066943    0.000099    2.947253 v _693_/D (sky130_fd_sc_hd__dfrtp_1)
                                              2.947253   data arrival time

                                  0.000000    0.000000   clock wb_clk_i (rise edge)
                                  0.000000    0.000000   clock source latency
     2    0.024010    0.178101    0.122636    0.122636 ^ wb_clk_i (in)
                                                         wb_clk_i (net)
                      0.178133    0.000000    0.122636 ^ clkbuf_0_wb_clk_i/A (sky130_fd_sc_hd__clkbuf_16)
    17    0.109159    0.188823    0.374197    0.496832 ^ clkbuf_0_wb_clk_i/X (sky130_fd_sc_hd__clkbuf_16)
                                                         clknet_0_wb_clk_i (net)
                      0.188846    0.002179    0.499011 ^ clkbuf_3_2__f_wb_clk_i/A (sky130_fd_sc_hd__clkbuf_16)
    14    0.042281    0.096840    0.307288    0.806299 ^ clkbuf_3_2__f_wb_clk_i/X (sky130_fd_sc_hd__clkbuf_16)
                                                         clknet_3_2__leaf_wb_clk_i (net)
                      0.096880    0.000962    0.807261 ^ _693_/CLK (sky130_fd_sc_hd__dfrtp_1)
                                  0.250000    1.057261   clock uncertainty
                                  0.000000    1.057261   clock reconvergence pessimism
                                 -0.089561    0.967700   library hold time
                                              0.967700   data required time
---------------------------------------------------------------------------------------------
                                              0.967700   data required time
                                             -2.947253   data arrival time
---------------------------------------------------------------------------------------------
                                              1.979553   slack (MET)


Startpoint: _721_ (rising edge-triggered flip-flop clocked by wb_clk_i)
Endpoint: _689_ (rising edge-triggered flip-flop clocked by wb_clk_i)
Path Group: wb_clk_i
Path Type: min

Fanout         Cap        Slew       Delay        Time   Description
---------------------------------------------------------------------------------------------
                                  0.000000    0.000000   clock wb_clk_i (rise edge)
                                  0.000000    0.000000   clock source latency
     2    0.024010    0.178101    0.122636    0.122636 ^ wb_clk_i (in)
                                                         wb_clk_i (net)
                      0.178133    0.000000    0.122636 ^ clkbuf_0_wb_clk_i/A (sky130_fd_sc_hd__clkbuf_16)
    17    0.109159    0.188823    0.374197    0.496832 ^ clkbuf_0_wb_clk_i/X (sky130_fd_sc_hd__clkbuf_16)
                                                         clknet_0_wb_clk_i (net)
                      0.188846    0.002179    0.499011 ^ clkbuf_3_2__f_wb_clk_i/A (sky130_fd_sc_hd__clkbuf_16)
    14    0.042281    0.096840    0.307288    0.806299 ^ clkbuf_3_2__f_wb_clk_i/X (sky130_fd_sc_hd__clkbuf_16)
                                                         clknet_3_2__leaf_wb_clk_i (net)
                      0.096892    0.001259    0.807558 ^ _721_/CLK (sky130_fd_sc_hd__dfxtp_1)
     6    0.016993    0.161213    0.684659    1.492217 v _721_/Q (sky130_fd_sc_hd__dfxtp_1)
                                                         group_timeout_count[2] (net)
                      0.161213    0.000326    1.492544 v hold26/A (sky130_fd_sc_hd__dlygate4sd3_1)
     1    0.002670    0.104847    1.165045    2.657589 v hold26/X (sky130_fd_sc_hd__dlygate4sd3_1)
                                                         net115 (net)
                      0.104847    0.000083    2.657672 v _415_/A (sky130_fd_sc_hd__and3_1)
     1    0.002468    0.061964    0.302334    2.960006 v _415_/X (sky130_fd_sc_hd__and3_1)
                                                         _015_ (net)
                      0.061964    0.000069    2.960076 v _689_/D (sky130_fd_sc_hd__dfrtp_1)
                                              2.960076   data arrival time

                                  0.000000    0.000000   clock wb_clk_i (rise edge)
                                  0.000000    0.000000   clock source latency
     2    0.024010    0.178101    0.122636    0.122636 ^ wb_clk_i (in)
                                                         wb_clk_i (net)
                      0.178133    0.000000    0.122636 ^ clkbuf_0_wb_clk_i/A (sky130_fd_sc_hd__clkbuf_16)
    17    0.109159    0.188823    0.374197    0.496832 ^ clkbuf_0_wb_clk_i/X (sky130_fd_sc_hd__clkbuf_16)
                                                         clknet_0_wb_clk_i (net)
                      0.188846    0.002179    0.499011 ^ clkbuf_3_2__f_wb_clk_i/A (sky130_fd_sc_hd__clkbuf_16)
    14    0.042281    0.096840    0.307288    0.806299 ^ clkbuf_3_2__f_wb_clk_i/X (sky130_fd_sc_hd__clkbuf_16)
                                                         clknet_3_2__leaf_wb_clk_i (net)
                      0.096891    0.001242    0.807541 ^ _689_/CLK (sky130_fd_sc_hd__dfrtp_1)
                                  0.250000    1.057541   clock uncertainty
                                  0.000000    1.057541   clock reconvergence pessimism
                                 -0.087710    0.969831   library hold time
                                              0.969831   data required time
---------------------------------------------------------------------------------------------
                                              0.969831   data required time
                                             -2.960076   data arrival time
---------------------------------------------------------------------------------------------
                                              1.990244   slack (MET)


Startpoint: _730_ (rising edge-triggered flip-flop clocked by wb_clk_i)
Endpoint: _698_ (rising edge-triggered flip-flop clocked by wb_clk_i)
Path Group: wb_clk_i
Path Type: min

Fanout         Cap        Slew       Delay        Time   Description
---------------------------------------------------------------------------------------------
                                  0.000000    0.000000   clock wb_clk_i (rise edge)
                                  0.000000    0.000000   clock source latency
     2    0.024010    0.178101    0.122636    0.122636 ^ wb_clk_i (in)
                                                         wb_clk_i (net)
                      0.178133    0.000000    0.122636 ^ clkbuf_0_wb_clk_i/A (sky130_fd_sc_hd__clkbuf_16)
    17    0.109159    0.188823    0.374197    0.496832 ^ clkbuf_0_wb_clk_i/X (sky130_fd_sc_hd__clkbuf_16)
                                                         clknet_0_wb_clk_i (net)
                      0.188839    0.001939    0.498772 ^ clkbuf_3_3__f_wb_clk_i/A (sky130_fd_sc_hd__clkbuf_16)
    11    0.042287    0.096877    0.307360    0.806132 ^ clkbuf_3_3__f_wb_clk_i/X (sky130_fd_sc_hd__clkbuf_16)
                                                         clknet_3_3__leaf_wb_clk_i (net)
                      0.096912    0.000915    0.807047 ^ _730_/CLK (sky130_fd_sc_hd__dfxtp_1)
     5    0.020330    0.189278    0.705583    1.512630 v _730_/Q (sky130_fd_sc_hd__dfxtp_1)
                                                         group_timeout_count[11] (net)
                      0.189278    0.000385    1.513016 v hold23/A (sky130_fd_sc_hd__dlygate4sd3_1)
     1    0.001837    0.097353    1.164585    2.677600 v hold23/X (sky130_fd_sc_hd__dlygate4sd3_1)
                                                         net112 (net)
                      0.097353    0.000037    2.677638 v _424_/A (sky130_fd_sc_hd__and3_1)
     1    0.002461    0.061888    0.298673    2.976310 v _424_/X (sky130_fd_sc_hd__and3_1)
                                                         _025_ (net)
                      0.061888    0.000072    2.976382 v _698_/D (sky130_fd_sc_hd__dfrtp_1)
                                              2.976382   data arrival time

                                  0.000000    0.000000   clock wb_clk_i (rise edge)
                                  0.000000    0.000000   clock source latency
     2    0.024010    0.178101    0.122636    0.122636 ^ wb_clk_i (in)
                                                         wb_clk_i (net)
                      0.178133    0.000000    0.122636 ^ clkbuf_0_wb_clk_i/A (sky130_fd_sc_hd__clkbuf_16)
    17    0.109159    0.188823    0.374197    0.496832 ^ clkbuf_0_wb_clk_i/X (sky130_fd_sc_hd__clkbuf_16)
                                                         clknet_0_wb_clk_i (net)
                      0.188853    0.002430    0.499263 ^ clkbuf_3_1__f_wb_clk_i/A (sky130_fd_sc_hd__clkbuf_16)
    15    0.042068    0.096612    0.307174    0.806437 ^ clkbuf_3_1__f_wb_clk_i/X (sky130_fd_sc_hd__clkbuf_16)
                                                         clknet_3_1__leaf_wb_clk_i (net)
                      0.096634    0.000719    0.807155 ^ _698_/CLK (sky130_fd_sc_hd__dfrtp_1)
                                  0.250000    1.057155   clock uncertainty
                                  0.000000    1.057155   clock reconvergence pessimism
                                 -0.087744    0.969411   library hold time
                                              0.969411   data required time
---------------------------------------------------------------------------------------------
                                              0.969411   data required time
                                             -2.976382   data arrival time
---------------------------------------------------------------------------------------------
                                              2.006971   slack (MET)


Startpoint: _728_ (rising edge-triggered flip-flop clocked by wb_clk_i)
Endpoint: _696_ (rising edge-triggered flip-flop clocked by wb_clk_i)
Path Group: wb_clk_i
Path Type: min

Fanout         Cap        Slew       Delay        Time   Description
---------------------------------------------------------------------------------------------
                                  0.000000    0.000000   clock wb_clk_i (rise edge)
                                  0.000000    0.000000   clock source latency
     2    0.024010    0.178101    0.122636    0.122636 ^ wb_clk_i (in)
                                                         wb_clk_i (net)
                      0.178133    0.000000    0.122636 ^ clkbuf_0_wb_clk_i/A (sky130_fd_sc_hd__clkbuf_16)
    17    0.109159    0.188823    0.374197    0.496832 ^ clkbuf_0_wb_clk_i/X (sky130_fd_sc_hd__clkbuf_16)
                                                         clknet_0_wb_clk_i (net)
                      0.188839    0.001939    0.498772 ^ clkbuf_3_3__f_wb_clk_i/A (sky130_fd_sc_hd__clkbuf_16)
    11    0.042287    0.096877    0.307360    0.806132 ^ clkbuf_3_3__f_wb_clk_i/X (sky130_fd_sc_hd__clkbuf_16)
                                                         clknet_3_3__leaf_wb_clk_i (net)
                      0.096906    0.000747    0.806879 ^ _728_/CLK (sky130_fd_sc_hd__dfxtp_1)
     4    0.014237    0.138144    0.667261    1.474140 v _728_/Q (sky130_fd_sc_hd__dfxtp_1)
                                                         group_timeout_count[9] (net)
                      0.138144    0.000383    1.474523 v hold22/A (sky130_fd_sc_hd__dlygate4sd3_1)
     1    0.003987    0.118775    1.176099    2.650622 v hold22/X (sky130_fd_sc_hd__dlygate4sd3_1)
                                                         net111 (net)
                      0.118775    0.000136    2.650758 v _422_/A (sky130_fd_sc_hd__and3_1)
     1    0.003905    0.074272    0.325270    2.976027 v _422_/X (sky130_fd_sc_hd__and3_1)
                                                         _023_ (net)
                      0.074272    0.000127    2.976155 v _696_/D (sky130_fd_sc_hd__dfrtp_1)
                                              2.976155   data arrival time

                                  0.000000    0.000000   clock wb_clk_i (rise edge)
                                  0.000000    0.000000   clock source latency
     2    0.024010    0.178101    0.122636    0.122636 ^ wb_clk_i (in)
                                                         wb_clk_i (net)
                      0.178133    0.000000    0.122636 ^ clkbuf_0_wb_clk_i/A (sky130_fd_sc_hd__clkbuf_16)
    17    0.109159    0.188823    0.374197    0.496832 ^ clkbuf_0_wb_clk_i/X (sky130_fd_sc_hd__clkbuf_16)
                                                         clknet_0_wb_clk_i (net)
                      0.188846    0.002179    0.499011 ^ clkbuf_3_2__f_wb_clk_i/A (sky130_fd_sc_hd__clkbuf_16)
    14    0.042281    0.096840    0.307288    0.806299 ^ clkbuf_3_2__f_wb_clk_i/X (sky130_fd_sc_hd__clkbuf_16)
                                                         clknet_3_2__leaf_wb_clk_i (net)
                      0.096876    0.000839    0.807138 ^ _696_/CLK (sky130_fd_sc_hd__dfrtp_1)
                                  0.250000    1.057138   clock uncertainty
                                  0.000000    1.057138   clock reconvergence pessimism
                                 -0.092283    0.964854   library hold time
                                              0.964854   data required time
---------------------------------------------------------------------------------------------
                                              0.964854   data required time
                                             -2.976155   data arrival time
---------------------------------------------------------------------------------------------
                                              2.011300   slack (MET)


Startpoint: _760_ (rising edge-triggered flip-flop clocked by wb_clk_i)
Endpoint: _686_ (rising edge-triggered flip-flop clocked by wb_clk_i)
Path Group: wb_clk_i
Path Type: min

Fanout         Cap        Slew       Delay        Time   Description
---------------------------------------------------------------------------------------------
                                  0.000000    0.000000   clock wb_clk_i (rise edge)
                                  0.000000    0.000000   clock source latency
     2    0.024010    0.178101    0.122636    0.122636 ^ wb_clk_i (in)
                                                         wb_clk_i (net)
                      0.178133    0.000000    0.122636 ^ clkbuf_0_wb_clk_i/A (sky130_fd_sc_hd__clkbuf_16)
    17    0.109159    0.188823    0.374197    0.496832 ^ clkbuf_0_wb_clk_i/X (sky130_fd_sc_hd__clkbuf_16)
                                                         clknet_0_wb_clk_i (net)
                      0.188859    0.002590    0.499422 ^ clkbuf_3_7__f_wb_clk_i/A (sky130_fd_sc_hd__clkbuf_16)
    13    0.039512    0.093822    0.303284    0.802706 ^ clkbuf_3_7__f_wb_clk_i/X (sky130_fd_sc_hd__clkbuf_16)
                                                         clknet_3_7__leaf_wb_clk_i (net)
                      0.093862    0.001809    0.804514 ^ _760_/CLK (sky130_fd_sc_hd__dfxtp_1)
     4    0.014853    0.143293    0.669719    1.474234 v _760_/Q (sky130_fd_sc_hd__dfxtp_1)
                                                         global_timeout_count[15] (net)
                      0.143293    0.000365    1.474599 v hold30/A (sky130_fd_sc_hd__dlygate4sd3_1)
     2    0.006051    0.138549    1.204417    2.679016 v hold30/X (sky130_fd_sc_hd__dlygate4sd3_1)
                                                         net119 (net)
                      0.138549    0.000118    2.679134 v _412_/A (sky130_fd_sc_hd__and3_1)
     1    0.002633    0.063374    0.320334    2.999467 v _412_/X (sky130_fd_sc_hd__and3_1)
                                                         _012_ (net)
                      0.063374    0.000079    2.999546 v _686_/D (sky130_fd_sc_hd__dfrtp_1)
                                              2.999546   data arrival time

                                  0.000000    0.000000   clock wb_clk_i (rise edge)
                                  0.000000    0.000000   clock source latency
     2    0.024010    0.178101    0.122636    0.122636 ^ wb_clk_i (in)
                                                         wb_clk_i (net)
                      0.178133    0.000000    0.122636 ^ clkbuf_0_wb_clk_i/A (sky130_fd_sc_hd__clkbuf_16)
    17    0.109159    0.188823    0.374197    0.496832 ^ clkbuf_0_wb_clk_i/X (sky130_fd_sc_hd__clkbuf_16)
                                                         clknet_0_wb_clk_i (net)
                      0.188859    0.002590    0.499422 ^ clkbuf_3_7__f_wb_clk_i/A (sky130_fd_sc_hd__clkbuf_16)
    13    0.039512    0.093822    0.303284    0.802706 ^ clkbuf_3_7__f_wb_clk_i/X (sky130_fd_sc_hd__clkbuf_16)
                                                         clknet_3_7__leaf_wb_clk_i (net)
                      0.093828    0.000895    0.803601 ^ _686_/CLK (sky130_fd_sc_hd__dfrtp_1)
                                  0.250000    1.053601   clock uncertainty
                                  0.000000    1.053601   clock reconvergence pessimism
                                 -0.088978    0.964622   library hold time
                                              0.964622   data required time
---------------------------------------------------------------------------------------------
                                              0.964622   data required time
                                             -2.999546   data arrival time
---------------------------------------------------------------------------------------------
                                              2.034924   slack (MET)


Startpoint: _727_ (rising edge-triggered flip-flop clocked by wb_clk_i)
Endpoint: _695_ (rising edge-triggered flip-flop clocked by wb_clk_i)
Path Group: wb_clk_i
Path Type: min

Fanout         Cap        Slew       Delay        Time   Description
---------------------------------------------------------------------------------------------
                                  0.000000    0.000000   clock wb_clk_i (rise edge)
                                  0.000000    0.000000   clock source latency
     2    0.024010    0.178101    0.122636    0.122636 ^ wb_clk_i (in)
                                                         wb_clk_i (net)
                      0.178133    0.000000    0.122636 ^ clkbuf_0_wb_clk_i/A (sky130_fd_sc_hd__clkbuf_16)
    17    0.109159    0.188823    0.374197    0.496832 ^ clkbuf_0_wb_clk_i/X (sky130_fd_sc_hd__clkbuf_16)
                                                         clknet_0_wb_clk_i (net)
                      0.188839    0.001939    0.498772 ^ clkbuf_3_3__f_wb_clk_i/A (sky130_fd_sc_hd__clkbuf_16)
    11    0.042287    0.096877    0.307360    0.806132 ^ clkbuf_3_3__f_wb_clk_i/X (sky130_fd_sc_hd__clkbuf_16)
                                                         clknet_3_3__leaf_wb_clk_i (net)
                      0.096908    0.000809    0.806941 ^ _727_/CLK (sky130_fd_sc_hd__dfxtp_1)
     5    0.018103    0.170538    0.691633    1.498573 v _727_/Q (sky130_fd_sc_hd__dfxtp_1)
                                                         group_timeout_count[8] (net)
                      0.170538    0.000314    1.498888 v hold28/A (sky130_fd_sc_hd__dlygate4sd3_1)
     1    0.003438    0.112110    1.182581    2.681468 v hold28/X (sky130_fd_sc_hd__dlygate4sd3_1)
                                                         net117 (net)
                      0.112110    0.000115    2.681584 v _421_/A (sky130_fd_sc_hd__and3_1)
     1    0.008371    0.110006    0.360209    3.041793 v _421_/X (sky130_fd_sc_hd__and3_1)
                                                         _022_ (net)
                      0.110006    0.000287    3.042080 v _695_/D (sky130_fd_sc_hd__dfrtp_1)
                                              3.042080   data arrival time

                                  0.000000    0.000000   clock wb_clk_i (rise edge)
                                  0.000000    0.000000   clock source latency
     2    0.024010    0.178101    0.122636    0.122636 ^ wb_clk_i (in)
                                                         wb_clk_i (net)
                      0.178133    0.000000    0.122636 ^ clkbuf_0_wb_clk_i/A (sky130_fd_sc_hd__clkbuf_16)
    17    0.109159    0.188823    0.374197    0.496832 ^ clkbuf_0_wb_clk_i/X (sky130_fd_sc_hd__clkbuf_16)
                                                         clknet_0_wb_clk_i (net)
                      0.188869    0.002860    0.499693 ^ clkbuf_3_0__f_wb_clk_i/A (sky130_fd_sc_hd__clkbuf_16)
    13    0.039657    0.094181    0.303547    0.803240 ^ clkbuf_3_0__f_wb_clk_i/X (sky130_fd_sc_hd__clkbuf_16)
                                                         clknet_3_0__leaf_wb_clk_i (net)
                      0.094197    0.001247    0.804487 ^ _695_/CLK (sky130_fd_sc_hd__dfrtp_1)
                                  0.250000    1.054487   clock uncertainty
                                  0.000000    1.054487   clock reconvergence pessimism
                                 -0.106202    0.948285   library hold time
                                              0.948285   data required time
---------------------------------------------------------------------------------------------
                                              0.948285   data required time
                                             -3.042080   data arrival time
---------------------------------------------------------------------------------------------
                                              2.093795   slack (MET)


Startpoint: wb_rst_i (input port clocked by wb_clk_i)
Endpoint: _689_ (removal check against rising-edge clock wb_clk_i)
Path Group: asynchronous
Path Type: min

Fanout         Cap        Slew       Delay        Time   Description
---------------------------------------------------------------------------------------------
                                  0.000000    0.000000   clock wb_clk_i (rise edge)
                                  0.000000    0.000000   clock network delay (propagated)
                                  5.000000    5.000000 v input external delay
     2    0.007651    0.037778    0.024245    5.024245 v wb_rst_i (in)
                                                         wb_rst_i (net)
                      0.037779    0.000000    5.024245 v input23/A (sky130_fd_sc_hd__clkbuf_1)
     1    0.003458    0.056955    0.151767    5.176012 v input23/X (sky130_fd_sc_hd__clkbuf_1)
                                                         net23 (net)
                      0.056955    0.000104    5.176116 v fanout89/A (sky130_fd_sc_hd__buf_2)
    11    0.051934    0.236875    0.393693    5.569809 v fanout89/X (sky130_fd_sc_hd__buf_2)
                                                         net89 (net)
                      0.236950    0.004017    5.573826 v _646_/A (sky130_fd_sc_hd__inv_2)
     1    0.004088    0.075055    0.134964    5.708790 ^ _646_/Y (sky130_fd_sc_hd__inv_2)
                                                         _056_ (net)
                      0.075055    0.000053    5.708844 ^ _689_/RESET_B (sky130_fd_sc_hd__dfrtp_1)
                                              5.708844   data arrival time

                                  0.000000    0.000000   clock wb_clk_i (rise edge)
                                  0.000000    0.000000   clock source latency
     2    0.024010    0.178101    0.122636    0.122636 ^ wb_clk_i (in)
                                                         wb_clk_i (net)
                      0.178133    0.000000    0.122636 ^ clkbuf_0_wb_clk_i/A (sky130_fd_sc_hd__clkbuf_16)
    17    0.109159    0.188823    0.374197    0.496832 ^ clkbuf_0_wb_clk_i/X (sky130_fd_sc_hd__clkbuf_16)
                                                         clknet_0_wb_clk_i (net)
                      0.188846    0.002179    0.499011 ^ clkbuf_3_2__f_wb_clk_i/A (sky130_fd_sc_hd__clkbuf_16)
    14    0.042281    0.096840    0.307288    0.806299 ^ clkbuf_3_2__f_wb_clk_i/X (sky130_fd_sc_hd__clkbuf_16)
                                                         clknet_3_2__leaf_wb_clk_i (net)
                      0.096891    0.001242    0.807541 ^ _689_/CLK (sky130_fd_sc_hd__dfrtp_1)
                                  0.250000    1.057541   clock uncertainty
                                  0.000000    1.057541   clock reconvergence pessimism
                                  0.667123    1.724664   library removal time
                                              1.724664   data required time
---------------------------------------------------------------------------------------------
                                              1.724664   data required time
                                             -5.708844   data arrival time
---------------------------------------------------------------------------------------------
                                              3.984179   slack (MET)


Startpoint: wb_rst_i (input port clocked by wb_clk_i)
Endpoint: _687_ (removal check against rising-edge clock wb_clk_i)
Path Group: asynchronous
Path Type: min

Fanout         Cap        Slew       Delay        Time   Description
---------------------------------------------------------------------------------------------
                                  0.000000    0.000000   clock wb_clk_i (rise edge)
                                  0.000000    0.000000   clock network delay (propagated)
                                  5.000000    5.000000 v input external delay
     2    0.007651    0.037778    0.024245    5.024245 v wb_rst_i (in)
                                                         wb_rst_i (net)
                      0.037779    0.000000    5.024245 v input23/A (sky130_fd_sc_hd__clkbuf_1)
     1    0.003458    0.056955    0.151767    5.176012 v input23/X (sky130_fd_sc_hd__clkbuf_1)
                                                         net23 (net)
                      0.056955    0.000104    5.176116 v fanout89/A (sky130_fd_sc_hd__buf_2)
    11    0.051934    0.236875    0.393693    5.569809 v fanout89/X (sky130_fd_sc_hd__buf_2)
                                                         net89 (net)
                      0.236946    0.003904    5.573713 v _644_/A (sky130_fd_sc_hd__inv_2)
     1    0.003608    0.072103    0.130262    5.703975 ^ _644_/Y (sky130_fd_sc_hd__inv_2)
                                                         _054_ (net)
                      0.072103    0.000071    5.704046 ^ _687_/RESET_B (sky130_fd_sc_hd__dfrtp_1)
                                              5.704046   data arrival time

                                  0.000000    0.000000   clock wb_clk_i (rise edge)
                                  0.000000    0.000000   clock source latency
     2    0.024010    0.178101    0.122636    0.122636 ^ wb_clk_i (in)
                                                         wb_clk_i (net)
                      0.178133    0.000000    0.122636 ^ clkbuf_0_wb_clk_i/A (sky130_fd_sc_hd__clkbuf_16)
    17    0.109159    0.188823    0.374197    0.496832 ^ clkbuf_0_wb_clk_i/X (sky130_fd_sc_hd__clkbuf_16)
                                                         clknet_0_wb_clk_i (net)
                      0.188869    0.002860    0.499693 ^ clkbuf_3_0__f_wb_clk_i/A (sky130_fd_sc_hd__clkbuf_16)
    13    0.039657    0.094181    0.303547    0.803240 ^ clkbuf_3_0__f_wb_clk_i/X (sky130_fd_sc_hd__clkbuf_16)
                                                         clknet_3_0__leaf_wb_clk_i (net)
                      0.094184    0.000709    0.803949 ^ _687_/CLK (sky130_fd_sc_hd__dfrtp_1)
                                  0.250000    1.053949   clock uncertainty
                                  0.000000    1.053949   clock reconvergence pessimism
                                  0.665399    1.719348   library removal time
                                              1.719348   data required time
---------------------------------------------------------------------------------------------
                                              1.719348   data required time
                                             -5.704046   data arrival time
---------------------------------------------------------------------------------------------
                                              3.984698   slack (MET)


Startpoint: wb_rst_i (input port clocked by wb_clk_i)
Endpoint: _707_ (removal check against rising-edge clock wb_clk_i)
Path Group: asynchronous
Path Type: min

Fanout         Cap        Slew       Delay        Time   Description
---------------------------------------------------------------------------------------------
                                  0.000000    0.000000   clock wb_clk_i (rise edge)
                                  0.000000    0.000000   clock network delay (propagated)
                                  5.000000    5.000000 v input external delay
     2    0.007651    0.037778    0.024245    5.024245 v wb_rst_i (in)
                                                         wb_rst_i (net)
                      0.037779    0.000000    5.024245 v input23/A (sky130_fd_sc_hd__clkbuf_1)
     1    0.003458    0.056955    0.151767    5.176012 v input23/X (sky130_fd_sc_hd__clkbuf_1)
                                                         net23 (net)
                      0.056955    0.000104    5.176116 v fanout89/A (sky130_fd_sc_hd__buf_2)
    11    0.051934    0.236875    0.393693    5.569809 v fanout89/X (sky130_fd_sc_hd__buf_2)
                                                         net89 (net)
                      0.236875    0.000771    5.570580 v fanout86/A (sky130_fd_sc_hd__buf_2)
     6    0.036513    0.175129    0.431621    6.002202 v fanout86/X (sky130_fd_sc_hd__buf_2)
                                                         net86 (net)
                      0.175131    0.000953    6.003154 v _664_/A (sky130_fd_sc_hd__inv_2)
     1    0.003552    0.059840    0.109320    6.112474 ^ _664_/Y (sky130_fd_sc_hd__inv_2)
                                                         _074_ (net)
                      0.059840    0.000039    6.112513 ^ _707_/RESET_B (sky130_fd_sc_hd__dfrtp_1)
                                              6.112513   data arrival time

                                  0.000000    0.000000   clock wb_clk_i (rise edge)
                                  0.000000    0.000000   clock source latency
     2    0.024010    0.178101    0.122636    0.122636 ^ wb_clk_i (in)
                                                         wb_clk_i (net)
                      0.178133    0.000000    0.122636 ^ clkbuf_0_wb_clk_i/A (sky130_fd_sc_hd__clkbuf_16)
    17    0.109159    0.188823    0.374197    0.496832 ^ clkbuf_0_wb_clk_i/X (sky130_fd_sc_hd__clkbuf_16)
                                                         clknet_0_wb_clk_i (net)
                      0.188875    0.003013    0.499845 ^ clkbuf_3_4__f_wb_clk_i/A (sky130_fd_sc_hd__clkbuf_16)
    12    0.042662    0.097277    0.307580    0.807425 ^ clkbuf_3_4__f_wb_clk_i/X (sky130_fd_sc_hd__clkbuf_16)
                                                         clknet_3_4__leaf_wb_clk_i (net)
                      0.097346    0.001273    0.808698 ^ _707_/CLK (sky130_fd_sc_hd__dfrtp_1)
                                  0.250000    1.058698   clock uncertainty
                                  0.000000    1.058698   clock reconvergence pessimism
                                  0.662587    1.721285   library removal time
                                              1.721285   data required time
---------------------------------------------------------------------------------------------
                                              1.721285   data required time
                                             -6.112513   data arrival time
---------------------------------------------------------------------------------------------
                                              4.391228   slack (MET)


Startpoint: wb_rst_i (input port clocked by wb_clk_i)
Endpoint: _705_ (removal check against rising-edge clock wb_clk_i)
Path Group: asynchronous
Path Type: min

Fanout         Cap        Slew       Delay        Time   Description
---------------------------------------------------------------------------------------------
                                  0.000000    0.000000   clock wb_clk_i (rise edge)
                                  0.000000    0.000000   clock network delay (propagated)
                                  5.000000    5.000000 v input external delay
     2    0.007651    0.037778    0.024245    5.024245 v wb_rst_i (in)
                                                         wb_rst_i (net)
                      0.037779    0.000000    5.024245 v input23/A (sky130_fd_sc_hd__clkbuf_1)
     1    0.003458    0.056955    0.151767    5.176012 v input23/X (sky130_fd_sc_hd__clkbuf_1)
                                                         net23 (net)
                      0.056955    0.000104    5.176116 v fanout89/A (sky130_fd_sc_hd__buf_2)
    11    0.051934    0.236875    0.393693    5.569809 v fanout89/X (sky130_fd_sc_hd__buf_2)
                                                         net89 (net)
                      0.236875    0.000771    5.570580 v fanout86/A (sky130_fd_sc_hd__buf_2)
     6    0.036513    0.175129    0.431621    6.002202 v fanout86/X (sky130_fd_sc_hd__buf_2)
                                                         net86 (net)
                      0.175130    0.000831    6.003033 v _662_/A (sky130_fd_sc_hd__inv_2)
     1    0.003600    0.060111    0.109711    6.112744 ^ _662_/Y (sky130_fd_sc_hd__inv_2)
                                                         _072_ (net)
                      0.060111    0.000040    6.112784 ^ _705_/RESET_B (sky130_fd_sc_hd__dfrtp_1)
                                              6.112784   data arrival time

                                  0.000000    0.000000   clock wb_clk_i (rise edge)
                                  0.000000    0.000000   clock source latency
     2    0.024010    0.178101    0.122636    0.122636 ^ wb_clk_i (in)
                                                         wb_clk_i (net)
                      0.178133    0.000000    0.122636 ^ clkbuf_0_wb_clk_i/A (sky130_fd_sc_hd__clkbuf_16)
    17    0.109159    0.188823    0.374197    0.496832 ^ clkbuf_0_wb_clk_i/X (sky130_fd_sc_hd__clkbuf_16)
                                                         clknet_0_wb_clk_i (net)
                      0.188896    0.003474    0.500306 ^ clkbuf_3_5__f_wb_clk_i/A (sky130_fd_sc_hd__clkbuf_16)
    14    0.041698    0.096037    0.306428    0.806734 ^ clkbuf_3_5__f_wb_clk_i/X (sky130_fd_sc_hd__clkbuf_16)
                                                         clknet_3_5__leaf_wb_clk_i (net)
                      0.096097    0.001568    0.808302 ^ _705_/CLK (sky130_fd_sc_hd__dfrtp_1)
                                  0.250000    1.058302   clock uncertainty
                                  0.000000    1.058302   clock reconvergence pessimism
                                  0.662294    1.720595   library removal time
                                              1.720595   data required time
---------------------------------------------------------------------------------------------
                                              1.720595   data required time
                                             -6.112784   data arrival time
---------------------------------------------------------------------------------------------
                                              4.392189   slack (MET)


Startpoint: wb_rst_i (input port clocked by wb_clk_i)
Endpoint: _674_ (removal check against rising-edge clock wb_clk_i)
Path Group: asynchronous
Path Type: min

Fanout         Cap        Slew       Delay        Time   Description
---------------------------------------------------------------------------------------------
                                  0.000000    0.000000   clock wb_clk_i (rise edge)
                                  0.000000    0.000000   clock network delay (propagated)
                                  5.000000    5.000000 v input external delay
     2    0.007651    0.037778    0.024245    5.024245 v wb_rst_i (in)
                                                         wb_rst_i (net)
                      0.037779    0.000000    5.024245 v input23/A (sky130_fd_sc_hd__clkbuf_1)
     1    0.003458    0.056955    0.151767    5.176012 v input23/X (sky130_fd_sc_hd__clkbuf_1)
                                                         net23 (net)
                      0.056955    0.000104    5.176116 v fanout89/A (sky130_fd_sc_hd__buf_2)
    11    0.051934    0.236875    0.393693    5.569809 v fanout89/X (sky130_fd_sc_hd__buf_2)
                                                         net89 (net)
                      0.236875    0.000771    5.570580 v fanout86/A (sky130_fd_sc_hd__buf_2)
     6    0.036513    0.175129    0.431621    6.002202 v fanout86/X (sky130_fd_sc_hd__buf_2)
                                                         net86 (net)
                      0.175133    0.001153    6.003355 v _631_/A (sky130_fd_sc_hd__inv_2)
     1    0.003611    0.060177    0.109788    6.113142 ^ _631_/Y (sky130_fd_sc_hd__inv_2)
                                                         _041_ (net)
                      0.060177    0.000072    6.113214 ^ _674_/RESET_B (sky130_fd_sc_hd__dfrtp_1)
                                              6.113214   data arrival time

                                  0.000000    0.000000   clock wb_clk_i (rise edge)
                                  0.000000    0.000000   clock source latency
     2    0.024010    0.178101    0.122636    0.122636 ^ wb_clk_i (in)
                                                         wb_clk_i (net)
                      0.178133    0.000000    0.122636 ^ clkbuf_0_wb_clk_i/A (sky130_fd_sc_hd__clkbuf_16)
    17    0.109159    0.188823    0.374197    0.496832 ^ clkbuf_0_wb_clk_i/X (sky130_fd_sc_hd__clkbuf_16)
                                                         clknet_0_wb_clk_i (net)
                      0.188896    0.003474    0.500306 ^ clkbuf_3_5__f_wb_clk_i/A (sky130_fd_sc_hd__clkbuf_16)
    14    0.041698    0.096037    0.306428    0.806734 ^ clkbuf_3_5__f_wb_clk_i/X (sky130_fd_sc_hd__clkbuf_16)
                                                         clknet_3_5__leaf_wb_clk_i (net)
                      0.096080    0.001211    0.807945 ^ _674_/CLK (sky130_fd_sc_hd__dfrtp_1)
                                  0.250000    1.057945   clock uncertainty
                                  0.000000    1.057945   clock reconvergence pessimism
                                  0.662309    1.720254   library removal time
                                              1.720254   data required time
---------------------------------------------------------------------------------------------
                                              1.720254   data required time
                                             -6.113214   data arrival time
---------------------------------------------------------------------------------------------
                                              4.392961   slack (MET)


Startpoint: wb_rst_i (input port clocked by wb_clk_i)
Endpoint: _679_ (removal check against rising-edge clock wb_clk_i)
Path Group: asynchronous
Path Type: min

Fanout         Cap        Slew       Delay        Time   Description
---------------------------------------------------------------------------------------------
                                  0.000000    0.000000   clock wb_clk_i (rise edge)
                                  0.000000    0.000000   clock network delay (propagated)
                                  5.000000    5.000000 v input external delay
     2    0.007651    0.037778    0.024245    5.024245 v wb_rst_i (in)
                                                         wb_rst_i (net)
                      0.037779    0.000000    5.024245 v input23/A (sky130_fd_sc_hd__clkbuf_1)
     1    0.003458    0.056955    0.151767    5.176012 v input23/X (sky130_fd_sc_hd__clkbuf_1)
                                                         net23 (net)
                      0.056955    0.000104    5.176116 v fanout89/A (sky130_fd_sc_hd__buf_2)
    11    0.051934    0.236875    0.393693    5.569809 v fanout89/X (sky130_fd_sc_hd__buf_2)
                                                         net89 (net)
                      0.236875    0.000771    5.570580 v fanout86/A (sky130_fd_sc_hd__buf_2)
     6    0.036513    0.175129    0.431621    6.002202 v fanout86/X (sky130_fd_sc_hd__buf_2)
                                                         net86 (net)
                      0.175137    0.001394    6.003596 v _636_/A (sky130_fd_sc_hd__inv_2)
     1    0.003557    0.059873    0.109351    6.112947 ^ _636_/Y (sky130_fd_sc_hd__inv_2)
                                                         _046_ (net)
                      0.059873    0.000070    6.113017 ^ _679_/RESET_B (sky130_fd_sc_hd__dfrtp_1)
                                              6.113017   data arrival time

                                  0.000000    0.000000   clock wb_clk_i (rise edge)
                                  0.000000    0.000000   clock source latency
     2    0.024010    0.178101    0.122636    0.122636 ^ wb_clk_i (in)
                                                         wb_clk_i (net)
                      0.178133    0.000000    0.122636 ^ clkbuf_0_wb_clk_i/A (sky130_fd_sc_hd__clkbuf_16)
    17    0.109159    0.188823    0.374197    0.496832 ^ clkbuf_0_wb_clk_i/X (sky130_fd_sc_hd__clkbuf_16)
                                                         clknet_0_wb_clk_i (net)
                      0.188896    0.003474    0.500306 ^ clkbuf_3_5__f_wb_clk_i/A (sky130_fd_sc_hd__clkbuf_16)
    14    0.041698    0.096037    0.306428    0.806734 ^ clkbuf_3_5__f_wb_clk_i/X (sky130_fd_sc_hd__clkbuf_16)
                                                         clknet_3_5__leaf_wb_clk_i (net)
                      0.096070    0.001012    0.807746 ^ _679_/CLK (sky130_fd_sc_hd__dfrtp_1)
                                  0.250000    1.057746   clock uncertainty
                                  0.000000    1.057746   clock reconvergence pessimism
                                  0.662212    1.719958   library removal time
                                              1.719958   data required time
---------------------------------------------------------------------------------------------
                                              1.719958   data required time
                                             -6.113017   data arrival time
---------------------------------------------------------------------------------------------
                                              4.393058   slack (MET)


Startpoint: wb_rst_i (input port clocked by wb_clk_i)
Endpoint: _676_ (removal check against rising-edge clock wb_clk_i)
Path Group: asynchronous
Path Type: min

Fanout         Cap        Slew       Delay        Time   Description
---------------------------------------------------------------------------------------------
                                  0.000000    0.000000   clock wb_clk_i (rise edge)
                                  0.000000    0.000000   clock network delay (propagated)
                                  5.000000    5.000000 v input external delay
     2    0.007651    0.037778    0.024245    5.024245 v wb_rst_i (in)
                                                         wb_rst_i (net)
                      0.037779    0.000000    5.024245 v input23/A (sky130_fd_sc_hd__clkbuf_1)
     1    0.003458    0.056955    0.151767    5.176012 v input23/X (sky130_fd_sc_hd__clkbuf_1)
                                                         net23 (net)
                      0.056955    0.000104    5.176116 v fanout89/A (sky130_fd_sc_hd__buf_2)
    11    0.051934    0.236875    0.393693    5.569809 v fanout89/X (sky130_fd_sc_hd__buf_2)
                                                         net89 (net)
                      0.236875    0.000771    5.570580 v fanout86/A (sky130_fd_sc_hd__buf_2)
     6    0.036513    0.175129    0.431621    6.002202 v fanout86/X (sky130_fd_sc_hd__buf_2)
                                                         net86 (net)
                      0.175136    0.001326    6.003527 v _633_/A (sky130_fd_sc_hd__inv_2)
     1    0.003549    0.059829    0.109287    6.112814 ^ _633_/Y (sky130_fd_sc_hd__inv_2)
                                                         _043_ (net)
                      0.059829    0.000070    6.112884 ^ _676_/RESET_B (sky130_fd_sc_hd__dfrtp_1)
                                              6.112884   data arrival time

                                  0.000000    0.000000   clock wb_clk_i (rise edge)
                                  0.000000    0.000000   clock source latency
     2    0.024010    0.178101    0.122636    0.122636 ^ wb_clk_i (in)
                                                         wb_clk_i (net)
                      0.178133    0.000000    0.122636 ^ clkbuf_0_wb_clk_i/A (sky130_fd_sc_hd__clkbuf_16)
    17    0.109159    0.188823    0.374197    0.496832 ^ clkbuf_0_wb_clk_i/X (sky130_fd_sc_hd__clkbuf_16)
                                                         clknet_0_wb_clk_i (net)
                      0.188896    0.003474    0.500306 ^ clkbuf_3_5__f_wb_clk_i/A (sky130_fd_sc_hd__clkbuf_16)
    14    0.041698    0.096037    0.306428    0.806734 ^ clkbuf_3_5__f_wb_clk_i/X (sky130_fd_sc_hd__clkbuf_16)
                                                         clknet_3_5__leaf_wb_clk_i (net)
                      0.096063    0.000862    0.807596 ^ _676_/CLK (sky130_fd_sc_hd__dfrtp_1)
                                  0.250000    1.057596   clock uncertainty
                                  0.000000    1.057596   clock reconvergence pessimism
                                  0.662197    1.719792   library removal time
                                              1.719792   data required time
---------------------------------------------------------------------------------------------
                                              1.719792   data required time
                                             -6.112884   data arrival time
---------------------------------------------------------------------------------------------
                                              4.393091   slack (MET)


Startpoint: wb_rst_i (input port clocked by wb_clk_i)
Endpoint: _698_ (removal check against rising-edge clock wb_clk_i)
Path Group: asynchronous
Path Type: min

Fanout         Cap        Slew       Delay        Time   Description
---------------------------------------------------------------------------------------------
                                  0.000000    0.000000   clock wb_clk_i (rise edge)
                                  0.000000    0.000000   clock network delay (propagated)
                                  5.000000    5.000000 v input external delay
     2    0.007651    0.037778    0.024245    5.024245 v wb_rst_i (in)
                                                         wb_rst_i (net)
                      0.037779    0.000000    5.024245 v input23/A (sky130_fd_sc_hd__clkbuf_1)
     1    0.003458    0.056955    0.151767    5.176012 v input23/X (sky130_fd_sc_hd__clkbuf_1)
                                                         net23 (net)
                      0.056955    0.000104    5.176116 v fanout89/A (sky130_fd_sc_hd__buf_2)
    11    0.051934    0.236875    0.393693    5.569809 v fanout89/X (sky130_fd_sc_hd__buf_2)
                                                         net89 (net)
                      0.236898    0.002462    5.572271 v fanout84/A (sky130_fd_sc_hd__clkbuf_4)
    10    0.048241    0.183822    0.437809    6.010081 v fanout84/X (sky130_fd_sc_hd__clkbuf_4)
                                                         net84 (net)
                      0.183856    0.002480    6.012561 v _655_/A (sky130_fd_sc_hd__inv_2)
     1    0.003544    0.061555    0.112396    6.124957 ^ _655_/Y (sky130_fd_sc_hd__inv_2)
                                                         _065_ (net)
                      0.061555    0.000070    6.125027 ^ _698_/RESET_B (sky130_fd_sc_hd__dfrtp_1)
                                              6.125027   data arrival time

                                  0.000000    0.000000   clock wb_clk_i (rise edge)
                                  0.000000    0.000000   clock source latency
     2    0.024010    0.178101    0.122636    0.122636 ^ wb_clk_i (in)
                                                         wb_clk_i (net)
                      0.178133    0.000000    0.122636 ^ clkbuf_0_wb_clk_i/A (sky130_fd_sc_hd__clkbuf_16)
    17    0.109159    0.188823    0.374197    0.496832 ^ clkbuf_0_wb_clk_i/X (sky130_fd_sc_hd__clkbuf_16)
                                                         clknet_0_wb_clk_i (net)
                      0.188853    0.002430    0.499263 ^ clkbuf_3_1__f_wb_clk_i/A (sky130_fd_sc_hd__clkbuf_16)
    15    0.042068    0.096612    0.307174    0.806437 ^ clkbuf_3_1__f_wb_clk_i/X (sky130_fd_sc_hd__clkbuf_16)
                                                         clknet_3_1__leaf_wb_clk_i (net)
                      0.096634    0.000719    0.807155 ^ _698_/CLK (sky130_fd_sc_hd__dfrtp_1)
                                  0.250000    1.057155   clock uncertainty
                                  0.000000    1.057155   clock reconvergence pessimism
                                  0.662899    1.720055   library removal time
                                              1.720055   data required time
---------------------------------------------------------------------------------------------
                                              1.720055   data required time
                                             -6.125027   data arrival time
---------------------------------------------------------------------------------------------
                                              4.404972   slack (MET)


Startpoint: wb_rst_i (input port clocked by wb_clk_i)
Endpoint: _713_ (removal check against rising-edge clock wb_clk_i)
Path Group: asynchronous
Path Type: min

Fanout         Cap        Slew       Delay        Time   Description
---------------------------------------------------------------------------------------------
                                  0.000000    0.000000   clock wb_clk_i (rise edge)
                                  0.000000    0.000000   clock network delay (propagated)
                                  5.000000    5.000000 v input external delay
     2    0.007651    0.037778    0.024245    5.024245 v wb_rst_i (in)
                                                         wb_rst_i (net)
                      0.037779    0.000000    5.024245 v input23/A (sky130_fd_sc_hd__clkbuf_1)
     1    0.003458    0.056955    0.151767    5.176012 v input23/X (sky130_fd_sc_hd__clkbuf_1)
                                                         net23 (net)
                      0.056955    0.000104    5.176116 v fanout89/A (sky130_fd_sc_hd__buf_2)
    11    0.051934    0.236875    0.393693    5.569809 v fanout89/X (sky130_fd_sc_hd__buf_2)
                                                         net89 (net)
                      0.236898    0.002462    5.572271 v fanout84/A (sky130_fd_sc_hd__clkbuf_4)
    10    0.048241    0.183822    0.437809    6.010081 v fanout84/X (sky130_fd_sc_hd__clkbuf_4)
                                                         net84 (net)
                      0.183850    0.002298    6.012379 v _666_/A (sky130_fd_sc_hd__inv_2)
     1    0.003648    0.062134    0.113270    6.125649 ^ _666_/Y (sky130_fd_sc_hd__inv_2)
                                                         _076_ (net)
                      0.062134    0.000041    6.125690 ^ _713_/RESET_B (sky130_fd_sc_hd__dfrtp_1)
                                              6.125690   data arrival time

                                  0.000000    0.000000   clock wb_clk_i (rise edge)
                                  0.000000    0.000000   clock source latency
     2    0.024010    0.178101    0.122636    0.122636 ^ wb_clk_i (in)
                                                         wb_clk_i (net)
                      0.178133    0.000000    0.122636 ^ clkbuf_0_wb_clk_i/A (sky130_fd_sc_hd__clkbuf_16)
    17    0.109159    0.188823    0.374197    0.496832 ^ clkbuf_0_wb_clk_i/X (sky130_fd_sc_hd__clkbuf_16)
                                                         clknet_0_wb_clk_i (net)
                      0.188853    0.002430    0.499263 ^ clkbuf_3_1__f_wb_clk_i/A (sky130_fd_sc_hd__clkbuf_16)
    15    0.042068    0.096612    0.307174    0.806437 ^ clkbuf_3_1__f_wb_clk_i/X (sky130_fd_sc_hd__clkbuf_16)
                                                         clknet_3_1__leaf_wb_clk_i (net)
                      0.096634    0.000720    0.807157 ^ _713_/CLK (sky130_fd_sc_hd__dfrtp_1)
                                  0.250000    1.057157   clock uncertainty
                                  0.000000    1.057157   clock reconvergence pessimism
                                  0.663077    1.720234   library removal time
                                              1.720234   data required time
---------------------------------------------------------------------------------------------
                                              1.720234   data required time
                                             -6.125690   data arrival time
---------------------------------------------------------------------------------------------
                                              4.405457   slack (MET)


Startpoint: wb_rst_i (input port clocked by wb_clk_i)
Endpoint: _704_ (removal check against rising-edge clock wb_clk_i)
Path Group: asynchronous
Path Type: min

Fanout         Cap        Slew       Delay        Time   Description
---------------------------------------------------------------------------------------------
                                  0.000000    0.000000   clock wb_clk_i (rise edge)
                                  0.000000    0.000000   clock network delay (propagated)
                                  5.000000    5.000000 v input external delay
     2    0.007651    0.037778    0.024245    5.024245 v wb_rst_i (in)
                                                         wb_rst_i (net)
                      0.037779    0.000000    5.024245 v input23/A (sky130_fd_sc_hd__clkbuf_1)
     1    0.003458    0.056955    0.151767    5.176012 v input23/X (sky130_fd_sc_hd__clkbuf_1)
                                                         net23 (net)
                      0.056955    0.000104    5.176116 v fanout89/A (sky130_fd_sc_hd__buf_2)
    11    0.051934    0.236875    0.393693    5.569809 v fanout89/X (sky130_fd_sc_hd__buf_2)
                                                         net89 (net)
                      0.236898    0.002462    5.572271 v fanout84/A (sky130_fd_sc_hd__clkbuf_4)
    10    0.048241    0.183822    0.437809    6.010081 v fanout84/X (sky130_fd_sc_hd__clkbuf_4)
                                                         net84 (net)
                      0.183838    0.001867    6.011948 v _661_/A (sky130_fd_sc_hd__inv_2)
     1    0.003720    0.062543    0.113866    6.125813 ^ _661_/Y (sky130_fd_sc_hd__inv_2)
                                                         _071_ (net)
                      0.062543    0.000042    6.125855 ^ _704_/RESET_B (sky130_fd_sc_hd__dfrtp_1)
                                              6.125855   data arrival time

                                  0.000000    0.000000   clock wb_clk_i (rise edge)
                                  0.000000    0.000000   clock source latency
     2    0.024010    0.178101    0.122636    0.122636 ^ wb_clk_i (in)
                                                         wb_clk_i (net)
                      0.178133    0.000000    0.122636 ^ clkbuf_0_wb_clk_i/A (sky130_fd_sc_hd__clkbuf_16)
    17    0.109159    0.188823    0.374197    0.496832 ^ clkbuf_0_wb_clk_i/X (sky130_fd_sc_hd__clkbuf_16)
                                                         clknet_0_wb_clk_i (net)
                      0.188853    0.002430    0.499263 ^ clkbuf_3_1__f_wb_clk_i/A (sky130_fd_sc_hd__clkbuf_16)
    15    0.042068    0.096612    0.307174    0.806437 ^ clkbuf_3_1__f_wb_clk_i/X (sky130_fd_sc_hd__clkbuf_16)
                                                         clknet_3_1__leaf_wb_clk_i (net)
                      0.096635    0.000752    0.807189 ^ _704_/CLK (sky130_fd_sc_hd__dfrtp_1)
                                  0.250000    1.057189   clock uncertainty
                                  0.000000    1.057189   clock reconvergence pessimism
                                  0.663203    1.720392   library removal time
                                              1.720392   data required time
---------------------------------------------------------------------------------------------
                                              1.720392   data required time
                                             -6.125855   data arrival time
---------------------------------------------------------------------------------------------
                                              4.405463   slack (MET)


Startpoint: wb_rst_i (input port clocked by wb_clk_i)
Endpoint: _699_ (removal check against rising-edge clock wb_clk_i)
Path Group: asynchronous
Path Type: min

Fanout         Cap        Slew       Delay        Time   Description
---------------------------------------------------------------------------------------------
                                  0.000000    0.000000   clock wb_clk_i (rise edge)
                                  0.000000    0.000000   clock network delay (propagated)
                                  5.000000    5.000000 v input external delay
     2    0.007651    0.037778    0.024245    5.024245 v wb_rst_i (in)
                                                         wb_rst_i (net)
                      0.037779    0.000000    5.024245 v input23/A (sky130_fd_sc_hd__clkbuf_1)
     1    0.003458    0.056955    0.151767    5.176012 v input23/X (sky130_fd_sc_hd__clkbuf_1)
                                                         net23 (net)
                      0.056955    0.000104    5.176116 v fanout89/A (sky130_fd_sc_hd__buf_2)
    11    0.051934    0.236875    0.393693    5.569809 v fanout89/X (sky130_fd_sc_hd__buf_2)
                                                         net89 (net)
                      0.236898    0.002462    5.572271 v fanout84/A (sky130_fd_sc_hd__clkbuf_4)
    10    0.048241    0.183822    0.437809    6.010081 v fanout84/X (sky130_fd_sc_hd__clkbuf_4)
                                                         net84 (net)
                      0.183859    0.002574    6.012655 v _656_/A (sky130_fd_sc_hd__inv_2)
     1    0.003853    0.063337    0.114969    6.127625 ^ _656_/Y (sky130_fd_sc_hd__inv_2)
                                                         _066_ (net)
                      0.063337    0.000079    6.127704 ^ _699_/RESET_B (sky130_fd_sc_hd__dfrtp_1)
                                              6.127704   data arrival time

                                  0.000000    0.000000   clock wb_clk_i (rise edge)
                                  0.000000    0.000000   clock source latency
     2    0.024010    0.178101    0.122636    0.122636 ^ wb_clk_i (in)
                                                         wb_clk_i (net)
                      0.178133    0.000000    0.122636 ^ clkbuf_0_wb_clk_i/A (sky130_fd_sc_hd__clkbuf_16)
    17    0.109159    0.188823    0.374197    0.496832 ^ clkbuf_0_wb_clk_i/X (sky130_fd_sc_hd__clkbuf_16)
                                                         clknet_0_wb_clk_i (net)
                      0.188853    0.002430    0.499263 ^ clkbuf_3_1__f_wb_clk_i/A (sky130_fd_sc_hd__clkbuf_16)
    15    0.042068    0.096612    0.307174    0.806437 ^ clkbuf_3_1__f_wb_clk_i/X (sky130_fd_sc_hd__clkbuf_16)
                                                         clknet_3_1__leaf_wb_clk_i (net)
                      0.096633    0.000686    0.807123 ^ _699_/CLK (sky130_fd_sc_hd__dfrtp_1)
                                  0.250000    1.057123   clock uncertainty
                                  0.000000    1.057123   clock reconvergence pessimism
                                  0.663446    1.720569   library removal time
                                              1.720569   data required time
---------------------------------------------------------------------------------------------
                                              1.720569   data required time
                                             -6.127704   data arrival time
---------------------------------------------------------------------------------------------
                                              4.407135   slack (MET)


Startpoint: wb_rst_i (input port clocked by wb_clk_i)
Endpoint: _694_ (removal check against rising-edge clock wb_clk_i)
Path Group: asynchronous
Path Type: min

Fanout         Cap        Slew       Delay        Time   Description
---------------------------------------------------------------------------------------------
                                  0.000000    0.000000   clock wb_clk_i (rise edge)
                                  0.000000    0.000000   clock network delay (propagated)
                                  5.000000    5.000000 v input external delay
     2    0.007651    0.037778    0.024245    5.024245 v wb_rst_i (in)
                                                         wb_rst_i (net)
                      0.037779    0.000000    5.024245 v input23/A (sky130_fd_sc_hd__clkbuf_1)
     1    0.003458    0.056955    0.151767    5.176012 v input23/X (sky130_fd_sc_hd__clkbuf_1)
                                                         net23 (net)
                      0.056955    0.000104    5.176116 v fanout89/A (sky130_fd_sc_hd__buf_2)
    11    0.051934    0.236875    0.393693    5.569809 v fanout89/X (sky130_fd_sc_hd__buf_2)
                                                         net89 (net)
                      0.236876    0.000981    5.570791 v fanout88/A (sky130_fd_sc_hd__clkbuf_4)
    19    0.073547    0.264165    0.499160    6.069951 v fanout88/X (sky130_fd_sc_hd__clkbuf_4)
                                                         net88 (net)
                      0.264404    0.007136    6.077086 v _651_/A (sky130_fd_sc_hd__inv_2)
     1    0.003549    0.076199    0.135581    6.212667 ^ _651_/Y (sky130_fd_sc_hd__inv_2)
                                                         _061_ (net)
                      0.076199    0.000039    6.212706 ^ _694_/RESET_B (sky130_fd_sc_hd__dfrtp_1)
                                              6.212706   data arrival time

                                  0.000000    0.000000   clock wb_clk_i (rise edge)
                                  0.000000    0.000000   clock source latency
     2    0.024010    0.178101    0.122636    0.122636 ^ wb_clk_i (in)
                                                         wb_clk_i (net)
                      0.178133    0.000000    0.122636 ^ clkbuf_0_wb_clk_i/A (sky130_fd_sc_hd__clkbuf_16)
    17    0.109159    0.188823    0.374197    0.496832 ^ clkbuf_0_wb_clk_i/X (sky130_fd_sc_hd__clkbuf_16)
                                                         clknet_0_wb_clk_i (net)
                      0.188846    0.002179    0.499011 ^ clkbuf_3_2__f_wb_clk_i/A (sky130_fd_sc_hd__clkbuf_16)
    14    0.042281    0.096840    0.307288    0.806299 ^ clkbuf_3_2__f_wb_clk_i/X (sky130_fd_sc_hd__clkbuf_16)
                                                         clknet_3_2__leaf_wb_clk_i (net)
                      0.096880    0.000966    0.807265 ^ _694_/CLK (sky130_fd_sc_hd__dfrtp_1)
                                  0.250000    1.057265   clock uncertainty
                                  0.000000    1.057265   clock reconvergence pessimism
                                  0.667471    1.724736   library removal time
                                              1.724736   data required time
---------------------------------------------------------------------------------------------
                                              1.724736   data required time
                                             -6.212706   data arrival time
---------------------------------------------------------------------------------------------
                                              4.487970   slack (MET)


Startpoint: wb_rst_i (input port clocked by wb_clk_i)
Endpoint: _686_ (removal check against rising-edge clock wb_clk_i)
Path Group: asynchronous
Path Type: min

Fanout         Cap        Slew       Delay        Time   Description
---------------------------------------------------------------------------------------------
                                  0.000000    0.000000   clock wb_clk_i (rise edge)
                                  0.000000    0.000000   clock network delay (propagated)
                                  5.000000    5.000000 v input external delay
     2    0.007651    0.037778    0.024245    5.024245 v wb_rst_i (in)
                                                         wb_rst_i (net)
                      0.037779    0.000000    5.024245 v input23/A (sky130_fd_sc_hd__clkbuf_1)
     1    0.003458    0.056955    0.151767    5.176012 v input23/X (sky130_fd_sc_hd__clkbuf_1)
                                                         net23 (net)
                      0.056955    0.000104    5.176116 v fanout89/A (sky130_fd_sc_hd__buf_2)
    11    0.051934    0.236875    0.393693    5.569809 v fanout89/X (sky130_fd_sc_hd__buf_2)
                                                         net89 (net)
                      0.236876    0.000981    5.570791 v fanout88/A (sky130_fd_sc_hd__clkbuf_4)
    19    0.073547    0.264165    0.499160    6.069951 v fanout88/X (sky130_fd_sc_hd__clkbuf_4)
                                                         net88 (net)
                      0.264370    0.006652    6.076602 v _643_/A (sky130_fd_sc_hd__inv_2)
     1    0.003422    0.075451    0.134243    6.210845 ^ _643_/Y (sky130_fd_sc_hd__inv_2)
                                                         _053_ (net)
                      0.075451    0.000066    6.210911 ^ _686_/RESET_B (sky130_fd_sc_hd__dfrtp_1)
                                              6.210911   data arrival time

                                  0.000000    0.000000   clock wb_clk_i (rise edge)
                                  0.000000    0.000000   clock source latency
     2    0.024010    0.178101    0.122636    0.122636 ^ wb_clk_i (in)
                                                         wb_clk_i (net)
                      0.178133    0.000000    0.122636 ^ clkbuf_0_wb_clk_i/A (sky130_fd_sc_hd__clkbuf_16)
    17    0.109159    0.188823    0.374197    0.496832 ^ clkbuf_0_wb_clk_i/X (sky130_fd_sc_hd__clkbuf_16)
                                                         clknet_0_wb_clk_i (net)
                      0.188859    0.002590    0.499422 ^ clkbuf_3_7__f_wb_clk_i/A (sky130_fd_sc_hd__clkbuf_16)
    13    0.039512    0.093822    0.303284    0.802706 ^ clkbuf_3_7__f_wb_clk_i/X (sky130_fd_sc_hd__clkbuf_16)
                                                         clknet_3_7__leaf_wb_clk_i (net)
                      0.093828    0.000895    0.803601 ^ _686_/CLK (sky130_fd_sc_hd__dfrtp_1)
                                  0.250000    1.053601   clock uncertainty
                                  0.000000    1.053601   clock reconvergence pessimism
                                  0.666320    1.719921   library removal time
                                              1.719921   data required time
---------------------------------------------------------------------------------------------
                                              1.719921   data required time
                                             -6.210911   data arrival time
---------------------------------------------------------------------------------------------
                                              4.490990   slack (MET)


Startpoint: wb_rst_i (input port clocked by wb_clk_i)
Endpoint: _696_ (removal check against rising-edge clock wb_clk_i)
Path Group: asynchronous
Path Type: min

Fanout         Cap        Slew       Delay        Time   Description
---------------------------------------------------------------------------------------------
                                  0.000000    0.000000   clock wb_clk_i (rise edge)
                                  0.000000    0.000000   clock network delay (propagated)
                                  5.000000    5.000000 v input external delay
     2    0.007651    0.037778    0.024245    5.024245 v wb_rst_i (in)
                                                         wb_rst_i (net)
                      0.037779    0.000000    5.024245 v input23/A (sky130_fd_sc_hd__clkbuf_1)
     1    0.003458    0.056955    0.151767    5.176012 v input23/X (sky130_fd_sc_hd__clkbuf_1)
                                                         net23 (net)
                      0.056955    0.000104    5.176116 v fanout89/A (sky130_fd_sc_hd__buf_2)
    11    0.051934    0.236875    0.393693    5.569809 v fanout89/X (sky130_fd_sc_hd__buf_2)
                                                         net89 (net)
                      0.236876    0.000981    5.570791 v fanout88/A (sky130_fd_sc_hd__clkbuf_4)
    19    0.073547    0.264165    0.499160    6.069951 v fanout88/X (sky130_fd_sc_hd__clkbuf_4)
                                                         net88 (net)
                      0.264382    0.006831    6.076781 v _653_/A (sky130_fd_sc_hd__inv_2)
     1    0.004010    0.079133    0.140354    6.217135 ^ _653_/Y (sky130_fd_sc_hd__inv_2)
                                                         _063_ (net)
                      0.079133    0.000087    6.217222 ^ _696_/RESET_B (sky130_fd_sc_hd__dfrtp_1)
                                              6.217222   data arrival time

                                  0.000000    0.000000   clock wb_clk_i (rise edge)
                                  0.000000    0.000000   clock source latency
     2    0.024010    0.178101    0.122636    0.122636 ^ wb_clk_i (in)
                                                         wb_clk_i (net)
                      0.178133    0.000000    0.122636 ^ clkbuf_0_wb_clk_i/A (sky130_fd_sc_hd__clkbuf_16)
    17    0.109159    0.188823    0.374197    0.496832 ^ clkbuf_0_wb_clk_i/X (sky130_fd_sc_hd__clkbuf_16)
                                                         clknet_0_wb_clk_i (net)
                      0.188846    0.002179    0.499011 ^ clkbuf_3_2__f_wb_clk_i/A (sky130_fd_sc_hd__clkbuf_16)
    14    0.042281    0.096840    0.307288    0.806299 ^ clkbuf_3_2__f_wb_clk_i/X (sky130_fd_sc_hd__clkbuf_16)
                                                         clknet_3_2__leaf_wb_clk_i (net)
                      0.096876    0.000839    0.807138 ^ _696_/CLK (sky130_fd_sc_hd__dfrtp_1)
                                  0.250000    1.057138   clock uncertainty
                                  0.000000    1.057138   clock reconvergence pessimism
                                  0.668371    1.725508   library removal time
                                              1.725508   data required time
---------------------------------------------------------------------------------------------
                                              1.725508   data required time
                                             -6.217222   data arrival time
---------------------------------------------------------------------------------------------
                                              4.491714   slack (MET)


Startpoint: wb_rst_i (input port clocked by wb_clk_i)
Endpoint: _690_ (removal check against rising-edge clock wb_clk_i)
Path Group: asynchronous
Path Type: min

Fanout         Cap        Slew       Delay        Time   Description
---------------------------------------------------------------------------------------------
                                  0.000000    0.000000   clock wb_clk_i (rise edge)
                                  0.000000    0.000000   clock network delay (propagated)
                                  5.000000    5.000000 v input external delay
     2    0.007651    0.037778    0.024245    5.024245 v wb_rst_i (in)
                                                         wb_rst_i (net)
                      0.037779    0.000000    5.024245 v input23/A (sky130_fd_sc_hd__clkbuf_1)
     1    0.003458    0.056955    0.151767    5.176012 v input23/X (sky130_fd_sc_hd__clkbuf_1)
                                                         net23 (net)
                      0.056955    0.000104    5.176116 v fanout89/A (sky130_fd_sc_hd__buf_2)
    11    0.051934    0.236875    0.393693    5.569809 v fanout89/X (sky130_fd_sc_hd__buf_2)
                                                         net89 (net)
                      0.236876    0.000981    5.570791 v fanout88/A (sky130_fd_sc_hd__clkbuf_4)
    19    0.073547    0.264165    0.499160    6.069951 v fanout88/X (sky130_fd_sc_hd__clkbuf_4)
                                                         net88 (net)
                      0.264397    0.007043    6.076994 v _647_/A (sky130_fd_sc_hd__inv_2)
     1    0.004127    0.079914    0.141568    6.218562 ^ _647_/Y (sky130_fd_sc_hd__inv_2)
                                                         _057_ (net)
                      0.079914    0.000088    6.218650 ^ _690_/RESET_B (sky130_fd_sc_hd__dfrtp_1)
                                              6.218650   data arrival time

                                  0.000000    0.000000   clock wb_clk_i (rise edge)
                                  0.000000    0.000000   clock source latency
     2    0.024010    0.178101    0.122636    0.122636 ^ wb_clk_i (in)
                                                         wb_clk_i (net)
                      0.178133    0.000000    0.122636 ^ clkbuf_0_wb_clk_i/A (sky130_fd_sc_hd__clkbuf_16)
    17    0.109159    0.188823    0.374197    0.496832 ^ clkbuf_0_wb_clk_i/X (sky130_fd_sc_hd__clkbuf_16)
                                                         clknet_0_wb_clk_i (net)
                      0.188846    0.002179    0.499011 ^ clkbuf_3_2__f_wb_clk_i/A (sky130_fd_sc_hd__clkbuf_16)
    14    0.042281    0.096840    0.307288    0.806299 ^ clkbuf_3_2__f_wb_clk_i/X (sky130_fd_sc_hd__clkbuf_16)
                                                         clknet_3_2__leaf_wb_clk_i (net)
                      0.096879    0.000920    0.807219 ^ _690_/CLK (sky130_fd_sc_hd__dfrtp_1)
                                  0.250000    1.057219   clock uncertainty
                                  0.000000    1.057219   clock reconvergence pessimism
                                  0.668611    1.725830   library removal time
                                              1.725830   data required time
---------------------------------------------------------------------------------------------
                                              1.725830   data required time
                                             -6.218650   data arrival time
---------------------------------------------------------------------------------------------
                                              4.492820   slack (MET)


Startpoint: wb_rst_i (input port clocked by wb_clk_i)
Endpoint: _693_ (removal check against rising-edge clock wb_clk_i)
Path Group: asynchronous
Path Type: min

Fanout         Cap        Slew       Delay        Time   Description
---------------------------------------------------------------------------------------------
                                  0.000000    0.000000   clock wb_clk_i (rise edge)
                                  0.000000    0.000000   clock network delay (propagated)
                                  5.000000    5.000000 v input external delay
     2    0.007651    0.037778    0.024245    5.024245 v wb_rst_i (in)
                                                         wb_rst_i (net)
                      0.037779    0.000000    5.024245 v input23/A (sky130_fd_sc_hd__clkbuf_1)
     1    0.003458    0.056955    0.151767    5.176012 v input23/X (sky130_fd_sc_hd__clkbuf_1)
                                                         net23 (net)
                      0.056955    0.000104    5.176116 v fanout89/A (sky130_fd_sc_hd__buf_2)
    11    0.051934    0.236875    0.393693    5.569809 v fanout89/X (sky130_fd_sc_hd__buf_2)
                                                         net89 (net)
                      0.236876    0.000981    5.570791 v fanout88/A (sky130_fd_sc_hd__clkbuf_4)
    19    0.073547    0.264165    0.499160    6.069951 v fanout88/X (sky130_fd_sc_hd__clkbuf_4)
                                                         net88 (net)
                      0.264398    0.007052    6.077003 v _650_/A (sky130_fd_sc_hd__inv_2)
     1    0.004574    0.083027    0.146204    6.223207 ^ _650_/Y (sky130_fd_sc_hd__inv_2)
                                                         _060_ (net)
                      0.083027    0.000103    6.223310 ^ _693_/RESET_B (sky130_fd_sc_hd__dfrtp_1)
                                              6.223310   data arrival time

                                  0.000000    0.000000   clock wb_clk_i (rise edge)
                                  0.000000    0.000000   clock source latency
     2    0.024010    0.178101    0.122636    0.122636 ^ wb_clk_i (in)
                                                         wb_clk_i (net)
                      0.178133    0.000000    0.122636 ^ clkbuf_0_wb_clk_i/A (sky130_fd_sc_hd__clkbuf_16)
    17    0.109159    0.188823    0.374197    0.496832 ^ clkbuf_0_wb_clk_i/X (sky130_fd_sc_hd__clkbuf_16)
                                                         clknet_0_wb_clk_i (net)
                      0.188846    0.002179    0.499011 ^ clkbuf_3_2__f_wb_clk_i/A (sky130_fd_sc_hd__clkbuf_16)
    14    0.042281    0.096840    0.307288    0.806299 ^ clkbuf_3_2__f_wb_clk_i/X (sky130_fd_sc_hd__clkbuf_16)
                                                         clknet_3_2__leaf_wb_clk_i (net)
                      0.096880    0.000962    0.807261 ^ _693_/CLK (sky130_fd_sc_hd__dfrtp_1)
                                  0.250000    1.057261   clock uncertainty
                                  0.000000    1.057261   clock reconvergence pessimism
                                  0.669568    1.726829   library removal time
                                              1.726829   data required time
---------------------------------------------------------------------------------------------
                                              1.726829   data required time
                                             -6.223310   data arrival time
---------------------------------------------------------------------------------------------
                                              4.496481   slack (MET)


Startpoint: wb_rst_i (input port clocked by wb_clk_i)
Endpoint: _673_ (removal check against rising-edge clock wb_clk_i)
Path Group: asynchronous
Path Type: min

Fanout         Cap        Slew       Delay        Time   Description
---------------------------------------------------------------------------------------------
                                  0.000000    0.000000   clock wb_clk_i (rise edge)
                                  0.000000    0.000000   clock network delay (propagated)
                                  5.000000    5.000000 v input external delay
     2    0.007651    0.037778    0.024245    5.024245 v wb_rst_i (in)
                                                         wb_rst_i (net)
                      0.037779    0.000000    5.024245 v input23/A (sky130_fd_sc_hd__clkbuf_1)
     1    0.003458    0.056955    0.151767    5.176012 v input23/X (sky130_fd_sc_hd__clkbuf_1)
                                                         net23 (net)
                      0.056955    0.000104    5.176116 v fanout89/A (sky130_fd_sc_hd__buf_2)
    11    0.051934    0.236875    0.393693    5.569809 v fanout89/X (sky130_fd_sc_hd__buf_2)
                                                         net89 (net)
                      0.236875    0.000771    5.570580 v fanout86/A (sky130_fd_sc_hd__buf_2)
     6    0.036513    0.175129    0.431621    6.002202 v fanout86/X (sky130_fd_sc_hd__buf_2)
                                                         net86 (net)
                      0.175129    0.000437    6.002638 v fanout85/A (sky130_fd_sc_hd__buf_4)
    10    0.057121    0.148037    0.391488    6.394127 v fanout85/X (sky130_fd_sc_hd__buf_4)
                                                         net85 (net)
                      0.148125    0.003367    6.397494 v _630_/A (sky130_fd_sc_hd__inv_2)
     1    0.003703    0.055242    0.100631    6.498125 ^ _630_/Y (sky130_fd_sc_hd__inv_2)
                                                         _040_ (net)
                      0.055242    0.000075    6.498200 ^ _673_/RESET_B (sky130_fd_sc_hd__dfrtp_1)
                                              6.498200   data arrival time

                                  0.000000    0.000000   clock wb_clk_i (rise edge)
                                  0.000000    0.000000   clock source latency
     2    0.024010    0.178101    0.122636    0.122636 ^ wb_clk_i (in)
                                                         wb_clk_i (net)
                      0.178133    0.000000    0.122636 ^ clkbuf_0_wb_clk_i/A (sky130_fd_sc_hd__clkbuf_16)
    17    0.109159    0.188823    0.374197    0.496832 ^ clkbuf_0_wb_clk_i/X (sky130_fd_sc_hd__clkbuf_16)
                                                         clknet_0_wb_clk_i (net)
                      0.188875    0.003013    0.499845 ^ clkbuf_3_4__f_wb_clk_i/A (sky130_fd_sc_hd__clkbuf_16)
    12    0.042662    0.097277    0.307580    0.807425 ^ clkbuf_3_4__f_wb_clk_i/X (sky130_fd_sc_hd__clkbuf_16)
                                                         clknet_3_4__leaf_wb_clk_i (net)
                      0.097342    0.001176    0.808601 ^ _673_/CLK (sky130_fd_sc_hd__dfrtp_1)
                                  0.250000    1.058601   clock uncertainty
                                  0.000000    1.058601   clock reconvergence pessimism
                                  0.661174    1.719775   library removal time
                                              1.719775   data required time
---------------------------------------------------------------------------------------------
                                              1.719775   data required time
                                             -6.498200   data arrival time
---------------------------------------------------------------------------------------------
                                              4.778426   slack (MET)


Startpoint: wb_rst_i (input port clocked by wb_clk_i)
Endpoint: _714_ (removal check against rising-edge clock wb_clk_i)
Path Group: asynchronous
Path Type: min

Fanout         Cap        Slew       Delay        Time   Description
---------------------------------------------------------------------------------------------
                                  0.000000    0.000000   clock wb_clk_i (rise edge)
                                  0.000000    0.000000   clock network delay (propagated)
                                  5.000000    5.000000 v input external delay
     2    0.007651    0.037778    0.024245    5.024245 v wb_rst_i (in)
                                                         wb_rst_i (net)
                      0.037779    0.000000    5.024245 v input23/A (sky130_fd_sc_hd__clkbuf_1)
     1    0.003458    0.056955    0.151767    5.176012 v input23/X (sky130_fd_sc_hd__clkbuf_1)
                                                         net23 (net)
                      0.056955    0.000104    5.176116 v fanout89/A (sky130_fd_sc_hd__buf_2)
    11    0.051934    0.236875    0.393693    5.569809 v fanout89/X (sky130_fd_sc_hd__buf_2)
                                                         net89 (net)
                      0.236875    0.000771    5.570580 v fanout86/A (sky130_fd_sc_hd__buf_2)
     6    0.036513    0.175129    0.431621    6.002202 v fanout86/X (sky130_fd_sc_hd__buf_2)
                                                         net86 (net)
                      0.175129    0.000437    6.002638 v fanout85/A (sky130_fd_sc_hd__buf_4)
    10    0.057121    0.148037    0.391488    6.394127 v fanout85/X (sky130_fd_sc_hd__buf_4)
                                                         net85 (net)
                      0.148235    0.004814    6.398941 v _667_/A (sky130_fd_sc_hd__inv_2)
     1    0.003544    0.054382    0.099518    6.498458 ^ _667_/Y (sky130_fd_sc_hd__inv_2)
                                                         _077_ (net)
                      0.054382    0.000069    6.498528 ^ _714_/RESET_B (sky130_fd_sc_hd__dfrtp_1)
                                              6.498528   data arrival time

                                  0.000000    0.000000   clock wb_clk_i (rise edge)
                                  0.000000    0.000000   clock source latency
     2    0.024010    0.178101    0.122636    0.122636 ^ wb_clk_i (in)
                                                         wb_clk_i (net)
                      0.178133    0.000000    0.122636 ^ clkbuf_0_wb_clk_i/A (sky130_fd_sc_hd__clkbuf_16)
    17    0.109159    0.188823    0.374197    0.496832 ^ clkbuf_0_wb_clk_i/X (sky130_fd_sc_hd__clkbuf_16)
                                                         clknet_0_wb_clk_i (net)
                      0.188875    0.003013    0.499845 ^ clkbuf_3_4__f_wb_clk_i/A (sky130_fd_sc_hd__clkbuf_16)
    12    0.042662    0.097277    0.307580    0.807425 ^ clkbuf_3_4__f_wb_clk_i/X (sky130_fd_sc_hd__clkbuf_16)
                                                         clknet_3_4__leaf_wb_clk_i (net)
                      0.097361    0.001571    0.808996 ^ _714_/CLK (sky130_fd_sc_hd__dfrtp_1)
                                  0.250000    1.058996   clock uncertainty
                                  0.000000    1.058996   clock reconvergence pessimism
                                  0.660916    1.719912   library removal time
                                              1.719912   data required time
---------------------------------------------------------------------------------------------
                                              1.719912   data required time
                                             -6.498528   data arrival time
---------------------------------------------------------------------------------------------
                                              4.778616   slack (MET)


Startpoint: wb_rst_i (input port clocked by wb_clk_i)
Endpoint: _765_ (removal check against rising-edge clock wb_clk_i)
Path Group: asynchronous
Path Type: min

Fanout         Cap        Slew       Delay        Time   Description
---------------------------------------------------------------------------------------------
                                  0.000000    0.000000   clock wb_clk_i (rise edge)
                                  0.000000    0.000000   clock network delay (propagated)
                                  5.000000    5.000000 v input external delay
     2    0.007651    0.037778    0.024245    5.024245 v wb_rst_i (in)
                                                         wb_rst_i (net)
                      0.037779    0.000000    5.024245 v input23/A (sky130_fd_sc_hd__clkbuf_1)
     1    0.003458    0.056955    0.151767    5.176012 v input23/X (sky130_fd_sc_hd__clkbuf_1)
                                                         net23 (net)
                      0.056955    0.000104    5.176116 v fanout89/A (sky130_fd_sc_hd__buf_2)
    11    0.051934    0.236875    0.393693    5.569809 v fanout89/X (sky130_fd_sc_hd__buf_2)
                                                         net89 (net)
                      0.236875    0.000771    5.570580 v fanout86/A (sky130_fd_sc_hd__buf_2)
     6    0.036513    0.175129    0.431621    6.002202 v fanout86/X (sky130_fd_sc_hd__buf_2)
                                                         net86 (net)
                      0.175129    0.000437    6.002638 v fanout85/A (sky130_fd_sc_hd__buf_4)
    10    0.057121    0.148037    0.391488    6.394127 v fanout85/X (sky130_fd_sc_hd__buf_4)
                                                         net85 (net)
                      0.148197    0.004375    6.398501 v _670_/A (sky130_fd_sc_hd__inv_2)
     1    0.003646    0.054936    0.100258    6.498760 ^ _670_/Y (sky130_fd_sc_hd__inv_2)
                                                         _080_ (net)
                      0.054936    0.000041    6.498801 ^ _765_/RESET_B (sky130_fd_sc_hd__dfrtp_1)
                                              6.498801   data arrival time

                                  0.000000    0.000000   clock wb_clk_i (rise edge)
                                  0.000000    0.000000   clock source latency
     2    0.024010    0.178101    0.122636    0.122636 ^ wb_clk_i (in)
                                                         wb_clk_i (net)
                      0.178133    0.000000    0.122636 ^ clkbuf_0_wb_clk_i/A (sky130_fd_sc_hd__clkbuf_16)
    17    0.109159    0.188823    0.374197    0.496832 ^ clkbuf_0_wb_clk_i/X (sky130_fd_sc_hd__clkbuf_16)
                                                         clknet_0_wb_clk_i (net)
                      0.188875    0.003013    0.499845 ^ clkbuf_3_4__f_wb_clk_i/A (sky130_fd_sc_hd__clkbuf_16)
    12    0.042662    0.097277    0.307580    0.807425 ^ clkbuf_3_4__f_wb_clk_i/X (sky130_fd_sc_hd__clkbuf_16)
                                                         clknet_3_4__leaf_wb_clk_i (net)
                      0.097347    0.001283    0.808708 ^ _765_/CLK (sky130_fd_sc_hd__dfrtp_1)
                                  0.250000    1.058708   clock uncertainty
                                  0.000000    1.058708   clock reconvergence pessimism
                                  0.661081    1.719790   library removal time
                                              1.719790   data required time
---------------------------------------------------------------------------------------------
                                              1.719790   data required time
                                             -6.498801   data arrival time
---------------------------------------------------------------------------------------------
                                              4.779011   slack (MET)


Startpoint: wb_rst_i (input port clocked by wb_clk_i)
Endpoint: _716_ (removal check against rising-edge clock wb_clk_i)
Path Group: asynchronous
Path Type: min

Fanout         Cap        Slew       Delay        Time   Description
---------------------------------------------------------------------------------------------
                                  0.000000    0.000000   clock wb_clk_i (rise edge)
                                  0.000000    0.000000   clock network delay (propagated)
                                  5.000000    5.000000 v input external delay
     2    0.007651    0.037778    0.024245    5.024245 v wb_rst_i (in)
                                                         wb_rst_i (net)
                      0.037779    0.000000    5.024245 v input23/A (sky130_fd_sc_hd__clkbuf_1)
     1    0.003458    0.056955    0.151767    5.176012 v input23/X (sky130_fd_sc_hd__clkbuf_1)
                                                         net23 (net)
                      0.056955    0.000104    5.176116 v fanout89/A (sky130_fd_sc_hd__buf_2)
    11    0.051934    0.236875    0.393693    5.569809 v fanout89/X (sky130_fd_sc_hd__buf_2)
                                                         net89 (net)
                      0.236875    0.000771    5.570580 v fanout86/A (sky130_fd_sc_hd__buf_2)
     6    0.036513    0.175129    0.431621    6.002202 v fanout86/X (sky130_fd_sc_hd__buf_2)
                                                         net86 (net)
                      0.175129    0.000437    6.002638 v fanout85/A (sky130_fd_sc_hd__buf_4)
    10    0.057121    0.148037    0.391488    6.394127 v fanout85/X (sky130_fd_sc_hd__buf_4)
                                                         net85 (net)
                      0.148202    0.004437    6.398564 v _669_/A (sky130_fd_sc_hd__inv_2)
     1    0.003648    0.054951    0.100262    6.498825 ^ _669_/Y (sky130_fd_sc_hd__inv_2)
                                                         _079_ (net)
                      0.054951    0.000073    6.498898 ^ _716_/RESET_B (sky130_fd_sc_hd__dfrtp_1)
                                              6.498898   data arrival time

                                  0.000000    0.000000   clock wb_clk_i (rise edge)
                                  0.000000    0.000000   clock source latency
     2    0.024010    0.178101    0.122636    0.122636 ^ wb_clk_i (in)
                                                         wb_clk_i (net)
                      0.178133    0.000000    0.122636 ^ clkbuf_0_wb_clk_i/A (sky130_fd_sc_hd__clkbuf_16)
    17    0.109159    0.188823    0.374197    0.496832 ^ clkbuf_0_wb_clk_i/X (sky130_fd_sc_hd__clkbuf_16)
                                                         clknet_0_wb_clk_i (net)
                      0.188875    0.003013    0.499845 ^ clkbuf_3_4__f_wb_clk_i/A (sky130_fd_sc_hd__clkbuf_16)
    12    0.042662    0.097277    0.307580    0.807425 ^ clkbuf_3_4__f_wb_clk_i/X (sky130_fd_sc_hd__clkbuf_16)
                                                         clknet_3_4__leaf_wb_clk_i (net)
                      0.097342    0.001183    0.808608 ^ _716_/CLK (sky130_fd_sc_hd__dfrtp_1)
                                  0.250000    1.058608   clock uncertainty
                                  0.000000    1.058608   clock reconvergence pessimism
                                  0.661084    1.719693   library removal time
                                              1.719693   data required time
---------------------------------------------------------------------------------------------
                                              1.719693   data required time
                                             -6.498898   data arrival time
---------------------------------------------------------------------------------------------
                                              4.779206   slack (MET)


Startpoint: wb_rst_i (input port clocked by wb_clk_i)
Endpoint: _708_ (removal check against rising-edge clock wb_clk_i)
Path Group: asynchronous
Path Type: min

Fanout         Cap        Slew       Delay        Time   Description
---------------------------------------------------------------------------------------------
                                  0.000000    0.000000   clock wb_clk_i (rise edge)
                                  0.000000    0.000000   clock network delay (propagated)
                                  5.000000    5.000000 v input external delay
     2    0.007651    0.037778    0.024245    5.024245 v wb_rst_i (in)
                                                         wb_rst_i (net)
                      0.037779    0.000000    5.024245 v input23/A (sky130_fd_sc_hd__clkbuf_1)
     1    0.003458    0.056955    0.151767    5.176012 v input23/X (sky130_fd_sc_hd__clkbuf_1)
                                                         net23 (net)
                      0.056955    0.000104    5.176116 v fanout89/A (sky130_fd_sc_hd__buf_2)
    11    0.051934    0.236875    0.393693    5.569809 v fanout89/X (sky130_fd_sc_hd__buf_2)
                                                         net89 (net)
                      0.236875    0.000771    5.570580 v fanout86/A (sky130_fd_sc_hd__buf_2)
     6    0.036513    0.175129    0.431621    6.002202 v fanout86/X (sky130_fd_sc_hd__buf_2)
                                                         net86 (net)
                      0.175129    0.000437    6.002638 v fanout85/A (sky130_fd_sc_hd__buf_4)
    10    0.057121    0.148037    0.391488    6.394127 v fanout85/X (sky130_fd_sc_hd__buf_4)
                                                         net85 (net)
                      0.148174    0.004082    6.398208 v _665_/A (sky130_fd_sc_hd__inv_2)
     1    0.003766    0.055604    0.101104    6.499312 ^ _665_/Y (sky130_fd_sc_hd__inv_2)
                                                         _075_ (net)
                      0.055604    0.000078    6.499391 ^ _708_/RESET_B (sky130_fd_sc_hd__dfrtp_1)
                                              6.499391   data arrival time

                                  0.000000    0.000000   clock wb_clk_i (rise edge)
                                  0.000000    0.000000   clock source latency
     2    0.024010    0.178101    0.122636    0.122636 ^ wb_clk_i (in)
                                                         wb_clk_i (net)
                      0.178133    0.000000    0.122636 ^ clkbuf_0_wb_clk_i/A (sky130_fd_sc_hd__clkbuf_16)
    17    0.109159    0.188823    0.374197    0.496832 ^ clkbuf_0_wb_clk_i/X (sky130_fd_sc_hd__clkbuf_16)
                                                         clknet_0_wb_clk_i (net)
                      0.188875    0.003013    0.499845 ^ clkbuf_3_4__f_wb_clk_i/A (sky130_fd_sc_hd__clkbuf_16)
    12    0.042662    0.097277    0.307580    0.807425 ^ clkbuf_3_4__f_wb_clk_i/X (sky130_fd_sc_hd__clkbuf_16)
                                                         clknet_3_4__leaf_wb_clk_i (net)
                      0.097349    0.001329    0.808754 ^ _708_/CLK (sky130_fd_sc_hd__dfrtp_1)
                                  0.250000    1.058754   clock uncertainty
                                  0.000000    1.058754   clock reconvergence pessimism
                                  0.661287    1.720041   library removal time
                                              1.720041   data required time
---------------------------------------------------------------------------------------------
                                              1.720041   data required time
                                             -6.499391   data arrival time
---------------------------------------------------------------------------------------------
                                              4.779349   slack (MET)


Startpoint: wb_rst_i (input port clocked by wb_clk_i)
Endpoint: _678_ (removal check against rising-edge clock wb_clk_i)
Path Group: asynchronous
Path Type: min

Fanout         Cap        Slew       Delay        Time   Description
---------------------------------------------------------------------------------------------
                                  0.000000    0.000000   clock wb_clk_i (rise edge)
                                  0.000000    0.000000   clock network delay (propagated)
                                  5.000000    5.000000 v input external delay
     2    0.007651    0.037778    0.024245    5.024245 v wb_rst_i (in)
                                                         wb_rst_i (net)
                      0.037779    0.000000    5.024245 v input23/A (sky130_fd_sc_hd__clkbuf_1)
     1    0.003458    0.056955    0.151767    5.176012 v input23/X (sky130_fd_sc_hd__clkbuf_1)
                                                         net23 (net)
                      0.056955    0.000104    5.176116 v fanout89/A (sky130_fd_sc_hd__buf_2)
    11    0.051934    0.236875    0.393693    5.569809 v fanout89/X (sky130_fd_sc_hd__buf_2)
                                                         net89 (net)
                      0.236875    0.000771    5.570580 v fanout86/A (sky130_fd_sc_hd__buf_2)
     6    0.036513    0.175129    0.431621    6.002202 v fanout86/X (sky130_fd_sc_hd__buf_2)
                                                         net86 (net)
                      0.175129    0.000437    6.002638 v fanout85/A (sky130_fd_sc_hd__buf_4)
    10    0.057121    0.148037    0.391488    6.394127 v fanout85/X (sky130_fd_sc_hd__buf_4)
                                                         net85 (net)
                      0.148223    0.004676    6.398803 v _635_/A (sky130_fd_sc_hd__inv_2)
     1    0.003437    0.053810    0.098743    6.497545 ^ _635_/Y (sky130_fd_sc_hd__inv_2)
                                                         _045_ (net)
                      0.053810    0.000066    6.497612 ^ _678_/RESET_B (sky130_fd_sc_hd__dfrtp_1)
                                              6.497612   data arrival time

                                  0.000000    0.000000   clock wb_clk_i (rise edge)
                                  0.000000    0.000000   clock source latency
     2    0.024010    0.178101    0.122636    0.122636 ^ wb_clk_i (in)
                                                         wb_clk_i (net)
                      0.178133    0.000000    0.122636 ^ clkbuf_0_wb_clk_i/A (sky130_fd_sc_hd__clkbuf_16)
    17    0.109159    0.188823    0.374197    0.496832 ^ clkbuf_0_wb_clk_i/X (sky130_fd_sc_hd__clkbuf_16)
                                                         clknet_0_wb_clk_i (net)
                      0.188853    0.002430    0.499263 ^ clkbuf_3_1__f_wb_clk_i/A (sky130_fd_sc_hd__clkbuf_16)
    15    0.042068    0.096612    0.307174    0.806437 ^ clkbuf_3_1__f_wb_clk_i/X (sky130_fd_sc_hd__clkbuf_16)
                                                         clknet_3_1__leaf_wb_clk_i (net)
                      0.096642    0.000942    0.807379 ^ _678_/CLK (sky130_fd_sc_hd__dfrtp_1)
                                  0.250000    1.057379   clock uncertainty
                                  0.000000    1.057379   clock reconvergence pessimism
                                  0.660523    1.717902   library removal time
                                              1.717902   data required time
---------------------------------------------------------------------------------------------
                                              1.717902   data required time
                                             -6.497612   data arrival time
---------------------------------------------------------------------------------------------
                                              4.779710   slack (MET)


Startpoint: wb_rst_i (input port clocked by wb_clk_i)
Endpoint: _706_ (removal check against rising-edge clock wb_clk_i)
Path Group: asynchronous
Path Type: min

Fanout         Cap        Slew       Delay        Time   Description
---------------------------------------------------------------------------------------------
                                  0.000000    0.000000   clock wb_clk_i (rise edge)
                                  0.000000    0.000000   clock network delay (propagated)
                                  5.000000    5.000000 v input external delay
     2    0.007651    0.037778    0.024245    5.024245 v wb_rst_i (in)
                                                         wb_rst_i (net)
                      0.037779    0.000000    5.024245 v input23/A (sky130_fd_sc_hd__clkbuf_1)
     1    0.003458    0.056955    0.151767    5.176012 v input23/X (sky130_fd_sc_hd__clkbuf_1)
                                                         net23 (net)
                      0.056955    0.000104    5.176116 v fanout89/A (sky130_fd_sc_hd__buf_2)
    11    0.051934    0.236875    0.393693    5.569809 v fanout89/X (sky130_fd_sc_hd__buf_2)
                                                         net89 (net)
                      0.236875    0.000771    5.570580 v fanout86/A (sky130_fd_sc_hd__buf_2)
     6    0.036513    0.175129    0.431621    6.002202 v fanout86/X (sky130_fd_sc_hd__buf_2)
                                                         net86 (net)
                      0.175129    0.000437    6.002638 v fanout85/A (sky130_fd_sc_hd__buf_4)
    10    0.057121    0.148037    0.391488    6.394127 v fanout85/X (sky130_fd_sc_hd__buf_4)
                                                         net85 (net)
                      0.148210    0.004531    6.398658 v _663_/A (sky130_fd_sc_hd__inv_2)
     1    0.003906    0.056410    0.102137    6.500795 ^ _663_/Y (sky130_fd_sc_hd__inv_2)
                                                         _073_ (net)
                      0.056410    0.000083    6.500877 ^ _706_/RESET_B (sky130_fd_sc_hd__dfrtp_1)
                                              6.500877   data arrival time

                                  0.000000    0.000000   clock wb_clk_i (rise edge)
                                  0.000000    0.000000   clock source latency
     2    0.024010    0.178101    0.122636    0.122636 ^ wb_clk_i (in)
                                                         wb_clk_i (net)
                      0.178133    0.000000    0.122636 ^ clkbuf_0_wb_clk_i/A (sky130_fd_sc_hd__clkbuf_16)
    17    0.109159    0.188823    0.374197    0.496832 ^ clkbuf_0_wb_clk_i/X (sky130_fd_sc_hd__clkbuf_16)
                                                         clknet_0_wb_clk_i (net)
                      0.188875    0.003013    0.499845 ^ clkbuf_3_4__f_wb_clk_i/A (sky130_fd_sc_hd__clkbuf_16)
    12    0.042662    0.097277    0.307580    0.807425 ^ clkbuf_3_4__f_wb_clk_i/X (sky130_fd_sc_hd__clkbuf_16)
                                                         clknet_3_4__leaf_wb_clk_i (net)
                      0.097363    0.001626    0.809052 ^ _706_/CLK (sky130_fd_sc_hd__dfrtp_1)
                                  0.250000    1.059052   clock uncertainty
                                  0.000000    1.059052   clock reconvergence pessimism
                                  0.661539    1.720591   library removal time
                                              1.720591   data required time
---------------------------------------------------------------------------------------------
                                              1.720591   data required time
                                             -6.500877   data arrival time
---------------------------------------------------------------------------------------------
                                              4.780286   slack (MET)


Startpoint: wb_rst_i (input port clocked by wb_clk_i)
Endpoint: _672_ (removal check against rising-edge clock wb_clk_i)
Path Group: asynchronous
Path Type: min

Fanout         Cap        Slew       Delay        Time   Description
---------------------------------------------------------------------------------------------
                                  0.000000    0.000000   clock wb_clk_i (rise edge)
                                  0.000000    0.000000   clock network delay (propagated)
                                  5.000000    5.000000 v input external delay
     2    0.007651    0.037778    0.024245    5.024245 v wb_rst_i (in)
                                                         wb_rst_i (net)
                      0.037779    0.000000    5.024245 v input23/A (sky130_fd_sc_hd__clkbuf_1)
     1    0.003458    0.056955    0.151767    5.176012 v input23/X (sky130_fd_sc_hd__clkbuf_1)
                                                         net23 (net)
                      0.056955    0.000104    5.176116 v fanout89/A (sky130_fd_sc_hd__buf_2)
    11    0.051934    0.236875    0.393693    5.569809 v fanout89/X (sky130_fd_sc_hd__buf_2)
                                                         net89 (net)
                      0.236875    0.000771    5.570580 v fanout86/A (sky130_fd_sc_hd__buf_2)
     6    0.036513    0.175129    0.431621    6.002202 v fanout86/X (sky130_fd_sc_hd__buf_2)
                                                         net86 (net)
                      0.175129    0.000437    6.002638 v fanout85/A (sky130_fd_sc_hd__buf_4)
    10    0.057121    0.148037    0.391488    6.394127 v fanout85/X (sky130_fd_sc_hd__buf_4)
                                                         net85 (net)
                      0.148091    0.002719    6.396845 v _629_/A (sky130_fd_sc_hd__inv_2)
     1    0.004216    0.058194    0.104351    6.501197 ^ _629_/Y (sky130_fd_sc_hd__inv_2)
                                                         _039_ (net)
                      0.058194    0.000056    6.501253 ^ _672_/RESET_B (sky130_fd_sc_hd__dfrtp_1)
                                              6.501253   data arrival time

                                  0.000000    0.000000   clock wb_clk_i (rise edge)
                                  0.000000    0.000000   clock source latency
     2    0.024010    0.178101    0.122636    0.122636 ^ wb_clk_i (in)
                                                         wb_clk_i (net)
                      0.178133    0.000000    0.122636 ^ clkbuf_0_wb_clk_i/A (sky130_fd_sc_hd__clkbuf_16)
    17    0.109159    0.188823    0.374197    0.496832 ^ clkbuf_0_wb_clk_i/X (sky130_fd_sc_hd__clkbuf_16)
                                                         clknet_0_wb_clk_i (net)
                      0.188875    0.003013    0.499845 ^ clkbuf_3_4__f_wb_clk_i/A (sky130_fd_sc_hd__clkbuf_16)
    12    0.042662    0.097277    0.307580    0.807425 ^ clkbuf_3_4__f_wb_clk_i/X (sky130_fd_sc_hd__clkbuf_16)
                                                         clknet_3_4__leaf_wb_clk_i (net)
                      0.097340    0.001132    0.808557 ^ _672_/CLK (sky130_fd_sc_hd__dfrtp_1)
                                  0.250000    1.058557   clock uncertainty
                                  0.000000    1.058557   clock reconvergence pessimism
                                  0.662080    1.720637   library removal time
                                              1.720637   data required time
---------------------------------------------------------------------------------------------
                                              1.720637   data required time
                                             -6.501253   data arrival time
---------------------------------------------------------------------------------------------
                                              4.780616   slack (MET)


Startpoint: wb_rst_i (input port clocked by wb_clk_i)
Endpoint: _703_ (removal check against rising-edge clock wb_clk_i)
Path Group: asynchronous
Path Type: min

Fanout         Cap        Slew       Delay        Time   Description
---------------------------------------------------------------------------------------------
                                  0.000000    0.000000   clock wb_clk_i (rise edge)
                                  0.000000    0.000000   clock network delay (propagated)
                                  5.000000    5.000000 v input external delay
     2    0.007651    0.037778    0.024245    5.024245 v wb_rst_i (in)
                                                         wb_rst_i (net)
                      0.037779    0.000000    5.024245 v input23/A (sky130_fd_sc_hd__clkbuf_1)
     1    0.003458    0.056955    0.151767    5.176012 v input23/X (sky130_fd_sc_hd__clkbuf_1)
                                                         net23 (net)
                      0.056955    0.000104    5.176116 v fanout89/A (sky130_fd_sc_hd__buf_2)
    11    0.051934    0.236875    0.393693    5.569809 v fanout89/X (sky130_fd_sc_hd__buf_2)
                                                         net89 (net)
                      0.236875    0.000771    5.570580 v fanout86/A (sky130_fd_sc_hd__buf_2)
     6    0.036513    0.175129    0.431621    6.002202 v fanout86/X (sky130_fd_sc_hd__buf_2)
                                                         net86 (net)
                      0.175129    0.000437    6.002638 v fanout85/A (sky130_fd_sc_hd__buf_4)
    10    0.057121    0.148037    0.391488    6.394127 v fanout85/X (sky130_fd_sc_hd__buf_4)
                                                         net85 (net)
                      0.148054    0.001730    6.395856 v _660_/A (sky130_fd_sc_hd__inv_2)
     1    0.004359    0.059039    0.105374    6.501230 ^ _660_/Y (sky130_fd_sc_hd__inv_2)
                                                         _070_ (net)
                      0.059039    0.000063    6.501293 ^ _703_/RESET_B (sky130_fd_sc_hd__dfrtp_1)
                                              6.501293   data arrival time

                                  0.000000    0.000000   clock wb_clk_i (rise edge)
                                  0.000000    0.000000   clock source latency
     2    0.024010    0.178101    0.122636    0.122636 ^ wb_clk_i (in)
                                                         wb_clk_i (net)
                      0.178133    0.000000    0.122636 ^ clkbuf_0_wb_clk_i/A (sky130_fd_sc_hd__clkbuf_16)
    17    0.109159    0.188823    0.374197    0.496832 ^ clkbuf_0_wb_clk_i/X (sky130_fd_sc_hd__clkbuf_16)
                                                         clknet_0_wb_clk_i (net)
                      0.188896    0.003474    0.500306 ^ clkbuf_3_5__f_wb_clk_i/A (sky130_fd_sc_hd__clkbuf_16)
    14    0.041698    0.096037    0.306428    0.806734 ^ clkbuf_3_5__f_wb_clk_i/X (sky130_fd_sc_hd__clkbuf_16)
                                                         clknet_3_5__leaf_wb_clk_i (net)
                      0.096101    0.001639    0.808373 ^ _703_/CLK (sky130_fd_sc_hd__dfrtp_1)
                                  0.250000    1.058373   clock uncertainty
                                  0.000000    1.058373   clock reconvergence pessimism
                                  0.661966    1.720338   library removal time
                                              1.720338   data required time
---------------------------------------------------------------------------------------------
                                              1.720338   data required time
                                             -6.501293   data arrival time
---------------------------------------------------------------------------------------------
                                              4.780954   slack (MET)


Startpoint: wb_rst_i (input port clocked by wb_clk_i)
Endpoint: _715_ (removal check against rising-edge clock wb_clk_i)
Path Group: asynchronous
Path Type: min

Fanout         Cap        Slew       Delay        Time   Description
---------------------------------------------------------------------------------------------
                                  0.000000    0.000000   clock wb_clk_i (rise edge)
                                  0.000000    0.000000   clock network delay (propagated)
                                  5.000000    5.000000 v input external delay
     2    0.007651    0.037778    0.024245    5.024245 v wb_rst_i (in)
                                                         wb_rst_i (net)
                      0.037779    0.000000    5.024245 v input23/A (sky130_fd_sc_hd__clkbuf_1)
     1    0.003458    0.056955    0.151767    5.176012 v input23/X (sky130_fd_sc_hd__clkbuf_1)
                                                         net23 (net)
                      0.056955    0.000104    5.176116 v fanout89/A (sky130_fd_sc_hd__buf_2)
    11    0.051934    0.236875    0.393693    5.569809 v fanout89/X (sky130_fd_sc_hd__buf_2)
                                                         net89 (net)
                      0.236875    0.000771    5.570580 v fanout86/A (sky130_fd_sc_hd__buf_2)
     6    0.036513    0.175129    0.431621    6.002202 v fanout86/X (sky130_fd_sc_hd__buf_2)
                                                         net86 (net)
                      0.175129    0.000437    6.002638 v fanout85/A (sky130_fd_sc_hd__buf_4)
    10    0.057121    0.148037    0.391488    6.394127 v fanout85/X (sky130_fd_sc_hd__buf_4)
                                                         net85 (net)
                      0.148231    0.004762    6.398888 v _668_/A (sky130_fd_sc_hd__inv_2)
     1    0.003742    0.055482    0.100956    6.499844 ^ _668_/Y (sky130_fd_sc_hd__inv_2)
                                                         _078_ (net)
                      0.055482    0.000074    6.499918 ^ _715_/RESET_B (sky130_fd_sc_hd__dfrtp_1)
                                              6.499918   data arrival time

                                  0.000000    0.000000   clock wb_clk_i (rise edge)
                                  0.000000    0.000000   clock source latency
     2    0.024010    0.178101    0.122636    0.122636 ^ wb_clk_i (in)
                                                         wb_clk_i (net)
                      0.178133    0.000000    0.122636 ^ clkbuf_0_wb_clk_i/A (sky130_fd_sc_hd__clkbuf_16)
    17    0.109159    0.188823    0.374197    0.496832 ^ clkbuf_0_wb_clk_i/X (sky130_fd_sc_hd__clkbuf_16)
                                                         clknet_0_wb_clk_i (net)
                      0.188853    0.002430    0.499263 ^ clkbuf_3_1__f_wb_clk_i/A (sky130_fd_sc_hd__clkbuf_16)
    15    0.042068    0.096612    0.307174    0.806437 ^ clkbuf_3_1__f_wb_clk_i/X (sky130_fd_sc_hd__clkbuf_16)
                                                         clknet_3_1__leaf_wb_clk_i (net)
                      0.096642    0.000951    0.807388 ^ _715_/CLK (sky130_fd_sc_hd__dfrtp_1)
                                  0.250000    1.057388   clock uncertainty
                                  0.000000    1.057388   clock reconvergence pessimism
                                  0.661037    1.718424   library removal time
                                              1.718424   data required time
---------------------------------------------------------------------------------------------
                                              1.718424   data required time
                                             -6.499918   data arrival time
---------------------------------------------------------------------------------------------
                                              4.781494   slack (MET)


Startpoint: wb_rst_i (input port clocked by wb_clk_i)
Endpoint: _697_ (removal check against rising-edge clock wb_clk_i)
Path Group: asynchronous
Path Type: min

Fanout         Cap        Slew       Delay        Time   Description
---------------------------------------------------------------------------------------------
                                  0.000000    0.000000   clock wb_clk_i (rise edge)
                                  0.000000    0.000000   clock network delay (propagated)
                                  5.000000    5.000000 v input external delay
     2    0.007651    0.037778    0.024245    5.024245 v wb_rst_i (in)
                                                         wb_rst_i (net)
                      0.037779    0.000000    5.024245 v input23/A (sky130_fd_sc_hd__clkbuf_1)
     1    0.003458    0.056955    0.151767    5.176012 v input23/X (sky130_fd_sc_hd__clkbuf_1)
                                                         net23 (net)
                      0.056955    0.000104    5.176116 v fanout89/A (sky130_fd_sc_hd__buf_2)
    11    0.051934    0.236875    0.393693    5.569809 v fanout89/X (sky130_fd_sc_hd__buf_2)
                                                         net89 (net)
                      0.236898    0.002462    5.572271 v fanout84/A (sky130_fd_sc_hd__clkbuf_4)
    10    0.048241    0.183822    0.437809    6.010081 v fanout84/X (sky130_fd_sc_hd__clkbuf_4)
                                                         net84 (net)
                      0.183822    0.000712    6.010793 v fanout83/A (sky130_fd_sc_hd__buf_4)
    10    0.055337    0.144287    0.393355    6.404148 v fanout83/X (sky130_fd_sc_hd__buf_4)
                                                         net83 (net)
                      0.144327    0.002321    6.406469 v _654_/A (sky130_fd_sc_hd__inv_2)
     1    0.003452    0.053103    0.097448    6.503917 ^ _654_/Y (sky130_fd_sc_hd__inv_2)
                                                         _064_ (net)
                      0.053103    0.000067    6.503984 ^ _697_/RESET_B (sky130_fd_sc_hd__dfrtp_1)
                                              6.503984   data arrival time

                                  0.000000    0.000000   clock wb_clk_i (rise edge)
                                  0.000000    0.000000   clock source latency
     2    0.024010    0.178101    0.122636    0.122636 ^ wb_clk_i (in)
                                                         wb_clk_i (net)
                      0.178133    0.000000    0.122636 ^ clkbuf_0_wb_clk_i/A (sky130_fd_sc_hd__clkbuf_16)
    17    0.109159    0.188823    0.374197    0.496832 ^ clkbuf_0_wb_clk_i/X (sky130_fd_sc_hd__clkbuf_16)
                                                         clknet_0_wb_clk_i (net)
                      0.188853    0.002430    0.499263 ^ clkbuf_3_1__f_wb_clk_i/A (sky130_fd_sc_hd__clkbuf_16)
    15    0.042068    0.096612    0.307174    0.806437 ^ clkbuf_3_1__f_wb_clk_i/X (sky130_fd_sc_hd__clkbuf_16)
                                                         clknet_3_1__leaf_wb_clk_i (net)
                      0.096636    0.000755    0.807192 ^ _697_/CLK (sky130_fd_sc_hd__dfrtp_1)
                                  0.250000    1.057192   clock uncertainty
                                  0.000000    1.057192   clock reconvergence pessimism
                                  0.660304    1.717496   library removal time
                                              1.717496   data required time
---------------------------------------------------------------------------------------------
                                              1.717496   data required time
                                             -6.503984   data arrival time
---------------------------------------------------------------------------------------------
                                              4.786488   slack (MET)


Startpoint: wb_rst_i (input port clocked by wb_clk_i)
Endpoint: _691_ (removal check against rising-edge clock wb_clk_i)
Path Group: asynchronous
Path Type: min

Fanout         Cap        Slew       Delay        Time   Description
---------------------------------------------------------------------------------------------
                                  0.000000    0.000000   clock wb_clk_i (rise edge)
                                  0.000000    0.000000   clock network delay (propagated)
                                  5.000000    5.000000 v input external delay
     2    0.007651    0.037778    0.024245    5.024245 v wb_rst_i (in)
                                                         wb_rst_i (net)
                      0.037779    0.000000    5.024245 v input23/A (sky130_fd_sc_hd__clkbuf_1)
     1    0.003458    0.056955    0.151767    5.176012 v input23/X (sky130_fd_sc_hd__clkbuf_1)
                                                         net23 (net)
                      0.056955    0.000104    5.176116 v fanout89/A (sky130_fd_sc_hd__buf_2)
    11    0.051934    0.236875    0.393693    5.569809 v fanout89/X (sky130_fd_sc_hd__buf_2)
                                                         net89 (net)
                      0.236898    0.002462    5.572271 v fanout84/A (sky130_fd_sc_hd__clkbuf_4)
    10    0.048241    0.183822    0.437809    6.010081 v fanout84/X (sky130_fd_sc_hd__clkbuf_4)
                                                         net84 (net)
                      0.183822    0.000712    6.010793 v fanout83/A (sky130_fd_sc_hd__buf_4)
    10    0.055337    0.144287    0.393355    6.404148 v fanout83/X (sky130_fd_sc_hd__buf_4)
                                                         net83 (net)
                      0.144338    0.002584    6.406732 v _648_/A (sky130_fd_sc_hd__inv_2)
     1    0.003422    0.052946    0.097240    6.503972 ^ _648_/Y (sky130_fd_sc_hd__inv_2)
                                                         _058_ (net)
                      0.052946    0.000066    6.504037 ^ _691_/RESET_B (sky130_fd_sc_hd__dfrtp_1)
                                              6.504037   data arrival time

                                  0.000000    0.000000   clock wb_clk_i (rise edge)
                                  0.000000    0.000000   clock source latency
     2    0.024010    0.178101    0.122636    0.122636 ^ wb_clk_i (in)
                                                         wb_clk_i (net)
                      0.178133    0.000000    0.122636 ^ clkbuf_0_wb_clk_i/A (sky130_fd_sc_hd__clkbuf_16)
    17    0.109159    0.188823    0.374197    0.496832 ^ clkbuf_0_wb_clk_i/X (sky130_fd_sc_hd__clkbuf_16)
                                                         clknet_0_wb_clk_i (net)
                      0.188853    0.002430    0.499263 ^ clkbuf_3_1__f_wb_clk_i/A (sky130_fd_sc_hd__clkbuf_16)
    15    0.042068    0.096612    0.307174    0.806437 ^ clkbuf_3_1__f_wb_clk_i/X (sky130_fd_sc_hd__clkbuf_16)
                                                         clknet_3_1__leaf_wb_clk_i (net)
                      0.096636    0.000768    0.807205 ^ _691_/CLK (sky130_fd_sc_hd__dfrtp_1)
                                  0.250000    1.057205   clock uncertainty
                                  0.000000    1.057205   clock reconvergence pessimism
                                  0.660256    1.717461   library removal time
                                              1.717461   data required time
---------------------------------------------------------------------------------------------
                                              1.717461   data required time
                                             -6.504037   data arrival time
---------------------------------------------------------------------------------------------
                                              4.786577   slack (MET)


Startpoint: wb_rst_i (input port clocked by wb_clk_i)
Endpoint: _677_ (removal check against rising-edge clock wb_clk_i)
Path Group: asynchronous
Path Type: min

Fanout         Cap        Slew       Delay        Time   Description
---------------------------------------------------------------------------------------------
                                  0.000000    0.000000   clock wb_clk_i (rise edge)
                                  0.000000    0.000000   clock network delay (propagated)
                                  5.000000    5.000000 v input external delay
     2    0.007651    0.037778    0.024245    5.024245 v wb_rst_i (in)
                                                         wb_rst_i (net)
                      0.037779    0.000000    5.024245 v input23/A (sky130_fd_sc_hd__clkbuf_1)
     1    0.003458    0.056955    0.151767    5.176012 v input23/X (sky130_fd_sc_hd__clkbuf_1)
                                                         net23 (net)
                      0.056955    0.000104    5.176116 v fanout89/A (sky130_fd_sc_hd__buf_2)
    11    0.051934    0.236875    0.393693    5.569809 v fanout89/X (sky130_fd_sc_hd__buf_2)
                                                         net89 (net)
                      0.236898    0.002462    5.572271 v fanout84/A (sky130_fd_sc_hd__clkbuf_4)
    10    0.048241    0.183822    0.437809    6.010081 v fanout84/X (sky130_fd_sc_hd__clkbuf_4)
                                                         net84 (net)
                      0.183822    0.000712    6.010793 v fanout83/A (sky130_fd_sc_hd__buf_4)
    10    0.055337    0.144287    0.393355    6.404148 v fanout83/X (sky130_fd_sc_hd__buf_4)
                                                         net83 (net)
                      0.144299    0.001468    6.405616 v _634_/A (sky130_fd_sc_hd__inv_2)
     1    0.004071    0.056577    0.101851    6.507466 ^ _634_/Y (sky130_fd_sc_hd__inv_2)
                                                         _044_ (net)
                      0.056577    0.000089    6.507555 ^ _677_/RESET_B (sky130_fd_sc_hd__dfrtp_1)
                                              6.507555   data arrival time

                                  0.000000    0.000000   clock wb_clk_i (rise edge)
                                  0.000000    0.000000   clock source latency
     2    0.024010    0.178101    0.122636    0.122636 ^ wb_clk_i (in)
                                                         wb_clk_i (net)
                      0.178133    0.000000    0.122636 ^ clkbuf_0_wb_clk_i/A (sky130_fd_sc_hd__clkbuf_16)
    17    0.109159    0.188823    0.374197    0.496832 ^ clkbuf_0_wb_clk_i/X (sky130_fd_sc_hd__clkbuf_16)
                                                         clknet_0_wb_clk_i (net)
                      0.188853    0.002430    0.499263 ^ clkbuf_3_1__f_wb_clk_i/A (sky130_fd_sc_hd__clkbuf_16)
    15    0.042068    0.096612    0.307174    0.806437 ^ clkbuf_3_1__f_wb_clk_i/X (sky130_fd_sc_hd__clkbuf_16)
                                                         clknet_3_1__leaf_wb_clk_i (net)
                      0.096640    0.000879    0.807315 ^ _677_/CLK (sky130_fd_sc_hd__dfrtp_1)
                                  0.250000    1.057315   clock uncertainty
                                  0.000000    1.057315   clock reconvergence pessimism
                                  0.661372    1.718687   library removal time
                                              1.718687   data required time
---------------------------------------------------------------------------------------------
                                              1.718687   data required time
                                             -6.507555   data arrival time
---------------------------------------------------------------------------------------------
                                              4.788868   slack (MET)


Startpoint: wb_rst_i (input port clocked by wb_clk_i)
Endpoint: _692_ (removal check against rising-edge clock wb_clk_i)
Path Group: asynchronous
Path Type: min

Fanout         Cap        Slew       Delay        Time   Description
---------------------------------------------------------------------------------------------
                                  0.000000    0.000000   clock wb_clk_i (rise edge)
                                  0.000000    0.000000   clock network delay (propagated)
                                  5.000000    5.000000 v input external delay
     2    0.007651    0.037778    0.024245    5.024245 v wb_rst_i (in)
                                                         wb_rst_i (net)
                      0.037779    0.000000    5.024245 v input23/A (sky130_fd_sc_hd__clkbuf_1)
     1    0.003458    0.056955    0.151767    5.176012 v input23/X (sky130_fd_sc_hd__clkbuf_1)
                                                         net23 (net)
                      0.056955    0.000104    5.176116 v fanout89/A (sky130_fd_sc_hd__buf_2)
    11    0.051934    0.236875    0.393693    5.569809 v fanout89/X (sky130_fd_sc_hd__buf_2)
                                                         net89 (net)
                      0.236898    0.002462    5.572271 v fanout84/A (sky130_fd_sc_hd__clkbuf_4)
    10    0.048241    0.183822    0.437809    6.010081 v fanout84/X (sky130_fd_sc_hd__clkbuf_4)
                                                         net84 (net)
                      0.183822    0.000712    6.010793 v fanout83/A (sky130_fd_sc_hd__buf_4)
    10    0.055337    0.144287    0.393355    6.404148 v fanout83/X (sky130_fd_sc_hd__buf_4)
                                                         net83 (net)
                      0.144375    0.003268    6.407416 v _649_/A (sky130_fd_sc_hd__inv_2)
     1    0.003515    0.053455    0.097921    6.505337 ^ _649_/Y (sky130_fd_sc_hd__inv_2)
                                                         _059_ (net)
                      0.053456    0.000070    6.505407 ^ _692_/RESET_B (sky130_fd_sc_hd__dfrtp_1)
                                              6.505407   data arrival time

                                  0.000000    0.000000   clock wb_clk_i (rise edge)
                                  0.000000    0.000000   clock source latency
     2    0.024010    0.178101    0.122636    0.122636 ^ wb_clk_i (in)
                                                         wb_clk_i (net)
                      0.178133    0.000000    0.122636 ^ clkbuf_0_wb_clk_i/A (sky130_fd_sc_hd__clkbuf_16)
    17    0.109159    0.188823    0.374197    0.496832 ^ clkbuf_0_wb_clk_i/X (sky130_fd_sc_hd__clkbuf_16)
                                                         clknet_0_wb_clk_i (net)
                      0.188869    0.002860    0.499693 ^ clkbuf_3_0__f_wb_clk_i/A (sky130_fd_sc_hd__clkbuf_16)
    13    0.039657    0.094181    0.303547    0.803240 ^ clkbuf_3_0__f_wb_clk_i/X (sky130_fd_sc_hd__clkbuf_16)
                                                         clknet_3_0__leaf_wb_clk_i (net)
                      0.094193    0.001129    0.804369 ^ _692_/CLK (sky130_fd_sc_hd__dfrtp_1)
                                  0.250000    1.054369   clock uncertainty
                                  0.000000    1.054369   clock reconvergence pessimism
                                  0.659675    1.714044   library removal time
                                              1.714044   data required time
---------------------------------------------------------------------------------------------
                                              1.714044   data required time
                                             -6.505407   data arrival time
---------------------------------------------------------------------------------------------
                                              4.791363   slack (MET)


Startpoint: wb_rst_i (input port clocked by wb_clk_i)
Endpoint: _700_ (removal check against rising-edge clock wb_clk_i)
Path Group: asynchronous
Path Type: min

Fanout         Cap        Slew       Delay        Time   Description
---------------------------------------------------------------------------------------------
                                  0.000000    0.000000   clock wb_clk_i (rise edge)
                                  0.000000    0.000000   clock network delay (propagated)
                                  5.000000    5.000000 v input external delay
     2    0.007651    0.037778    0.024245    5.024245 v wb_rst_i (in)
                                                         wb_rst_i (net)
                      0.037779    0.000000    5.024245 v input23/A (sky130_fd_sc_hd__clkbuf_1)
     1    0.003458    0.056955    0.151767    5.176012 v input23/X (sky130_fd_sc_hd__clkbuf_1)
                                                         net23 (net)
                      0.056955    0.000104    5.176116 v fanout89/A (sky130_fd_sc_hd__buf_2)
    11    0.051934    0.236875    0.393693    5.569809 v fanout89/X (sky130_fd_sc_hd__buf_2)
                                                         net89 (net)
                      0.236898    0.002462    5.572271 v fanout84/A (sky130_fd_sc_hd__clkbuf_4)
    10    0.048241    0.183822    0.437809    6.010081 v fanout84/X (sky130_fd_sc_hd__clkbuf_4)
                                                         net84 (net)
                      0.183822    0.000712    6.010793 v fanout83/A (sky130_fd_sc_hd__buf_4)
    10    0.055337    0.144287    0.393355    6.404148 v fanout83/X (sky130_fd_sc_hd__buf_4)
                                                         net83 (net)
                      0.144359    0.002993    6.407141 v _657_/A (sky130_fd_sc_hd__inv_2)
     1    0.003593    0.053875    0.098472    6.505613 ^ _657_/Y (sky130_fd_sc_hd__inv_2)
                                                         _067_ (net)
                      0.053875    0.000071    6.505684 ^ _700_/RESET_B (sky130_fd_sc_hd__dfrtp_1)
                                              6.505684   data arrival time

                                  0.000000    0.000000   clock wb_clk_i (rise edge)
                                  0.000000    0.000000   clock source latency
     2    0.024010    0.178101    0.122636    0.122636 ^ wb_clk_i (in)
                                                         wb_clk_i (net)
                      0.178133    0.000000    0.122636 ^ clkbuf_0_wb_clk_i/A (sky130_fd_sc_hd__clkbuf_16)
    17    0.109159    0.188823    0.374197    0.496832 ^ clkbuf_0_wb_clk_i/X (sky130_fd_sc_hd__clkbuf_16)
                                                         clknet_0_wb_clk_i (net)
                      0.188869    0.002860    0.499693 ^ clkbuf_3_0__f_wb_clk_i/A (sky130_fd_sc_hd__clkbuf_16)
    13    0.039657    0.094181    0.303547    0.803240 ^ clkbuf_3_0__f_wb_clk_i/X (sky130_fd_sc_hd__clkbuf_16)
                                                         clknet_3_0__leaf_wb_clk_i (net)
                      0.094197    0.001234    0.804474 ^ _700_/CLK (sky130_fd_sc_hd__dfrtp_1)
                                  0.250000    1.054474   clock uncertainty
                                  0.000000    1.054474   clock reconvergence pessimism
                                  0.659805    1.714279   library removal time
                                              1.714279   data required time
---------------------------------------------------------------------------------------------
                                              1.714279   data required time
                                             -6.505684   data arrival time
---------------------------------------------------------------------------------------------
                                              4.791405   slack (MET)


Startpoint: wb_rst_i (input port clocked by wb_clk_i)
Endpoint: _702_ (removal check against rising-edge clock wb_clk_i)
Path Group: asynchronous
Path Type: min

Fanout         Cap        Slew       Delay        Time   Description
---------------------------------------------------------------------------------------------
                                  0.000000    0.000000   clock wb_clk_i (rise edge)
                                  0.000000    0.000000   clock network delay (propagated)
                                  5.000000    5.000000 v input external delay
     2    0.007651    0.037778    0.024245    5.024245 v wb_rst_i (in)
                                                         wb_rst_i (net)
                      0.037779    0.000000    5.024245 v input23/A (sky130_fd_sc_hd__clkbuf_1)
     1    0.003458    0.056955    0.151767    5.176012 v input23/X (sky130_fd_sc_hd__clkbuf_1)
                                                         net23 (net)
                      0.056955    0.000104    5.176116 v fanout89/A (sky130_fd_sc_hd__buf_2)
    11    0.051934    0.236875    0.393693    5.569809 v fanout89/X (sky130_fd_sc_hd__buf_2)
                                                         net89 (net)
                      0.236898    0.002462    5.572271 v fanout84/A (sky130_fd_sc_hd__clkbuf_4)
    10    0.048241    0.183822    0.437809    6.010081 v fanout84/X (sky130_fd_sc_hd__clkbuf_4)
                                                         net84 (net)
                      0.183822    0.000712    6.010793 v fanout83/A (sky130_fd_sc_hd__buf_4)
    10    0.055337    0.144287    0.393355    6.404148 v fanout83/X (sky130_fd_sc_hd__buf_4)
                                                         net83 (net)
                      0.144385    0.003420    6.407568 v _659_/A (sky130_fd_sc_hd__inv_2)
     1    0.003830    0.055203    0.100171    6.507739 ^ _659_/Y (sky130_fd_sc_hd__inv_2)
                                                         _069_ (net)
                      0.055203    0.000083    6.507821 ^ _702_/RESET_B (sky130_fd_sc_hd__dfrtp_1)
                                              6.507821   data arrival time

                                  0.000000    0.000000   clock wb_clk_i (rise edge)
                                  0.000000    0.000000   clock source latency
     2    0.024010    0.178101    0.122636    0.122636 ^ wb_clk_i (in)
                                                         wb_clk_i (net)
                      0.178133    0.000000    0.122636 ^ clkbuf_0_wb_clk_i/A (sky130_fd_sc_hd__clkbuf_16)
    17    0.109159    0.188823    0.374197    0.496832 ^ clkbuf_0_wb_clk_i/X (sky130_fd_sc_hd__clkbuf_16)
                                                         clknet_0_wb_clk_i (net)
                      0.188869    0.002860    0.499693 ^ clkbuf_3_0__f_wb_clk_i/A (sky130_fd_sc_hd__clkbuf_16)
    13    0.039657    0.094181    0.303547    0.803240 ^ clkbuf_3_0__f_wb_clk_i/X (sky130_fd_sc_hd__clkbuf_16)
                                                         clknet_3_0__leaf_wb_clk_i (net)
                      0.094205    0.001449    0.804689 ^ _702_/CLK (sky130_fd_sc_hd__dfrtp_1)
                                  0.250000    1.054689   clock uncertainty
                                  0.000000    1.054689   clock reconvergence pessimism
                                  0.660215    1.714905   library removal time
                                              1.714905   data required time
---------------------------------------------------------------------------------------------
                                              1.714905   data required time
                                             -6.507821   data arrival time
---------------------------------------------------------------------------------------------
                                              4.792916   slack (MET)


Startpoint: wb_rst_i (input port clocked by wb_clk_i)
Endpoint: _701_ (removal check against rising-edge clock wb_clk_i)
Path Group: asynchronous
Path Type: min

Fanout         Cap        Slew       Delay        Time   Description
---------------------------------------------------------------------------------------------
                                  0.000000    0.000000   clock wb_clk_i (rise edge)
                                  0.000000    0.000000   clock network delay (propagated)
                                  5.000000    5.000000 v input external delay
     2    0.007651    0.037778    0.024245    5.024245 v wb_rst_i (in)
                                                         wb_rst_i (net)
                      0.037779    0.000000    5.024245 v input23/A (sky130_fd_sc_hd__clkbuf_1)
     1    0.003458    0.056955    0.151767    5.176012 v input23/X (sky130_fd_sc_hd__clkbuf_1)
                                                         net23 (net)
                      0.056955    0.000104    5.176116 v fanout89/A (sky130_fd_sc_hd__buf_2)
    11    0.051934    0.236875    0.393693    5.569809 v fanout89/X (sky130_fd_sc_hd__buf_2)
                                                         net89 (net)
                      0.236898    0.002462    5.572271 v fanout84/A (sky130_fd_sc_hd__clkbuf_4)
    10    0.048241    0.183822    0.437809    6.010081 v fanout84/X (sky130_fd_sc_hd__clkbuf_4)
                                                         net84 (net)
                      0.183822    0.000712    6.010793 v fanout83/A (sky130_fd_sc_hd__buf_4)
    10    0.055337    0.144287    0.393355    6.404148 v fanout83/X (sky130_fd_sc_hd__buf_4)
                                                         net83 (net)
                      0.144380    0.003344    6.407493 v _658_/A (sky130_fd_sc_hd__inv_2)
     1    0.004054    0.056491    0.101783    6.509275 ^ _658_/Y (sky130_fd_sc_hd__inv_2)
                                                         _068_ (net)
                      0.056491    0.000052    6.509327 ^ _701_/RESET_B (sky130_fd_sc_hd__dfrtp_1)
                                              6.509327   data arrival time

                                  0.000000    0.000000   clock wb_clk_i (rise edge)
                                  0.000000    0.000000   clock source latency
     2    0.024010    0.178101    0.122636    0.122636 ^ wb_clk_i (in)
                                                         wb_clk_i (net)
                      0.178133    0.000000    0.122636 ^ clkbuf_0_wb_clk_i/A (sky130_fd_sc_hd__clkbuf_16)
    17    0.109159    0.188823    0.374197    0.496832 ^ clkbuf_0_wb_clk_i/X (sky130_fd_sc_hd__clkbuf_16)
                                                         clknet_0_wb_clk_i (net)
                      0.188869    0.002860    0.499693 ^ clkbuf_3_0__f_wb_clk_i/A (sky130_fd_sc_hd__clkbuf_16)
    13    0.039657    0.094181    0.303547    0.803240 ^ clkbuf_3_0__f_wb_clk_i/X (sky130_fd_sc_hd__clkbuf_16)
                                                         clknet_3_0__leaf_wb_clk_i (net)
                      0.094200    0.001322    0.804562 ^ _701_/CLK (sky130_fd_sc_hd__dfrtp_1)
                                  0.250000    1.054562   clock uncertainty
                                  0.000000    1.054562   clock reconvergence pessimism
                                  0.660609    1.715171   library removal time
                                              1.715171   data required time
---------------------------------------------------------------------------------------------
                                              1.715171   data required time
                                             -6.509327   data arrival time
---------------------------------------------------------------------------------------------
                                              4.794157   slack (MET)


Startpoint: wb_rst_i (input port clocked by wb_clk_i)
Endpoint: _688_ (removal check against rising-edge clock wb_clk_i)
Path Group: asynchronous
Path Type: min

Fanout         Cap        Slew       Delay        Time   Description
---------------------------------------------------------------------------------------------
                                  0.000000    0.000000   clock wb_clk_i (rise edge)
                                  0.000000    0.000000   clock network delay (propagated)
                                  5.000000    5.000000 v input external delay
     2    0.007651    0.037778    0.024245    5.024245 v wb_rst_i (in)
                                                         wb_rst_i (net)
                      0.037779    0.000000    5.024245 v input23/A (sky130_fd_sc_hd__clkbuf_1)
     1    0.003458    0.056955    0.151767    5.176012 v input23/X (sky130_fd_sc_hd__clkbuf_1)
                                                         net23 (net)
                      0.056955    0.000104    5.176116 v fanout89/A (sky130_fd_sc_hd__buf_2)
    11    0.051934    0.236875    0.393693    5.569809 v fanout89/X (sky130_fd_sc_hd__buf_2)
                                                         net89 (net)
                      0.236898    0.002462    5.572271 v fanout84/A (sky130_fd_sc_hd__clkbuf_4)
    10    0.048241    0.183822    0.437809    6.010081 v fanout84/X (sky130_fd_sc_hd__clkbuf_4)
                                                         net84 (net)
                      0.183822    0.000712    6.010793 v fanout83/A (sky130_fd_sc_hd__buf_4)
    10    0.055337    0.144287    0.393355    6.404148 v fanout83/X (sky130_fd_sc_hd__buf_4)
                                                         net83 (net)
                      0.144387    0.003457    6.407605 v _645_/A (sky130_fd_sc_hd__inv_2)
     1    0.004073    0.056600    0.101914    6.509519 ^ _645_/Y (sky130_fd_sc_hd__inv_2)
                                                         _055_ (net)
                      0.056600    0.000054    6.509573 ^ _688_/RESET_B (sky130_fd_sc_hd__dfrtp_1)
                                              6.509573   data arrival time

                                  0.000000    0.000000   clock wb_clk_i (rise edge)
                                  0.000000    0.000000   clock source latency
     2    0.024010    0.178101    0.122636    0.122636 ^ wb_clk_i (in)
                                                         wb_clk_i (net)
                      0.178133    0.000000    0.122636 ^ clkbuf_0_wb_clk_i/A (sky130_fd_sc_hd__clkbuf_16)
    17    0.109159    0.188823    0.374197    0.496832 ^ clkbuf_0_wb_clk_i/X (sky130_fd_sc_hd__clkbuf_16)
                                                         clknet_0_wb_clk_i (net)
                      0.188869    0.002860    0.499693 ^ clkbuf_3_0__f_wb_clk_i/A (sky130_fd_sc_hd__clkbuf_16)
    13    0.039657    0.094181    0.303547    0.803240 ^ clkbuf_3_0__f_wb_clk_i/X (sky130_fd_sc_hd__clkbuf_16)
                                                         clknet_3_0__leaf_wb_clk_i (net)
                      0.094204    0.001426    0.804666 ^ _688_/CLK (sky130_fd_sc_hd__dfrtp_1)
                                  0.250000    1.054666   clock uncertainty
                                  0.000000    1.054666   clock reconvergence pessimism
                                  0.660644    1.715310   library removal time
                                              1.715310   data required time
---------------------------------------------------------------------------------------------
                                              1.715310   data required time
                                             -6.509573   data arrival time
---------------------------------------------------------------------------------------------
                                              4.794263   slack (MET)


Startpoint: wb_rst_i (input port clocked by wb_clk_i)
Endpoint: _695_ (removal check against rising-edge clock wb_clk_i)
Path Group: asynchronous
Path Type: min

Fanout         Cap        Slew       Delay        Time   Description
---------------------------------------------------------------------------------------------
                                  0.000000    0.000000   clock wb_clk_i (rise edge)
                                  0.000000    0.000000   clock network delay (propagated)
                                  5.000000    5.000000 v input external delay
     2    0.007651    0.037778    0.024245    5.024245 v wb_rst_i (in)
                                                         wb_rst_i (net)
                      0.037779    0.000000    5.024245 v input23/A (sky130_fd_sc_hd__clkbuf_1)
     1    0.003458    0.056955    0.151767    5.176012 v input23/X (sky130_fd_sc_hd__clkbuf_1)
                                                         net23 (net)
                      0.056955    0.000104    5.176116 v fanout89/A (sky130_fd_sc_hd__buf_2)
    11    0.051934    0.236875    0.393693    5.569809 v fanout89/X (sky130_fd_sc_hd__buf_2)
                                                         net89 (net)
                      0.236898    0.002462    5.572271 v fanout84/A (sky130_fd_sc_hd__clkbuf_4)
    10    0.048241    0.183822    0.437809    6.010081 v fanout84/X (sky130_fd_sc_hd__clkbuf_4)
                                                         net84 (net)
                      0.183822    0.000712    6.010793 v fanout83/A (sky130_fd_sc_hd__buf_4)
    10    0.055337    0.144287    0.393355    6.404148 v fanout83/X (sky130_fd_sc_hd__buf_4)
                                                         net83 (net)
                      0.144368    0.003154    6.407302 v _652_/A (sky130_fd_sc_hd__inv_2)
     1    0.004228    0.057502    0.103015    6.510317 ^ _652_/Y (sky130_fd_sc_hd__inv_2)
                                                         _062_ (net)
                      0.057502    0.000056    6.510373 ^ _695_/RESET_B (sky130_fd_sc_hd__dfrtp_1)
                                              6.510373   data arrival time

                                  0.000000    0.000000   clock wb_clk_i (rise edge)
                                  0.000000    0.000000   clock source latency
     2    0.024010    0.178101    0.122636    0.122636 ^ wb_clk_i (in)
                                                         wb_clk_i (net)
                      0.178133    0.000000    0.122636 ^ clkbuf_0_wb_clk_i/A (sky130_fd_sc_hd__clkbuf_16)
    17    0.109159    0.188823    0.374197    0.496832 ^ clkbuf_0_wb_clk_i/X (sky130_fd_sc_hd__clkbuf_16)
                                                         clknet_0_wb_clk_i (net)
                      0.188869    0.002860    0.499693 ^ clkbuf_3_0__f_wb_clk_i/A (sky130_fd_sc_hd__clkbuf_16)
    13    0.039657    0.094181    0.303547    0.803240 ^ clkbuf_3_0__f_wb_clk_i/X (sky130_fd_sc_hd__clkbuf_16)
                                                         clknet_3_0__leaf_wb_clk_i (net)
                      0.094197    0.001247    0.804487 ^ _695_/CLK (sky130_fd_sc_hd__dfrtp_1)
                                  0.250000    1.054487   clock uncertainty
                                  0.000000    1.054487   clock reconvergence pessimism
                                  0.660919    1.715406   library removal time
                                              1.715406   data required time
---------------------------------------------------------------------------------------------
                                              1.715406   data required time
                                             -6.510373   data arrival time
---------------------------------------------------------------------------------------------
                                              4.794968   slack (MET)


Startpoint: wb_rst_i (input port clocked by wb_clk_i)
Endpoint: _675_ (removal check against rising-edge clock wb_clk_i)
Path Group: asynchronous
Path Type: min

Fanout         Cap        Slew       Delay        Time   Description
---------------------------------------------------------------------------------------------
                                  0.000000    0.000000   clock wb_clk_i (rise edge)
                                  0.000000    0.000000   clock network delay (propagated)
                                  5.000000    5.000000 v input external delay
     2    0.007651    0.037778    0.024245    5.024245 v wb_rst_i (in)
                                                         wb_rst_i (net)
                      0.037779    0.000000    5.024245 v input23/A (sky130_fd_sc_hd__clkbuf_1)
     1    0.003458    0.056955    0.151767    5.176012 v input23/X (sky130_fd_sc_hd__clkbuf_1)
                                                         net23 (net)
                      0.056955    0.000104    5.176116 v fanout89/A (sky130_fd_sc_hd__buf_2)
    11    0.051934    0.236875    0.393693    5.569809 v fanout89/X (sky130_fd_sc_hd__buf_2)
                                                         net89 (net)
                      0.236876    0.000981    5.570791 v fanout88/A (sky130_fd_sc_hd__clkbuf_4)
    19    0.073547    0.264165    0.499160    6.069951 v fanout88/X (sky130_fd_sc_hd__clkbuf_4)
                                                         net88 (net)
                      0.264171    0.001647    6.071597 v fanout87/A (sky130_fd_sc_hd__buf_4)
    21    0.069854    0.173691    0.455707    6.527305 v fanout87/X (sky130_fd_sc_hd__buf_4)
                                                         net87 (net)
                      0.173691    0.000858    6.528162 v _632_/A (sky130_fd_sc_hd__inv_2)
     1    0.003756    0.060701    0.110435    6.638598 ^ _632_/Y (sky130_fd_sc_hd__inv_2)
                                                         _042_ (net)
                      0.060701    0.000043    6.638641 ^ _675_/RESET_B (sky130_fd_sc_hd__dfrtp_1)
                                              6.638641   data arrival time

                                  0.000000    0.000000   clock wb_clk_i (rise edge)
                                  0.000000    0.000000   clock source latency
     2    0.024010    0.178101    0.122636    0.122636 ^ wb_clk_i (in)
                                                         wb_clk_i (net)
                      0.178133    0.000000    0.122636 ^ clkbuf_0_wb_clk_i/A (sky130_fd_sc_hd__clkbuf_16)
    17    0.109159    0.188823    0.374197    0.496832 ^ clkbuf_0_wb_clk_i/X (sky130_fd_sc_hd__clkbuf_16)
                                                         clknet_0_wb_clk_i (net)
                      0.188896    0.003474    0.500306 ^ clkbuf_3_5__f_wb_clk_i/A (sky130_fd_sc_hd__clkbuf_16)
    14    0.041698    0.096037    0.306428    0.806734 ^ clkbuf_3_5__f_wb_clk_i/X (sky130_fd_sc_hd__clkbuf_16)
                                                         clknet_3_5__leaf_wb_clk_i (net)
                      0.096076    0.001127    0.807861 ^ _675_/CLK (sky130_fd_sc_hd__dfrtp_1)
                                  0.250000    1.057861   clock uncertainty
                                  0.000000    1.057861   clock reconvergence pessimism
                                  0.662468    1.720330   library removal time
                                              1.720330   data required time
---------------------------------------------------------------------------------------------
                                              1.720330   data required time
                                             -6.638641   data arrival time
---------------------------------------------------------------------------------------------
                                              4.918311   slack (MET)


Startpoint: wb_rst_i (input port clocked by wb_clk_i)
Endpoint: _681_ (removal check against rising-edge clock wb_clk_i)
Path Group: asynchronous
Path Type: min

Fanout         Cap        Slew       Delay        Time   Description
---------------------------------------------------------------------------------------------
                                  0.000000    0.000000   clock wb_clk_i (rise edge)
                                  0.000000    0.000000   clock network delay (propagated)
                                  5.000000    5.000000 v input external delay
     2    0.007651    0.037778    0.024245    5.024245 v wb_rst_i (in)
                                                         wb_rst_i (net)
                      0.037779    0.000000    5.024245 v input23/A (sky130_fd_sc_hd__clkbuf_1)
     1    0.003458    0.056955    0.151767    5.176012 v input23/X (sky130_fd_sc_hd__clkbuf_1)
                                                         net23 (net)
                      0.056955    0.000104    5.176116 v fanout89/A (sky130_fd_sc_hd__buf_2)
    11    0.051934    0.236875    0.393693    5.569809 v fanout89/X (sky130_fd_sc_hd__buf_2)
                                                         net89 (net)
                      0.236876    0.000981    5.570791 v fanout88/A (sky130_fd_sc_hd__clkbuf_4)
    19    0.073547    0.264165    0.499160    6.069951 v fanout88/X (sky130_fd_sc_hd__clkbuf_4)
                                                         net88 (net)
                      0.264171    0.001647    6.071597 v fanout87/A (sky130_fd_sc_hd__buf_4)
    21    0.069854    0.173691    0.455707    6.527305 v fanout87/X (sky130_fd_sc_hd__buf_4)
                                                         net87 (net)
                      0.173847    0.004741    6.532045 v _638_/A (sky130_fd_sc_hd__inv_2)
     1    0.003437    0.058963    0.107927    6.639972 ^ _638_/Y (sky130_fd_sc_hd__inv_2)
                                                         _048_ (net)
                      0.058963    0.000066    6.640038 ^ _681_/RESET_B (sky130_fd_sc_hd__dfrtp_1)
                                              6.640038   data arrival time

                                  0.000000    0.000000   clock wb_clk_i (rise edge)
                                  0.000000    0.000000   clock source latency
     2    0.024010    0.178101    0.122636    0.122636 ^ wb_clk_i (in)
                                                         wb_clk_i (net)
                      0.178133    0.000000    0.122636 ^ clkbuf_0_wb_clk_i/A (sky130_fd_sc_hd__clkbuf_16)
    17    0.109159    0.188823    0.374197    0.496832 ^ clkbuf_0_wb_clk_i/X (sky130_fd_sc_hd__clkbuf_16)
                                                         clknet_0_wb_clk_i (net)
                      0.188845    0.002161    0.498994 ^ clkbuf_3_6__f_wb_clk_i/A (sky130_fd_sc_hd__clkbuf_16)
    10    0.042134    0.096653    0.307133    0.806127 ^ clkbuf_3_6__f_wb_clk_i/X (sky130_fd_sc_hd__clkbuf_16)
                                                         clknet_3_6__leaf_wb_clk_i (net)
                      0.096673    0.000556    0.806682 ^ _681_/CLK (sky130_fd_sc_hd__dfrtp_1)
                                  0.250000    1.056682   clock uncertainty
                                  0.000000    1.056682   clock reconvergence pessimism
                                  0.662115    1.718797   library removal time
                                              1.718797   data required time
---------------------------------------------------------------------------------------------
                                              1.718797   data required time
                                             -6.640038   data arrival time
---------------------------------------------------------------------------------------------
                                              4.921241   slack (MET)


Startpoint: wb_rst_i (input port clocked by wb_clk_i)
Endpoint: _682_ (removal check against rising-edge clock wb_clk_i)
Path Group: asynchronous
Path Type: min

Fanout         Cap        Slew       Delay        Time   Description
---------------------------------------------------------------------------------------------
                                  0.000000    0.000000   clock wb_clk_i (rise edge)
                                  0.000000    0.000000   clock network delay (propagated)
                                  5.000000    5.000000 v input external delay
     2    0.007651    0.037778    0.024245    5.024245 v wb_rst_i (in)
                                                         wb_rst_i (net)
                      0.037779    0.000000    5.024245 v input23/A (sky130_fd_sc_hd__clkbuf_1)
     1    0.003458    0.056955    0.151767    5.176012 v input23/X (sky130_fd_sc_hd__clkbuf_1)
                                                         net23 (net)
                      0.056955    0.000104    5.176116 v fanout89/A (sky130_fd_sc_hd__buf_2)
    11    0.051934    0.236875    0.393693    5.569809 v fanout89/X (sky130_fd_sc_hd__buf_2)
                                                         net89 (net)
                      0.236876    0.000981    5.570791 v fanout88/A (sky130_fd_sc_hd__clkbuf_4)
    19    0.073547    0.264165    0.499160    6.069951 v fanout88/X (sky130_fd_sc_hd__clkbuf_4)
                                                         net88 (net)
                      0.264171    0.001647    6.071597 v fanout87/A (sky130_fd_sc_hd__buf_4)
    21    0.069854    0.173691    0.455707    6.527305 v fanout87/X (sky130_fd_sc_hd__buf_4)
                                                         net87 (net)
                      0.173867    0.005000    6.532305 v _639_/A (sky130_fd_sc_hd__inv_2)
     1    0.003437    0.058967    0.107934    6.640239 ^ _639_/Y (sky130_fd_sc_hd__inv_2)
                                                         _049_ (net)
                      0.058967    0.000066    6.640305 ^ _682_/RESET_B (sky130_fd_sc_hd__dfrtp_1)
                                              6.640305   data arrival time

                                  0.000000    0.000000   clock wb_clk_i (rise edge)
                                  0.000000    0.000000   clock source latency
     2    0.024010    0.178101    0.122636    0.122636 ^ wb_clk_i (in)
                                                         wb_clk_i (net)
                      0.178133    0.000000    0.122636 ^ clkbuf_0_wb_clk_i/A (sky130_fd_sc_hd__clkbuf_16)
    17    0.109159    0.188823    0.374197    0.496832 ^ clkbuf_0_wb_clk_i/X (sky130_fd_sc_hd__clkbuf_16)
                                                         clknet_0_wb_clk_i (net)
                      0.188845    0.002161    0.498994 ^ clkbuf_3_6__f_wb_clk_i/A (sky130_fd_sc_hd__clkbuf_16)
    10    0.042134    0.096653    0.307133    0.806127 ^ clkbuf_3_6__f_wb_clk_i/X (sky130_fd_sc_hd__clkbuf_16)
                                                         clknet_3_6__leaf_wb_clk_i (net)
                      0.096674    0.000585    0.806712 ^ _682_/CLK (sky130_fd_sc_hd__dfrtp_1)
                                  0.250000    1.056712   clock uncertainty
                                  0.000000    1.056712   clock reconvergence pessimism
                                  0.662116    1.718828   library removal time
                                              1.718828   data required time
---------------------------------------------------------------------------------------------
                                              1.718828   data required time
                                             -6.640305   data arrival time
---------------------------------------------------------------------------------------------
                                              4.921477   slack (MET)


Startpoint: wb_rst_i (input port clocked by wb_clk_i)
Endpoint: _680_ (removal check against rising-edge clock wb_clk_i)
Path Group: asynchronous
Path Type: min

Fanout         Cap        Slew       Delay        Time   Description
---------------------------------------------------------------------------------------------
                                  0.000000    0.000000   clock wb_clk_i (rise edge)
                                  0.000000    0.000000   clock network delay (propagated)
                                  5.000000    5.000000 v input external delay
     2    0.007651    0.037778    0.024245    5.024245 v wb_rst_i (in)
                                                         wb_rst_i (net)
                      0.037779    0.000000    5.024245 v input23/A (sky130_fd_sc_hd__clkbuf_1)
     1    0.003458    0.056955    0.151767    5.176012 v input23/X (sky130_fd_sc_hd__clkbuf_1)
                                                         net23 (net)
                      0.056955    0.000104    5.176116 v fanout89/A (sky130_fd_sc_hd__buf_2)
    11    0.051934    0.236875    0.393693    5.569809 v fanout89/X (sky130_fd_sc_hd__buf_2)
                                                         net89 (net)
                      0.236876    0.000981    5.570791 v fanout88/A (sky130_fd_sc_hd__clkbuf_4)
    19    0.073547    0.264165    0.499160    6.069951 v fanout88/X (sky130_fd_sc_hd__clkbuf_4)
                                                         net88 (net)
                      0.264171    0.001647    6.071597 v fanout87/A (sky130_fd_sc_hd__buf_4)
    21    0.069854    0.173691    0.455707    6.527305 v fanout87/X (sky130_fd_sc_hd__buf_4)
                                                         net87 (net)
                      0.173692    0.000921    6.528225 v _637_/A (sky130_fd_sc_hd__inv_2)
     1    0.003588    0.059754    0.109091    6.637317 ^ _637_/Y (sky130_fd_sc_hd__inv_2)
                                                         _047_ (net)
                      0.059754    0.000040    6.637357 ^ _680_/RESET_B (sky130_fd_sc_hd__dfrtp_1)
                                              6.637357   data arrival time

                                  0.000000    0.000000   clock wb_clk_i (rise edge)
                                  0.000000    0.000000   clock source latency
     2    0.024010    0.178101    0.122636    0.122636 ^ wb_clk_i (in)
                                                         wb_clk_i (net)
                      0.178133    0.000000    0.122636 ^ clkbuf_0_wb_clk_i/A (sky130_fd_sc_hd__clkbuf_16)
    17    0.109159    0.188823    0.374197    0.496832 ^ clkbuf_0_wb_clk_i/X (sky130_fd_sc_hd__clkbuf_16)
                                                         clknet_0_wb_clk_i (net)
                      0.188859    0.002590    0.499422 ^ clkbuf_3_7__f_wb_clk_i/A (sky130_fd_sc_hd__clkbuf_16)
    13    0.039512    0.093822    0.303284    0.802706 ^ clkbuf_3_7__f_wb_clk_i/X (sky130_fd_sc_hd__clkbuf_16)
                                                         clknet_3_7__leaf_wb_clk_i (net)
                      0.093854    0.001655    0.804361 ^ _680_/CLK (sky130_fd_sc_hd__dfrtp_1)
                                  0.250000    1.054361   clock uncertainty
                                  0.000000    1.054361   clock reconvergence pessimism
                                  0.661507    1.715868   library removal time
                                              1.715868   data required time
---------------------------------------------------------------------------------------------
                                              1.715868   data required time
                                             -6.637357   data arrival time
---------------------------------------------------------------------------------------------
                                              4.921489   slack (MET)


Startpoint: wb_rst_i (input port clocked by wb_clk_i)
Endpoint: _684_ (removal check against rising-edge clock wb_clk_i)
Path Group: asynchronous
Path Type: min

Fanout         Cap        Slew       Delay        Time   Description
---------------------------------------------------------------------------------------------
                                  0.000000    0.000000   clock wb_clk_i (rise edge)
                                  0.000000    0.000000   clock network delay (propagated)
                                  5.000000    5.000000 v input external delay
     2    0.007651    0.037778    0.024245    5.024245 v wb_rst_i (in)
                                                         wb_rst_i (net)
                      0.037779    0.000000    5.024245 v input23/A (sky130_fd_sc_hd__clkbuf_1)
     1    0.003458    0.056955    0.151767    5.176012 v input23/X (sky130_fd_sc_hd__clkbuf_1)
                                                         net23 (net)
                      0.056955    0.000104    5.176116 v fanout89/A (sky130_fd_sc_hd__buf_2)
    11    0.051934    0.236875    0.393693    5.569809 v fanout89/X (sky130_fd_sc_hd__buf_2)
                                                         net89 (net)
                      0.236876    0.000981    5.570791 v fanout88/A (sky130_fd_sc_hd__clkbuf_4)
    19    0.073547    0.264165    0.499160    6.069951 v fanout88/X (sky130_fd_sc_hd__clkbuf_4)
                                                         net88 (net)
                      0.264171    0.001647    6.071597 v fanout87/A (sky130_fd_sc_hd__buf_4)
    21    0.069854    0.173691    0.455707    6.527305 v fanout87/X (sky130_fd_sc_hd__buf_4)
                                                         net87 (net)
                      0.173881    0.005171    6.532475 v _641_/A (sky130_fd_sc_hd__inv_2)
     1    0.003422    0.058886    0.107814    6.640289 ^ _641_/Y (sky130_fd_sc_hd__inv_2)
                                                         _051_ (net)
                      0.058886    0.000066    6.640355 ^ _684_/RESET_B (sky130_fd_sc_hd__dfrtp_1)
                                              6.640355   data arrival time

                                  0.000000    0.000000   clock wb_clk_i (rise edge)
                                  0.000000    0.000000   clock source latency
     2    0.024010    0.178101    0.122636    0.122636 ^ wb_clk_i (in)
                                                         wb_clk_i (net)
                      0.178133    0.000000    0.122636 ^ clkbuf_0_wb_clk_i/A (sky130_fd_sc_hd__clkbuf_16)
    17    0.109159    0.188823    0.374197    0.496832 ^ clkbuf_0_wb_clk_i/X (sky130_fd_sc_hd__clkbuf_16)
                                                         clknet_0_wb_clk_i (net)
                      0.188859    0.002590    0.499422 ^ clkbuf_3_7__f_wb_clk_i/A (sky130_fd_sc_hd__clkbuf_16)
    13    0.039512    0.093822    0.303284    0.802706 ^ clkbuf_3_7__f_wb_clk_i/X (sky130_fd_sc_hd__clkbuf_16)
                                                         clknet_3_7__leaf_wb_clk_i (net)
                      0.093830    0.000968    0.803674 ^ _684_/CLK (sky130_fd_sc_hd__dfrtp_1)
                                  0.250000    1.053674   clock uncertainty
                                  0.000000    1.053674   clock reconvergence pessimism
                                  0.661233    1.714907   library removal time
                                              1.714907   data required time
---------------------------------------------------------------------------------------------
                                              1.714907   data required time
                                             -6.640355   data arrival time
---------------------------------------------------------------------------------------------
                                              4.925448   slack (MET)


Startpoint: wb_rst_i (input port clocked by wb_clk_i)
Endpoint: _685_ (removal check against rising-edge clock wb_clk_i)
Path Group: asynchronous
Path Type: min

Fanout         Cap        Slew       Delay        Time   Description
---------------------------------------------------------------------------------------------
                                  0.000000    0.000000   clock wb_clk_i (rise edge)
                                  0.000000    0.000000   clock network delay (propagated)
                                  5.000000    5.000000 v input external delay
     2    0.007651    0.037778    0.024245    5.024245 v wb_rst_i (in)
                                                         wb_rst_i (net)
                      0.037779    0.000000    5.024245 v input23/A (sky130_fd_sc_hd__clkbuf_1)
     1    0.003458    0.056955    0.151767    5.176012 v input23/X (sky130_fd_sc_hd__clkbuf_1)
                                                         net23 (net)
                      0.056955    0.000104    5.176116 v fanout89/A (sky130_fd_sc_hd__buf_2)
    11    0.051934    0.236875    0.393693    5.569809 v fanout89/X (sky130_fd_sc_hd__buf_2)
                                                         net89 (net)
                      0.236876    0.000981    5.570791 v fanout88/A (sky130_fd_sc_hd__clkbuf_4)
    19    0.073547    0.264165    0.499160    6.069951 v fanout88/X (sky130_fd_sc_hd__clkbuf_4)
                                                         net88 (net)
                      0.264171    0.001647    6.071597 v fanout87/A (sky130_fd_sc_hd__buf_4)
    21    0.069854    0.173691    0.455707    6.527305 v fanout87/X (sky130_fd_sc_hd__buf_4)
                                                         net87 (net)
                      0.173886    0.005231    6.532536 v _642_/A (sky130_fd_sc_hd__inv_2)
     1    0.003426    0.058912    0.107853    6.640389 ^ _642_/Y (sky130_fd_sc_hd__inv_2)
                                                         _052_ (net)
                      0.058912    0.000066    6.640455 ^ _685_/RESET_B (sky130_fd_sc_hd__dfrtp_1)
                                              6.640455   data arrival time

                                  0.000000    0.000000   clock wb_clk_i (rise edge)
                                  0.000000    0.000000   clock source latency
     2    0.024010    0.178101    0.122636    0.122636 ^ wb_clk_i (in)
                                                         wb_clk_i (net)
                      0.178133    0.000000    0.122636 ^ clkbuf_0_wb_clk_i/A (sky130_fd_sc_hd__clkbuf_16)
    17    0.109159    0.188823    0.374197    0.496832 ^ clkbuf_0_wb_clk_i/X (sky130_fd_sc_hd__clkbuf_16)
                                                         clknet_0_wb_clk_i (net)
                      0.188859    0.002590    0.499422 ^ clkbuf_3_7__f_wb_clk_i/A (sky130_fd_sc_hd__clkbuf_16)
    13    0.039512    0.093822    0.303284    0.802706 ^ clkbuf_3_7__f_wb_clk_i/X (sky130_fd_sc_hd__clkbuf_16)
                                                         clknet_3_7__leaf_wb_clk_i (net)
                      0.093829    0.000954    0.803660 ^ _685_/CLK (sky130_fd_sc_hd__dfrtp_1)
                                  0.250000    1.053660   clock uncertainty
                                  0.000000    1.053660   clock reconvergence pessimism
                                  0.661241    1.714901   library removal time
                                              1.714901   data required time
---------------------------------------------------------------------------------------------
                                              1.714901   data required time
                                             -6.640455   data arrival time
---------------------------------------------------------------------------------------------
                                              4.925553   slack (MET)


Startpoint: wb_rst_i (input port clocked by wb_clk_i)
Endpoint: _683_ (removal check against rising-edge clock wb_clk_i)
Path Group: asynchronous
Path Type: min

Fanout         Cap        Slew       Delay        Time   Description
---------------------------------------------------------------------------------------------
                                  0.000000    0.000000   clock wb_clk_i (rise edge)
                                  0.000000    0.000000   clock network delay (propagated)
                                  5.000000    5.000000 v input external delay
     2    0.007651    0.037778    0.024245    5.024245 v wb_rst_i (in)
                                                         wb_rst_i (net)
                      0.037779    0.000000    5.024245 v input23/A (sky130_fd_sc_hd__clkbuf_1)
     1    0.003458    0.056955    0.151767    5.176012 v input23/X (sky130_fd_sc_hd__clkbuf_1)
                                                         net23 (net)
                      0.056955    0.000104    5.176116 v fanout89/A (sky130_fd_sc_hd__buf_2)
    11    0.051934    0.236875    0.393693    5.569809 v fanout89/X (sky130_fd_sc_hd__buf_2)
                                                         net89 (net)
                      0.236876    0.000981    5.570791 v fanout88/A (sky130_fd_sc_hd__clkbuf_4)
    19    0.073547    0.264165    0.499160    6.069951 v fanout88/X (sky130_fd_sc_hd__clkbuf_4)
                                                         net88 (net)
                      0.264171    0.001647    6.071597 v fanout87/A (sky130_fd_sc_hd__buf_4)
    21    0.069854    0.173691    0.455707    6.527305 v fanout87/X (sky130_fd_sc_hd__buf_4)
                                                         net87 (net)
                      0.173877    0.005122    6.532426 v _640_/A (sky130_fd_sc_hd__inv_2)
     1    0.003585    0.059773    0.109133    6.641559 ^ _640_/Y (sky130_fd_sc_hd__inv_2)
                                                         _050_ (net)
                      0.059773    0.000040    6.641599 ^ _683_/RESET_B (sky130_fd_sc_hd__dfrtp_1)
                                              6.641599   data arrival time

                                  0.000000    0.000000   clock wb_clk_i (rise edge)
                                  0.000000    0.000000   clock source latency
     2    0.024010    0.178101    0.122636    0.122636 ^ wb_clk_i (in)
                                                         wb_clk_i (net)
                      0.178133    0.000000    0.122636 ^ clkbuf_0_wb_clk_i/A (sky130_fd_sc_hd__clkbuf_16)
    17    0.109159    0.188823    0.374197    0.496832 ^ clkbuf_0_wb_clk_i/X (sky130_fd_sc_hd__clkbuf_16)
                                                         clknet_0_wb_clk_i (net)
                      0.188859    0.002590    0.499422 ^ clkbuf_3_7__f_wb_clk_i/A (sky130_fd_sc_hd__clkbuf_16)
    13    0.039512    0.093822    0.303284    0.802706 ^ clkbuf_3_7__f_wb_clk_i/X (sky130_fd_sc_hd__clkbuf_16)
                                                         clknet_3_7__leaf_wb_clk_i (net)
                      0.093831    0.001020    0.803726 ^ _683_/CLK (sky130_fd_sc_hd__dfrtp_1)
                                  0.250000    1.053726   clock uncertainty
                                  0.000000    1.053726   clock reconvergence pessimism
                                  0.661506    1.715232   library removal time
                                              1.715232   data required time
---------------------------------------------------------------------------------------------
                                              1.715232   data required time
                                             -6.641599   data arrival time
---------------------------------------------------------------------------------------------
                                              4.926367   slack (MET)


Startpoint: wb_rst_i (input port clocked by wb_clk_i)
Endpoint: _671_ (removal check against rising-edge clock wb_clk_i)
Path Group: asynchronous
Path Type: min

Fanout         Cap        Slew       Delay        Time   Description
---------------------------------------------------------------------------------------------
                                  0.000000    0.000000   clock wb_clk_i (rise edge)
                                  0.000000    0.000000   clock network delay (propagated)
                                  5.000000    5.000000 v input external delay
     2    0.007651    0.037778    0.024245    5.024245 v wb_rst_i (in)
                                                         wb_rst_i (net)
                      0.037779    0.000000    5.024245 v input23/A (sky130_fd_sc_hd__clkbuf_1)
     1    0.003458    0.056955    0.151767    5.176012 v input23/X (sky130_fd_sc_hd__clkbuf_1)
                                                         net23 (net)
                      0.056955    0.000104    5.176116 v fanout89/A (sky130_fd_sc_hd__buf_2)
    11    0.051934    0.236875    0.393693    5.569809 v fanout89/X (sky130_fd_sc_hd__buf_2)
                                                         net89 (net)
                      0.236898    0.002462    5.572271 v fanout84/A (sky130_fd_sc_hd__clkbuf_4)
    10    0.048241    0.183822    0.437809    6.010081 v fanout84/X (sky130_fd_sc_hd__clkbuf_4)
                                                         net84 (net)
                      0.183822    0.000712    6.010793 v fanout83/A (sky130_fd_sc_hd__buf_4)
    10    0.055337    0.144287    0.393355    6.404148 v fanout83/X (sky130_fd_sc_hd__buf_4)
                                                         net83 (net)
                      0.144316    0.002036    6.406184 v _339_/A (sky130_fd_sc_hd__inv_2)
     7    0.027322    0.205120    0.224801    6.630984 ^ _339_/Y (sky130_fd_sc_hd__inv_2)
                                                         _038_ (net)
                      0.205126    0.000921    6.631906 ^ fanout82/A (sky130_fd_sc_hd__clkbuf_4)
    21    0.066088    0.318887    0.492892    7.124798 ^ fanout82/X (sky130_fd_sc_hd__clkbuf_4)
                                                         net82 (net)
                      0.318887    0.001206    7.126004 ^ _671_/RESET_B (sky130_fd_sc_hd__dfrtp_1)
                                              7.126004   data arrival time

                                  0.000000    0.000000   clock wb_clk_i (rise edge)
                                  0.000000    0.000000   clock source latency
     2    0.024010    0.178101    0.122636    0.122636 ^ wb_clk_i (in)
                                                         wb_clk_i (net)
                      0.178133    0.000000    0.122636 ^ clkbuf_0_wb_clk_i/A (sky130_fd_sc_hd__clkbuf_16)
    17    0.109159    0.188823    0.374197    0.496832 ^ clkbuf_0_wb_clk_i/X (sky130_fd_sc_hd__clkbuf_16)
                                                         clknet_0_wb_clk_i (net)
                      0.188875    0.003013    0.499845 ^ clkbuf_3_4__f_wb_clk_i/A (sky130_fd_sc_hd__clkbuf_16)
    12    0.042662    0.097277    0.307580    0.807425 ^ clkbuf_3_4__f_wb_clk_i/X (sky130_fd_sc_hd__clkbuf_16)
                                                         clknet_3_4__leaf_wb_clk_i (net)
                      0.097352    0.001396    0.808822 ^ _671_/CLK (sky130_fd_sc_hd__dfrtp_1)
                                  0.250000    1.058822   clock uncertainty
                                  0.000000    1.058822   clock reconvergence pessimism
                                  0.742145    1.800967   library removal time
                                              1.800967   data required time
---------------------------------------------------------------------------------------------
                                              1.800967   data required time
                                             -7.126004   data arrival time
---------------------------------------------------------------------------------------------
                                              5.325037   slack (MET)


Startpoint: _685_ (rising edge-triggered flip-flop clocked by wb_clk_i)
Endpoint: wb_dat_o[14] (output port clocked by wb_clk_i)
Path Group: wb_clk_i
Path Type: min

Fanout         Cap        Slew       Delay        Time   Description
---------------------------------------------------------------------------------------------
                                  0.000000    0.000000   clock wb_clk_i (rise edge)
                                  0.000000    0.000000   clock source latency
     2    0.024010    0.178101    0.122636    0.122636 ^ wb_clk_i (in)
                                                         wb_clk_i (net)
                      0.178133    0.000000    0.122636 ^ clkbuf_0_wb_clk_i/A (sky130_fd_sc_hd__clkbuf_16)
    17    0.109159    0.188823    0.374197    0.496832 ^ clkbuf_0_wb_clk_i/X (sky130_fd_sc_hd__clkbuf_16)
                                                         clknet_0_wb_clk_i (net)
                      0.188859    0.002590    0.499422 ^ clkbuf_3_7__f_wb_clk_i/A (sky130_fd_sc_hd__clkbuf_16)
    13    0.039512    0.093822    0.303284    0.802706 ^ clkbuf_3_7__f_wb_clk_i/X (sky130_fd_sc_hd__clkbuf_16)
                                                         clknet_3_7__leaf_wb_clk_i (net)
                      0.093829    0.000954    0.803660 ^ _685_/CLK (sky130_fd_sc_hd__dfrtp_1)
     1    0.002045    0.069827    0.635565    1.439225 ^ _685_/Q (sky130_fd_sc_hd__dfrtp_1)
                                                         net42 (net)
                      0.069827    0.000057    1.439281 ^ output42/A (sky130_fd_sc_hd__buf_2)
     1    0.034135    0.271161    0.342709    1.781990 ^ output42/X (sky130_fd_sc_hd__buf_2)
                                                         wb_dat_o[14] (net)
                      0.271161    0.000677    1.782667 ^ wb_dat_o[14] (out)
                                              1.782667   data arrival time

                                  0.000000    0.000000   clock wb_clk_i (rise edge)
                                  0.000000    0.000000   clock network delay (propagated)
                                  0.250000    0.250000   clock uncertainty
                                  0.000000    0.250000   clock reconvergence pessimism
                                 -5.000000   -4.750000   output external delay
                                             -4.750000   data required time
---------------------------------------------------------------------------------------------
                                             -4.750000   data required time
                                             -1.782667   data arrival time
---------------------------------------------------------------------------------------------
                                              6.532668   slack (MET)


Startpoint: _692_ (rising edge-triggered flip-flop clocked by wb_clk_i)
Endpoint: wb_dat_o[21] (output port clocked by wb_clk_i)
Path Group: wb_clk_i
Path Type: min

Fanout         Cap        Slew       Delay        Time   Description
---------------------------------------------------------------------------------------------
                                  0.000000    0.000000   clock wb_clk_i (rise edge)
                                  0.000000    0.000000   clock source latency
     2    0.024010    0.178101    0.122636    0.122636 ^ wb_clk_i (in)
                                                         wb_clk_i (net)
                      0.178133    0.000000    0.122636 ^ clkbuf_0_wb_clk_i/A (sky130_fd_sc_hd__clkbuf_16)
    17    0.109159    0.188823    0.374197    0.496832 ^ clkbuf_0_wb_clk_i/X (sky130_fd_sc_hd__clkbuf_16)
                                                         clknet_0_wb_clk_i (net)
                      0.188869    0.002860    0.499693 ^ clkbuf_3_0__f_wb_clk_i/A (sky130_fd_sc_hd__clkbuf_16)
    13    0.039657    0.094181    0.303547    0.803240 ^ clkbuf_3_0__f_wb_clk_i/X (sky130_fd_sc_hd__clkbuf_16)
                                                         clknet_3_0__leaf_wb_clk_i (net)
                      0.094193    0.001129    0.804369 ^ _692_/CLK (sky130_fd_sc_hd__dfrtp_1)
     1    0.001992    0.069341    0.635008    1.439377 ^ _692_/Q (sky130_fd_sc_hd__dfrtp_1)
                                                         net50 (net)
                      0.069341    0.000056    1.439433 ^ output50/A (sky130_fd_sc_hd__buf_2)
     1    0.034271    0.272174    0.343182    1.782615 ^ output50/X (sky130_fd_sc_hd__buf_2)
                                                         wb_dat_o[21] (net)
                      0.272174    0.000711    1.783326 ^ wb_dat_o[21] (out)
                                              1.783326   data arrival time

                                  0.000000    0.000000   clock wb_clk_i (rise edge)
                                  0.000000    0.000000   clock network delay (propagated)
                                  0.250000    0.250000   clock uncertainty
                                  0.000000    0.250000   clock reconvergence pessimism
                                 -5.000000   -4.750000   output external delay
                                             -4.750000   data required time
---------------------------------------------------------------------------------------------
                                             -4.750000   data required time
                                             -1.783326   data arrival time
---------------------------------------------------------------------------------------------
                                              6.533327   slack (MET)


Startpoint: _702_ (rising edge-triggered flip-flop clocked by wb_clk_i)
Endpoint: wb_dat_o[31] (output port clocked by wb_clk_i)
Path Group: wb_clk_i
Path Type: min

Fanout         Cap        Slew       Delay        Time   Description
---------------------------------------------------------------------------------------------
                                  0.000000    0.000000   clock wb_clk_i (rise edge)
                                  0.000000    0.000000   clock source latency
     2    0.024010    0.178101    0.122636    0.122636 ^ wb_clk_i (in)
                                                         wb_clk_i (net)
                      0.178133    0.000000    0.122636 ^ clkbuf_0_wb_clk_i/A (sky130_fd_sc_hd__clkbuf_16)
    17    0.109159    0.188823    0.374197    0.496832 ^ clkbuf_0_wb_clk_i/X (sky130_fd_sc_hd__clkbuf_16)
                                                         clknet_0_wb_clk_i (net)
                      0.188869    0.002860    0.499693 ^ clkbuf_3_0__f_wb_clk_i/A (sky130_fd_sc_hd__clkbuf_16)
    13    0.039657    0.094181    0.303547    0.803240 ^ clkbuf_3_0__f_wb_clk_i/X (sky130_fd_sc_hd__clkbuf_16)
                                                         clknet_3_0__leaf_wb_clk_i (net)
                      0.094205    0.001449    0.804689 ^ _702_/CLK (sky130_fd_sc_hd__dfrtp_1)
     1    0.002007    0.069472    0.635209    1.439899 ^ _702_/Q (sky130_fd_sc_hd__dfrtp_1)
                                                         net61 (net)
                      0.069472    0.000057    1.439955 ^ output61/A (sky130_fd_sc_hd__buf_2)
     1    0.034211    0.271732    0.342936    1.782892 ^ output61/X (sky130_fd_sc_hd__buf_2)
                                                         wb_dat_o[31] (net)
                      0.271732    0.000700    1.783591 ^ wb_dat_o[31] (out)
                                              1.783591   data arrival time

                                  0.000000    0.000000   clock wb_clk_i (rise edge)
                                  0.000000    0.000000   clock network delay (propagated)
                                  0.250000    0.250000   clock uncertainty
                                  0.000000    0.250000   clock reconvergence pessimism
                                 -5.000000   -4.750000   output external delay
                                             -4.750000   data required time
---------------------------------------------------------------------------------------------
                                             -4.750000   data required time
                                             -1.783591   data arrival time
---------------------------------------------------------------------------------------------
                                              6.533592   slack (MET)


Startpoint: _695_ (rising edge-triggered flip-flop clocked by wb_clk_i)
Endpoint: wb_dat_o[24] (output port clocked by wb_clk_i)
Path Group: wb_clk_i
Path Type: min

Fanout         Cap        Slew       Delay        Time   Description
---------------------------------------------------------------------------------------------
                                  0.000000    0.000000   clock wb_clk_i (rise edge)
                                  0.000000    0.000000   clock source latency
     2    0.024010    0.178101    0.122636    0.122636 ^ wb_clk_i (in)
                                                         wb_clk_i (net)
                      0.178133    0.000000    0.122636 ^ clkbuf_0_wb_clk_i/A (sky130_fd_sc_hd__clkbuf_16)
    17    0.109159    0.188823    0.374197    0.496832 ^ clkbuf_0_wb_clk_i/X (sky130_fd_sc_hd__clkbuf_16)
                                                         clknet_0_wb_clk_i (net)
                      0.188869    0.002860    0.499693 ^ clkbuf_3_0__f_wb_clk_i/A (sky130_fd_sc_hd__clkbuf_16)
    13    0.039657    0.094181    0.303547    0.803240 ^ clkbuf_3_0__f_wb_clk_i/X (sky130_fd_sc_hd__clkbuf_16)
                                                         clknet_3_0__leaf_wb_clk_i (net)
                      0.094197    0.001247    0.804487 ^ _695_/CLK (sky130_fd_sc_hd__dfrtp_1)
     1    0.002102    0.070352    0.636512    1.440999 ^ _695_/Q (sky130_fd_sc_hd__dfrtp_1)
                                                         net53 (net)
                      0.070352    0.000059    1.441057 ^ output53/A (sky130_fd_sc_hd__buf_2)
     1    0.034081    0.270758    0.342679    1.783737 ^ output53/X (sky130_fd_sc_hd__buf_2)
                                                         wb_dat_o[24] (net)
                      0.270758    0.000656    1.784393 ^ wb_dat_o[24] (out)
                                              1.784393   data arrival time

                                  0.000000    0.000000   clock wb_clk_i (rise edge)
                                  0.000000    0.000000   clock network delay (propagated)
                                  0.250000    0.250000   clock uncertainty
                                  0.000000    0.250000   clock reconvergence pessimism
                                 -5.000000   -4.750000   output external delay
                                             -4.750000   data required time
---------------------------------------------------------------------------------------------
                                             -4.750000   data required time
                                             -1.784393   data arrival time
---------------------------------------------------------------------------------------------
                                              6.534393   slack (MET)


Startpoint: _688_ (rising edge-triggered flip-flop clocked by wb_clk_i)
Endpoint: wb_dat_o[17] (output port clocked by wb_clk_i)
Path Group: wb_clk_i
Path Type: min

Fanout         Cap        Slew       Delay        Time   Description
---------------------------------------------------------------------------------------------
                                  0.000000    0.000000   clock wb_clk_i (rise edge)
                                  0.000000    0.000000   clock source latency
     2    0.024010    0.178101    0.122636    0.122636 ^ wb_clk_i (in)
                                                         wb_clk_i (net)
                      0.178133    0.000000    0.122636 ^ clkbuf_0_wb_clk_i/A (sky130_fd_sc_hd__clkbuf_16)
    17    0.109159    0.188823    0.374197    0.496832 ^ clkbuf_0_wb_clk_i/X (sky130_fd_sc_hd__clkbuf_16)
                                                         clknet_0_wb_clk_i (net)
                      0.188869    0.002860    0.499693 ^ clkbuf_3_0__f_wb_clk_i/A (sky130_fd_sc_hd__clkbuf_16)
    13    0.039657    0.094181    0.303547    0.803240 ^ clkbuf_3_0__f_wb_clk_i/X (sky130_fd_sc_hd__clkbuf_16)
                                                         clknet_3_0__leaf_wb_clk_i (net)
                      0.094204    0.001426    0.804666 ^ _688_/CLK (sky130_fd_sc_hd__dfrtp_1)
     1    0.001984    0.069276    0.634910    1.439576 ^ _688_/Q (sky130_fd_sc_hd__dfrtp_1)
                                                         net45 (net)
                      0.069276    0.000039    1.439615 ^ output45/A (sky130_fd_sc_hd__buf_2)
     1    0.034470    0.273656    0.344193    1.783808 ^ output45/X (sky130_fd_sc_hd__buf_2)
                                                         wb_dat_o[17] (net)
                      0.273656    0.000733    1.784541 ^ wb_dat_o[17] (out)
                                              1.784541   data arrival time

                                  0.000000    0.000000   clock wb_clk_i (rise edge)
                                  0.000000    0.000000   clock network delay (propagated)
                                  0.250000    0.250000   clock uncertainty
                                  0.000000    0.250000   clock reconvergence pessimism
                                 -5.000000   -4.750000   output external delay
                                             -4.750000   data required time
---------------------------------------------------------------------------------------------
                                             -4.750000   data required time
                                             -1.784541   data arrival time
---------------------------------------------------------------------------------------------
                                              6.534541   slack (MET)


Startpoint: _680_ (rising edge-triggered flip-flop clocked by wb_clk_i)
Endpoint: wb_dat_o[9] (output port clocked by wb_clk_i)
Path Group: wb_clk_i
Path Type: min

Fanout         Cap        Slew       Delay        Time   Description
---------------------------------------------------------------------------------------------
                                  0.000000    0.000000   clock wb_clk_i (rise edge)
                                  0.000000    0.000000   clock source latency
     2    0.024010    0.178101    0.122636    0.122636 ^ wb_clk_i (in)
                                                         wb_clk_i (net)
                      0.178133    0.000000    0.122636 ^ clkbuf_0_wb_clk_i/A (sky130_fd_sc_hd__clkbuf_16)
    17    0.109159    0.188823    0.374197    0.496832 ^ clkbuf_0_wb_clk_i/X (sky130_fd_sc_hd__clkbuf_16)
                                                         clknet_0_wb_clk_i (net)
                      0.188859    0.002590    0.499422 ^ clkbuf_3_7__f_wb_clk_i/A (sky130_fd_sc_hd__clkbuf_16)
    13    0.039512    0.093822    0.303284    0.802706 ^ clkbuf_3_7__f_wb_clk_i/X (sky130_fd_sc_hd__clkbuf_16)
                                                         clknet_3_7__leaf_wb_clk_i (net)
                      0.093854    0.001655    0.804361 ^ _680_/CLK (sky130_fd_sc_hd__dfrtp_1)
     1    0.002086    0.070206    0.636136    1.440497 ^ _680_/Q (sky130_fd_sc_hd__dfrtp_1)
                                                         net68 (net)
                      0.070206    0.000058    1.440555 ^ output68/A (sky130_fd_sc_hd__buf_2)
     1    0.034453    0.273551    0.344480    1.785035 ^ output68/X (sky130_fd_sc_hd__buf_2)
                                                         wb_dat_o[9] (net)
                      0.273551    0.000810    1.785845 ^ wb_dat_o[9] (out)
                                              1.785845   data arrival time

                                  0.000000    0.000000   clock wb_clk_i (rise edge)
                                  0.000000    0.000000   clock network delay (propagated)
                                  0.250000    0.250000   clock uncertainty
                                  0.000000    0.250000   clock reconvergence pessimism
                                 -5.000000   -4.750000   output external delay
                                             -4.750000   data required time
---------------------------------------------------------------------------------------------
                                             -4.750000   data required time
                                             -1.785845   data arrival time
---------------------------------------------------------------------------------------------
                                              6.535845   slack (MET)


Startpoint: _672_ (rising edge-triggered flip-flop clocked by wb_clk_i)
Endpoint: wb_dat_o[1] (output port clocked by wb_clk_i)
Path Group: wb_clk_i
Path Type: min

Fanout         Cap        Slew       Delay        Time   Description
---------------------------------------------------------------------------------------------
                                  0.000000    0.000000   clock wb_clk_i (rise edge)
                                  0.000000    0.000000   clock source latency
     2    0.024010    0.178101    0.122636    0.122636 ^ wb_clk_i (in)
                                                         wb_clk_i (net)
                      0.178133    0.000000    0.122636 ^ clkbuf_0_wb_clk_i/A (sky130_fd_sc_hd__clkbuf_16)
    17    0.109159    0.188823    0.374197    0.496832 ^ clkbuf_0_wb_clk_i/X (sky130_fd_sc_hd__clkbuf_16)
                                                         clknet_0_wb_clk_i (net)
                      0.188875    0.003013    0.499845 ^ clkbuf_3_4__f_wb_clk_i/A (sky130_fd_sc_hd__clkbuf_16)
    12    0.042662    0.097277    0.307580    0.807425 ^ clkbuf_3_4__f_wb_clk_i/X (sky130_fd_sc_hd__clkbuf_16)
                                                         clknet_3_4__leaf_wb_clk_i (net)
                      0.097340    0.001132    0.808557 ^ _672_/CLK (sky130_fd_sc_hd__dfrtp_1)
     1    0.001910    0.068519    0.635365    1.443922 ^ _672_/Q (sky130_fd_sc_hd__dfrtp_1)
                                                         net48 (net)
                      0.068519    0.000037    1.443959 ^ output48/A (sky130_fd_sc_hd__buf_2)
     1    0.034072    0.270696    0.341754    1.785713 ^ output48/X (sky130_fd_sc_hd__buf_2)
                                                         wb_dat_o[1] (net)
                      0.270696    0.000706    1.786419 ^ wb_dat_o[1] (out)
                                              1.786419   data arrival time

                                  0.000000    0.000000   clock wb_clk_i (rise edge)
                                  0.000000    0.000000   clock network delay (propagated)
                                  0.250000    0.250000   clock uncertainty
                                  0.000000    0.250000   clock reconvergence pessimism
                                 -5.000000   -4.750000   output external delay
                                             -4.750000   data required time
---------------------------------------------------------------------------------------------
                                             -4.750000   data required time
                                             -1.786419   data arrival time
---------------------------------------------------------------------------------------------
                                              6.536419   slack (MET)


Startpoint: _697_ (rising edge-triggered flip-flop clocked by wb_clk_i)
Endpoint: wb_dat_o[26] (output port clocked by wb_clk_i)
Path Group: wb_clk_i
Path Type: min

Fanout         Cap        Slew       Delay        Time   Description
---------------------------------------------------------------------------------------------
                                  0.000000    0.000000   clock wb_clk_i (rise edge)
                                  0.000000    0.000000   clock source latency
     2    0.024010    0.178101    0.122636    0.122636 ^ wb_clk_i (in)
                                                         wb_clk_i (net)
                      0.178133    0.000000    0.122636 ^ clkbuf_0_wb_clk_i/A (sky130_fd_sc_hd__clkbuf_16)
    17    0.109159    0.188823    0.374197    0.496832 ^ clkbuf_0_wb_clk_i/X (sky130_fd_sc_hd__clkbuf_16)
                                                         clknet_0_wb_clk_i (net)
                      0.188853    0.002430    0.499263 ^ clkbuf_3_1__f_wb_clk_i/A (sky130_fd_sc_hd__clkbuf_16)
    15    0.042068    0.096612    0.307174    0.806437 ^ clkbuf_3_1__f_wb_clk_i/X (sky130_fd_sc_hd__clkbuf_16)
                                                         clknet_3_1__leaf_wb_clk_i (net)
                      0.096636    0.000755    0.807192 ^ _697_/CLK (sky130_fd_sc_hd__dfrtp_1)
     1    0.001984    0.069270    0.636042    1.443234 ^ _697_/Q (sky130_fd_sc_hd__dfrtp_1)
                                                         net55 (net)
                      0.069270    0.000055    1.443289 ^ output55/A (sky130_fd_sc_hd__buf_2)
     1    0.034249    0.272013    0.343027    1.786316 ^ output55/X (sky130_fd_sc_hd__buf_2)
                                                         wb_dat_o[26] (net)
                      0.272013    0.000721    1.787037 ^ wb_dat_o[26] (out)
                                              1.787037   data arrival time

                                  0.000000    0.000000   clock wb_clk_i (rise edge)
                                  0.000000    0.000000   clock network delay (propagated)
                                  0.250000    0.250000   clock uncertainty
                                  0.000000    0.250000   clock reconvergence pessimism
                                 -5.000000   -4.750000   output external delay
                                             -4.750000   data required time
---------------------------------------------------------------------------------------------
                                             -4.750000   data required time
                                             -1.787037   data arrival time
---------------------------------------------------------------------------------------------
                                              6.537037   slack (MET)


Startpoint: _700_ (rising edge-triggered flip-flop clocked by wb_clk_i)
Endpoint: wb_dat_o[29] (output port clocked by wb_clk_i)
Path Group: wb_clk_i
Path Type: min

Fanout         Cap        Slew       Delay        Time   Description
---------------------------------------------------------------------------------------------
                                  0.000000    0.000000   clock wb_clk_i (rise edge)
                                  0.000000    0.000000   clock source latency
     2    0.024010    0.178101    0.122636    0.122636 ^ wb_clk_i (in)
                                                         wb_clk_i (net)
                      0.178133    0.000000    0.122636 ^ clkbuf_0_wb_clk_i/A (sky130_fd_sc_hd__clkbuf_16)
    17    0.109159    0.188823    0.374197    0.496832 ^ clkbuf_0_wb_clk_i/X (sky130_fd_sc_hd__clkbuf_16)
                                                         clknet_0_wb_clk_i (net)
                      0.188869    0.002860    0.499693 ^ clkbuf_3_0__f_wb_clk_i/A (sky130_fd_sc_hd__clkbuf_16)
    13    0.039657    0.094181    0.303547    0.803240 ^ clkbuf_3_0__f_wb_clk_i/X (sky130_fd_sc_hd__clkbuf_16)
                                                         clknet_3_0__leaf_wb_clk_i (net)
                      0.094197    0.001234    0.804474 ^ _700_/CLK (sky130_fd_sc_hd__dfrtp_1)
     1    0.002170    0.070995    0.637445    1.441919 ^ _700_/Q (sky130_fd_sc_hd__dfrtp_1)
                                                         net58 (net)
                      0.070995    0.000061    1.441980 ^ output58/A (sky130_fd_sc_hd__buf_2)
     1    0.034442    0.273468    0.344779    1.786759 ^ output58/X (sky130_fd_sc_hd__buf_2)
                                                         wb_dat_o[29] (net)
                      0.273468    0.000811    1.787569 ^ wb_dat_o[29] (out)
                                              1.787569   data arrival time

                                  0.000000    0.000000   clock wb_clk_i (rise edge)
                                  0.000000    0.000000   clock network delay (propagated)
                                  0.250000    0.250000   clock uncertainty
                                  0.000000    0.250000   clock reconvergence pessimism
                                 -5.000000   -4.750000   output external delay
                                             -4.750000   data required time
---------------------------------------------------------------------------------------------
                                             -4.750000   data required time
                                             -1.787569   data arrival time
---------------------------------------------------------------------------------------------
                                              6.537570   slack (MET)


Startpoint: _691_ (rising edge-triggered flip-flop clocked by wb_clk_i)
Endpoint: wb_dat_o[20] (output port clocked by wb_clk_i)
Path Group: wb_clk_i
Path Type: min

Fanout         Cap        Slew       Delay        Time   Description
---------------------------------------------------------------------------------------------
                                  0.000000    0.000000   clock wb_clk_i (rise edge)
                                  0.000000    0.000000   clock source latency
     2    0.024010    0.178101    0.122636    0.122636 ^ wb_clk_i (in)
                                                         wb_clk_i (net)
                      0.178133    0.000000    0.122636 ^ clkbuf_0_wb_clk_i/A (sky130_fd_sc_hd__clkbuf_16)
    17    0.109159    0.188823    0.374197    0.496832 ^ clkbuf_0_wb_clk_i/X (sky130_fd_sc_hd__clkbuf_16)
                                                         clknet_0_wb_clk_i (net)
                      0.188853    0.002430    0.499263 ^ clkbuf_3_1__f_wb_clk_i/A (sky130_fd_sc_hd__clkbuf_16)
    15    0.042068    0.096612    0.307174    0.806437 ^ clkbuf_3_1__f_wb_clk_i/X (sky130_fd_sc_hd__clkbuf_16)
                                                         clknet_3_1__leaf_wb_clk_i (net)
                      0.096636    0.000768    0.807205 ^ _691_/CLK (sky130_fd_sc_hd__dfrtp_1)
     1    0.002030    0.069689    0.636670    1.443876 ^ _691_/Q (sky130_fd_sc_hd__dfrtp_1)
                                                         net49 (net)
                      0.069689    0.000057    1.443932 ^ output49/A (sky130_fd_sc_hd__buf_2)
     1    0.034307    0.272438    0.343556    1.787488 ^ output49/X (sky130_fd_sc_hd__buf_2)
                                                         wb_dat_o[20] (net)
                      0.272438    0.000681    1.788168 ^ wb_dat_o[20] (out)
                                              1.788168   data arrival time

                                  0.000000    0.000000   clock wb_clk_i (rise edge)
                                  0.000000    0.000000   clock network delay (propagated)
                                  0.250000    0.250000   clock uncertainty
                                  0.000000    0.250000   clock reconvergence pessimism
                                 -5.000000   -4.750000   output external delay
                                             -4.750000   data required time
---------------------------------------------------------------------------------------------
                                             -4.750000   data required time
                                             -1.788168   data arrival time
---------------------------------------------------------------------------------------------
                                              6.538168   slack (MET)


Startpoint: _678_ (rising edge-triggered flip-flop clocked by wb_clk_i)
Endpoint: wb_dat_o[7] (output port clocked by wb_clk_i)
Path Group: wb_clk_i
Path Type: min

Fanout         Cap        Slew       Delay        Time   Description
---------------------------------------------------------------------------------------------
                                  0.000000    0.000000   clock wb_clk_i (rise edge)
                                  0.000000    0.000000   clock source latency
     2    0.024010    0.178101    0.122636    0.122636 ^ wb_clk_i (in)
                                                         wb_clk_i (net)
                      0.178133    0.000000    0.122636 ^ clkbuf_0_wb_clk_i/A (sky130_fd_sc_hd__clkbuf_16)
    17    0.109159    0.188823    0.374197    0.496832 ^ clkbuf_0_wb_clk_i/X (sky130_fd_sc_hd__clkbuf_16)
                                                         clknet_0_wb_clk_i (net)
                      0.188853    0.002430    0.499263 ^ clkbuf_3_1__f_wb_clk_i/A (sky130_fd_sc_hd__clkbuf_16)
    15    0.042068    0.096612    0.307174    0.806437 ^ clkbuf_3_1__f_wb_clk_i/X (sky130_fd_sc_hd__clkbuf_16)
                                                         clknet_3_1__leaf_wb_clk_i (net)
                      0.096642    0.000942    0.807379 ^ _678_/CLK (sky130_fd_sc_hd__dfrtp_1)
     1    0.002036    0.069741    0.636750    1.444129 ^ _678_/Q (sky130_fd_sc_hd__dfrtp_1)
                                                         net66 (net)
                      0.069741    0.000057    1.444186 ^ output66/A (sky130_fd_sc_hd__buf_2)
     1    0.034309    0.272450    0.343588    1.787774 ^ output66/X (sky130_fd_sc_hd__buf_2)
                                                         wb_dat_o[7] (net)
                      0.272450    0.000681    1.788455 ^ wb_dat_o[7] (out)
                                              1.788455   data arrival time

                                  0.000000    0.000000   clock wb_clk_i (rise edge)
                                  0.000000    0.000000   clock network delay (propagated)
                                  0.250000    0.250000   clock uncertainty
                                  0.000000    0.250000   clock reconvergence pessimism
                                 -5.000000   -4.750000   output external delay
                                             -4.750000   data required time
---------------------------------------------------------------------------------------------
                                             -4.750000   data required time
                                             -1.788455   data arrival time
---------------------------------------------------------------------------------------------
                                              6.538455   slack (MET)


Startpoint: _675_ (rising edge-triggered flip-flop clocked by wb_clk_i)
Endpoint: wb_dat_o[4] (output port clocked by wb_clk_i)
Path Group: wb_clk_i
Path Type: min

Fanout         Cap        Slew       Delay        Time   Description
---------------------------------------------------------------------------------------------
                                  0.000000    0.000000   clock wb_clk_i (rise edge)
                                  0.000000    0.000000   clock source latency
     2    0.024010    0.178101    0.122636    0.122636 ^ wb_clk_i (in)
                                                         wb_clk_i (net)
                      0.178133    0.000000    0.122636 ^ clkbuf_0_wb_clk_i/A (sky130_fd_sc_hd__clkbuf_16)
    17    0.109159    0.188823    0.374197    0.496832 ^ clkbuf_0_wb_clk_i/X (sky130_fd_sc_hd__clkbuf_16)
                                                         clknet_0_wb_clk_i (net)
                      0.188896    0.003474    0.500306 ^ clkbuf_3_5__f_wb_clk_i/A (sky130_fd_sc_hd__clkbuf_16)
    14    0.041698    0.096037    0.306428    0.806734 ^ clkbuf_3_5__f_wb_clk_i/X (sky130_fd_sc_hd__clkbuf_16)
                                                         clknet_3_5__leaf_wb_clk_i (net)
                      0.096076    0.001127    0.807861 ^ _675_/CLK (sky130_fd_sc_hd__dfrtp_1)
     1    0.001996    0.069373    0.635935    1.443796 ^ _675_/Q (sky130_fd_sc_hd__dfrtp_1)
                                                         net63 (net)
                      0.069373    0.000056    1.443852 ^ output63/A (sky130_fd_sc_hd__buf_2)
     1    0.034413    0.273249    0.343895    1.787747 ^ output63/X (sky130_fd_sc_hd__buf_2)
                                                         wb_dat_o[4] (net)
                      0.273249    0.000796    1.788543 ^ wb_dat_o[4] (out)
                                              1.788543   data arrival time

                                  0.000000    0.000000   clock wb_clk_i (rise edge)
                                  0.000000    0.000000   clock network delay (propagated)
                                  0.250000    0.250000   clock uncertainty
                                  0.000000    0.250000   clock reconvergence pessimism
                                 -5.000000   -4.750000   output external delay
                                             -4.750000   data required time
---------------------------------------------------------------------------------------------
                                             -4.750000   data required time
                                             -1.788543   data arrival time
---------------------------------------------------------------------------------------------
                                              6.538543   slack (MET)


Startpoint: _673_ (rising edge-triggered flip-flop clocked by wb_clk_i)
Endpoint: wb_dat_o[2] (output port clocked by wb_clk_i)
Path Group: wb_clk_i
Path Type: min

Fanout         Cap        Slew       Delay        Time   Description
---------------------------------------------------------------------------------------------
                                  0.000000    0.000000   clock wb_clk_i (rise edge)
                                  0.000000    0.000000   clock source latency
     2    0.024010    0.178101    0.122636    0.122636 ^ wb_clk_i (in)
                                                         wb_clk_i (net)
                      0.178133    0.000000    0.122636 ^ clkbuf_0_wb_clk_i/A (sky130_fd_sc_hd__clkbuf_16)
    17    0.109159    0.188823    0.374197    0.496832 ^ clkbuf_0_wb_clk_i/X (sky130_fd_sc_hd__clkbuf_16)
                                                         clknet_0_wb_clk_i (net)
                      0.188875    0.003013    0.499845 ^ clkbuf_3_4__f_wb_clk_i/A (sky130_fd_sc_hd__clkbuf_16)
    12    0.042662    0.097277    0.307580    0.807425 ^ clkbuf_3_4__f_wb_clk_i/X (sky130_fd_sc_hd__clkbuf_16)
                                                         clknet_3_4__leaf_wb_clk_i (net)
                      0.097342    0.001176    0.808601 ^ _673_/CLK (sky130_fd_sc_hd__dfrtp_1)
     1    0.002017    0.069571    0.636824    1.445425 ^ _673_/Q (sky130_fd_sc_hd__dfrtp_1)
                                                         net59 (net)
                      0.069571    0.000057    1.445482 ^ output59/A (sky130_fd_sc_hd__buf_2)
     1    0.034222    0.271809    0.343053    1.788535 ^ output59/X (sky130_fd_sc_hd__buf_2)
                                                         wb_dat_o[2] (net)
                      0.271809    0.000679    1.789214 ^ wb_dat_o[2] (out)
                                              1.789214   data arrival time

                                  0.000000    0.000000   clock wb_clk_i (rise edge)
                                  0.000000    0.000000   clock network delay (propagated)
                                  0.250000    0.250000   clock uncertainty
                                  0.000000    0.250000   clock reconvergence pessimism
                                 -5.000000   -4.750000   output external delay
                                             -4.750000   data required time
---------------------------------------------------------------------------------------------
                                             -4.750000   data required time
                                             -1.789214   data arrival time
---------------------------------------------------------------------------------------------
                                              6.539214   slack (MET)


Startpoint: _684_ (rising edge-triggered flip-flop clocked by wb_clk_i)
Endpoint: wb_dat_o[13] (output port clocked by wb_clk_i)
Path Group: wb_clk_i
Path Type: min

Fanout         Cap        Slew       Delay        Time   Description
---------------------------------------------------------------------------------------------
                                  0.000000    0.000000   clock wb_clk_i (rise edge)
                                  0.000000    0.000000   clock source latency
     2    0.024010    0.178101    0.122636    0.122636 ^ wb_clk_i (in)
                                                         wb_clk_i (net)
                      0.178133    0.000000    0.122636 ^ clkbuf_0_wb_clk_i/A (sky130_fd_sc_hd__clkbuf_16)
    17    0.109159    0.188823    0.374197    0.496832 ^ clkbuf_0_wb_clk_i/X (sky130_fd_sc_hd__clkbuf_16)
                                                         clknet_0_wb_clk_i (net)
                      0.188859    0.002590    0.499422 ^ clkbuf_3_7__f_wb_clk_i/A (sky130_fd_sc_hd__clkbuf_16)
    13    0.039512    0.093822    0.303284    0.802706 ^ clkbuf_3_7__f_wb_clk_i/X (sky130_fd_sc_hd__clkbuf_16)
                                                         clknet_3_7__leaf_wb_clk_i (net)
                      0.093830    0.000968    0.803674 ^ _684_/CLK (sky130_fd_sc_hd__dfrtp_1)
     1    0.002360    0.072852    0.639885    1.443558 ^ _684_/Q (sky130_fd_sc_hd__dfrtp_1)
                                                         net41 (net)
                      0.072852    0.000067    1.443625 ^ output41/A (sky130_fd_sc_hd__buf_2)
     1    0.034426    0.273324    0.345634    1.789259 ^ output41/X (sky130_fd_sc_hd__buf_2)
                                                         wb_dat_o[13] (net)
                      0.273324    0.000683    1.789942 ^ wb_dat_o[13] (out)
                                              1.789942   data arrival time

                                  0.000000    0.000000   clock wb_clk_i (rise edge)
                                  0.000000    0.000000   clock network delay (propagated)
                                  0.250000    0.250000   clock uncertainty
                                  0.000000    0.250000   clock reconvergence pessimism
                                 -5.000000   -4.750000   output external delay
                                             -4.750000   data required time
---------------------------------------------------------------------------------------------
                                             -4.750000   data required time
                                             -1.789942   data arrival time
---------------------------------------------------------------------------------------------
                                              6.539943   slack (MET)


Startpoint: _682_ (rising edge-triggered flip-flop clocked by wb_clk_i)
Endpoint: wb_dat_o[11] (output port clocked by wb_clk_i)
Path Group: wb_clk_i
Path Type: min

Fanout         Cap        Slew       Delay        Time   Description
---------------------------------------------------------------------------------------------
                                  0.000000    0.000000   clock wb_clk_i (rise edge)
                                  0.000000    0.000000   clock source latency
     2    0.024010    0.178101    0.122636    0.122636 ^ wb_clk_i (in)
                                                         wb_clk_i (net)
                      0.178133    0.000000    0.122636 ^ clkbuf_0_wb_clk_i/A (sky130_fd_sc_hd__clkbuf_16)
    17    0.109159    0.188823    0.374197    0.496832 ^ clkbuf_0_wb_clk_i/X (sky130_fd_sc_hd__clkbuf_16)
                                                         clknet_0_wb_clk_i (net)
                      0.188845    0.002161    0.498994 ^ clkbuf_3_6__f_wb_clk_i/A (sky130_fd_sc_hd__clkbuf_16)
    10    0.042134    0.096653    0.307133    0.806127 ^ clkbuf_3_6__f_wb_clk_i/X (sky130_fd_sc_hd__clkbuf_16)
                                                         clknet_3_6__leaf_wb_clk_i (net)
                      0.096674    0.000585    0.806712 ^ _682_/CLK (sky130_fd_sc_hd__dfrtp_1)
     1    0.002176    0.071054    0.638686    1.445398 ^ _682_/Q (sky130_fd_sc_hd__dfrtp_1)
                                                         net39 (net)
                      0.071054    0.000061    1.445459 ^ output39/A (sky130_fd_sc_hd__buf_2)
     1    0.034262    0.272099    0.343981    1.789440 ^ output39/X (sky130_fd_sc_hd__buf_2)
                                                         wb_dat_o[11] (net)
                      0.272099    0.000630    1.790070 ^ wb_dat_o[11] (out)
                                              1.790070   data arrival time

                                  0.000000    0.000000   clock wb_clk_i (rise edge)
                                  0.000000    0.000000   clock network delay (propagated)
                                  0.250000    0.250000   clock uncertainty
                                  0.000000    0.250000   clock reconvergence pessimism
                                 -5.000000   -4.750000   output external delay
                                             -4.750000   data required time
---------------------------------------------------------------------------------------------
                                             -4.750000   data required time
                                             -1.790070   data arrival time
---------------------------------------------------------------------------------------------
                                              6.540070   slack (MET)


Startpoint: _701_ (rising edge-triggered flip-flop clocked by wb_clk_i)
Endpoint: wb_dat_o[30] (output port clocked by wb_clk_i)
Path Group: wb_clk_i
Path Type: min

Fanout         Cap        Slew       Delay        Time   Description
---------------------------------------------------------------------------------------------
                                  0.000000    0.000000   clock wb_clk_i (rise edge)
                                  0.000000    0.000000   clock source latency
     2    0.024010    0.178101    0.122636    0.122636 ^ wb_clk_i (in)
                                                         wb_clk_i (net)
                      0.178133    0.000000    0.122636 ^ clkbuf_0_wb_clk_i/A (sky130_fd_sc_hd__clkbuf_16)
    17    0.109159    0.188823    0.374197    0.496832 ^ clkbuf_0_wb_clk_i/X (sky130_fd_sc_hd__clkbuf_16)
                                                         clknet_0_wb_clk_i (net)
                      0.188869    0.002860    0.499693 ^ clkbuf_3_0__f_wb_clk_i/A (sky130_fd_sc_hd__clkbuf_16)
    13    0.039657    0.094181    0.303547    0.803240 ^ clkbuf_3_0__f_wb_clk_i/X (sky130_fd_sc_hd__clkbuf_16)
                                                         clknet_3_0__leaf_wb_clk_i (net)
                      0.094200    0.001322    0.804562 ^ _701_/CLK (sky130_fd_sc_hd__dfrtp_1)
     1    0.002484    0.074104    0.641759    1.446321 ^ _701_/Q (sky130_fd_sc_hd__dfrtp_1)
                                                         net60 (net)
                      0.074104    0.000070    1.446391 ^ output60/A (sky130_fd_sc_hd__buf_2)
     1    0.034259    0.272077    0.345362    1.791752 ^ output60/X (sky130_fd_sc_hd__buf_2)
                                                         wb_dat_o[30] (net)
                      0.272077    0.000629    1.792381 ^ wb_dat_o[30] (out)
                                              1.792381   data arrival time

                                  0.000000    0.000000   clock wb_clk_i (rise edge)
                                  0.000000    0.000000   clock network delay (propagated)
                                  0.250000    0.250000   clock uncertainty
                                  0.000000    0.250000   clock reconvergence pessimism
                                 -5.000000   -4.750000   output external delay
                                             -4.750000   data required time
---------------------------------------------------------------------------------------------
                                             -4.750000   data required time
                                             -1.792381   data arrival time
---------------------------------------------------------------------------------------------
                                              6.542381   slack (MET)


Startpoint: _679_ (rising edge-triggered flip-flop clocked by wb_clk_i)
Endpoint: wb_dat_o[8] (output port clocked by wb_clk_i)
Path Group: wb_clk_i
Path Type: min

Fanout         Cap        Slew       Delay        Time   Description
---------------------------------------------------------------------------------------------
                                  0.000000    0.000000   clock wb_clk_i (rise edge)
                                  0.000000    0.000000   clock source latency
     2    0.024010    0.178101    0.122636    0.122636 ^ wb_clk_i (in)
                                                         wb_clk_i (net)
                      0.178133    0.000000    0.122636 ^ clkbuf_0_wb_clk_i/A (sky130_fd_sc_hd__clkbuf_16)
    17    0.109159    0.188823    0.374197    0.496832 ^ clkbuf_0_wb_clk_i/X (sky130_fd_sc_hd__clkbuf_16)
                                                         clknet_0_wb_clk_i (net)
                      0.188896    0.003474    0.500306 ^ clkbuf_3_5__f_wb_clk_i/A (sky130_fd_sc_hd__clkbuf_16)
    14    0.041698    0.096037    0.306428    0.806734 ^ clkbuf_3_5__f_wb_clk_i/X (sky130_fd_sc_hd__clkbuf_16)
                                                         clknet_3_5__leaf_wb_clk_i (net)
                      0.096070    0.001012    0.807746 ^ _679_/CLK (sky130_fd_sc_hd__dfrtp_1)
     1    0.002192    0.071204    0.638619    1.446365 ^ _679_/Q (sky130_fd_sc_hd__dfrtp_1)
                                                         net67 (net)
                      0.071204    0.000062    1.446427 ^ output67/A (sky130_fd_sc_hd__buf_2)
     1    0.034553    0.274294    0.345463    1.791890 ^ output67/X (sky130_fd_sc_hd__buf_2)
                                                         wb_dat_o[8] (net)
                      0.274294    0.000816    1.792706 ^ wb_dat_o[8] (out)
                                              1.792706   data arrival time

                                  0.000000    0.000000   clock wb_clk_i (rise edge)
                                  0.000000    0.000000   clock network delay (propagated)
                                  0.250000    0.250000   clock uncertainty
                                  0.000000    0.250000   clock reconvergence pessimism
                                 -5.000000   -4.750000   output external delay
                                             -4.750000   data required time
---------------------------------------------------------------------------------------------
                                             -4.750000   data required time
                                             -1.792706   data arrival time
---------------------------------------------------------------------------------------------
                                              6.542706   slack (MET)


Startpoint: _677_ (rising edge-triggered flip-flop clocked by wb_clk_i)
Endpoint: wb_dat_o[6] (output port clocked by wb_clk_i)
Path Group: wb_clk_i
Path Type: min

Fanout         Cap        Slew       Delay        Time   Description
---------------------------------------------------------------------------------------------
                                  0.000000    0.000000   clock wb_clk_i (rise edge)
                                  0.000000    0.000000   clock source latency
     2    0.024010    0.178101    0.122636    0.122636 ^ wb_clk_i (in)
                                                         wb_clk_i (net)
                      0.178133    0.000000    0.122636 ^ clkbuf_0_wb_clk_i/A (sky130_fd_sc_hd__clkbuf_16)
    17    0.109159    0.188823    0.374197    0.496832 ^ clkbuf_0_wb_clk_i/X (sky130_fd_sc_hd__clkbuf_16)
                                                         clknet_0_wb_clk_i (net)
                      0.188853    0.002430    0.499263 ^ clkbuf_3_1__f_wb_clk_i/A (sky130_fd_sc_hd__clkbuf_16)
    15    0.042068    0.096612    0.307174    0.806437 ^ clkbuf_3_1__f_wb_clk_i/X (sky130_fd_sc_hd__clkbuf_16)
                                                         clknet_3_1__leaf_wb_clk_i (net)
                      0.096640    0.000879    0.807315 ^ _677_/CLK (sky130_fd_sc_hd__dfrtp_1)
     1    0.002324    0.072492    0.640701    1.448016 ^ _677_/Q (sky130_fd_sc_hd__dfrtp_1)
                                                         net65 (net)
                      0.072492    0.000067    1.448083 ^ output65/A (sky130_fd_sc_hd__buf_2)
     1    0.034568    0.274406    0.346129    1.794213 ^ output65/X (sky130_fd_sc_hd__buf_2)
                                                         wb_dat_o[6] (net)
                      0.274406    0.000816    1.795029 ^ wb_dat_o[6] (out)
                                              1.795029   data arrival time

                                  0.000000    0.000000   clock wb_clk_i (rise edge)
                                  0.000000    0.000000   clock network delay (propagated)
                                  0.250000    0.250000   clock uncertainty
                                  0.000000    0.250000   clock reconvergence pessimism
                                 -5.000000   -4.750000   output external delay
                                             -4.750000   data required time
---------------------------------------------------------------------------------------------
                                             -4.750000   data required time
                                             -1.795029   data arrival time
---------------------------------------------------------------------------------------------
                                              6.545029   slack (MET)


Startpoint: _674_ (rising edge-triggered flip-flop clocked by wb_clk_i)
Endpoint: wb_dat_o[3] (output port clocked by wb_clk_i)
Path Group: wb_clk_i
Path Type: min

Fanout         Cap        Slew       Delay        Time   Description
---------------------------------------------------------------------------------------------
                                  0.000000    0.000000   clock wb_clk_i (rise edge)
                                  0.000000    0.000000   clock source latency
     2    0.024010    0.178101    0.122636    0.122636 ^ wb_clk_i (in)
                                                         wb_clk_i (net)
                      0.178133    0.000000    0.122636 ^ clkbuf_0_wb_clk_i/A (sky130_fd_sc_hd__clkbuf_16)
    17    0.109159    0.188823    0.374197    0.496832 ^ clkbuf_0_wb_clk_i/X (sky130_fd_sc_hd__clkbuf_16)
                                                         clknet_0_wb_clk_i (net)
                      0.188896    0.003474    0.500306 ^ clkbuf_3_5__f_wb_clk_i/A (sky130_fd_sc_hd__clkbuf_16)
    14    0.041698    0.096037    0.306428    0.806734 ^ clkbuf_3_5__f_wb_clk_i/X (sky130_fd_sc_hd__clkbuf_16)
                                                         clknet_3_5__leaf_wb_clk_i (net)
                      0.096080    0.001211    0.807945 ^ _674_/CLK (sky130_fd_sc_hd__dfrtp_1)
     1    0.002424    0.073490    0.641805    1.449750 ^ _674_/Q (sky130_fd_sc_hd__dfrtp_1)
                                                         net62 (net)
                      0.073490    0.000071    1.449821 ^ output62/A (sky130_fd_sc_hd__buf_2)
     1    0.034458    0.273590    0.346010    1.795831 ^ output62/X (sky130_fd_sc_hd__buf_2)
                                                         wb_dat_o[3] (net)
                      0.273590    0.000810    1.796641 ^ wb_dat_o[3] (out)
                                              1.796641   data arrival time

                                  0.000000    0.000000   clock wb_clk_i (rise edge)
                                  0.000000    0.000000   clock network delay (propagated)
                                  0.250000    0.250000   clock uncertainty
                                  0.000000    0.250000   clock reconvergence pessimism
                                 -5.000000   -4.750000   output external delay
                                             -4.750000   data required time
---------------------------------------------------------------------------------------------
                                             -4.750000   data required time
                                             -1.796641   data arrival time
---------------------------------------------------------------------------------------------
                                              6.546641   slack (MET)


Startpoint: _676_ (rising edge-triggered flip-flop clocked by wb_clk_i)
Endpoint: wb_dat_o[5] (output port clocked by wb_clk_i)
Path Group: wb_clk_i
Path Type: min

Fanout         Cap        Slew       Delay        Time   Description
---------------------------------------------------------------------------------------------
                                  0.000000    0.000000   clock wb_clk_i (rise edge)
                                  0.000000    0.000000   clock source latency
     2    0.024010    0.178101    0.122636    0.122636 ^ wb_clk_i (in)
                                                         wb_clk_i (net)
                      0.178133    0.000000    0.122636 ^ clkbuf_0_wb_clk_i/A (sky130_fd_sc_hd__clkbuf_16)
    17    0.109159    0.188823    0.374197    0.496832 ^ clkbuf_0_wb_clk_i/X (sky130_fd_sc_hd__clkbuf_16)
                                                         clknet_0_wb_clk_i (net)
                      0.188896    0.003474    0.500306 ^ clkbuf_3_5__f_wb_clk_i/A (sky130_fd_sc_hd__clkbuf_16)
    14    0.041698    0.096037    0.306428    0.806734 ^ clkbuf_3_5__f_wb_clk_i/X (sky130_fd_sc_hd__clkbuf_16)
                                                         clknet_3_5__leaf_wb_clk_i (net)
                      0.096063    0.000862    0.807596 ^ _676_/CLK (sky130_fd_sc_hd__dfrtp_1)
     1    0.002469    0.073945    0.642415    1.450011 ^ _676_/Q (sky130_fd_sc_hd__dfrtp_1)
                                                         net64 (net)
                      0.073945    0.000071    1.450082 ^ output64/A (sky130_fd_sc_hd__buf_2)
     1    0.034418    0.273290    0.346015    1.796097 ^ output64/X (sky130_fd_sc_hd__buf_2)
                                                         wb_dat_o[5] (net)
                      0.273290    0.000796    1.796893 ^ wb_dat_o[5] (out)
                                              1.796893   data arrival time

                                  0.000000    0.000000   clock wb_clk_i (rise edge)
                                  0.000000    0.000000   clock network delay (propagated)
                                  0.250000    0.250000   clock uncertainty
                                  0.000000    0.250000   clock reconvergence pessimism
                                 -5.000000   -4.750000   output external delay
                                             -4.750000   data required time
---------------------------------------------------------------------------------------------
                                             -4.750000   data required time
                                             -1.796893   data arrival time
---------------------------------------------------------------------------------------------
                                              6.546893   slack (MET)


Startpoint: _686_ (rising edge-triggered flip-flop clocked by wb_clk_i)
Endpoint: wb_dat_o[15] (output port clocked by wb_clk_i)
Path Group: wb_clk_i
Path Type: min

Fanout         Cap        Slew       Delay        Time   Description
---------------------------------------------------------------------------------------------
                                  0.000000    0.000000   clock wb_clk_i (rise edge)
                                  0.000000    0.000000   clock source latency
     2    0.024010    0.178101    0.122636    0.122636 ^ wb_clk_i (in)
                                                         wb_clk_i (net)
                      0.178133    0.000000    0.122636 ^ clkbuf_0_wb_clk_i/A (sky130_fd_sc_hd__clkbuf_16)
    17    0.109159    0.188823    0.374197    0.496832 ^ clkbuf_0_wb_clk_i/X (sky130_fd_sc_hd__clkbuf_16)
                                                         clknet_0_wb_clk_i (net)
                      0.188859    0.002590    0.499422 ^ clkbuf_3_7__f_wb_clk_i/A (sky130_fd_sc_hd__clkbuf_16)
    13    0.039512    0.093822    0.303284    0.802706 ^ clkbuf_3_7__f_wb_clk_i/X (sky130_fd_sc_hd__clkbuf_16)
                                                         clknet_3_7__leaf_wb_clk_i (net)
                      0.093828    0.000895    0.803601 ^ _686_/CLK (sky130_fd_sc_hd__dfrtp_1)
     1    0.002900    0.079560    0.647276    1.450877 ^ _686_/Q (sky130_fd_sc_hd__dfrtp_1)
                                                         net43 (net)
                      0.079560    0.000091    1.450967 ^ output43/A (sky130_fd_sc_hd__buf_2)
     1    0.034126    0.271103    0.347134    1.798102 ^ output43/X (sky130_fd_sc_hd__buf_2)
                                                         wb_dat_o[15] (net)
                      0.271103    0.000659    1.798760 ^ wb_dat_o[15] (out)
                                              1.798760   data arrival time

                                  0.000000    0.000000   clock wb_clk_i (rise edge)
                                  0.000000    0.000000   clock network delay (propagated)
                                  0.250000    0.250000   clock uncertainty
                                  0.000000    0.250000   clock reconvergence pessimism
                                 -5.000000   -4.750000   output external delay
                                             -4.750000   data required time
---------------------------------------------------------------------------------------------
                                             -4.750000   data required time
                                             -1.798760   data arrival time
---------------------------------------------------------------------------------------------
                                              6.548760   slack (MET)


Startpoint: _681_ (rising edge-triggered flip-flop clocked by wb_clk_i)
Endpoint: wb_dat_o[10] (output port clocked by wb_clk_i)
Path Group: wb_clk_i
Path Type: min

Fanout         Cap        Slew       Delay        Time   Description
---------------------------------------------------------------------------------------------
                                  0.000000    0.000000   clock wb_clk_i (rise edge)
                                  0.000000    0.000000   clock source latency
     2    0.024010    0.178101    0.122636    0.122636 ^ wb_clk_i (in)
                                                         wb_clk_i (net)
                      0.178133    0.000000    0.122636 ^ clkbuf_0_wb_clk_i/A (sky130_fd_sc_hd__clkbuf_16)
    17    0.109159    0.188823    0.374197    0.496832 ^ clkbuf_0_wb_clk_i/X (sky130_fd_sc_hd__clkbuf_16)
                                                         clknet_0_wb_clk_i (net)
                      0.188845    0.002161    0.498994 ^ clkbuf_3_6__f_wb_clk_i/A (sky130_fd_sc_hd__clkbuf_16)
    10    0.042134    0.096653    0.307133    0.806127 ^ clkbuf_3_6__f_wb_clk_i/X (sky130_fd_sc_hd__clkbuf_16)
                                                         clknet_3_6__leaf_wb_clk_i (net)
                      0.096673    0.000556    0.806682 ^ _681_/CLK (sky130_fd_sc_hd__dfrtp_1)
     1    0.002610    0.076258    0.644643    1.451325 ^ _681_/Q (sky130_fd_sc_hd__dfrtp_1)
                                                         net38 (net)
                      0.076258    0.000078    1.451403 ^ output38/A (sky130_fd_sc_hd__buf_2)
     1    0.034332    0.272636    0.346680    1.798084 ^ output38/X (sky130_fd_sc_hd__buf_2)
                                                         wb_dat_o[10] (net)
                      0.272636    0.000705    1.798788 ^ wb_dat_o[10] (out)
                                              1.798788   data arrival time

                                  0.000000    0.000000   clock wb_clk_i (rise edge)
                                  0.000000    0.000000   clock network delay (propagated)
                                  0.250000    0.250000   clock uncertainty
                                  0.000000    0.250000   clock reconvergence pessimism
                                 -5.000000   -4.750000   output external delay
                                             -4.750000   data required time
---------------------------------------------------------------------------------------------
                                             -4.750000   data required time
                                             -1.798788   data arrival time
---------------------------------------------------------------------------------------------
                                              6.548789   slack (MET)


Startpoint: _671_ (rising edge-triggered flip-flop clocked by wb_clk_i)
Endpoint: wb_dat_o[0] (output port clocked by wb_clk_i)
Path Group: wb_clk_i
Path Type: min

Fanout         Cap        Slew       Delay        Time   Description
---------------------------------------------------------------------------------------------
                                  0.000000    0.000000   clock wb_clk_i (rise edge)
                                  0.000000    0.000000   clock source latency
     2    0.024010    0.178101    0.122636    0.122636 ^ wb_clk_i (in)
                                                         wb_clk_i (net)
                      0.178133    0.000000    0.122636 ^ clkbuf_0_wb_clk_i/A (sky130_fd_sc_hd__clkbuf_16)
    17    0.109159    0.188823    0.374197    0.496832 ^ clkbuf_0_wb_clk_i/X (sky130_fd_sc_hd__clkbuf_16)
                                                         clknet_0_wb_clk_i (net)
                      0.188875    0.003013    0.499845 ^ clkbuf_3_4__f_wb_clk_i/A (sky130_fd_sc_hd__clkbuf_16)
    12    0.042662    0.097277    0.307580    0.807425 ^ clkbuf_3_4__f_wb_clk_i/X (sky130_fd_sc_hd__clkbuf_16)
                                                         clknet_3_4__leaf_wb_clk_i (net)
                      0.097352    0.001396    0.808822 ^ _671_/CLK (sky130_fd_sc_hd__dfrtp_1)
     1    0.002645    0.076641    0.645438    1.454260 ^ _671_/Q (sky130_fd_sc_hd__dfrtp_1)
                                                         net37 (net)
                      0.076641    0.000073    1.454333 ^ output37/A (sky130_fd_sc_hd__buf_2)
     1    0.034022    0.270329    0.345259    1.799592 ^ output37/X (sky130_fd_sc_hd__buf_2)
                                                         wb_dat_o[0] (net)
                      0.270329    0.000642    1.800234 ^ wb_dat_o[0] (out)
                                              1.800234   data arrival time

                                  0.000000    0.000000   clock wb_clk_i (rise edge)
                                  0.000000    0.000000   clock network delay (propagated)
                                  0.250000    0.250000   clock uncertainty
                                  0.000000    0.250000   clock reconvergence pessimism
                                 -5.000000   -4.750000   output external delay
                                             -4.750000   data required time
---------------------------------------------------------------------------------------------
                                             -4.750000   data required time
                                             -1.800234   data arrival time
---------------------------------------------------------------------------------------------
                                              6.550234   slack (MET)


Startpoint: _699_ (rising edge-triggered flip-flop clocked by wb_clk_i)
Endpoint: wb_dat_o[28] (output port clocked by wb_clk_i)
Path Group: wb_clk_i
Path Type: min

Fanout         Cap        Slew       Delay        Time   Description
---------------------------------------------------------------------------------------------
                                  0.000000    0.000000   clock wb_clk_i (rise edge)
                                  0.000000    0.000000   clock source latency
     2    0.024010    0.178101    0.122636    0.122636 ^ wb_clk_i (in)
                                                         wb_clk_i (net)
                      0.178133    0.000000    0.122636 ^ clkbuf_0_wb_clk_i/A (sky130_fd_sc_hd__clkbuf_16)
    17    0.109159    0.188823    0.374197    0.496832 ^ clkbuf_0_wb_clk_i/X (sky130_fd_sc_hd__clkbuf_16)
                                                         clknet_0_wb_clk_i (net)
                      0.188853    0.002430    0.499263 ^ clkbuf_3_1__f_wb_clk_i/A (sky130_fd_sc_hd__clkbuf_16)
    15    0.042068    0.096612    0.307174    0.806437 ^ clkbuf_3_1__f_wb_clk_i/X (sky130_fd_sc_hd__clkbuf_16)
                                                         clknet_3_1__leaf_wb_clk_i (net)
                      0.096633    0.000686    0.807123 ^ _699_/CLK (sky130_fd_sc_hd__dfrtp_1)
     1    0.003297    0.084314    0.654040    1.461163 ^ _699_/Q (sky130_fd_sc_hd__dfrtp_1)
                                                         net57 (net)
                      0.084314    0.000096    1.461258 ^ output57/A (sky130_fd_sc_hd__buf_2)
     1    0.034084    0.270814    0.349113    1.810371 ^ output57/X (sky130_fd_sc_hd__buf_2)
                                                         wb_dat_o[28] (net)
                      0.270814    0.000706    1.811077 ^ wb_dat_o[28] (out)
                                              1.811077   data arrival time

                                  0.000000    0.000000   clock wb_clk_i (rise edge)
                                  0.000000    0.000000   clock network delay (propagated)
                                  0.250000    0.250000   clock uncertainty
                                  0.000000    0.250000   clock reconvergence pessimism
                                 -5.000000   -4.750000   output external delay
                                             -4.750000   data required time
---------------------------------------------------------------------------------------------
                                             -4.750000   data required time
                                             -1.811077   data arrival time
---------------------------------------------------------------------------------------------
                                              6.561077   slack (MET)


Startpoint: _683_ (rising edge-triggered flip-flop clocked by wb_clk_i)
Endpoint: wb_dat_o[12] (output port clocked by wb_clk_i)
Path Group: wb_clk_i
Path Type: min

Fanout         Cap        Slew       Delay        Time   Description
---------------------------------------------------------------------------------------------
                                  0.000000    0.000000   clock wb_clk_i (rise edge)
                                  0.000000    0.000000   clock source latency
     2    0.024010    0.178101    0.122636    0.122636 ^ wb_clk_i (in)
                                                         wb_clk_i (net)
                      0.178133    0.000000    0.122636 ^ clkbuf_0_wb_clk_i/A (sky130_fd_sc_hd__clkbuf_16)
    17    0.109159    0.188823    0.374197    0.496832 ^ clkbuf_0_wb_clk_i/X (sky130_fd_sc_hd__clkbuf_16)
                                                         clknet_0_wb_clk_i (net)
                      0.188859    0.002590    0.499422 ^ clkbuf_3_7__f_wb_clk_i/A (sky130_fd_sc_hd__clkbuf_16)
    13    0.039512    0.093822    0.303284    0.802706 ^ clkbuf_3_7__f_wb_clk_i/X (sky130_fd_sc_hd__clkbuf_16)
                                                         clknet_3_7__leaf_wb_clk_i (net)
                      0.093831    0.001020    0.803726 ^ _683_/CLK (sky130_fd_sc_hd__dfrtp_1)
     1    0.004274    0.096037    0.666110    1.469836 ^ _683_/Q (sky130_fd_sc_hd__dfrtp_1)
                                                         net40 (net)
                      0.096037    0.000152    1.469988 ^ output40/A (sky130_fd_sc_hd__buf_2)
     1    0.034628    0.274890    0.357445    1.827433 ^ output40/X (sky130_fd_sc_hd__buf_2)
                                                         wb_dat_o[12] (net)
                      0.274890    0.000780    1.828213 ^ wb_dat_o[12] (out)
                                              1.828213   data arrival time

                                  0.000000    0.000000   clock wb_clk_i (rise edge)
                                  0.000000    0.000000   clock network delay (propagated)
                                  0.250000    0.250000   clock uncertainty
                                  0.000000    0.250000   clock reconvergence pessimism
                                 -5.000000   -4.750000   output external delay
                                             -4.750000   data required time
---------------------------------------------------------------------------------------------
                                             -4.750000   data required time
                                             -1.828213   data arrival time
---------------------------------------------------------------------------------------------
                                              6.578213   slack (MET)


Startpoint: _698_ (rising edge-triggered flip-flop clocked by wb_clk_i)
Endpoint: wb_dat_o[27] (output port clocked by wb_clk_i)
Path Group: wb_clk_i
Path Type: min

Fanout         Cap        Slew       Delay        Time   Description
---------------------------------------------------------------------------------------------
                                  0.000000    0.000000   clock wb_clk_i (rise edge)
                                  0.000000    0.000000   clock source latency
     2    0.024010    0.178101    0.122636    0.122636 ^ wb_clk_i (in)
                                                         wb_clk_i (net)
                      0.178133    0.000000    0.122636 ^ clkbuf_0_wb_clk_i/A (sky130_fd_sc_hd__clkbuf_16)
    17    0.109159    0.188823    0.374197    0.496832 ^ clkbuf_0_wb_clk_i/X (sky130_fd_sc_hd__clkbuf_16)
                                                         clknet_0_wb_clk_i (net)
                      0.188853    0.002430    0.499263 ^ clkbuf_3_1__f_wb_clk_i/A (sky130_fd_sc_hd__clkbuf_16)
    15    0.042068    0.096612    0.307174    0.806437 ^ clkbuf_3_1__f_wb_clk_i/X (sky130_fd_sc_hd__clkbuf_16)
                                                         clknet_3_1__leaf_wb_clk_i (net)
                      0.096634    0.000719    0.807155 ^ _698_/CLK (sky130_fd_sc_hd__dfrtp_1)
     1    0.004688    0.101054    0.672651    1.479806 ^ _698_/Q (sky130_fd_sc_hd__dfrtp_1)
                                                         net56 (net)
                      0.101054    0.000174    1.479980 ^ output56/A (sky130_fd_sc_hd__buf_2)
     1    0.034093    0.270908    0.357009    1.836990 ^ output56/X (sky130_fd_sc_hd__buf_2)
                                                         wb_dat_o[27] (net)
                      0.270908    0.000706    1.837695 ^ wb_dat_o[27] (out)
                                              1.837695   data arrival time

                                  0.000000    0.000000   clock wb_clk_i (rise edge)
                                  0.000000    0.000000   clock network delay (propagated)
                                  0.250000    0.250000   clock uncertainty
                                  0.000000    0.250000   clock reconvergence pessimism
                                 -5.000000   -4.750000   output external delay
                                             -4.750000   data required time
---------------------------------------------------------------------------------------------
                                             -4.750000   data required time
                                             -1.837695   data arrival time
---------------------------------------------------------------------------------------------
                                              6.587696   slack (MET)


Startpoint: _687_ (rising edge-triggered flip-flop clocked by wb_clk_i)
Endpoint: wb_dat_o[16] (output port clocked by wb_clk_i)
Path Group: wb_clk_i
Path Type: min

Fanout         Cap        Slew       Delay        Time   Description
---------------------------------------------------------------------------------------------
                                  0.000000    0.000000   clock wb_clk_i (rise edge)
                                  0.000000    0.000000   clock source latency
     2    0.024010    0.178101    0.122636    0.122636 ^ wb_clk_i (in)
                                                         wb_clk_i (net)
                      0.178133    0.000000    0.122636 ^ clkbuf_0_wb_clk_i/A (sky130_fd_sc_hd__clkbuf_16)
    17    0.109159    0.188823    0.374197    0.496832 ^ clkbuf_0_wb_clk_i/X (sky130_fd_sc_hd__clkbuf_16)
                                                         clknet_0_wb_clk_i (net)
                      0.188869    0.002860    0.499693 ^ clkbuf_3_0__f_wb_clk_i/A (sky130_fd_sc_hd__clkbuf_16)
    13    0.039657    0.094181    0.303547    0.803240 ^ clkbuf_3_0__f_wb_clk_i/X (sky130_fd_sc_hd__clkbuf_16)
                                                         clknet_3_0__leaf_wb_clk_i (net)
                      0.094184    0.000709    0.803949 ^ _687_/CLK (sky130_fd_sc_hd__dfrtp_1)
     1    0.005321    0.108385    0.678185    1.482134 ^ _687_/Q (sky130_fd_sc_hd__dfrtp_1)
                                                         net44 (net)
                      0.108385    0.000187    1.482321 ^ output44/A (sky130_fd_sc_hd__buf_2)
     1    0.034054    0.270635    0.360251    1.842571 ^ output44/X (sky130_fd_sc_hd__buf_2)
                                                         wb_dat_o[16] (net)
                      0.270635    0.000696    1.843268 ^ wb_dat_o[16] (out)
                                              1.843268   data arrival time

                                  0.000000    0.000000   clock wb_clk_i (rise edge)
                                  0.000000    0.000000   clock network delay (propagated)
                                  0.250000    0.250000   clock uncertainty
                                  0.000000    0.250000   clock reconvergence pessimism
                                 -5.000000   -4.750000   output external delay
                                             -4.750000   data required time
---------------------------------------------------------------------------------------------
                                             -4.750000   data required time
                                             -1.843268   data arrival time
---------------------------------------------------------------------------------------------
                                              6.593268   slack (MET)


Startpoint: _703_ (rising edge-triggered flip-flop clocked by wb_clk_i)
Endpoint: wb_ack_o (output port clocked by wb_clk_i)
Path Group: wb_clk_i
Path Type: min

Fanout         Cap        Slew       Delay        Time   Description
---------------------------------------------------------------------------------------------
                                  0.000000    0.000000   clock wb_clk_i (rise edge)
                                  0.000000    0.000000   clock source latency
     2    0.024010    0.178101    0.122636    0.122636 ^ wb_clk_i (in)
                                                         wb_clk_i (net)
                      0.178133    0.000000    0.122636 ^ clkbuf_0_wb_clk_i/A (sky130_fd_sc_hd__clkbuf_16)
    17    0.109159    0.188823    0.374197    0.496832 ^ clkbuf_0_wb_clk_i/X (sky130_fd_sc_hd__clkbuf_16)
                                                         clknet_0_wb_clk_i (net)
                      0.188896    0.003474    0.500306 ^ clkbuf_3_5__f_wb_clk_i/A (sky130_fd_sc_hd__clkbuf_16)
    14    0.041698    0.096037    0.306428    0.806734 ^ clkbuf_3_5__f_wb_clk_i/X (sky130_fd_sc_hd__clkbuf_16)
                                                         clknet_3_5__leaf_wb_clk_i (net)
                      0.096101    0.001639    0.808373 ^ _703_/CLK (sky130_fd_sc_hd__dfrtp_1)
     2    0.005061    0.105342    0.676351    1.484724 ^ _703_/Q (sky130_fd_sc_hd__dfrtp_1)
                                                         net36 (net)
                      0.105342    0.000117    1.484841 ^ output36/A (sky130_fd_sc_hd__buf_2)
     1    0.035905    0.284445    0.368380    1.853221 ^ output36/X (sky130_fd_sc_hd__buf_2)
                                                         wb_ack_o (net)
                      0.284445    0.001071    1.854292 ^ wb_ack_o (out)
                                              1.854292   data arrival time

                                  0.000000    0.000000   clock wb_clk_i (rise edge)
                                  0.000000    0.000000   clock network delay (propagated)
                                  0.250000    0.250000   clock uncertainty
                                  0.000000    0.250000   clock reconvergence pessimism
                                 -5.000000   -4.750000   output external delay
                                             -4.750000   data required time
---------------------------------------------------------------------------------------------
                                             -4.750000   data required time
                                             -1.854292   data arrival time
---------------------------------------------------------------------------------------------
                                              6.604292   slack (MET)


Startpoint: _741_ (rising edge-triggered flip-flop clocked by wb_clk_i)
Endpoint: fsm_error (output port clocked by wb_clk_i)
Path Group: wb_clk_i
Path Type: min

Fanout         Cap        Slew       Delay        Time   Description
---------------------------------------------------------------------------------------------
                                  0.000000    0.000000   clock wb_clk_i (rise edge)
                                  0.000000    0.000000   clock source latency
     2    0.024010    0.178101    0.122636    0.122636 ^ wb_clk_i (in)
                                                         wb_clk_i (net)
                      0.178133    0.000000    0.122636 ^ clkbuf_0_wb_clk_i/A (sky130_fd_sc_hd__clkbuf_16)
    17    0.109159    0.188823    0.374197    0.496832 ^ clkbuf_0_wb_clk_i/X (sky130_fd_sc_hd__clkbuf_16)
                                                         clknet_0_wb_clk_i (net)
                      0.188875    0.003013    0.499845 ^ clkbuf_3_4__f_wb_clk_i/A (sky130_fd_sc_hd__clkbuf_16)
    12    0.042662    0.097277    0.307580    0.807425 ^ clkbuf_3_4__f_wb_clk_i/X (sky130_fd_sc_hd__clkbuf_16)
                                                         clknet_3_4__leaf_wb_clk_i (net)
                      0.097368    0.001710    0.809136 ^ _741_/CLK (sky130_fd_sc_hd__dfxtp_1)
     4    0.017365    0.164390    0.687071    1.496207 v _741_/Q (sky130_fd_sc_hd__dfxtp_1)
                                                         net28 (net)
                      0.164391    0.000715    1.496922 v output28/A (sky130_fd_sc_hd__buf_2)
     1    0.034080    0.165249    0.389233    1.886155 v output28/X (sky130_fd_sc_hd__buf_2)
                                                         fsm_error (net)
                      0.165250    0.000706    1.886860 v fsm_error (out)
                                              1.886860   data arrival time

                                  0.000000    0.000000   clock wb_clk_i (rise edge)
                                  0.000000    0.000000   clock network delay (propagated)
                                  0.250000    0.250000   clock uncertainty
                                  0.000000    0.250000   clock reconvergence pessimism
                                 -5.000000   -4.750000   output external delay
                                             -4.750000   data required time
---------------------------------------------------------------------------------------------
                                             -4.750000   data required time
                                             -1.886860   data arrival time
---------------------------------------------------------------------------------------------
                                              6.636860   slack (MET)


Startpoint: _689_ (rising edge-triggered flip-flop clocked by wb_clk_i)
Endpoint: wb_dat_o[18] (output port clocked by wb_clk_i)
Path Group: wb_clk_i
Path Type: min

Fanout         Cap        Slew       Delay        Time   Description
---------------------------------------------------------------------------------------------
                                  0.000000    0.000000   clock wb_clk_i (rise edge)
                                  0.000000    0.000000   clock source latency
     2    0.024010    0.178101    0.122636    0.122636 ^ wb_clk_i (in)
                                                         wb_clk_i (net)
                      0.178133    0.000000    0.122636 ^ clkbuf_0_wb_clk_i/A (sky130_fd_sc_hd__clkbuf_16)
    17    0.109159    0.188823    0.374197    0.496832 ^ clkbuf_0_wb_clk_i/X (sky130_fd_sc_hd__clkbuf_16)
                                                         clknet_0_wb_clk_i (net)
                      0.188846    0.002179    0.499011 ^ clkbuf_3_2__f_wb_clk_i/A (sky130_fd_sc_hd__clkbuf_16)
    14    0.042281    0.096840    0.307288    0.806299 ^ clkbuf_3_2__f_wb_clk_i/X (sky130_fd_sc_hd__clkbuf_16)
                                                         clknet_3_2__leaf_wb_clk_i (net)
                      0.096891    0.001242    0.807541 ^ _689_/CLK (sky130_fd_sc_hd__dfrtp_1)
     1    0.008327    0.144767    0.711122    1.518663 ^ _689_/Q (sky130_fd_sc_hd__dfrtp_1)
                                                         net46 (net)
                      0.144767    0.000321    1.518984 ^ output46/A (sky130_fd_sc_hd__buf_2)
     1    0.034080    0.270897    0.377446    1.896430 ^ output46/X (sky130_fd_sc_hd__buf_2)
                                                         wb_dat_o[18] (net)
                      0.270897    0.000706    1.897136 ^ wb_dat_o[18] (out)
                                              1.897136   data arrival time

                                  0.000000    0.000000   clock wb_clk_i (rise edge)
                                  0.000000    0.000000   clock network delay (propagated)
                                  0.250000    0.250000   clock uncertainty
                                  0.000000    0.250000   clock reconvergence pessimism
                                 -5.000000   -4.750000   output external delay
                                             -4.750000   data required time
---------------------------------------------------------------------------------------------
                                             -4.750000   data required time
                                             -1.897136   data arrival time
---------------------------------------------------------------------------------------------
                                              6.647136   slack (MET)


Startpoint: _690_ (rising edge-triggered flip-flop clocked by wb_clk_i)
Endpoint: wb_dat_o[19] (output port clocked by wb_clk_i)
Path Group: wb_clk_i
Path Type: min

Fanout         Cap        Slew       Delay        Time   Description
---------------------------------------------------------------------------------------------
                                  0.000000    0.000000   clock wb_clk_i (rise edge)
                                  0.000000    0.000000   clock source latency
     2    0.024010    0.178101    0.122636    0.122636 ^ wb_clk_i (in)
                                                         wb_clk_i (net)
                      0.178133    0.000000    0.122636 ^ clkbuf_0_wb_clk_i/A (sky130_fd_sc_hd__clkbuf_16)
    17    0.109159    0.188823    0.374197    0.496832 ^ clkbuf_0_wb_clk_i/X (sky130_fd_sc_hd__clkbuf_16)
                                                         clknet_0_wb_clk_i (net)
                      0.188846    0.002179    0.499011 ^ clkbuf_3_2__f_wb_clk_i/A (sky130_fd_sc_hd__clkbuf_16)
    14    0.042281    0.096840    0.307288    0.806299 ^ clkbuf_3_2__f_wb_clk_i/X (sky130_fd_sc_hd__clkbuf_16)
                                                         clknet_3_2__leaf_wb_clk_i (net)
                      0.096879    0.000920    0.807219 ^ _690_/CLK (sky130_fd_sc_hd__dfrtp_1)
     1    0.009849    0.163711    0.727076    1.534295 ^ _690_/Q (sky130_fd_sc_hd__dfrtp_1)
                                                         net47 (net)
                      0.163711    0.000522    1.534817 ^ output47/A (sky130_fd_sc_hd__buf_2)
     1    0.035200    0.279306    0.392099    1.926915 ^ output47/X (sky130_fd_sc_hd__buf_2)
                                                         wb_dat_o[19] (net)
                      0.279306    0.000971    1.927886 ^ wb_dat_o[19] (out)
                                              1.927886   data arrival time

                                  0.000000    0.000000   clock wb_clk_i (rise edge)
                                  0.000000    0.000000   clock network delay (propagated)
                                  0.250000    0.250000   clock uncertainty
                                  0.000000    0.250000   clock reconvergence pessimism
                                 -5.000000   -4.750000   output external delay
                                             -4.750000   data required time
---------------------------------------------------------------------------------------------
                                             -4.750000   data required time
                                             -1.927886   data arrival time
---------------------------------------------------------------------------------------------
                                              6.677886   slack (MET)


Startpoint: _735_ (rising edge-triggered flip-flop clocked by wb_clk_i)
Endpoint: group_error (output port clocked by wb_clk_i)
Path Group: wb_clk_i
Path Type: min

Fanout         Cap        Slew       Delay        Time   Description
---------------------------------------------------------------------------------------------
                                  0.000000    0.000000   clock wb_clk_i (rise edge)
                                  0.000000    0.000000   clock source latency
     2    0.024010    0.178101    0.122636    0.122636 ^ wb_clk_i (in)
                                                         wb_clk_i (net)
                      0.178133    0.000000    0.122636 ^ clkbuf_0_wb_clk_i/A (sky130_fd_sc_hd__clkbuf_16)
    17    0.109159    0.188823    0.374197    0.496832 ^ clkbuf_0_wb_clk_i/X (sky130_fd_sc_hd__clkbuf_16)
                                                         clknet_0_wb_clk_i (net)
                      0.188845    0.002161    0.498994 ^ clkbuf_3_6__f_wb_clk_i/A (sky130_fd_sc_hd__clkbuf_16)
    10    0.042134    0.096653    0.307133    0.806127 ^ clkbuf_3_6__f_wb_clk_i/X (sky130_fd_sc_hd__clkbuf_16)
                                                         clknet_3_6__leaf_wb_clk_i (net)
                      0.096700    0.001227    0.807354 ^ _735_/CLK (sky130_fd_sc_hd__dfxtp_1)
     4    0.022395    0.206709    0.718323    1.525677 v _735_/Q (sky130_fd_sc_hd__dfxtp_1)
                                                         net29 (net)
                      0.206711    0.000952    1.526629 v output29/A (sky130_fd_sc_hd__buf_2)
     1    0.034069    0.165247    0.409636    1.936265 v output29/X (sky130_fd_sc_hd__buf_2)
                                                         group_error (net)
                      0.165247    0.000657    1.936922 v group_error (out)
                                              1.936922   data arrival time

                                  0.000000    0.000000   clock wb_clk_i (rise edge)
                                  0.000000    0.000000   clock network delay (propagated)
                                  0.250000    0.250000   clock uncertainty
                                  0.000000    0.250000   clock reconvergence pessimism
                                 -5.000000   -4.750000   output external delay
                                             -4.750000   data required time
---------------------------------------------------------------------------------------------
                                             -4.750000   data required time
                                             -1.936922   data arrival time
---------------------------------------------------------------------------------------------
                                              6.686923   slack (MET)


Startpoint: _693_ (rising edge-triggered flip-flop clocked by wb_clk_i)
Endpoint: wb_dat_o[22] (output port clocked by wb_clk_i)
Path Group: wb_clk_i
Path Type: min

Fanout         Cap        Slew       Delay        Time   Description
---------------------------------------------------------------------------------------------
                                  0.000000    0.000000   clock wb_clk_i (rise edge)
                                  0.000000    0.000000   clock source latency
     2    0.024010    0.178101    0.122636    0.122636 ^ wb_clk_i (in)
                                                         wb_clk_i (net)
                      0.178133    0.000000    0.122636 ^ clkbuf_0_wb_clk_i/A (sky130_fd_sc_hd__clkbuf_16)
    17    0.109159    0.188823    0.374197    0.496832 ^ clkbuf_0_wb_clk_i/X (sky130_fd_sc_hd__clkbuf_16)
                                                         clknet_0_wb_clk_i (net)
                      0.188846    0.002179    0.499011 ^ clkbuf_3_2__f_wb_clk_i/A (sky130_fd_sc_hd__clkbuf_16)
    14    0.042281    0.096840    0.307288    0.806299 ^ clkbuf_3_2__f_wb_clk_i/X (sky130_fd_sc_hd__clkbuf_16)
                                                         clknet_3_2__leaf_wb_clk_i (net)
                      0.096880    0.000962    0.807261 ^ _693_/CLK (sky130_fd_sc_hd__dfrtp_1)
     1    0.010275    0.169063    0.731523    1.538784 ^ _693_/Q (sky130_fd_sc_hd__dfrtp_1)
                                                         net51 (net)
                      0.169063    0.000584    1.539368 ^ output51/A (sky130_fd_sc_hd__buf_2)
     1    0.036095    0.285975    0.399322    1.938690 ^ output51/X (sky130_fd_sc_hd__buf_2)
                                                         wb_dat_o[22] (net)
                      0.285975    0.001033    1.939723 ^ wb_dat_o[22] (out)
                                              1.939723   data arrival time

                                  0.000000    0.000000   clock wb_clk_i (rise edge)
                                  0.000000    0.000000   clock network delay (propagated)
                                  0.250000    0.250000   clock uncertainty
                                  0.000000    0.250000   clock reconvergence pessimism
                                 -5.000000   -4.750000   output external delay
                                             -4.750000   data required time
---------------------------------------------------------------------------------------------
                                             -4.750000   data required time
                                             -1.939723   data arrival time
---------------------------------------------------------------------------------------------
                                              6.689723   slack (MET)


Startpoint: _696_ (rising edge-triggered flip-flop clocked by wb_clk_i)
Endpoint: wb_dat_o[25] (output port clocked by wb_clk_i)
Path Group: wb_clk_i
Path Type: min

Fanout         Cap        Slew       Delay        Time   Description
---------------------------------------------------------------------------------------------
                                  0.000000    0.000000   clock wb_clk_i (rise edge)
                                  0.000000    0.000000   clock source latency
     2    0.024010    0.178101    0.122636    0.122636 ^ wb_clk_i (in)
                                                         wb_clk_i (net)
                      0.178133    0.000000    0.122636 ^ clkbuf_0_wb_clk_i/A (sky130_fd_sc_hd__clkbuf_16)
    17    0.109159    0.188823    0.374197    0.496832 ^ clkbuf_0_wb_clk_i/X (sky130_fd_sc_hd__clkbuf_16)
                                                         clknet_0_wb_clk_i (net)
                      0.188846    0.002179    0.499011 ^ clkbuf_3_2__f_wb_clk_i/A (sky130_fd_sc_hd__clkbuf_16)
    14    0.042281    0.096840    0.307288    0.806299 ^ clkbuf_3_2__f_wb_clk_i/X (sky130_fd_sc_hd__clkbuf_16)
                                                         clknet_3_2__leaf_wb_clk_i (net)
                      0.096876    0.000839    0.807138 ^ _696_/CLK (sky130_fd_sc_hd__dfrtp_1)
     1    0.011784    0.188070    0.747371    1.554509 ^ _696_/Q (sky130_fd_sc_hd__dfrtp_1)
                                                         net54 (net)
                      0.188070    0.000726    1.555235 ^ output54/A (sky130_fd_sc_hd__buf_2)
     1    0.034166    0.271619    0.398216    1.953451 ^ output54/X (sky130_fd_sc_hd__buf_2)
                                                         wb_dat_o[25] (net)
                      0.271619    0.000707    1.954157 ^ wb_dat_o[25] (out)
                                              1.954157   data arrival time

                                  0.000000    0.000000   clock wb_clk_i (rise edge)
                                  0.000000    0.000000   clock network delay (propagated)
                                  0.250000    0.250000   clock uncertainty
                                  0.000000    0.250000   clock reconvergence pessimism
                                 -5.000000   -4.750000   output external delay
                                             -4.750000   data required time
---------------------------------------------------------------------------------------------
                                             -4.750000   data required time
                                             -1.954157   data arrival time
---------------------------------------------------------------------------------------------
                                              6.704157   slack (MET)


Startpoint: _694_ (rising edge-triggered flip-flop clocked by wb_clk_i)
Endpoint: wb_dat_o[23] (output port clocked by wb_clk_i)
Path Group: wb_clk_i
Path Type: min

Fanout         Cap        Slew       Delay        Time   Description
---------------------------------------------------------------------------------------------
                                  0.000000    0.000000   clock wb_clk_i (rise edge)
                                  0.000000    0.000000   clock source latency
     2    0.024010    0.178101    0.122636    0.122636 ^ wb_clk_i (in)
                                                         wb_clk_i (net)
                      0.178133    0.000000    0.122636 ^ clkbuf_0_wb_clk_i/A (sky130_fd_sc_hd__clkbuf_16)
    17    0.109159    0.188823    0.374197    0.496832 ^ clkbuf_0_wb_clk_i/X (sky130_fd_sc_hd__clkbuf_16)
                                                         clknet_0_wb_clk_i (net)
                      0.188846    0.002179    0.499011 ^ clkbuf_3_2__f_wb_clk_i/A (sky130_fd_sc_hd__clkbuf_16)
    14    0.042281    0.096840    0.307288    0.806299 ^ clkbuf_3_2__f_wb_clk_i/X (sky130_fd_sc_hd__clkbuf_16)
                                                         clknet_3_2__leaf_wb_clk_i (net)
                      0.096880    0.000966    0.807265 ^ _694_/CLK (sky130_fd_sc_hd__dfrtp_1)
     1    0.012237    0.193826    0.752080    1.559345 ^ _694_/Q (sky130_fd_sc_hd__dfrtp_1)
                                                         net52 (net)
                      0.193827    0.000820    1.560165 ^ output52/A (sky130_fd_sc_hd__buf_2)
     1    0.036340    0.287838    0.412254    1.972419 ^ output52/X (sky130_fd_sc_hd__buf_2)
                                                         wb_dat_o[23] (net)
                      0.287838    0.001013    1.973432 ^ wb_dat_o[23] (out)
                                              1.973432   data arrival time

                                  0.000000    0.000000   clock wb_clk_i (rise edge)
                                  0.000000    0.000000   clock network delay (propagated)
                                  0.250000    0.250000   clock uncertainty
                                  0.000000    0.250000   clock reconvergence pessimism
                                 -5.000000   -4.750000   output external delay
                                             -4.750000   data required time
---------------------------------------------------------------------------------------------
                                             -4.750000   data required time
                                             -1.973432   data arrival time
---------------------------------------------------------------------------------------------
                                              6.723432   slack (MET)


Startpoint: _715_ (rising edge-triggered flip-flop clocked by wb_clk_i)
Endpoint: user_irq (output port clocked by wb_clk_i)
Path Group: wb_clk_i
Path Type: min

Fanout         Cap        Slew       Delay        Time   Description
---------------------------------------------------------------------------------------------
                                  0.000000    0.000000   clock wb_clk_i (rise edge)
                                  0.000000    0.000000   clock source latency
     2    0.024010    0.178101    0.122636    0.122636 ^ wb_clk_i (in)
                                                         wb_clk_i (net)
                      0.178133    0.000000    0.122636 ^ clkbuf_0_wb_clk_i/A (sky130_fd_sc_hd__clkbuf_16)
    17    0.109159    0.188823    0.374197    0.496832 ^ clkbuf_0_wb_clk_i/X (sky130_fd_sc_hd__clkbuf_16)
                                                         clknet_0_wb_clk_i (net)
                      0.188853    0.002430    0.499263 ^ clkbuf_3_1__f_wb_clk_i/A (sky130_fd_sc_hd__clkbuf_16)
    15    0.042068    0.096612    0.307174    0.806437 ^ clkbuf_3_1__f_wb_clk_i/X (sky130_fd_sc_hd__clkbuf_16)
                                                         clknet_3_1__leaf_wb_clk_i (net)
                      0.096642    0.000951    0.807388 ^ _715_/CLK (sky130_fd_sc_hd__dfrtp_1)
     3    0.010616    0.173263    0.735170    1.542558 ^ _715_/Q (sky130_fd_sc_hd__dfrtp_1)
                                                         sw_sticky_fsm_error (net)
                      0.173263    0.000248    1.542806 ^ _437_/A (sky130_fd_sc_hd__or3_1)
     1    0.005919    0.102995    0.251715    1.794521 ^ _437_/X (sky130_fd_sc_hd__or3_1)
                                                         net35 (net)
                      0.102995    0.000216    1.794737 ^ output35/A (sky130_fd_sc_hd__buf_2)
     1    0.034079    0.270800    0.357882    2.152619 ^ output35/X (sky130_fd_sc_hd__buf_2)
                                                         user_irq (net)
                      0.270800    0.000656    2.153275 ^ user_irq (out)
                                              2.153275   data arrival time

                                  0.000000    0.000000   clock wb_clk_i (rise edge)
                                  0.000000    0.000000   clock network delay (propagated)
                                  0.250000    0.250000   clock uncertainty
                                  0.000000    0.250000   clock reconvergence pessimism
                                 -5.000000   -4.750000   output external delay
                                             -4.750000   data required time
---------------------------------------------------------------------------------------------
                                             -4.750000   data required time
                                             -2.153275   data arrival time
---------------------------------------------------------------------------------------------
                                              6.903275   slack (MET)


Startpoint: _711_ (rising edge-triggered flip-flop clocked by wb_clk_i)
Endpoint: group_suspended (output port clocked by wb_clk_i)
Path Group: wb_clk_i
Path Type: min

Fanout         Cap        Slew       Delay        Time   Description
---------------------------------------------------------------------------------------------
                                  0.000000    0.000000   clock wb_clk_i (rise edge)
                                  0.000000    0.000000   clock source latency
     2    0.024010    0.178101    0.122636    0.122636 ^ wb_clk_i (in)
                                                         wb_clk_i (net)
                      0.178133    0.000000    0.122636 ^ clkbuf_0_wb_clk_i/A (sky130_fd_sc_hd__clkbuf_16)
    17    0.109159    0.188823    0.374197    0.496832 ^ clkbuf_0_wb_clk_i/X (sky130_fd_sc_hd__clkbuf_16)
                                                         clknet_0_wb_clk_i (net)
                      0.188853    0.002430    0.499263 ^ clkbuf_3_1__f_wb_clk_i/A (sky130_fd_sc_hd__clkbuf_16)
    15    0.042068    0.096612    0.307174    0.806437 ^ clkbuf_3_1__f_wb_clk_i/X (sky130_fd_sc_hd__clkbuf_16)
                                                         clknet_3_1__leaf_wb_clk_i (net)
                      0.096628    0.000537    0.806974 ^ _711_/CLK (sky130_fd_sc_hd__dfxtp_1)
     5    0.010402    0.171779    0.717774    1.524748 ^ _711_/Q (sky130_fd_sc_hd__dfxtp_1)
                                                         group_state_bits[2] (net)
                      0.171779    0.000217    1.524965 ^ _362_/C (sky130_fd_sc_hd__or4b_2)
     2    0.015117    0.150940    0.317478    1.842443 ^ _362_/X (sky130_fd_sc_hd__or4b_2)
                                                         _158_ (net)
                      0.150942    0.000804    1.843247 ^ _363_/A (sky130_fd_sc_hd__inv_2)
     1    0.007323    0.051592    0.100166    1.943413 v _363_/Y (sky130_fd_sc_hd__inv_2)
                                                         net30 (net)
                      0.051593    0.000344    1.943757 v output30/A (sky130_fd_sc_hd__buf_2)
     1    0.034162    0.165579    0.335801    2.279557 v output30/X (sky130_fd_sc_hd__buf_2)
                                                         group_suspended (net)
                      0.165579    0.000657    2.280215 v group_suspended (out)
                                              2.280215   data arrival time

                                  0.000000    0.000000   clock wb_clk_i (rise edge)
                                  0.000000    0.000000   clock network delay (propagated)
                                  0.250000    0.250000   clock uncertainty
                                  0.000000    0.250000   clock reconvergence pessimism
                                 -5.000000   -4.750000   output external delay
                                             -4.750000   data required time
---------------------------------------------------------------------------------------------
                                             -4.750000   data required time
                                             -2.280215   data arrival time
---------------------------------------------------------------------------------------------
                                              7.030215   slack (MET)


Startpoint: _743_ (rising edge-triggered flip-flop clocked by wb_clk_i)
Endpoint: debug_enable (output port clocked by wb_clk_i)
Path Group: wb_clk_i
Path Type: min

Fanout         Cap        Slew       Delay        Time   Description
---------------------------------------------------------------------------------------------
                                  0.000000    0.000000   clock wb_clk_i (rise edge)
                                  0.000000    0.000000   clock source latency
     2    0.024010    0.178101    0.122636    0.122636 ^ wb_clk_i (in)
                                                         wb_clk_i (net)
                      0.178133    0.000000    0.122636 ^ clkbuf_0_wb_clk_i/A (sky130_fd_sc_hd__clkbuf_16)
    17    0.109159    0.188823    0.374197    0.496832 ^ clkbuf_0_wb_clk_i/X (sky130_fd_sc_hd__clkbuf_16)
                                                         clknet_0_wb_clk_i (net)
                      0.188845    0.002161    0.498994 ^ clkbuf_3_6__f_wb_clk_i/A (sky130_fd_sc_hd__clkbuf_16)
    10    0.042134    0.096653    0.307133    0.806127 ^ clkbuf_3_6__f_wb_clk_i/X (sky130_fd_sc_hd__clkbuf_16)
                                                         clknet_3_6__leaf_wb_clk_i (net)
                      0.096689    0.000963    0.807089 ^ _743_/CLK (sky130_fd_sc_hd__dfxtp_1)
     4    0.020792    0.193193    0.708304    1.515393 v _743_/Q (sky130_fd_sc_hd__dfxtp_1)
                                                         u_system.u_global.state[2] (net)
                      0.193193    0.000460    1.515853 v _334_/A (sky130_fd_sc_hd__inv_2)
     6    0.026788    0.203104    0.245711    1.761565 ^ _334_/Y (sky130_fd_sc_hd__inv_2)
                                                         _139_ (net)
                      0.203104    0.000660    1.762225 ^ _359_/A (sky130_fd_sc_hd__nor3_4)
     9    0.032524    0.104712    0.177426    1.939651 v _359_/Y (sky130_fd_sc_hd__nor3_4)
                                                         net27 (net)
                      0.104712    0.000490    1.940141 v output27/A (sky130_fd_sc_hd__buf_2)
     1    0.033958    0.164664    0.360121    2.300262 v output27/X (sky130_fd_sc_hd__buf_2)
                                                         debug_enable (net)
                      0.164665    0.000625    2.300887 v debug_enable (out)
                                              2.300887   data arrival time

                                  0.000000    0.000000   clock wb_clk_i (rise edge)
                                  0.000000    0.000000   clock network delay (propagated)
                                  0.250000    0.250000   clock uncertainty
                                  0.000000    0.250000   clock reconvergence pessimism
                                 -5.000000   -4.750000   output external delay
                                             -4.750000   data required time
---------------------------------------------------------------------------------------------
                                             -4.750000   data required time
                                             -2.300887   data arrival time
---------------------------------------------------------------------------------------------
                                              7.050887   slack (MET)


Startpoint: _709_ (rising edge-triggered flip-flop clocked by wb_clk_i)
Endpoint: group_unlocked (output port clocked by wb_clk_i)
Path Group: wb_clk_i
Path Type: min

Fanout         Cap        Slew       Delay        Time   Description
---------------------------------------------------------------------------------------------
                                  0.000000    0.000000   clock wb_clk_i (rise edge)
                                  0.000000    0.000000   clock source latency
     2    0.024010    0.178101    0.122636    0.122636 ^ wb_clk_i (in)
                                                         wb_clk_i (net)
                      0.178133    0.000000    0.122636 ^ clkbuf_0_wb_clk_i/A (sky130_fd_sc_hd__clkbuf_16)
    17    0.109159    0.188823    0.374197    0.496832 ^ clkbuf_0_wb_clk_i/X (sky130_fd_sc_hd__clkbuf_16)
                                                         clknet_0_wb_clk_i (net)
                      0.188853    0.002430    0.499263 ^ clkbuf_3_1__f_wb_clk_i/A (sky130_fd_sc_hd__clkbuf_16)
    15    0.042068    0.096612    0.307174    0.806437 ^ clkbuf_3_1__f_wb_clk_i/X (sky130_fd_sc_hd__clkbuf_16)
                                                         clknet_3_1__leaf_wb_clk_i (net)
                      0.096627    0.000495    0.806932 ^ _709_/CLK (sky130_fd_sc_hd__dfxtp_1)
     5    0.012660    0.202887    0.741461    1.548392 ^ _709_/Q (sky130_fd_sc_hd__dfxtp_1)
                                                         group_state_bits[0] (net)
                      0.202887    0.000322    1.548714 ^ _360_/A (sky130_fd_sc_hd__or4b_4)
     5    0.022665    0.128280    0.343557    1.892271 ^ _360_/X (sky130_fd_sc_hd__or4b_4)
                                                         _157_ (net)
                      0.128287    0.001075    1.893346 ^ _361_/A (sky130_fd_sc_hd__inv_2)
     4    0.018671    0.087742    0.131505    2.024851 v _361_/Y (sky130_fd_sc_hd__inv_2)
                                                         net31 (net)
                      0.087745    0.000654    2.025505 v output31/A (sky130_fd_sc_hd__buf_2)
     1    0.034382    0.166350    0.353222    2.378727 v output31/X (sky130_fd_sc_hd__buf_2)
                                                         group_unlocked (net)
                      0.166351    0.000735    2.379462 v group_unlocked (out)
                                              2.379462   data arrival time

                                  0.000000    0.000000   clock wb_clk_i (rise edge)
                                  0.000000    0.000000   clock network delay (propagated)
                                  0.250000    0.250000   clock uncertainty
                                  0.000000    0.250000   clock reconvergence pessimism
                                 -5.000000   -4.750000   output external delay
                                             -4.750000   data required time
---------------------------------------------------------------------------------------------
                                             -4.750000   data required time
                                             -2.379462   data arrival time
---------------------------------------------------------------------------------------------
                                              7.129462   slack (MET)


Startpoint: _743_ (rising edge-triggered flip-flop clocked by wb_clk_i)
Endpoint: unlock_enable (output port clocked by wb_clk_i)
Path Group: wb_clk_i
Path Type: min

Fanout         Cap        Slew       Delay        Time   Description
---------------------------------------------------------------------------------------------
                                  0.000000    0.000000   clock wb_clk_i (rise edge)
                                  0.000000    0.000000   clock source latency
     2    0.024010    0.178101    0.122636    0.122636 ^ wb_clk_i (in)
                                                         wb_clk_i (net)
                      0.178133    0.000000    0.122636 ^ clkbuf_0_wb_clk_i/A (sky130_fd_sc_hd__clkbuf_16)
    17    0.109159    0.188823    0.374197    0.496832 ^ clkbuf_0_wb_clk_i/X (sky130_fd_sc_hd__clkbuf_16)
                                                         clknet_0_wb_clk_i (net)
                      0.188845    0.002161    0.498994 ^ clkbuf_3_6__f_wb_clk_i/A (sky130_fd_sc_hd__clkbuf_16)
    10    0.042134    0.096653    0.307133    0.806127 ^ clkbuf_3_6__f_wb_clk_i/X (sky130_fd_sc_hd__clkbuf_16)
                                                         clknet_3_6__leaf_wb_clk_i (net)
                      0.096689    0.000963    0.807089 ^ _743_/CLK (sky130_fd_sc_hd__dfxtp_1)
     4    0.020792    0.193193    0.708304    1.515393 v _743_/Q (sky130_fd_sc_hd__dfxtp_1)
                                                         u_system.u_global.state[2] (net)
                      0.193193    0.000460    1.515853 v _334_/A (sky130_fd_sc_hd__inv_2)
     6    0.026788    0.203104    0.245711    1.761565 ^ _334_/Y (sky130_fd_sc_hd__inv_2)
                                                         _139_ (net)
                      0.203104    0.000660    1.762225 ^ _359_/A (sky130_fd_sc_hd__nor3_4)
     9    0.032524    0.104712    0.177426    1.939651 v _359_/Y (sky130_fd_sc_hd__nor3_4)
                                                         net27 (net)
                      0.104712    0.000487    1.940138 v _767_/A (sky130_fd_sc_hd__clkbuf_1)
     1    0.002350    0.046013    0.171943    2.112082 v _767_/X (sky130_fd_sc_hd__clkbuf_1)
                                                         net34 (net)
                      0.046013    0.000068    2.112150 v output34/A (sky130_fd_sc_hd__buf_2)
     1    0.034036    0.165105    0.332856    2.445006 v output34/X (sky130_fd_sc_hd__buf_2)
                                                         unlock_enable (net)
                      0.165105    0.000637    2.445642 v unlock_enable (out)
                                              2.445642   data arrival time

                                  0.000000    0.000000   clock wb_clk_i (rise edge)
                                  0.000000    0.000000   clock network delay (propagated)
                                  0.250000    0.250000   clock uncertainty
                                  0.000000    0.250000   clock reconvergence pessimism
                                 -5.000000   -4.750000   output external delay
                                             -4.750000   data required time
---------------------------------------------------------------------------------------------
                                             -4.750000   data required time
                                             -2.445642   data arrival time
---------------------------------------------------------------------------------------------
                                              7.195642   slack (MET)


Startpoint: _718_ (rising edge-triggered flip-flop clocked by wb_clk_i)
Endpoint: safe_led (output port clocked by wb_clk_i)
Path Group: wb_clk_i
Path Type: min

Fanout         Cap        Slew       Delay        Time   Description
---------------------------------------------------------------------------------------------
                                  0.000000    0.000000   clock wb_clk_i (rise edge)
                                  0.000000    0.000000   clock source latency
     2    0.024010    0.178101    0.122636    0.122636 ^ wb_clk_i (in)
                                                         wb_clk_i (net)
                      0.178133    0.000000    0.122636 ^ clkbuf_0_wb_clk_i/A (sky130_fd_sc_hd__clkbuf_16)
    17    0.109159    0.188823    0.374197    0.496832 ^ clkbuf_0_wb_clk_i/X (sky130_fd_sc_hd__clkbuf_16)
                                                         clknet_0_wb_clk_i (net)
                      0.188845    0.002161    0.498994 ^ clkbuf_3_6__f_wb_clk_i/A (sky130_fd_sc_hd__clkbuf_16)
    10    0.042134    0.096653    0.307133    0.806127 ^ clkbuf_3_6__f_wb_clk_i/X (sky130_fd_sc_hd__clkbuf_16)
                                                         clknet_3_6__leaf_wb_clk_i (net)
                      0.096699    0.001217    0.807344 ^ _718_/CLK (sky130_fd_sc_hd__dfxtp_1)
     4    0.008670    0.147709    0.699626    1.506971 ^ _718_/Q (sky130_fd_sc_hd__dfxtp_1)
                                                         u_system.u_global.state[4] (net)
                      0.147709    0.000163    1.507133 ^ _352_/B (sky130_fd_sc_hd__and3b_1)
     4    0.011970    0.210802    0.435644    1.942777 ^ _352_/X (sky130_fd_sc_hd__and3b_1)
                                                         _155_ (net)
                      0.210802    0.000209    1.942986 ^ _353_/B (sky130_fd_sc_hd__or2_2)
     9    0.034078    0.282277    0.418150    2.361136 ^ _353_/X (sky130_fd_sc_hd__or2_2)
                                                         net32 (net)
                      0.282277    0.000949    2.362086 ^ output32/A (sky130_fd_sc_hd__buf_2)
     1    0.034418    0.273842    0.438934    2.801019 ^ output32/X (sky130_fd_sc_hd__buf_2)
                                                         safe_led (net)
                      0.273842    0.000796    2.801815 ^ safe_led (out)
                                              2.801815   data arrival time

                                  0.000000    0.000000   clock wb_clk_i (rise edge)
                                  0.000000    0.000000   clock network delay (propagated)
                                  0.250000    0.250000   clock uncertainty
                                  0.000000    0.250000   clock reconvergence pessimism
                                 -5.000000   -4.750000   output external delay
                                             -4.750000   data required time
---------------------------------------------------------------------------------------------
                                             -4.750000   data required time
                                             -2.801815   data arrival time
---------------------------------------------------------------------------------------------
                                              7.551816   slack (MET)


Startpoint: _718_ (rising edge-triggered flip-flop clocked by wb_clk_i)
Endpoint: security_breach (output port clocked by wb_clk_i)
Path Group: wb_clk_i
Path Type: min

Fanout         Cap        Slew       Delay        Time   Description
---------------------------------------------------------------------------------------------
                                  0.000000    0.000000   clock wb_clk_i (rise edge)
                                  0.000000    0.000000   clock source latency
     2    0.024010    0.178101    0.122636    0.122636 ^ wb_clk_i (in)
                                                         wb_clk_i (net)
                      0.178133    0.000000    0.122636 ^ clkbuf_0_wb_clk_i/A (sky130_fd_sc_hd__clkbuf_16)
    17    0.109159    0.188823    0.374197    0.496832 ^ clkbuf_0_wb_clk_i/X (sky130_fd_sc_hd__clkbuf_16)
                                                         clknet_0_wb_clk_i (net)
                      0.188845    0.002161    0.498994 ^ clkbuf_3_6__f_wb_clk_i/A (sky130_fd_sc_hd__clkbuf_16)
    10    0.042134    0.096653    0.307133    0.806127 ^ clkbuf_3_6__f_wb_clk_i/X (sky130_fd_sc_hd__clkbuf_16)
                                                         clknet_3_6__leaf_wb_clk_i (net)
                      0.096699    0.001217    0.807344 ^ _718_/CLK (sky130_fd_sc_hd__dfxtp_1)
     4    0.008670    0.147709    0.699626    1.506971 ^ _718_/Q (sky130_fd_sc_hd__dfxtp_1)
                                                         u_system.u_global.state[4] (net)
                      0.147709    0.000163    1.507133 ^ _352_/B (sky130_fd_sc_hd__and3b_1)
     4    0.011970    0.210802    0.435644    1.942777 ^ _352_/X (sky130_fd_sc_hd__and3b_1)
                                                         _155_ (net)
                      0.210802    0.000209    1.942986 ^ _353_/B (sky130_fd_sc_hd__or2_2)
     9    0.034078    0.282277    0.418150    2.361136 ^ _353_/X (sky130_fd_sc_hd__or2_2)
                                                         net32 (net)
                      0.282287    0.002049    2.363185 ^ _766_/A (sky130_fd_sc_hd__clkbuf_1)
     1    0.002436    0.068421    0.225217    2.588402 ^ _766_/X (sky130_fd_sc_hd__clkbuf_1)
                                                         net33 (net)
                      0.068421    0.000071    2.588473 ^ output33/A (sky130_fd_sc_hd__buf_2)
     1    0.034870    0.276643    0.345869    2.934342 ^ output33/X (sky130_fd_sc_hd__buf_2)
                                                         security_breach (net)
                      0.276643    0.000814    2.935157 ^ security_breach (out)
                                              2.935157   data arrival time

                                  0.000000    0.000000   clock wb_clk_i (rise edge)
                                  0.000000    0.000000   clock network delay (propagated)
                                  0.250000    0.250000   clock uncertainty
                                  0.000000    0.250000   clock reconvergence pessimism
                                 -5.000000   -4.750000   output external delay
                                             -4.750000   data required time
---------------------------------------------------------------------------------------------
                                             -4.750000   data required time
                                             -2.935157   data arrival time
---------------------------------------------------------------------------------------------
                                              7.685157   slack (MET)



