
===========================================================================
report_checks -path_delay min (Hold)
============================================================================
======================= nom_tt_025C_1v80 Corner ===================================

Startpoint: _460_ (rising edge-triggered flip-flop clocked by clk)
Endpoint: _461_ (rising edge-triggered flip-flop clocked by clk)
Path Group: clk
Path Type: min

Fanout         Cap        Slew       Delay        Time   Description
---------------------------------------------------------------------------------------------
                                  0.000000    0.000000   clock clk (rise edge)
                                  0.000000    0.000000   clock source latency
     1    0.017755    0.085708    0.058820    0.058820 ^ clk (in)
                                                         clk (net)
                      0.085715    0.000000    0.058820 ^ clkbuf_0_clk/A (sky130_fd_sc_hd__clkbuf_16)
     4    0.040158    0.059886    0.156605    0.215424 ^ clkbuf_0_clk/X (sky130_fd_sc_hd__clkbuf_16)
                                                         clknet_0_clk (net)
                      0.059914    0.001149    0.216573 ^ clkbuf_2_2__f_clk/A (sky130_fd_sc_hd__clkbuf_16)
    13    0.047683    0.066650    0.152663    0.369237 ^ clkbuf_2_2__f_clk/X (sky130_fd_sc_hd__clkbuf_16)
                                                         clknet_2_2__leaf_clk (net)
                      0.066703    0.001656    0.370893 ^ _460_/CLK (sky130_fd_sc_hd__dfxtp_1)
     4    0.011740    0.063328    0.334212    0.705105 v _460_/Q (sky130_fd_sc_hd__dfxtp_1)
                                                         u_system.global_timeout_count[0] (net)
                      0.063329    0.000272    0.705377 v _343_/B (sky130_fd_sc_hd__xnor2_1)
     1    0.002978    0.051106    0.135723    0.841101 ^ _343_/Y (sky130_fd_sc_hd__xnor2_1)
                                                         _150_ (net)
                      0.051106    0.000085    0.841186 ^ _344_/A2 (sky130_fd_sc_hd__a21oi_1)
     1    0.002329    0.036413    0.057548    0.898734 v _344_/Y (sky130_fd_sc_hd__a21oi_1)
                                                         _025_ (net)
                      0.036413    0.000066    0.898800 v _461_/D (sky130_fd_sc_hd__dfxtp_1)
                                              0.898800   data arrival time

                                  0.000000    0.000000   clock clk (rise edge)
                                  0.000000    0.000000   clock source latency
     1    0.017755    0.085708    0.058820    0.058820 ^ clk (in)
                                                         clk (net)
                      0.085715    0.000000    0.058820 ^ clkbuf_0_clk/A (sky130_fd_sc_hd__clkbuf_16)
     4    0.040158    0.059886    0.156605    0.215424 ^ clkbuf_0_clk/X (sky130_fd_sc_hd__clkbuf_16)
                                                         clknet_0_clk (net)
                      0.059914    0.001149    0.216573 ^ clkbuf_2_2__f_clk/A (sky130_fd_sc_hd__clkbuf_16)
    13    0.047683    0.066650    0.152663    0.369237 ^ clkbuf_2_2__f_clk/X (sky130_fd_sc_hd__clkbuf_16)
                                                         clknet_2_2__leaf_clk (net)
                      0.066691    0.001475    0.370712 ^ _461_/CLK (sky130_fd_sc_hd__dfxtp_1)
                                  0.250000    0.620712   clock uncertainty
                                  0.000000    0.620712   clock reconvergence pessimism
                                 -0.045069    0.575643   library hold time
                                              0.575643   data required time
---------------------------------------------------------------------------------------------
                                              0.575643   data required time
                                             -0.898800   data arrival time
---------------------------------------------------------------------------------------------
                                              0.323157   slack (MET)


Startpoint: _487_ (rising edge-triggered flip-flop clocked by clk)
Endpoint: _457_ (rising edge-triggered flip-flop clocked by clk)
Path Group: clk
Path Type: min

Fanout         Cap        Slew       Delay        Time   Description
---------------------------------------------------------------------------------------------
                                  0.000000    0.000000   clock clk (rise edge)
                                  0.000000    0.000000   clock source latency
     1    0.017755    0.085708    0.058820    0.058820 ^ clk (in)
                                                         clk (net)
                      0.085715    0.000000    0.058820 ^ clkbuf_0_clk/A (sky130_fd_sc_hd__clkbuf_16)
     4    0.040158    0.059886    0.156605    0.215424 ^ clkbuf_0_clk/X (sky130_fd_sc_hd__clkbuf_16)
                                                         clknet_0_clk (net)
                      0.059908    0.001042    0.216466 ^ clkbuf_2_3__f_clk/A (sky130_fd_sc_hd__clkbuf_16)
    14    0.048219    0.067156    0.153179    0.369645 ^ clkbuf_2_3__f_clk/X (sky130_fd_sc_hd__clkbuf_16)
                                                         clknet_2_3__leaf_clk (net)
                      0.067176    0.001082    0.370727 ^ _487_/CLK (sky130_fd_sc_hd__dfxtp_1)
     9    0.023911    0.115208    0.376251    0.746978 v _487_/Q (sky130_fd_sc_hd__dfxtp_1)
                                                         u_system.u_global.state[4] (net)
                      0.115208    0.000264    0.747242 v _316_/A (sky130_fd_sc_hd__and2_1)
     1    0.002009    0.030368    0.158441    0.905683 v _316_/X (sky130_fd_sc_hd__and2_1)
                                                         _021_ (net)
                      0.030368    0.000056    0.905739 v _457_/D (sky130_fd_sc_hd__dfxtp_1)
                                              0.905739   data arrival time

                                  0.000000    0.000000   clock clk (rise edge)
                                  0.000000    0.000000   clock source latency
     1    0.017755    0.085708    0.058820    0.058820 ^ clk (in)
                                                         clk (net)
                      0.085715    0.000000    0.058820 ^ clkbuf_0_clk/A (sky130_fd_sc_hd__clkbuf_16)
     4    0.040158    0.059886    0.156605    0.215424 ^ clkbuf_0_clk/X (sky130_fd_sc_hd__clkbuf_16)
                                                         clknet_0_clk (net)
                      0.059908    0.001042    0.216466 ^ clkbuf_2_3__f_clk/A (sky130_fd_sc_hd__clkbuf_16)
    14    0.048219    0.067156    0.153179    0.369645 ^ clkbuf_2_3__f_clk/X (sky130_fd_sc_hd__clkbuf_16)
                                                         clknet_2_3__leaf_clk (net)
                      0.067178    0.001108    0.370753 ^ _457_/CLK (sky130_fd_sc_hd__dfxtp_1)
                                  0.250000    0.620753   clock uncertainty
                                  0.000000    0.620753   clock reconvergence pessimism
                                 -0.042437    0.578316   library hold time
                                              0.578316   data required time
---------------------------------------------------------------------------------------------
                                              0.578316   data required time
                                             -0.905739   data arrival time
---------------------------------------------------------------------------------------------
                                              0.327423   slack (MET)


Startpoint: _437_ (rising edge-triggered flip-flop clocked by clk)
Endpoint: _437_ (rising edge-triggered flip-flop clocked by clk)
Path Group: clk
Path Type: min

Fanout         Cap        Slew       Delay        Time   Description
---------------------------------------------------------------------------------------------
                                  0.000000    0.000000   clock clk (rise edge)
                                  0.000000    0.000000   clock source latency
     1    0.017755    0.085708    0.058820    0.058820 ^ clk (in)
                                                         clk (net)
                      0.085715    0.000000    0.058820 ^ clkbuf_0_clk/A (sky130_fd_sc_hd__clkbuf_16)
     4    0.040158    0.059886    0.156605    0.215424 ^ clkbuf_0_clk/X (sky130_fd_sc_hd__clkbuf_16)
                                                         clknet_0_clk (net)
                      0.059919    0.001235    0.216659 ^ clkbuf_2_0__f_clk/A (sky130_fd_sc_hd__clkbuf_16)
    16    0.047734    0.066658    0.152503    0.369162 ^ clkbuf_2_0__f_clk/X (sky130_fd_sc_hd__clkbuf_16)
                                                         clknet_2_0__leaf_clk (net)
                      0.066873    0.002577    0.371739 ^ _437_/CLK (sky130_fd_sc_hd__dfxtp_1)
     6    0.015265    0.078532    0.346464    0.718203 v _437_/Q (sky130_fd_sc_hd__dfxtp_1)
                                                         u_system.group_timeout_count[1] (net)
                      0.078532    0.000294    0.718498 v _267_/B (sky130_fd_sc_hd__nand2_1)
     1    0.002250    0.041736    0.072122    0.790619 ^ _267_/Y (sky130_fd_sc_hd__nand2_1)
                                                         _098_ (net)
                      0.041736    0.000044    0.790663 ^ _269_/B (sky130_fd_sc_hd__and3_1)
     1    0.001929    0.042100    0.131496    0.922160 ^ _269_/X (sky130_fd_sc_hd__and3_1)
                                                         _001_ (net)
                      0.042100    0.000053    0.922213 ^ _437_/D (sky130_fd_sc_hd__dfxtp_1)
                                              0.922213   data arrival time

                                  0.000000    0.000000   clock clk (rise edge)
                                  0.000000    0.000000   clock source latency
     1    0.017755    0.085708    0.058820    0.058820 ^ clk (in)
                                                         clk (net)
                      0.085715    0.000000    0.058820 ^ clkbuf_0_clk/A (sky130_fd_sc_hd__clkbuf_16)
     4    0.040158    0.059886    0.156605    0.215424 ^ clkbuf_0_clk/X (sky130_fd_sc_hd__clkbuf_16)
                                                         clknet_0_clk (net)
                      0.059919    0.001235    0.216659 ^ clkbuf_2_0__f_clk/A (sky130_fd_sc_hd__clkbuf_16)
    16    0.047734    0.066658    0.152503    0.369162 ^ clkbuf_2_0__f_clk/X (sky130_fd_sc_hd__clkbuf_16)
                                                         clknet_2_0__leaf_clk (net)
                      0.066873    0.002577    0.371739 ^ _437_/CLK (sky130_fd_sc_hd__dfxtp_1)
                                  0.250000    0.621739   clock uncertainty
                                  0.000000    0.621739   clock reconvergence pessimism
                                 -0.027781    0.593958   library hold time
                                              0.593958   data required time
---------------------------------------------------------------------------------------------
                                              0.593958   data required time
                                             -0.922213   data arrival time
---------------------------------------------------------------------------------------------
                                              0.328255   slack (MET)


Startpoint: _474_ (rising edge-triggered flip-flop clocked by clk)
Endpoint: _474_ (rising edge-triggered flip-flop clocked by clk)
Path Group: clk
Path Type: min

Fanout         Cap        Slew       Delay        Time   Description
---------------------------------------------------------------------------------------------
                                  0.000000    0.000000   clock clk (rise edge)
                                  0.000000    0.000000   clock source latency
     1    0.017755    0.085708    0.058820    0.058820 ^ clk (in)
                                                         clk (net)
                      0.085715    0.000000    0.058820 ^ clkbuf_0_clk/A (sky130_fd_sc_hd__clkbuf_16)
     4    0.040158    0.059886    0.156605    0.215424 ^ clkbuf_0_clk/X (sky130_fd_sc_hd__clkbuf_16)
                                                         clknet_0_clk (net)
                      0.059914    0.001149    0.216573 ^ clkbuf_2_2__f_clk/A (sky130_fd_sc_hd__clkbuf_16)
    13    0.047683    0.066650    0.152663    0.369237 ^ clkbuf_2_2__f_clk/X (sky130_fd_sc_hd__clkbuf_16)
                                                         clknet_2_2__leaf_clk (net)
                      0.066702    0.001640    0.370877 ^ _474_/CLK (sky130_fd_sc_hd__dfxtp_1)
     5    0.017253    0.087147    0.353299    0.724176 v _474_/Q (sky130_fd_sc_hd__dfxtp_1)
                                                         u_system.global_timeout_count[14] (net)
                      0.087147    0.000340    0.724516 v _380_/A1 (sky130_fd_sc_hd__o21ba_1)
     1    0.002153    0.026767    0.188137    0.912652 v _380_/X (sky130_fd_sc_hd__o21ba_1)
                                                         _038_ (net)
                      0.026767    0.000060    0.912712 v _474_/D (sky130_fd_sc_hd__dfxtp_1)
                                              0.912712   data arrival time

                                  0.000000    0.000000   clock clk (rise edge)
                                  0.000000    0.000000   clock source latency
     1    0.017755    0.085708    0.058820    0.058820 ^ clk (in)
                                                         clk (net)
                      0.085715    0.000000    0.058820 ^ clkbuf_0_clk/A (sky130_fd_sc_hd__clkbuf_16)
     4    0.040158    0.059886    0.156605    0.215424 ^ clkbuf_0_clk/X (sky130_fd_sc_hd__clkbuf_16)
                                                         clknet_0_clk (net)
                      0.059914    0.001149    0.216573 ^ clkbuf_2_2__f_clk/A (sky130_fd_sc_hd__clkbuf_16)
    13    0.047683    0.066650    0.152663    0.369237 ^ clkbuf_2_2__f_clk/X (sky130_fd_sc_hd__clkbuf_16)
                                                         clknet_2_2__leaf_clk (net)
                      0.066702    0.001640    0.370877 ^ _474_/CLK (sky130_fd_sc_hd__dfxtp_1)
                                  0.250000    0.620877   clock uncertainty
                                  0.000000    0.620877   clock reconvergence pessimism
                                 -0.041042    0.579835   library hold time
                                              0.579835   data required time
---------------------------------------------------------------------------------------------
                                              0.579835   data required time
                                             -0.912712   data arrival time
---------------------------------------------------------------------------------------------
                                              0.332877   slack (MET)


Startpoint: _436_ (rising edge-triggered flip-flop clocked by clk)
Endpoint: _436_ (rising edge-triggered flip-flop clocked by clk)
Path Group: clk
Path Type: min

Fanout         Cap        Slew       Delay        Time   Description
---------------------------------------------------------------------------------------------
                                  0.000000    0.000000   clock clk (rise edge)
                                  0.000000    0.000000   clock source latency
     1    0.017755    0.085708    0.058820    0.058820 ^ clk (in)
                                                         clk (net)
                      0.085715    0.000000    0.058820 ^ clkbuf_0_clk/A (sky130_fd_sc_hd__clkbuf_16)
     4    0.040158    0.059886    0.156605    0.215424 ^ clkbuf_0_clk/X (sky130_fd_sc_hd__clkbuf_16)
                                                         clknet_0_clk (net)
                      0.059919    0.001235    0.216659 ^ clkbuf_2_0__f_clk/A (sky130_fd_sc_hd__clkbuf_16)
    16    0.047734    0.066658    0.152503    0.369162 ^ clkbuf_2_0__f_clk/X (sky130_fd_sc_hd__clkbuf_16)
                                                         clknet_2_0__leaf_clk (net)
                      0.066848    0.002365    0.371527 ^ _436_/CLK (sky130_fd_sc_hd__dfxtp_1)
     7    0.018737    0.093603    0.358476    0.730003 v _436_/Q (sky130_fd_sc_hd__dfxtp_1)
                                                         u_system.group_timeout_count[0] (net)
                      0.093603    0.000361    0.730364 v _266_/A_N (sky130_fd_sc_hd__and2b_1)
     1    0.002076    0.036135    0.197772    0.928136 ^ _266_/X (sky130_fd_sc_hd__and2b_1)
                                                         _000_ (net)
                      0.036135    0.000058    0.928194 ^ _436_/D (sky130_fd_sc_hd__dfxtp_1)
                                              0.928194   data arrival time

                                  0.000000    0.000000   clock clk (rise edge)
                                  0.000000    0.000000   clock source latency
     1    0.017755    0.085708    0.058820    0.058820 ^ clk (in)
                                                         clk (net)
                      0.085715    0.000000    0.058820 ^ clkbuf_0_clk/A (sky130_fd_sc_hd__clkbuf_16)
     4    0.040158    0.059886    0.156605    0.215424 ^ clkbuf_0_clk/X (sky130_fd_sc_hd__clkbuf_16)
                                                         clknet_0_clk (net)
                      0.059919    0.001235    0.216659 ^ clkbuf_2_0__f_clk/A (sky130_fd_sc_hd__clkbuf_16)
    16    0.047734    0.066658    0.152503    0.369162 ^ clkbuf_2_0__f_clk/X (sky130_fd_sc_hd__clkbuf_16)
                                                         clknet_2_0__leaf_clk (net)
                      0.066848    0.002365    0.371527 ^ _436_/CLK (sky130_fd_sc_hd__dfxtp_1)
                                  0.250000    0.621527   clock uncertainty
                                  0.000000    0.621527   clock reconvergence pessimism
                                 -0.026539    0.594988   library hold time
                                              0.594988   data required time
---------------------------------------------------------------------------------------------
                                              0.594988   data required time
                                             -0.928194   data arrival time
---------------------------------------------------------------------------------------------
                                              0.333206   slack (MET)


Startpoint: _474_ (rising edge-triggered flip-flop clocked by clk)
Endpoint: _475_ (rising edge-triggered flip-flop clocked by clk)
Path Group: clk
Path Type: min

Fanout         Cap        Slew       Delay        Time   Description
---------------------------------------------------------------------------------------------
                                  0.000000    0.000000   clock clk (rise edge)
                                  0.000000    0.000000   clock source latency
     1    0.017755    0.085708    0.058820    0.058820 ^ clk (in)
                                                         clk (net)
                      0.085715    0.000000    0.058820 ^ clkbuf_0_clk/A (sky130_fd_sc_hd__clkbuf_16)
     4    0.040158    0.059886    0.156605    0.215424 ^ clkbuf_0_clk/X (sky130_fd_sc_hd__clkbuf_16)
                                                         clknet_0_clk (net)
                      0.059914    0.001149    0.216573 ^ clkbuf_2_2__f_clk/A (sky130_fd_sc_hd__clkbuf_16)
    13    0.047683    0.066650    0.152663    0.369237 ^ clkbuf_2_2__f_clk/X (sky130_fd_sc_hd__clkbuf_16)
                                                         clknet_2_2__leaf_clk (net)
                      0.066702    0.001640    0.370877 ^ _474_/CLK (sky130_fd_sc_hd__dfxtp_1)
     5    0.017253    0.087147    0.353299    0.724176 v _474_/Q (sky130_fd_sc_hd__dfxtp_1)
                                                         u_system.global_timeout_count[14] (net)
                      0.087148    0.000392    0.724568 v _381_/A1 (sky130_fd_sc_hd__a21oi_1)
     1    0.003659    0.102380    0.146428    0.870996 ^ _381_/Y (sky130_fd_sc_hd__a21oi_1)
                                                         _174_ (net)
                      0.102380    0.000112    0.871108 ^ _382_/B (sky130_fd_sc_hd__nor2_1)
     1    0.001924    0.028816    0.043951    0.915059 v _382_/Y (sky130_fd_sc_hd__nor2_1)
                                                         _039_ (net)
                      0.028816    0.000054    0.915113 v _475_/D (sky130_fd_sc_hd__dfxtp_1)
                                              0.915113   data arrival time

                                  0.000000    0.000000   clock clk (rise edge)
                                  0.000000    0.000000   clock source latency
     1    0.017755    0.085708    0.058820    0.058820 ^ clk (in)
                                                         clk (net)
                      0.085715    0.000000    0.058820 ^ clkbuf_0_clk/A (sky130_fd_sc_hd__clkbuf_16)
     4    0.040158    0.059886    0.156605    0.215424 ^ clkbuf_0_clk/X (sky130_fd_sc_hd__clkbuf_16)
                                                         clknet_0_clk (net)
                      0.059914    0.001149    0.216573 ^ clkbuf_2_2__f_clk/A (sky130_fd_sc_hd__clkbuf_16)
    13    0.047683    0.066650    0.152663    0.369237 ^ clkbuf_2_2__f_clk/X (sky130_fd_sc_hd__clkbuf_16)
                                                         clknet_2_2__leaf_clk (net)
                      0.066705    0.001675    0.370911 ^ _475_/CLK (sky130_fd_sc_hd__dfxtp_1)
                                  0.250000    0.620911   clock uncertainty
                                  0.000000    0.620911   clock reconvergence pessimism
                                 -0.041896    0.579015   library hold time
                                              0.579015   data required time
---------------------------------------------------------------------------------------------
                                              0.579015   data required time
                                             -0.915113   data arrival time
---------------------------------------------------------------------------------------------
                                              0.336098   slack (MET)


Startpoint: _449_ (rising edge-triggered flip-flop clocked by clk)
Endpoint: _449_ (rising edge-triggered flip-flop clocked by clk)
Path Group: clk
Path Type: min

Fanout         Cap        Slew       Delay        Time   Description
---------------------------------------------------------------------------------------------
                                  0.000000    0.000000   clock clk (rise edge)
                                  0.000000    0.000000   clock source latency
     1    0.017755    0.085708    0.058820    0.058820 ^ clk (in)
                                                         clk (net)
                      0.085715    0.000000    0.058820 ^ clkbuf_0_clk/A (sky130_fd_sc_hd__clkbuf_16)
     4    0.040158    0.059886    0.156605    0.215424 ^ clkbuf_0_clk/X (sky130_fd_sc_hd__clkbuf_16)
                                                         clknet_0_clk (net)
                      0.059919    0.001235    0.216659 ^ clkbuf_2_0__f_clk/A (sky130_fd_sc_hd__clkbuf_16)
    16    0.047734    0.066658    0.152503    0.369162 ^ clkbuf_2_0__f_clk/X (sky130_fd_sc_hd__clkbuf_16)
                                                         clknet_2_0__leaf_clk (net)
                      0.066799    0.001903    0.371065 ^ _449_/CLK (sky130_fd_sc_hd__dfxtp_1)
     3    0.007675    0.082482    0.340035    0.711101 ^ _449_/Q (sky130_fd_sc_hd__dfxtp_1)
                                                         u_system.group_timeout_count[13] (net)
                      0.082482    0.000196    0.711297 ^ _303_/B1 (sky130_fd_sc_hd__a21o_1)
     1    0.002671    0.034438    0.085419    0.796716 ^ _303_/X (sky130_fd_sc_hd__a21o_1)
                                                         _122_ (net)
                      0.034438    0.000081    0.796796 ^ _304_/B (sky130_fd_sc_hd__and3b_1)
     1    0.002054    0.043522    0.133492    0.930288 ^ _304_/X (sky130_fd_sc_hd__and3b_1)
                                                         _013_ (net)
                      0.043522    0.000058    0.930346 ^ _449_/D (sky130_fd_sc_hd__dfxtp_1)
                                              0.930346   data arrival time

                                  0.000000    0.000000   clock clk (rise edge)
                                  0.000000    0.000000   clock source latency
     1    0.017755    0.085708    0.058820    0.058820 ^ clk (in)
                                                         clk (net)
                      0.085715    0.000000    0.058820 ^ clkbuf_0_clk/A (sky130_fd_sc_hd__clkbuf_16)
     4    0.040158    0.059886    0.156605    0.215424 ^ clkbuf_0_clk/X (sky130_fd_sc_hd__clkbuf_16)
                                                         clknet_0_clk (net)
                      0.059919    0.001235    0.216659 ^ clkbuf_2_0__f_clk/A (sky130_fd_sc_hd__clkbuf_16)
    16    0.047734    0.066658    0.152503    0.369162 ^ clkbuf_2_0__f_clk/X (sky130_fd_sc_hd__clkbuf_16)
                                                         clknet_2_0__leaf_clk (net)
                      0.066799    0.001903    0.371065 ^ _449_/CLK (sky130_fd_sc_hd__dfxtp_1)
                                  0.250000    0.621065   clock uncertainty
                                  0.000000    0.621065   clock reconvergence pessimism
                                 -0.028088    0.592978   library hold time
                                              0.592978   data required time
---------------------------------------------------------------------------------------------
                                              0.592978   data required time
                                             -0.930346   data arrival time
---------------------------------------------------------------------------------------------
                                              0.337369   slack (MET)


Startpoint: _451_ (rising edge-triggered flip-flop clocked by clk)
Endpoint: _451_ (rising edge-triggered flip-flop clocked by clk)
Path Group: clk
Path Type: min

Fanout         Cap        Slew       Delay        Time   Description
---------------------------------------------------------------------------------------------
                                  0.000000    0.000000   clock clk (rise edge)
                                  0.000000    0.000000   clock source latency
     1    0.017755    0.085708    0.058820    0.058820 ^ clk (in)
                                                         clk (net)
                      0.085715    0.000000    0.058820 ^ clkbuf_0_clk/A (sky130_fd_sc_hd__clkbuf_16)
     4    0.040158    0.059886    0.156605    0.215424 ^ clkbuf_0_clk/X (sky130_fd_sc_hd__clkbuf_16)
                                                         clknet_0_clk (net)
                      0.059919    0.001235    0.216659 ^ clkbuf_2_0__f_clk/A (sky130_fd_sc_hd__clkbuf_16)
    16    0.047734    0.066658    0.152503    0.369162 ^ clkbuf_2_0__f_clk/X (sky130_fd_sc_hd__clkbuf_16)
                                                         clknet_2_0__leaf_clk (net)
                      0.066765    0.001506    0.370669 ^ _451_/CLK (sky130_fd_sc_hd__dfxtp_1)
     3    0.006962    0.076221    0.335353    0.706022 ^ _451_/Q (sky130_fd_sc_hd__dfxtp_1)
                                                         u_system.group_timeout_count[15] (net)
                      0.076221    0.000109    0.706131 ^ _308_/A (sky130_fd_sc_hd__or2_1)
     1    0.002549    0.037846    0.098977    0.805108 ^ _308_/X (sky130_fd_sc_hd__or2_1)
                                                         _125_ (net)
                      0.037846    0.000074    0.805182 ^ _310_/B (sky130_fd_sc_hd__and3_1)
     1    0.001996    0.042646    0.130923    0.936105 ^ _310_/X (sky130_fd_sc_hd__and3_1)
                                                         _015_ (net)
                      0.042646    0.000057    0.936162 ^ _451_/D (sky130_fd_sc_hd__dfxtp_1)
                                              0.936162   data arrival time

                                  0.000000    0.000000   clock clk (rise edge)
                                  0.000000    0.000000   clock source latency
     1    0.017755    0.085708    0.058820    0.058820 ^ clk (in)
                                                         clk (net)
                      0.085715    0.000000    0.058820 ^ clkbuf_0_clk/A (sky130_fd_sc_hd__clkbuf_16)
     4    0.040158    0.059886    0.156605    0.215424 ^ clkbuf_0_clk/X (sky130_fd_sc_hd__clkbuf_16)
                                                         clknet_0_clk (net)
                      0.059919    0.001235    0.216659 ^ clkbuf_2_0__f_clk/A (sky130_fd_sc_hd__clkbuf_16)
    16    0.047734    0.066658    0.152503    0.369162 ^ clkbuf_2_0__f_clk/X (sky130_fd_sc_hd__clkbuf_16)
                                                         clknet_2_0__leaf_clk (net)
                      0.066765    0.001506    0.370669 ^ _451_/CLK (sky130_fd_sc_hd__dfxtp_1)
                                  0.250000    0.620669   clock uncertainty
                                  0.000000    0.620669   clock reconvergence pessimism
                                 -0.027909    0.592759   library hold time
                                              0.592759   data required time
---------------------------------------------------------------------------------------------
                                              0.592759   data required time
                                             -0.936162   data arrival time
---------------------------------------------------------------------------------------------
                                              0.343402   slack (MET)


Startpoint: _438_ (rising edge-triggered flip-flop clocked by clk)
Endpoint: _438_ (rising edge-triggered flip-flop clocked by clk)
Path Group: clk
Path Type: min

Fanout         Cap        Slew       Delay        Time   Description
---------------------------------------------------------------------------------------------
                                  0.000000    0.000000   clock clk (rise edge)
                                  0.000000    0.000000   clock source latency
     1    0.017755    0.085708    0.058820    0.058820 ^ clk (in)
                                                         clk (net)
                      0.085715    0.000000    0.058820 ^ clkbuf_0_clk/A (sky130_fd_sc_hd__clkbuf_16)
     4    0.040158    0.059886    0.156605    0.215424 ^ clkbuf_0_clk/X (sky130_fd_sc_hd__clkbuf_16)
                                                         clknet_0_clk (net)
                      0.059919    0.001235    0.216659 ^ clkbuf_2_0__f_clk/A (sky130_fd_sc_hd__clkbuf_16)
    16    0.047734    0.066658    0.152503    0.369162 ^ clkbuf_2_0__f_clk/X (sky130_fd_sc_hd__clkbuf_16)
                                                         clknet_2_0__leaf_clk (net)
                      0.066675    0.001158    0.370320 ^ _438_/CLK (sky130_fd_sc_hd__dfxtp_1)
     5    0.014765    0.076399    0.344589    0.714909 v _438_/Q (sky130_fd_sc_hd__dfxtp_1)
                                                         u_system.group_timeout_count[2] (net)
                      0.076399    0.000309    0.715218 v _270_/C (sky130_fd_sc_hd__nand3_1)
     1    0.002413    0.051032    0.086949    0.802167 ^ _270_/Y (sky130_fd_sc_hd__nand3_1)
                                                         _100_ (net)
                      0.051032    0.000048    0.802215 ^ _272_/B (sky130_fd_sc_hd__and3_1)
     1    0.001922    0.042042    0.134221    0.936436 ^ _272_/X (sky130_fd_sc_hd__and3_1)
                                                         _002_ (net)
                      0.042042    0.000054    0.936489 ^ _438_/D (sky130_fd_sc_hd__dfxtp_1)
                                              0.936489   data arrival time

                                  0.000000    0.000000   clock clk (rise edge)
                                  0.000000    0.000000   clock source latency
     1    0.017755    0.085708    0.058820    0.058820 ^ clk (in)
                                                         clk (net)
                      0.085715    0.000000    0.058820 ^ clkbuf_0_clk/A (sky130_fd_sc_hd__clkbuf_16)
     4    0.040158    0.059886    0.156605    0.215424 ^ clkbuf_0_clk/X (sky130_fd_sc_hd__clkbuf_16)
                                                         clknet_0_clk (net)
                      0.059919    0.001235    0.216659 ^ clkbuf_2_0__f_clk/A (sky130_fd_sc_hd__clkbuf_16)
    16    0.047734    0.066658    0.152503    0.369162 ^ clkbuf_2_0__f_clk/X (sky130_fd_sc_hd__clkbuf_16)
                                                         clknet_2_0__leaf_clk (net)
                      0.066675    0.001158    0.370320 ^ _438_/CLK (sky130_fd_sc_hd__dfxtp_1)
                                  0.250000    0.620320   clock uncertainty
                                  0.000000    0.620320   clock reconvergence pessimism
                                 -0.027795    0.592525   library hold time
                                              0.592525   data required time
---------------------------------------------------------------------------------------------
                                              0.592525   data required time
                                             -0.936489   data arrival time
---------------------------------------------------------------------------------------------
                                              0.343964   slack (MET)


Startpoint: _450_ (rising edge-triggered flip-flop clocked by clk)
Endpoint: _450_ (rising edge-triggered flip-flop clocked by clk)
Path Group: clk
Path Type: min

Fanout         Cap        Slew       Delay        Time   Description
---------------------------------------------------------------------------------------------
                                  0.000000    0.000000   clock clk (rise edge)
                                  0.000000    0.000000   clock source latency
     1    0.017755    0.085708    0.058820    0.058820 ^ clk (in)
                                                         clk (net)
                      0.085715    0.000000    0.058820 ^ clkbuf_0_clk/A (sky130_fd_sc_hd__clkbuf_16)
     4    0.040158    0.059886    0.156605    0.215424 ^ clkbuf_0_clk/X (sky130_fd_sc_hd__clkbuf_16)
                                                         clknet_0_clk (net)
                      0.059919    0.001235    0.216659 ^ clkbuf_2_0__f_clk/A (sky130_fd_sc_hd__clkbuf_16)
    16    0.047734    0.066658    0.152503    0.369162 ^ clkbuf_2_0__f_clk/X (sky130_fd_sc_hd__clkbuf_16)
                                                         clknet_2_0__leaf_clk (net)
                      0.066773    0.001611    0.370773 ^ _450_/CLK (sky130_fd_sc_hd__dfxtp_1)
     3    0.006779    0.074627    0.334140    0.704913 ^ _450_/Q (sky130_fd_sc_hd__dfxtp_1)
                                                         u_system.group_timeout_count[14] (net)
                      0.074627    0.000150    0.705063 ^ _306_/A (sky130_fd_sc_hd__or2_1)
     1    0.002268    0.035511    0.096529    0.801593 ^ _306_/X (sky130_fd_sc_hd__or2_1)
                                                         _124_ (net)
                      0.035511    0.000066    0.801659 ^ _307_/B (sky130_fd_sc_hd__and3b_1)
     1    0.002262    0.045190    0.135650    0.937309 ^ _307_/X (sky130_fd_sc_hd__and3b_1)
                                                         _014_ (net)
                      0.045190    0.000065    0.937373 ^ _450_/D (sky130_fd_sc_hd__dfxtp_1)
                                              0.937373   data arrival time

                                  0.000000    0.000000   clock clk (rise edge)
                                  0.000000    0.000000   clock source latency
     1    0.017755    0.085708    0.058820    0.058820 ^ clk (in)
                                                         clk (net)
                      0.085715    0.000000    0.058820 ^ clkbuf_0_clk/A (sky130_fd_sc_hd__clkbuf_16)
     4    0.040158    0.059886    0.156605    0.215424 ^ clkbuf_0_clk/X (sky130_fd_sc_hd__clkbuf_16)
                                                         clknet_0_clk (net)
                      0.059919    0.001235    0.216659 ^ clkbuf_2_0__f_clk/A (sky130_fd_sc_hd__clkbuf_16)
    16    0.047734    0.066658    0.152503    0.369162 ^ clkbuf_2_0__f_clk/X (sky130_fd_sc_hd__clkbuf_16)
                                                         clknet_2_0__leaf_clk (net)
                      0.066773    0.001611    0.370773 ^ _450_/CLK (sky130_fd_sc_hd__dfxtp_1)
                                  0.250000    0.620773   clock uncertainty
                                  0.000000    0.620773   clock reconvergence pessimism
                                 -0.028439    0.592334   library hold time
                                              0.592334   data required time
---------------------------------------------------------------------------------------------
                                              0.592334   data required time
                                             -0.937373   data arrival time
---------------------------------------------------------------------------------------------
                                              0.345040   slack (MET)


Startpoint: _444_ (rising edge-triggered flip-flop clocked by clk)
Endpoint: _444_ (rising edge-triggered flip-flop clocked by clk)
Path Group: clk
Path Type: min

Fanout         Cap        Slew       Delay        Time   Description
---------------------------------------------------------------------------------------------
                                  0.000000    0.000000   clock clk (rise edge)
                                  0.000000    0.000000   clock source latency
     1    0.017755    0.085708    0.058820    0.058820 ^ clk (in)
                                                         clk (net)
                      0.085715    0.000000    0.058820 ^ clkbuf_0_clk/A (sky130_fd_sc_hd__clkbuf_16)
     4    0.040158    0.059886    0.156605    0.215424 ^ clkbuf_0_clk/X (sky130_fd_sc_hd__clkbuf_16)
                                                         clknet_0_clk (net)
                      0.059914    0.001150    0.216575 ^ clkbuf_2_1__f_clk/A (sky130_fd_sc_hd__clkbuf_16)
    12    0.047047    0.066092    0.152351    0.368926 ^ clkbuf_2_1__f_clk/X (sky130_fd_sc_hd__clkbuf_16)
                                                         clknet_2_1__leaf_clk (net)
                      0.066124    0.001299    0.370225 ^ _444_/CLK (sky130_fd_sc_hd__dfxtp_1)
     3    0.007094    0.077389    0.335959    0.706184 ^ _444_/Q (sky130_fd_sc_hd__dfxtp_1)
                                                         u_system.group_timeout_count[8] (net)
                      0.077389    0.000172    0.706355 ^ _288_/B1 (sky130_fd_sc_hd__a31o_1)
     1    0.002651    0.039490    0.095906    0.802261 ^ _288_/X (sky130_fd_sc_hd__a31o_1)
                                                         _112_ (net)
                      0.039490    0.000076    0.802337 ^ _289_/C (sky130_fd_sc_hd__and3_1)
     1    0.002042    0.043022    0.137762    0.940100 ^ _289_/X (sky130_fd_sc_hd__and3_1)
                                                         _008_ (net)
                      0.043022    0.000041    0.940141 ^ _444_/D (sky130_fd_sc_hd__dfxtp_1)
                                              0.940141   data arrival time

                                  0.000000    0.000000   clock clk (rise edge)
                                  0.000000    0.000000   clock source latency
     1    0.017755    0.085708    0.058820    0.058820 ^ clk (in)
                                                         clk (net)
                      0.085715    0.000000    0.058820 ^ clkbuf_0_clk/A (sky130_fd_sc_hd__clkbuf_16)
     4    0.040158    0.059886    0.156605    0.215424 ^ clkbuf_0_clk/X (sky130_fd_sc_hd__clkbuf_16)
                                                         clknet_0_clk (net)
                      0.059914    0.001150    0.216575 ^ clkbuf_2_1__f_clk/A (sky130_fd_sc_hd__clkbuf_16)
    12    0.047047    0.066092    0.152351    0.368926 ^ clkbuf_2_1__f_clk/X (sky130_fd_sc_hd__clkbuf_16)
                                                         clknet_2_1__leaf_clk (net)
                      0.066124    0.001299    0.370225 ^ _444_/CLK (sky130_fd_sc_hd__dfxtp_1)
                                  0.250000    0.620225   clock uncertainty
                                  0.000000    0.620225   clock reconvergence pessimism
                                 -0.028073    0.592152   library hold time
                                              0.592152   data required time
---------------------------------------------------------------------------------------------
                                              0.592152   data required time
                                             -0.940141   data arrival time
---------------------------------------------------------------------------------------------
                                              0.347989   slack (MET)


Startpoint: _472_ (rising edge-triggered flip-flop clocked by clk)
Endpoint: _472_ (rising edge-triggered flip-flop clocked by clk)
Path Group: clk
Path Type: min

Fanout         Cap        Slew       Delay        Time   Description
---------------------------------------------------------------------------------------------
                                  0.000000    0.000000   clock clk (rise edge)
                                  0.000000    0.000000   clock source latency
     1    0.017755    0.085708    0.058820    0.058820 ^ clk (in)
                                                         clk (net)
                      0.085715    0.000000    0.058820 ^ clkbuf_0_clk/A (sky130_fd_sc_hd__clkbuf_16)
     4    0.040158    0.059886    0.156605    0.215424 ^ clkbuf_0_clk/X (sky130_fd_sc_hd__clkbuf_16)
                                                         clknet_0_clk (net)
                      0.059914    0.001149    0.216573 ^ clkbuf_2_2__f_clk/A (sky130_fd_sc_hd__clkbuf_16)
    13    0.047683    0.066650    0.152663    0.369237 ^ clkbuf_2_2__f_clk/X (sky130_fd_sc_hd__clkbuf_16)
                                                         clknet_2_2__leaf_clk (net)
                      0.066691    0.001475    0.370712 ^ _472_/CLK (sky130_fd_sc_hd__dfxtp_1)
     4    0.008219    0.049150    0.321570    0.692282 v _472_/Q (sky130_fd_sc_hd__dfxtp_1)
                                                         u_system.global_timeout_count[12] (net)
                      0.049150    0.000127    0.692409 v _373_/A (sky130_fd_sc_hd__nor2_1)
     1    0.002920    0.077604    0.099434    0.791843 ^ _373_/Y (sky130_fd_sc_hd__nor2_1)
                                                         _169_ (net)
                      0.077604    0.000059    0.791902 ^ _374_/A2 (sky130_fd_sc_hd__o21a_1)
     1    0.002811    0.039760    0.108442    0.900344 ^ _374_/X (sky130_fd_sc_hd__o21a_1)
                                                         _170_ (net)
                      0.039760    0.000056    0.900400 ^ _375_/B (sky130_fd_sc_hd__nor2_1)
     1    0.002079    0.018020    0.031233    0.931632 v _375_/Y (sky130_fd_sc_hd__nor2_1)
                                                         _036_ (net)
                      0.018020    0.000059    0.931691 v _472_/D (sky130_fd_sc_hd__dfxtp_1)
                                              0.931691   data arrival time

                                  0.000000    0.000000   clock clk (rise edge)
                                  0.000000    0.000000   clock source latency
     1    0.017755    0.085708    0.058820    0.058820 ^ clk (in)
                                                         clk (net)
                      0.085715    0.000000    0.058820 ^ clkbuf_0_clk/A (sky130_fd_sc_hd__clkbuf_16)
     4    0.040158    0.059886    0.156605    0.215424 ^ clkbuf_0_clk/X (sky130_fd_sc_hd__clkbuf_16)
                                                         clknet_0_clk (net)
                      0.059914    0.001149    0.216573 ^ clkbuf_2_2__f_clk/A (sky130_fd_sc_hd__clkbuf_16)
    13    0.047683    0.066650    0.152663    0.369237 ^ clkbuf_2_2__f_clk/X (sky130_fd_sc_hd__clkbuf_16)
                                                         clknet_2_2__leaf_clk (net)
                      0.066691    0.001475    0.370712 ^ _472_/CLK (sky130_fd_sc_hd__dfxtp_1)
                                  0.250000    0.620712   clock uncertainty
                                  0.000000    0.620712   clock reconvergence pessimism
                                 -0.037394    0.583318   library hold time
                                              0.583318   data required time
---------------------------------------------------------------------------------------------
                                              0.583318   data required time
                                             -0.931691   data arrival time
---------------------------------------------------------------------------------------------
                                              0.348373   slack (MET)


Startpoint: _478_ (rising edge-triggered flip-flop clocked by clk)
Endpoint: _456_ (rising edge-triggered flip-flop clocked by clk)
Path Group: clk
Path Type: min

Fanout         Cap        Slew       Delay        Time   Description
---------------------------------------------------------------------------------------------
                                  0.000000    0.000000   clock clk (rise edge)
                                  0.000000    0.000000   clock source latency
     1    0.017755    0.085708    0.058820    0.058820 ^ clk (in)
                                                         clk (net)
                      0.085715    0.000000    0.058820 ^ clkbuf_0_clk/A (sky130_fd_sc_hd__clkbuf_16)
     4    0.040158    0.059886    0.156605    0.215424 ^ clkbuf_0_clk/X (sky130_fd_sc_hd__clkbuf_16)
                                                         clknet_0_clk (net)
                      0.059908    0.001042    0.216466 ^ clkbuf_2_3__f_clk/A (sky130_fd_sc_hd__clkbuf_16)
    14    0.048219    0.067156    0.153179    0.369645 ^ clkbuf_2_3__f_clk/X (sky130_fd_sc_hd__clkbuf_16)
                                                         clknet_2_3__leaf_clk (net)
                      0.067174    0.001027    0.370671 ^ _478_/CLK (sky130_fd_sc_hd__dfxtp_1)
     7    0.025490    0.122212    0.381619    0.752291 v _478_/Q (sky130_fd_sc_hd__dfxtp_1)
                                                         u_system.u_global.state[3] (net)
                      0.122213    0.000497    0.752787 v _217_/A (sky130_fd_sc_hd__inv_2)
     5    0.018395    0.092851    0.124457    0.877244 ^ _217_/Y (sky130_fd_sc_hd__inv_2)
                                                         _053_ (net)
                      0.092851    0.000335    0.877579 ^ _315_/A (sky130_fd_sc_hd__nor2_1)
     1    0.002163    0.031151    0.050987    0.928566 v _315_/Y (sky130_fd_sc_hd__nor2_1)
                                                         _020_ (net)
                      0.031151    0.000061    0.928627 v _456_/D (sky130_fd_sc_hd__dfxtp_1)
                                              0.928627   data arrival time

                                  0.000000    0.000000   clock clk (rise edge)
                                  0.000000    0.000000   clock source latency
     1    0.017755    0.085708    0.058820    0.058820 ^ clk (in)
                                                         clk (net)
                      0.085715    0.000000    0.058820 ^ clkbuf_0_clk/A (sky130_fd_sc_hd__clkbuf_16)
     4    0.040158    0.059886    0.156605    0.215424 ^ clkbuf_0_clk/X (sky130_fd_sc_hd__clkbuf_16)
                                                         clknet_0_clk (net)
                      0.059908    0.001042    0.216466 ^ clkbuf_2_3__f_clk/A (sky130_fd_sc_hd__clkbuf_16)
    14    0.048219    0.067156    0.153179    0.369645 ^ clkbuf_2_3__f_clk/X (sky130_fd_sc_hd__clkbuf_16)
                                                         clknet_2_3__leaf_clk (net)
                      0.067181    0.001166    0.370811 ^ _456_/CLK (sky130_fd_sc_hd__dfxtp_1)
                                  0.250000    0.620811   clock uncertainty
                                  0.000000    0.620811   clock reconvergence pessimism
                                 -0.042763    0.578049   library hold time
                                              0.578049   data required time
---------------------------------------------------------------------------------------------
                                              0.578049   data required time
                                             -0.928627   data arrival time
---------------------------------------------------------------------------------------------
                                              0.350579   slack (MET)


Startpoint: _462_ (rising edge-triggered flip-flop clocked by clk)
Endpoint: _462_ (rising edge-triggered flip-flop clocked by clk)
Path Group: clk
Path Type: min

Fanout         Cap        Slew       Delay        Time   Description
---------------------------------------------------------------------------------------------
                                  0.000000    0.000000   clock clk (rise edge)
                                  0.000000    0.000000   clock source latency
     1    0.017755    0.085708    0.058820    0.058820 ^ clk (in)
                                                         clk (net)
                      0.085715    0.000000    0.058820 ^ clkbuf_0_clk/A (sky130_fd_sc_hd__clkbuf_16)
     4    0.040158    0.059886    0.156605    0.215424 ^ clkbuf_0_clk/X (sky130_fd_sc_hd__clkbuf_16)
                                                         clknet_0_clk (net)
                      0.059914    0.001149    0.216573 ^ clkbuf_2_2__f_clk/A (sky130_fd_sc_hd__clkbuf_16)
    13    0.047683    0.066650    0.152663    0.369237 ^ clkbuf_2_2__f_clk/X (sky130_fd_sc_hd__clkbuf_16)
                                                         clknet_2_2__leaf_clk (net)
                      0.066702    0.001634    0.370871 ^ _462_/CLK (sky130_fd_sc_hd__dfxtp_1)
     2    0.004069    0.031846    0.304731    0.675601 v _462_/Q (sky130_fd_sc_hd__dfxtp_1)
                                                         u_system.global_timeout_count[2] (net)
                      0.031846    0.000089    0.675690 v _345_/B1 (sky130_fd_sc_hd__a21oi_1)
     1    0.003367    0.097010    0.113260    0.788950 ^ _345_/Y (sky130_fd_sc_hd__a21oi_1)
                                                         _151_ (net)
                      0.097010    0.000103    0.789053 ^ _346_/A2 (sky130_fd_sc_hd__o21a_1)
     1    0.002738    0.039306    0.113141    0.902194 ^ _346_/X (sky130_fd_sc_hd__o21a_1)
                                                         _152_ (net)
                      0.039306    0.000054    0.902248 ^ _347_/B (sky130_fd_sc_hd__nor2_1)
     1    0.002303    0.018685    0.031982    0.934230 v _347_/Y (sky130_fd_sc_hd__nor2_1)
                                                         _026_ (net)
                      0.018685    0.000068    0.934297 v _462_/D (sky130_fd_sc_hd__dfxtp_1)
                                              0.934297   data arrival time

                                  0.000000    0.000000   clock clk (rise edge)
                                  0.000000    0.000000   clock source latency
     1    0.017755    0.085708    0.058820    0.058820 ^ clk (in)
                                                         clk (net)
                      0.085715    0.000000    0.058820 ^ clkbuf_0_clk/A (sky130_fd_sc_hd__clkbuf_16)
     4    0.040158    0.059886    0.156605    0.215424 ^ clkbuf_0_clk/X (sky130_fd_sc_hd__clkbuf_16)
                                                         clknet_0_clk (net)
                      0.059914    0.001149    0.216573 ^ clkbuf_2_2__f_clk/A (sky130_fd_sc_hd__clkbuf_16)
    13    0.047683    0.066650    0.152663    0.369237 ^ clkbuf_2_2__f_clk/X (sky130_fd_sc_hd__clkbuf_16)
                                                         clknet_2_2__leaf_clk (net)
                      0.066702    0.001634    0.370871 ^ _462_/CLK (sky130_fd_sc_hd__dfxtp_1)
                                  0.250000    0.620871   clock uncertainty
                                  0.000000    0.620871   clock reconvergence pessimism
                                 -0.037669    0.583202   library hold time
                                              0.583202   data required time
---------------------------------------------------------------------------------------------
                                              0.583202   data required time
                                             -0.934297   data arrival time
---------------------------------------------------------------------------------------------
                                              0.351096   slack (MET)


Startpoint: _468_ (rising edge-triggered flip-flop clocked by clk)
Endpoint: _468_ (rising edge-triggered flip-flop clocked by clk)
Path Group: clk
Path Type: min

Fanout         Cap        Slew       Delay        Time   Description
---------------------------------------------------------------------------------------------
                                  0.000000    0.000000   clock clk (rise edge)
                                  0.000000    0.000000   clock source latency
     1    0.017755    0.085708    0.058820    0.058820 ^ clk (in)
                                                         clk (net)
                      0.085715    0.000000    0.058820 ^ clkbuf_0_clk/A (sky130_fd_sc_hd__clkbuf_16)
     4    0.040158    0.059886    0.156605    0.215424 ^ clkbuf_0_clk/X (sky130_fd_sc_hd__clkbuf_16)
                                                         clknet_0_clk (net)
                      0.059919    0.001235    0.216659 ^ clkbuf_2_0__f_clk/A (sky130_fd_sc_hd__clkbuf_16)
    16    0.047734    0.066658    0.152503    0.369162 ^ clkbuf_2_0__f_clk/X (sky130_fd_sc_hd__clkbuf_16)
                                                         clknet_2_0__leaf_clk (net)
                      0.066888    0.002696    0.371858 ^ _468_/CLK (sky130_fd_sc_hd__dfxtp_1)
     4    0.014793    0.076547    0.344710    0.716568 v _468_/Q (sky130_fd_sc_hd__dfxtp_1)
                                                         u_system.global_timeout_count[8] (net)
                      0.076548    0.000400    0.716968 v _363_/A (sky130_fd_sc_hd__xnor2_1)
     1    0.002598    0.047927    0.153811    0.870779 ^ _363_/Y (sky130_fd_sc_hd__xnor2_1)
                                                         _163_ (net)
                      0.047927    0.000050    0.870830 ^ _364_/A2 (sky130_fd_sc_hd__a21oi_1)
     1    0.002537    0.037673    0.057714    0.928544 v _364_/Y (sky130_fd_sc_hd__a21oi_1)
                                                         _032_ (net)
                      0.037673    0.000074    0.928618 v _468_/D (sky130_fd_sc_hd__dfxtp_1)
                                              0.928618   data arrival time

                                  0.000000    0.000000   clock clk (rise edge)
                                  0.000000    0.000000   clock source latency
     1    0.017755    0.085708    0.058820    0.058820 ^ clk (in)
                                                         clk (net)
                      0.085715    0.000000    0.058820 ^ clkbuf_0_clk/A (sky130_fd_sc_hd__clkbuf_16)
     4    0.040158    0.059886    0.156605    0.215424 ^ clkbuf_0_clk/X (sky130_fd_sc_hd__clkbuf_16)
                                                         clknet_0_clk (net)
                      0.059919    0.001235    0.216659 ^ clkbuf_2_0__f_clk/A (sky130_fd_sc_hd__clkbuf_16)
    16    0.047734    0.066658    0.152503    0.369162 ^ clkbuf_2_0__f_clk/X (sky130_fd_sc_hd__clkbuf_16)
                                                         clknet_2_0__leaf_clk (net)
                      0.066888    0.002696    0.371858 ^ _468_/CLK (sky130_fd_sc_hd__dfxtp_1)
                                  0.250000    0.621858   clock uncertainty
                                  0.000000    0.621858   clock reconvergence pessimism
                                 -0.045550    0.576308   library hold time
                                              0.576308   data required time
---------------------------------------------------------------------------------------------
                                              0.576308   data required time
                                             -0.928618   data arrival time
---------------------------------------------------------------------------------------------
                                              0.352310   slack (MET)


Startpoint: _475_ (rising edge-triggered flip-flop clocked by clk)
Endpoint: _466_ (rising edge-triggered flip-flop clocked by clk)
Path Group: clk
Path Type: min

Fanout         Cap        Slew       Delay        Time   Description
---------------------------------------------------------------------------------------------
                                  0.000000    0.000000   clock clk (rise edge)
                                  0.000000    0.000000   clock source latency
     1    0.017755    0.085708    0.058820    0.058820 ^ clk (in)
                                                         clk (net)
                      0.085715    0.000000    0.058820 ^ clkbuf_0_clk/A (sky130_fd_sc_hd__clkbuf_16)
     4    0.040158    0.059886    0.156605    0.215424 ^ clkbuf_0_clk/X (sky130_fd_sc_hd__clkbuf_16)
                                                         clknet_0_clk (net)
                      0.059914    0.001149    0.216573 ^ clkbuf_2_2__f_clk/A (sky130_fd_sc_hd__clkbuf_16)
    13    0.047683    0.066650    0.152663    0.369237 ^ clkbuf_2_2__f_clk/X (sky130_fd_sc_hd__clkbuf_16)
                                                         clknet_2_2__leaf_clk (net)
                      0.066705    0.001675    0.370911 ^ _475_/CLK (sky130_fd_sc_hd__dfxtp_1)
     4    0.014806    0.076551    0.344803    0.715714 v _475_/Q (sky130_fd_sc_hd__dfxtp_1)
                                                         u_system.global_timeout_count[15] (net)
                      0.076552    0.000379    0.716094 v _338_/A (sky130_fd_sc_hd__nand3_2)
     5    0.023622    0.130173    0.136280    0.852374 ^ _338_/Y (sky130_fd_sc_hd__nand3_2)
                                                         _146_ (net)
                      0.130186    0.001056    0.853430 ^ _358_/A1 (sky130_fd_sc_hd__a21oi_1)
     1    0.002000    0.040394    0.073941    0.927371 v _358_/Y (sky130_fd_sc_hd__a21oi_1)
                                                         _030_ (net)
                      0.040394    0.000057    0.927427 v _466_/D (sky130_fd_sc_hd__dfxtp_1)
                                              0.927427   data arrival time

                                  0.000000    0.000000   clock clk (rise edge)
                                  0.000000    0.000000   clock source latency
     1    0.017755    0.085708    0.058820    0.058820 ^ clk (in)
                                                         clk (net)
                      0.085715    0.000000    0.058820 ^ clkbuf_0_clk/A (sky130_fd_sc_hd__clkbuf_16)
     4    0.040158    0.059886    0.156605    0.215424 ^ clkbuf_0_clk/X (sky130_fd_sc_hd__clkbuf_16)
                                                         clknet_0_clk (net)
                      0.059914    0.001149    0.216573 ^ clkbuf_2_2__f_clk/A (sky130_fd_sc_hd__clkbuf_16)
    13    0.047683    0.066650    0.152663    0.369237 ^ clkbuf_2_2__f_clk/X (sky130_fd_sc_hd__clkbuf_16)
                                                         clknet_2_2__leaf_clk (net)
                      0.066689    0.001449    0.370686 ^ _466_/CLK (sky130_fd_sc_hd__dfxtp_1)
                                  0.250000    0.620686   clock uncertainty
                                  0.000000    0.620686   clock reconvergence pessimism
                                 -0.046730    0.573956   library hold time
                                              0.573956   data required time
---------------------------------------------------------------------------------------------
                                              0.573956   data required time
                                             -0.927427   data arrival time
---------------------------------------------------------------------------------------------
                                              0.353472   slack (MET)


Startpoint: _471_ (rising edge-triggered flip-flop clocked by clk)
Endpoint: _471_ (rising edge-triggered flip-flop clocked by clk)
Path Group: clk
Path Type: min

Fanout         Cap        Slew       Delay        Time   Description
---------------------------------------------------------------------------------------------
                                  0.000000    0.000000   clock clk (rise edge)
                                  0.000000    0.000000   clock source latency
     1    0.017755    0.085708    0.058820    0.058820 ^ clk (in)
                                                         clk (net)
                      0.085715    0.000000    0.058820 ^ clkbuf_0_clk/A (sky130_fd_sc_hd__clkbuf_16)
     4    0.040158    0.059886    0.156605    0.215424 ^ clkbuf_0_clk/X (sky130_fd_sc_hd__clkbuf_16)
                                                         clknet_0_clk (net)
                      0.059914    0.001149    0.216573 ^ clkbuf_2_2__f_clk/A (sky130_fd_sc_hd__clkbuf_16)
    13    0.047683    0.066650    0.152663    0.369237 ^ clkbuf_2_2__f_clk/X (sky130_fd_sc_hd__clkbuf_16)
                                                         clknet_2_2__leaf_clk (net)
                      0.066652    0.000525    0.369761 ^ _471_/CLK (sky130_fd_sc_hd__dfxtp_1)
     4    0.014892    0.076917    0.345095    0.714856 v _471_/Q (sky130_fd_sc_hd__dfxtp_1)
                                                         u_system.global_timeout_count[11] (net)
                      0.076918    0.000384    0.715240 v _371_/A (sky130_fd_sc_hd__xnor2_1)
     1    0.002854    0.050311    0.157865    0.873105 ^ _371_/Y (sky130_fd_sc_hd__xnor2_1)
                                                         _168_ (net)
                      0.050311    0.000083    0.873187 ^ _372_/A2 (sky130_fd_sc_hd__a21oi_1)
     1    0.002210    0.035680    0.056624    0.929811 v _372_/Y (sky130_fd_sc_hd__a21oi_1)
                                                         _035_ (net)
                      0.035680    0.000045    0.929857 v _471_/D (sky130_fd_sc_hd__dfxtp_1)
                                              0.929857   data arrival time

                                  0.000000    0.000000   clock clk (rise edge)
                                  0.000000    0.000000   clock source latency
     1    0.017755    0.085708    0.058820    0.058820 ^ clk (in)
                                                         clk (net)
                      0.085715    0.000000    0.058820 ^ clkbuf_0_clk/A (sky130_fd_sc_hd__clkbuf_16)
     4    0.040158    0.059886    0.156605    0.215424 ^ clkbuf_0_clk/X (sky130_fd_sc_hd__clkbuf_16)
                                                         clknet_0_clk (net)
                      0.059914    0.001149    0.216573 ^ clkbuf_2_2__f_clk/A (sky130_fd_sc_hd__clkbuf_16)
    13    0.047683    0.066650    0.152663    0.369237 ^ clkbuf_2_2__f_clk/X (sky130_fd_sc_hd__clkbuf_16)
                                                         clknet_2_2__leaf_clk (net)
                      0.066652    0.000525    0.369761 ^ _471_/CLK (sky130_fd_sc_hd__dfxtp_1)
                                  0.250000    0.619761   clock uncertainty
                                  0.000000    0.619761   clock reconvergence pessimism
                                 -0.044772    0.574989   library hold time
                                              0.574989   data required time
---------------------------------------------------------------------------------------------
                                              0.574989   data required time
                                             -0.929857   data arrival time
---------------------------------------------------------------------------------------------
                                              0.354867   slack (MET)


Startpoint: _475_ (rising edge-triggered flip-flop clocked by clk)
Endpoint: _460_ (rising edge-triggered flip-flop clocked by clk)
Path Group: clk
Path Type: min

Fanout         Cap        Slew       Delay        Time   Description
---------------------------------------------------------------------------------------------
                                  0.000000    0.000000   clock clk (rise edge)
                                  0.000000    0.000000   clock source latency
     1    0.017755    0.085708    0.058820    0.058820 ^ clk (in)
                                                         clk (net)
                      0.085715    0.000000    0.058820 ^ clkbuf_0_clk/A (sky130_fd_sc_hd__clkbuf_16)
     4    0.040158    0.059886    0.156605    0.215424 ^ clkbuf_0_clk/X (sky130_fd_sc_hd__clkbuf_16)
                                                         clknet_0_clk (net)
                      0.059914    0.001149    0.216573 ^ clkbuf_2_2__f_clk/A (sky130_fd_sc_hd__clkbuf_16)
    13    0.047683    0.066650    0.152663    0.369237 ^ clkbuf_2_2__f_clk/X (sky130_fd_sc_hd__clkbuf_16)
                                                         clknet_2_2__leaf_clk (net)
                      0.066705    0.001675    0.370911 ^ _475_/CLK (sky130_fd_sc_hd__dfxtp_1)
     4    0.014806    0.076551    0.344803    0.715714 v _475_/Q (sky130_fd_sc_hd__dfxtp_1)
                                                         u_system.global_timeout_count[15] (net)
                      0.076552    0.000379    0.716094 v _338_/A (sky130_fd_sc_hd__nand3_2)
     5    0.023622    0.130173    0.136280    0.852374 ^ _338_/Y (sky130_fd_sc_hd__nand3_2)
                                                         _146_ (net)
                      0.130183    0.000963    0.853337 ^ _342_/A2 (sky130_fd_sc_hd__a21oi_1)
     1    0.002083    0.035409    0.077752    0.931089 v _342_/Y (sky130_fd_sc_hd__a21oi_1)
                                                         _024_ (net)
                      0.035409    0.000058    0.931147 v _460_/D (sky130_fd_sc_hd__dfxtp_1)
                                              0.931147   data arrival time

                                  0.000000    0.000000   clock clk (rise edge)
                                  0.000000    0.000000   clock source latency
     1    0.017755    0.085708    0.058820    0.058820 ^ clk (in)
                                                         clk (net)
                      0.085715    0.000000    0.058820 ^ clkbuf_0_clk/A (sky130_fd_sc_hd__clkbuf_16)
     4    0.040158    0.059886    0.156605    0.215424 ^ clkbuf_0_clk/X (sky130_fd_sc_hd__clkbuf_16)
                                                         clknet_0_clk (net)
                      0.059914    0.001149    0.216573 ^ clkbuf_2_2__f_clk/A (sky130_fd_sc_hd__clkbuf_16)
    13    0.047683    0.066650    0.152663    0.369237 ^ clkbuf_2_2__f_clk/X (sky130_fd_sc_hd__clkbuf_16)
                                                         clknet_2_2__leaf_clk (net)
                      0.066703    0.001656    0.370893 ^ _460_/CLK (sky130_fd_sc_hd__dfxtp_1)
                                  0.250000    0.620893   clock uncertainty
                                  0.000000    0.620893   clock reconvergence pessimism
                                 -0.044647    0.576246   library hold time
                                              0.576246   data required time
---------------------------------------------------------------------------------------------
                                              0.576246   data required time
                                             -0.931147   data arrival time
---------------------------------------------------------------------------------------------
                                              0.354901   slack (MET)


Startpoint: _440_ (rising edge-triggered flip-flop clocked by clk)
Endpoint: _440_ (rising edge-triggered flip-flop clocked by clk)
Path Group: clk
Path Type: min

Fanout         Cap        Slew       Delay        Time   Description
---------------------------------------------------------------------------------------------
                                  0.000000    0.000000   clock clk (rise edge)
                                  0.000000    0.000000   clock source latency
     1    0.017755    0.085708    0.058820    0.058820 ^ clk (in)
                                                         clk (net)
                      0.085715    0.000000    0.058820 ^ clkbuf_0_clk/A (sky130_fd_sc_hd__clkbuf_16)
     4    0.040158    0.059886    0.156605    0.215424 ^ clkbuf_0_clk/X (sky130_fd_sc_hd__clkbuf_16)
                                                         clknet_0_clk (net)
                      0.059919    0.001235    0.216659 ^ clkbuf_2_0__f_clk/A (sky130_fd_sc_hd__clkbuf_16)
    16    0.047734    0.066658    0.152503    0.369162 ^ clkbuf_2_0__f_clk/X (sky130_fd_sc_hd__clkbuf_16)
                                                         clknet_2_0__leaf_clk (net)
                      0.066658    0.000521    0.369684 ^ _440_/CLK (sky130_fd_sc_hd__dfxtp_1)
     7    0.019776    0.098172    0.361899    0.731583 v _440_/Q (sky130_fd_sc_hd__dfxtp_1)
                                                         u_system.group_timeout_count[4] (net)
                      0.098176    0.000705    0.732288 v _276_/A (sky130_fd_sc_hd__nand2_1)
     1    0.002473    0.043858    0.072933    0.805221 ^ _276_/Y (sky130_fd_sc_hd__nand2_1)
                                                         _104_ (net)
                      0.043858    0.000074    0.805295 ^ _278_/B (sky130_fd_sc_hd__and3_1)
     1    0.002800    0.049329    0.139885    0.945180 ^ _278_/X (sky130_fd_sc_hd__and3_1)
                                                         _004_ (net)
                      0.049330    0.000087    0.945267 ^ _440_/D (sky130_fd_sc_hd__dfxtp_1)
                                              0.945267   data arrival time

                                  0.000000    0.000000   clock clk (rise edge)
                                  0.000000    0.000000   clock source latency
     1    0.017755    0.085708    0.058820    0.058820 ^ clk (in)
                                                         clk (net)
                      0.085715    0.000000    0.058820 ^ clkbuf_0_clk/A (sky130_fd_sc_hd__clkbuf_16)
     4    0.040158    0.059886    0.156605    0.215424 ^ clkbuf_0_clk/X (sky130_fd_sc_hd__clkbuf_16)
                                                         clknet_0_clk (net)
                      0.059919    0.001235    0.216659 ^ clkbuf_2_0__f_clk/A (sky130_fd_sc_hd__clkbuf_16)
    16    0.047734    0.066658    0.152503    0.369162 ^ clkbuf_2_0__f_clk/X (sky130_fd_sc_hd__clkbuf_16)
                                                         clknet_2_0__leaf_clk (net)
                      0.066658    0.000521    0.369684 ^ _440_/CLK (sky130_fd_sc_hd__dfxtp_1)
                                  0.250000    0.619684   clock uncertainty
                                  0.000000    0.619684   clock reconvergence pessimism
                                 -0.029319    0.590365   library hold time
                                              0.590365   data required time
---------------------------------------------------------------------------------------------
                                              0.590365   data required time
                                             -0.945267   data arrival time
---------------------------------------------------------------------------------------------
                                              0.354903   slack (MET)


Startpoint: _475_ (rising edge-triggered flip-flop clocked by clk)
Endpoint: _470_ (rising edge-triggered flip-flop clocked by clk)
Path Group: clk
Path Type: min

Fanout         Cap        Slew       Delay        Time   Description
---------------------------------------------------------------------------------------------
                                  0.000000    0.000000   clock clk (rise edge)
                                  0.000000    0.000000   clock source latency
     1    0.017755    0.085708    0.058820    0.058820 ^ clk (in)
                                                         clk (net)
                      0.085715    0.000000    0.058820 ^ clkbuf_0_clk/A (sky130_fd_sc_hd__clkbuf_16)
     4    0.040158    0.059886    0.156605    0.215424 ^ clkbuf_0_clk/X (sky130_fd_sc_hd__clkbuf_16)
                                                         clknet_0_clk (net)
                      0.059914    0.001149    0.216573 ^ clkbuf_2_2__f_clk/A (sky130_fd_sc_hd__clkbuf_16)
    13    0.047683    0.066650    0.152663    0.369237 ^ clkbuf_2_2__f_clk/X (sky130_fd_sc_hd__clkbuf_16)
                                                         clknet_2_2__leaf_clk (net)
                      0.066705    0.001675    0.370911 ^ _475_/CLK (sky130_fd_sc_hd__dfxtp_1)
     4    0.014806    0.076551    0.344803    0.715714 v _475_/Q (sky130_fd_sc_hd__dfxtp_1)
                                                         u_system.global_timeout_count[15] (net)
                      0.076552    0.000379    0.716094 v _338_/A (sky130_fd_sc_hd__nand3_2)
     5    0.023622    0.130173    0.136280    0.852374 ^ _338_/Y (sky130_fd_sc_hd__nand3_2)
                                                         _146_ (net)
                      0.130182    0.000919    0.853293 ^ _370_/A1 (sky130_fd_sc_hd__a21oi_1)
     1    0.002542    0.037689    0.078010    0.931303 v _370_/Y (sky130_fd_sc_hd__a21oi_1)
                                                         _034_ (net)
                      0.037689    0.000071    0.931374 v _470_/D (sky130_fd_sc_hd__dfxtp_1)
                                              0.931374   data arrival time

                                  0.000000    0.000000   clock clk (rise edge)
                                  0.000000    0.000000   clock source latency
     1    0.017755    0.085708    0.058820    0.058820 ^ clk (in)
                                                         clk (net)
                      0.085715    0.000000    0.058820 ^ clkbuf_0_clk/A (sky130_fd_sc_hd__clkbuf_16)
     4    0.040158    0.059886    0.156605    0.215424 ^ clkbuf_0_clk/X (sky130_fd_sc_hd__clkbuf_16)
                                                         clknet_0_clk (net)
                      0.059914    0.001149    0.216573 ^ clkbuf_2_2__f_clk/A (sky130_fd_sc_hd__clkbuf_16)
    13    0.047683    0.066650    0.152663    0.369237 ^ clkbuf_2_2__f_clk/X (sky130_fd_sc_hd__clkbuf_16)
                                                         clknet_2_2__leaf_clk (net)
                      0.066657    0.000764    0.370000 ^ _470_/CLK (sky130_fd_sc_hd__dfxtp_1)
                                  0.250000    0.620000   clock uncertainty
                                  0.000000    0.620000   clock reconvergence pessimism
                                 -0.045609    0.574392   library hold time
                                              0.574392   data required time
---------------------------------------------------------------------------------------------
                                              0.574392   data required time
                                             -0.931374   data arrival time
---------------------------------------------------------------------------------------------
                                              0.356982   slack (MET)


Startpoint: _473_ (rising edge-triggered flip-flop clocked by clk)
Endpoint: _473_ (rising edge-triggered flip-flop clocked by clk)
Path Group: clk
Path Type: min

Fanout         Cap        Slew       Delay        Time   Description
---------------------------------------------------------------------------------------------
                                  0.000000    0.000000   clock clk (rise edge)
                                  0.000000    0.000000   clock source latency
     1    0.017755    0.085708    0.058820    0.058820 ^ clk (in)
                                                         clk (net)
                      0.085715    0.000000    0.058820 ^ clkbuf_0_clk/A (sky130_fd_sc_hd__clkbuf_16)
     4    0.040158    0.059886    0.156605    0.215424 ^ clkbuf_0_clk/X (sky130_fd_sc_hd__clkbuf_16)
                                                         clknet_0_clk (net)
                      0.059914    0.001149    0.216573 ^ clkbuf_2_2__f_clk/A (sky130_fd_sc_hd__clkbuf_16)
    13    0.047683    0.066650    0.152663    0.369237 ^ clkbuf_2_2__f_clk/X (sky130_fd_sc_hd__clkbuf_16)
                                                         clknet_2_2__leaf_clk (net)
                      0.066699    0.001602    0.370838 ^ _473_/CLK (sky130_fd_sc_hd__dfxtp_1)
     4    0.010619    0.058552    0.330282    0.701120 v _473_/Q (sky130_fd_sc_hd__dfxtp_1)
                                                         u_system.global_timeout_count[13] (net)
                      0.058552    0.000250    0.701370 v _376_/A (sky130_fd_sc_hd__nor2_1)
     1    0.001735    0.059568    0.088090    0.789460 ^ _376_/Y (sky130_fd_sc_hd__nor2_1)
                                                         _171_ (net)
                      0.059568    0.000033    0.789493 ^ _377_/B (sky130_fd_sc_hd__or2_1)
     1    0.002919    0.040473    0.093752    0.883246 ^ _377_/X (sky130_fd_sc_hd__or2_1)
                                                         _172_ (net)
                      0.040473    0.000060    0.883306 ^ _378_/A2 (sky130_fd_sc_hd__a21oi_1)
     1    0.002028    0.034477    0.052457    0.935763 v _378_/Y (sky130_fd_sc_hd__a21oi_1)
                                                         _037_ (net)
                      0.034477    0.000057    0.935820 v _473_/D (sky130_fd_sc_hd__dfxtp_1)
                                              0.935820   data arrival time

                                  0.000000    0.000000   clock clk (rise edge)
                                  0.000000    0.000000   clock source latency
     1    0.017755    0.085708    0.058820    0.058820 ^ clk (in)
                                                         clk (net)
                      0.085715    0.000000    0.058820 ^ clkbuf_0_clk/A (sky130_fd_sc_hd__clkbuf_16)
     4    0.040158    0.059886    0.156605    0.215424 ^ clkbuf_0_clk/X (sky130_fd_sc_hd__clkbuf_16)
                                                         clknet_0_clk (net)
                      0.059914    0.001149    0.216573 ^ clkbuf_2_2__f_clk/A (sky130_fd_sc_hd__clkbuf_16)
    13    0.047683    0.066650    0.152663    0.369237 ^ clkbuf_2_2__f_clk/X (sky130_fd_sc_hd__clkbuf_16)
                                                         clknet_2_2__leaf_clk (net)
                      0.066699    0.001602    0.370838 ^ _473_/CLK (sky130_fd_sc_hd__dfxtp_1)
                                  0.250000    0.620838   clock uncertainty
                                  0.000000    0.620838   clock reconvergence pessimism
                                 -0.044259    0.576579   library hold time
                                              0.576579   data required time
---------------------------------------------------------------------------------------------
                                              0.576579   data required time
                                             -0.935820   data arrival time
---------------------------------------------------------------------------------------------
                                              0.359241   slack (MET)


Startpoint: _477_ (rising edge-triggered flip-flop clocked by clk)
Endpoint: _455_ (rising edge-triggered flip-flop clocked by clk)
Path Group: clk
Path Type: min

Fanout         Cap        Slew       Delay        Time   Description
---------------------------------------------------------------------------------------------
                                  0.000000    0.000000   clock clk (rise edge)
                                  0.000000    0.000000   clock source latency
     1    0.017755    0.085708    0.058820    0.058820 ^ clk (in)
                                                         clk (net)
                      0.085715    0.000000    0.058820 ^ clkbuf_0_clk/A (sky130_fd_sc_hd__clkbuf_16)
     4    0.040158    0.059886    0.156605    0.215424 ^ clkbuf_0_clk/X (sky130_fd_sc_hd__clkbuf_16)
                                                         clknet_0_clk (net)
                      0.059908    0.001042    0.216466 ^ clkbuf_2_3__f_clk/A (sky130_fd_sc_hd__clkbuf_16)
    14    0.048219    0.067156    0.153179    0.369645 ^ clkbuf_2_3__f_clk/X (sky130_fd_sc_hd__clkbuf_16)
                                                         clknet_2_3__leaf_clk (net)
                      0.067174    0.001024    0.370669 ^ _477_/CLK (sky130_fd_sc_hd__dfxtp_1)
     6    0.021473    0.105538    0.368033    0.738702 v _477_/Q (sky130_fd_sc_hd__dfxtp_1)
                                                         u_system.u_global.state[2] (net)
                      0.105539    0.000483    0.739185 v _218_/A (sky130_fd_sc_hd__inv_2)
     7    0.024538    0.117861    0.135956    0.875141 ^ _218_/Y (sky130_fd_sc_hd__inv_2)
                                                         _054_ (net)
                      0.117870    0.000855    0.875996 ^ _314_/A (sky130_fd_sc_hd__nor2_1)
     1    0.002835    0.038746    0.061284    0.937280 v _314_/Y (sky130_fd_sc_hd__nor2_1)
                                                         _019_ (net)
                      0.038746    0.000064    0.937343 v _455_/D (sky130_fd_sc_hd__dfxtp_1)
                                              0.937343   data arrival time

                                  0.000000    0.000000   clock clk (rise edge)
                                  0.000000    0.000000   clock source latency
     1    0.017755    0.085708    0.058820    0.058820 ^ clk (in)
                                                         clk (net)
                      0.085715    0.000000    0.058820 ^ clkbuf_0_clk/A (sky130_fd_sc_hd__clkbuf_16)
     4    0.040158    0.059886    0.156605    0.215424 ^ clkbuf_0_clk/X (sky130_fd_sc_hd__clkbuf_16)
                                                         clknet_0_clk (net)
                      0.059908    0.001042    0.216466 ^ clkbuf_2_3__f_clk/A (sky130_fd_sc_hd__clkbuf_16)
    14    0.048219    0.067156    0.153179    0.369645 ^ clkbuf_2_3__f_clk/X (sky130_fd_sc_hd__clkbuf_16)
                                                         clknet_2_3__leaf_clk (net)
                      0.067177    0.001089    0.370734 ^ _455_/CLK (sky130_fd_sc_hd__dfxtp_1)
                                  0.250000    0.620734   clock uncertainty
                                  0.000000    0.620734   clock reconvergence pessimism
                                 -0.045933    0.574801   library hold time
                                              0.574801   data required time
---------------------------------------------------------------------------------------------
                                              0.574801   data required time
                                             -0.937343   data arrival time
---------------------------------------------------------------------------------------------
                                              0.362542   slack (MET)


Startpoint: _442_ (rising edge-triggered flip-flop clocked by clk)
Endpoint: _442_ (rising edge-triggered flip-flop clocked by clk)
Path Group: clk
Path Type: min

Fanout         Cap        Slew       Delay        Time   Description
---------------------------------------------------------------------------------------------
                                  0.000000    0.000000   clock clk (rise edge)
                                  0.000000    0.000000   clock source latency
     1    0.017755    0.085708    0.058820    0.058820 ^ clk (in)
                                                         clk (net)
                      0.085715    0.000000    0.058820 ^ clkbuf_0_clk/A (sky130_fd_sc_hd__clkbuf_16)
     4    0.040158    0.059886    0.156605    0.215424 ^ clkbuf_0_clk/X (sky130_fd_sc_hd__clkbuf_16)
                                                         clknet_0_clk (net)
                      0.059914    0.001150    0.216575 ^ clkbuf_2_1__f_clk/A (sky130_fd_sc_hd__clkbuf_16)
    12    0.047047    0.066092    0.152351    0.368926 ^ clkbuf_2_1__f_clk/X (sky130_fd_sc_hd__clkbuf_16)
                                                         clknet_2_1__leaf_clk (net)
                      0.066118    0.001194    0.370120 ^ _442_/CLK (sky130_fd_sc_hd__dfxtp_1)
     5    0.012563    0.066867    0.336841    0.706962 v _442_/Q (sky130_fd_sc_hd__dfxtp_1)
                                                         u_system.group_timeout_count[6] (net)
                      0.066868    0.000334    0.707295 v _282_/A (sky130_fd_sc_hd__nand2_1)
     2    0.008055    0.082848    0.096292    0.803587 ^ _282_/Y (sky130_fd_sc_hd__nand2_1)
                                                         _108_ (net)
                      0.082848    0.000125    0.803712 ^ _284_/B (sky130_fd_sc_hd__and3_1)
     1    0.002663    0.048143    0.150088    0.953800 ^ _284_/X (sky130_fd_sc_hd__and3_1)
                                                         _006_ (net)
                      0.048143    0.000080    0.953880 ^ _442_/D (sky130_fd_sc_hd__dfxtp_1)
                                              0.953880   data arrival time

                                  0.000000    0.000000   clock clk (rise edge)
                                  0.000000    0.000000   clock source latency
     1    0.017755    0.085708    0.058820    0.058820 ^ clk (in)
                                                         clk (net)
                      0.085715    0.000000    0.058820 ^ clkbuf_0_clk/A (sky130_fd_sc_hd__clkbuf_16)
     4    0.040158    0.059886    0.156605    0.215424 ^ clkbuf_0_clk/X (sky130_fd_sc_hd__clkbuf_16)
                                                         clknet_0_clk (net)
                      0.059914    0.001150    0.216575 ^ clkbuf_2_1__f_clk/A (sky130_fd_sc_hd__clkbuf_16)
    12    0.047047    0.066092    0.152351    0.368926 ^ clkbuf_2_1__f_clk/X (sky130_fd_sc_hd__clkbuf_16)
                                                         clknet_2_1__leaf_clk (net)
                      0.066118    0.001194    0.370120 ^ _442_/CLK (sky130_fd_sc_hd__dfxtp_1)
                                  0.250000    0.620120   clock uncertainty
                                  0.000000    0.620120   clock reconvergence pessimism
                                 -0.029142    0.590978   library hold time
                                              0.590978   data required time
---------------------------------------------------------------------------------------------
                                              0.590978   data required time
                                             -0.953880   data arrival time
---------------------------------------------------------------------------------------------
                                              0.362902   slack (MET)


Startpoint: _487_ (rising edge-triggered flip-flop clocked by clk)
Endpoint: _487_ (rising edge-triggered flip-flop clocked by clk)
Path Group: clk
Path Type: min

Fanout         Cap        Slew       Delay        Time   Description
---------------------------------------------------------------------------------------------
                                  0.000000    0.000000   clock clk (rise edge)
                                  0.000000    0.000000   clock source latency
     1    0.017755    0.085708    0.058820    0.058820 ^ clk (in)
                                                         clk (net)
                      0.085715    0.000000    0.058820 ^ clkbuf_0_clk/A (sky130_fd_sc_hd__clkbuf_16)
     4    0.040158    0.059886    0.156605    0.215424 ^ clkbuf_0_clk/X (sky130_fd_sc_hd__clkbuf_16)
                                                         clknet_0_clk (net)
                      0.059908    0.001042    0.216466 ^ clkbuf_2_3__f_clk/A (sky130_fd_sc_hd__clkbuf_16)
    14    0.048219    0.067156    0.153179    0.369645 ^ clkbuf_2_3__f_clk/X (sky130_fd_sc_hd__clkbuf_16)
                                                         clknet_2_3__leaf_clk (net)
                      0.067176    0.001082    0.370727 ^ _487_/CLK (sky130_fd_sc_hd__dfxtp_1)
     9    0.023911    0.115208    0.376251    0.746978 v _487_/Q (sky130_fd_sc_hd__dfxtp_1)
                                                         u_system.u_global.state[4] (net)
                      0.115209    0.000535    0.747513 v _435_/A1 (sky130_fd_sc_hd__o21a_1)
     1    0.001978    0.025400    0.199556    0.947069 v _435_/X (sky130_fd_sc_hd__o21a_1)
                                                         _051_ (net)
                      0.025400    0.000056    0.947125 v _487_/D (sky130_fd_sc_hd__dfxtp_1)
                                              0.947125   data arrival time

                                  0.000000    0.000000   clock clk (rise edge)
                                  0.000000    0.000000   clock source latency
     1    0.017755    0.085708    0.058820    0.058820 ^ clk (in)
                                                         clk (net)
                      0.085715    0.000000    0.058820 ^ clkbuf_0_clk/A (sky130_fd_sc_hd__clkbuf_16)
     4    0.040158    0.059886    0.156605    0.215424 ^ clkbuf_0_clk/X (sky130_fd_sc_hd__clkbuf_16)
                                                         clknet_0_clk (net)
                      0.059908    0.001042    0.216466 ^ clkbuf_2_3__f_clk/A (sky130_fd_sc_hd__clkbuf_16)
    14    0.048219    0.067156    0.153179    0.369645 ^ clkbuf_2_3__f_clk/X (sky130_fd_sc_hd__clkbuf_16)
                                                         clknet_2_3__leaf_clk (net)
                      0.067176    0.001082    0.370727 ^ _487_/CLK (sky130_fd_sc_hd__dfxtp_1)
                                  0.250000    0.620727   clock uncertainty
                                  0.000000    0.620727   clock reconvergence pessimism
                                 -0.040364    0.580363   library hold time
                                              0.580363   data required time
---------------------------------------------------------------------------------------------
                                              0.580363   data required time
                                             -0.947125   data arrival time
---------------------------------------------------------------------------------------------
                                              0.366762   slack (MET)


Startpoint: _445_ (rising edge-triggered flip-flop clocked by clk)
Endpoint: _445_ (rising edge-triggered flip-flop clocked by clk)
Path Group: clk
Path Type: min

Fanout         Cap        Slew       Delay        Time   Description
---------------------------------------------------------------------------------------------
                                  0.000000    0.000000   clock clk (rise edge)
                                  0.000000    0.000000   clock source latency
     1    0.017755    0.085708    0.058820    0.058820 ^ clk (in)
                                                         clk (net)
                      0.085715    0.000000    0.058820 ^ clkbuf_0_clk/A (sky130_fd_sc_hd__clkbuf_16)
     4    0.040158    0.059886    0.156605    0.215424 ^ clkbuf_0_clk/X (sky130_fd_sc_hd__clkbuf_16)
                                                         clknet_0_clk (net)
                      0.059914    0.001150    0.216575 ^ clkbuf_2_1__f_clk/A (sky130_fd_sc_hd__clkbuf_16)
    12    0.047047    0.066092    0.152351    0.368926 ^ clkbuf_2_1__f_clk/X (sky130_fd_sc_hd__clkbuf_16)
                                                         clknet_2_1__leaf_clk (net)
                      0.066120    0.001239    0.370165 ^ _445_/CLK (sky130_fd_sc_hd__dfxtp_1)
     4    0.012083    0.121524    0.368289    0.738454 ^ _445_/Q (sky130_fd_sc_hd__dfxtp_1)
                                                         u_system.group_timeout_count[9] (net)
                      0.121524    0.000238    0.738691 ^ _290_/B1 (sky130_fd_sc_hd__a21o_1)
     1    0.002198    0.031924    0.092878    0.831569 ^ _290_/X (sky130_fd_sc_hd__a21o_1)
                                                         _113_ (net)
                      0.031924    0.000064    0.831633 ^ _292_/B (sky130_fd_sc_hd__and3_1)
     1    0.001946    0.042249    0.128715    0.960348 ^ _292_/X (sky130_fd_sc_hd__and3_1)
                                                         _009_ (net)
                      0.042249    0.000037    0.960385 ^ _445_/D (sky130_fd_sc_hd__dfxtp_1)
                                              0.960385   data arrival time

                                  0.000000    0.000000   clock clk (rise edge)
                                  0.000000    0.000000   clock source latency
     1    0.017755    0.085708    0.058820    0.058820 ^ clk (in)
                                                         clk (net)
                      0.085715    0.000000    0.058820 ^ clkbuf_0_clk/A (sky130_fd_sc_hd__clkbuf_16)
     4    0.040158    0.059886    0.156605    0.215424 ^ clkbuf_0_clk/X (sky130_fd_sc_hd__clkbuf_16)
                                                         clknet_0_clk (net)
                      0.059914    0.001150    0.216575 ^ clkbuf_2_1__f_clk/A (sky130_fd_sc_hd__clkbuf_16)
    12    0.047047    0.066092    0.152351    0.368926 ^ clkbuf_2_1__f_clk/X (sky130_fd_sc_hd__clkbuf_16)
                                                         clknet_2_1__leaf_clk (net)
                      0.066120    0.001239    0.370165 ^ _445_/CLK (sky130_fd_sc_hd__dfxtp_1)
                                  0.250000    0.620165   clock uncertainty
                                  0.000000    0.620165   clock reconvergence pessimism
                                 -0.027911    0.592254   library hold time
                                              0.592254   data required time
---------------------------------------------------------------------------------------------
                                              0.592254   data required time
                                             -0.960385   data arrival time
---------------------------------------------------------------------------------------------
                                              0.368132   slack (MET)


Startpoint: _443_ (rising edge-triggered flip-flop clocked by clk)
Endpoint: _443_ (rising edge-triggered flip-flop clocked by clk)
Path Group: clk
Path Type: min

Fanout         Cap        Slew       Delay        Time   Description
---------------------------------------------------------------------------------------------
                                  0.000000    0.000000   clock clk (rise edge)
                                  0.000000    0.000000   clock source latency
     1    0.017755    0.085708    0.058820    0.058820 ^ clk (in)
                                                         clk (net)
                      0.085715    0.000000    0.058820 ^ clkbuf_0_clk/A (sky130_fd_sc_hd__clkbuf_16)
     4    0.040158    0.059886    0.156605    0.215424 ^ clkbuf_0_clk/X (sky130_fd_sc_hd__clkbuf_16)
                                                         clknet_0_clk (net)
                      0.059914    0.001150    0.216575 ^ clkbuf_2_1__f_clk/A (sky130_fd_sc_hd__clkbuf_16)
    12    0.047047    0.066092    0.152351    0.368926 ^ clkbuf_2_1__f_clk/X (sky130_fd_sc_hd__clkbuf_16)
                                                         clknet_2_1__leaf_clk (net)
                      0.066117    0.001180    0.370106 ^ _443_/CLK (sky130_fd_sc_hd__dfxtp_1)
     4    0.013403    0.070479    0.339756    0.709862 v _443_/Q (sky130_fd_sc_hd__dfxtp_1)
                                                         u_system.group_timeout_count[7] (net)
                      0.070479    0.000274    0.710136 v _285_/A (sky130_fd_sc_hd__xnor2_1)
     1    0.002328    0.044884    0.147175    0.857311 ^ _285_/Y (sky130_fd_sc_hd__xnor2_1)
                                                         _110_ (net)
                      0.044884    0.000068    0.857380 ^ _286_/B (sky130_fd_sc_hd__and2_1)
     1    0.002128    0.040552    0.109441    0.966821 ^ _286_/X (sky130_fd_sc_hd__and2_1)
                                                         _007_ (net)
                      0.040552    0.000060    0.966881 ^ _443_/D (sky130_fd_sc_hd__dfxtp_1)
                                              0.966881   data arrival time

                                  0.000000    0.000000   clock clk (rise edge)
                                  0.000000    0.000000   clock source latency
     1    0.017755    0.085708    0.058820    0.058820 ^ clk (in)
                                                         clk (net)
                      0.085715    0.000000    0.058820 ^ clkbuf_0_clk/A (sky130_fd_sc_hd__clkbuf_16)
     4    0.040158    0.059886    0.156605    0.215424 ^ clkbuf_0_clk/X (sky130_fd_sc_hd__clkbuf_16)
                                                         clknet_0_clk (net)
                      0.059914    0.001150    0.216575 ^ clkbuf_2_1__f_clk/A (sky130_fd_sc_hd__clkbuf_16)
    12    0.047047    0.066092    0.152351    0.368926 ^ clkbuf_2_1__f_clk/X (sky130_fd_sc_hd__clkbuf_16)
                                                         clknet_2_1__leaf_clk (net)
                      0.066117    0.001180    0.370106 ^ _443_/CLK (sky130_fd_sc_hd__dfxtp_1)
                                  0.250000    0.620106   clock uncertainty
                                  0.000000    0.620106   clock reconvergence pessimism
                                 -0.027558    0.592548   library hold time
                                              0.592548   data required time
---------------------------------------------------------------------------------------------
                                              0.592548   data required time
                                             -0.966881   data arrival time
---------------------------------------------------------------------------------------------
                                              0.374333   slack (MET)


Startpoint: _481_ (rising edge-triggered flip-flop clocked by clk)
Endpoint: _486_ (rising edge-triggered flip-flop clocked by clk)
Path Group: clk
Path Type: min

Fanout         Cap        Slew       Delay        Time   Description
---------------------------------------------------------------------------------------------
                                  0.000000    0.000000   clock clk (rise edge)
                                  0.000000    0.000000   clock source latency
     1    0.017755    0.085708    0.058820    0.058820 ^ clk (in)
                                                         clk (net)
                      0.085715    0.000000    0.058820 ^ clkbuf_0_clk/A (sky130_fd_sc_hd__clkbuf_16)
     4    0.040158    0.059886    0.156605    0.215424 ^ clkbuf_0_clk/X (sky130_fd_sc_hd__clkbuf_16)
                                                         clknet_0_clk (net)
                      0.059908    0.001042    0.216466 ^ clkbuf_2_3__f_clk/A (sky130_fd_sc_hd__clkbuf_16)
    14    0.048219    0.067156    0.153179    0.369645 ^ clkbuf_2_3__f_clk/X (sky130_fd_sc_hd__clkbuf_16)
                                                         clknet_2_3__leaf_clk (net)
                      0.067178    0.001111    0.370756 ^ _481_/CLK (sky130_fd_sc_hd__dfxtp_1)
     4    0.012013    0.120908    0.368207    0.738963 ^ _481_/Q (sky130_fd_sc_hd__dfxtp_1)
                                                         u_system.sticky_tamper (net)
                      0.120908    0.000323    0.739285 ^ _241_/A (sky130_fd_sc_hd__nor2_1)
     2    0.007746    0.054520    0.083773    0.823058 v _241_/Y (sky130_fd_sc_hd__nor2_1)
                                                         _073_ (net)
                      0.054520    0.000151    0.823209 v _434_/A1 (sky130_fd_sc_hd__a21o_1)
     1    0.002095    0.028130    0.149229    0.972437 v _434_/X (sky130_fd_sc_hd__a21o_1)
                                                         _050_ (net)
                      0.028130    0.000060    0.972497 v _486_/D (sky130_fd_sc_hd__dfxtp_2)
                                              0.972497   data arrival time

                                  0.000000    0.000000   clock clk (rise edge)
                                  0.000000    0.000000   clock source latency
     1    0.017755    0.085708    0.058820    0.058820 ^ clk (in)
                                                         clk (net)
                      0.085715    0.000000    0.058820 ^ clkbuf_0_clk/A (sky130_fd_sc_hd__clkbuf_16)
     4    0.040158    0.059886    0.156605    0.215424 ^ clkbuf_0_clk/X (sky130_fd_sc_hd__clkbuf_16)
                                                         clknet_0_clk (net)
                      0.059908    0.001042    0.216466 ^ clkbuf_2_3__f_clk/A (sky130_fd_sc_hd__clkbuf_16)
    14    0.048219    0.067156    0.153179    0.369645 ^ clkbuf_2_3__f_clk/X (sky130_fd_sc_hd__clkbuf_16)
                                                         clknet_2_3__leaf_clk (net)
                      0.067185    0.001246    0.370891 ^ _486_/CLK (sky130_fd_sc_hd__dfxtp_2)
                                  0.250000    0.620891   clock uncertainty
                                  0.000000    0.620891   clock reconvergence pessimism
                                 -0.034189    0.586702   library hold time
                                              0.586702   data required time
---------------------------------------------------------------------------------------------
                                              0.586702   data required time
                                             -0.972497   data arrival time
---------------------------------------------------------------------------------------------
                                              0.385795   slack (MET)


Startpoint: _458_ (rising edge-triggered flip-flop clocked by clk)
Endpoint: _458_ (rising edge-triggered flip-flop clocked by clk)
Path Group: clk
Path Type: min

Fanout         Cap        Slew       Delay        Time   Description
---------------------------------------------------------------------------------------------
                                  0.000000    0.000000   clock clk (rise edge)
                                  0.000000    0.000000   clock source latency
     1    0.017755    0.085708    0.058820    0.058820 ^ clk (in)
                                                         clk (net)
                      0.085715    0.000000    0.058820 ^ clkbuf_0_clk/A (sky130_fd_sc_hd__clkbuf_16)
     4    0.040158    0.059886    0.156605    0.215424 ^ clkbuf_0_clk/X (sky130_fd_sc_hd__clkbuf_16)
                                                         clknet_0_clk (net)
                      0.059914    0.001150    0.216575 ^ clkbuf_2_1__f_clk/A (sky130_fd_sc_hd__clkbuf_16)
    12    0.047047    0.066092    0.152351    0.368926 ^ clkbuf_2_1__f_clk/X (sky130_fd_sc_hd__clkbuf_16)
                                                         clknet_2_1__leaf_clk (net)
                      0.066100    0.000752    0.369678 ^ _458_/CLK (sky130_fd_sc_hd__dfxtp_1)
     7    0.022837    0.111190    0.372450    0.742128 v _458_/Q (sky130_fd_sc_hd__dfxtp_1)
                                                         u_system.u_global.denial_counter[0] (net)
                      0.111190    0.000370    0.742498 v _322_/B1 (sky130_fd_sc_hd__o21ai_1)
     1    0.003206    0.084409    0.101856    0.844354 ^ _322_/Y (sky130_fd_sc_hd__o21ai_1)
                                                         _132_ (net)
                      0.084409    0.000097    0.844450 ^ _323_/C1 (sky130_fd_sc_hd__o211a_1)
     1    0.002170    0.036871    0.134755    0.979205 ^ _323_/X (sky130_fd_sc_hd__o211a_1)
                                                         _022_ (net)
                      0.036871    0.000062    0.979267 ^ _458_/D (sky130_fd_sc_hd__dfxtp_1)
                                              0.979267   data arrival time

                                  0.000000    0.000000   clock clk (rise edge)
                                  0.000000    0.000000   clock source latency
     1    0.017755    0.085708    0.058820    0.058820 ^ clk (in)
                                                         clk (net)
                      0.085715    0.000000    0.058820 ^ clkbuf_0_clk/A (sky130_fd_sc_hd__clkbuf_16)
     4    0.040158    0.059886    0.156605    0.215424 ^ clkbuf_0_clk/X (sky130_fd_sc_hd__clkbuf_16)
                                                         clknet_0_clk (net)
                      0.059914    0.001150    0.216575 ^ clkbuf_2_1__f_clk/A (sky130_fd_sc_hd__clkbuf_16)
    12    0.047047    0.066092    0.152351    0.368926 ^ clkbuf_2_1__f_clk/X (sky130_fd_sc_hd__clkbuf_16)
                                                         clknet_2_1__leaf_clk (net)
                      0.066100    0.000752    0.369678 ^ _458_/CLK (sky130_fd_sc_hd__dfxtp_1)
                                  0.250000    0.619678   clock uncertainty
                                  0.000000    0.619678   clock reconvergence pessimism
                                 -0.026792    0.592886   library hold time
                                              0.592886   data required time
---------------------------------------------------------------------------------------------
                                              0.592886   data required time
                                             -0.979267   data arrival time
---------------------------------------------------------------------------------------------
                                              0.386381   slack (MET)


Startpoint: _463_ (rising edge-triggered flip-flop clocked by clk)
Endpoint: _463_ (rising edge-triggered flip-flop clocked by clk)
Path Group: clk
Path Type: min

Fanout         Cap        Slew       Delay        Time   Description
---------------------------------------------------------------------------------------------
                                  0.000000    0.000000   clock clk (rise edge)
                                  0.000000    0.000000   clock source latency
     1    0.017755    0.085708    0.058820    0.058820 ^ clk (in)
                                                         clk (net)
                      0.085715    0.000000    0.058820 ^ clkbuf_0_clk/A (sky130_fd_sc_hd__clkbuf_16)
     4    0.040158    0.059886    0.156605    0.215424 ^ clkbuf_0_clk/X (sky130_fd_sc_hd__clkbuf_16)
                                                         clknet_0_clk (net)
                      0.059919    0.001235    0.216659 ^ clkbuf_2_0__f_clk/A (sky130_fd_sc_hd__clkbuf_16)
    16    0.047734    0.066658    0.152503    0.369162 ^ clkbuf_2_0__f_clk/X (sky130_fd_sc_hd__clkbuf_16)
                                                         clknet_2_0__leaf_clk (net)
                      0.066889    0.002705    0.371868 ^ _463_/CLK (sky130_fd_sc_hd__dfxtp_1)
     5    0.013367    0.070370    0.339814    0.711681 v _463_/Q (sky130_fd_sc_hd__dfxtp_1)
                                                         u_system.global_timeout_count[3] (net)
                      0.070370    0.000289    0.711970 v _348_/A (sky130_fd_sc_hd__nand2_1)
     2    0.007822    0.081121    0.096332    0.808302 ^ _348_/Y (sky130_fd_sc_hd__nand2_1)
                                                         _153_ (net)
                      0.081121    0.000192    0.808494 ^ _350_/A (sky130_fd_sc_hd__nand2_1)
     1    0.002472    0.027408    0.051492    0.859986 v _350_/Y (sky130_fd_sc_hd__nand2_1)
                                                         _155_ (net)
                      0.027408    0.000070    0.860056 v _351_/A2 (sky130_fd_sc_hd__a21oi_1)
     1    0.001932    0.072019    0.115079    0.975135 ^ _351_/Y (sky130_fd_sc_hd__a21oi_1)
                                                         _027_ (net)
                      0.072019    0.000054    0.975189 ^ _463_/D (sky130_fd_sc_hd__dfxtp_1)
                                              0.975189   data arrival time

                                  0.000000    0.000000   clock clk (rise edge)
                                  0.000000    0.000000   clock source latency
     1    0.017755    0.085708    0.058820    0.058820 ^ clk (in)
                                                         clk (net)
                      0.085715    0.000000    0.058820 ^ clkbuf_0_clk/A (sky130_fd_sc_hd__clkbuf_16)
     4    0.040158    0.059886    0.156605    0.215424 ^ clkbuf_0_clk/X (sky130_fd_sc_hd__clkbuf_16)
                                                         clknet_0_clk (net)
                      0.059919    0.001235    0.216659 ^ clkbuf_2_0__f_clk/A (sky130_fd_sc_hd__clkbuf_16)
    16    0.047734    0.066658    0.152503    0.369162 ^ clkbuf_2_0__f_clk/X (sky130_fd_sc_hd__clkbuf_16)
                                                         clknet_2_0__leaf_clk (net)
                      0.066889    0.002705    0.371868 ^ _463_/CLK (sky130_fd_sc_hd__dfxtp_1)
                                  0.250000    0.621868   clock uncertainty
                                  0.000000    0.621868   clock reconvergence pessimism
                                 -0.034025    0.587843   library hold time
                                              0.587843   data required time
---------------------------------------------------------------------------------------------
                                              0.587843   data required time
                                             -0.975189   data arrival time
---------------------------------------------------------------------------------------------
                                              0.387346   slack (MET)


Startpoint: _464_ (rising edge-triggered flip-flop clocked by clk)
Endpoint: _464_ (rising edge-triggered flip-flop clocked by clk)
Path Group: clk
Path Type: min

Fanout         Cap        Slew       Delay        Time   Description
---------------------------------------------------------------------------------------------
                                  0.000000    0.000000   clock clk (rise edge)
                                  0.000000    0.000000   clock source latency
     1    0.017755    0.085708    0.058820    0.058820 ^ clk (in)
                                                         clk (net)
                      0.085715    0.000000    0.058820 ^ clkbuf_0_clk/A (sky130_fd_sc_hd__clkbuf_16)
     4    0.040158    0.059886    0.156605    0.215424 ^ clkbuf_0_clk/X (sky130_fd_sc_hd__clkbuf_16)
                                                         clknet_0_clk (net)
                      0.059919    0.001235    0.216659 ^ clkbuf_2_0__f_clk/A (sky130_fd_sc_hd__clkbuf_16)
    16    0.047734    0.066658    0.152503    0.369162 ^ clkbuf_2_0__f_clk/X (sky130_fd_sc_hd__clkbuf_16)
                                                         clknet_2_0__leaf_clk (net)
                      0.066659    0.000624    0.369787 ^ _464_/CLK (sky130_fd_sc_hd__dfxtp_1)
     5    0.016793    0.085137    0.351720    0.721507 v _464_/Q (sky130_fd_sc_hd__dfxtp_1)
                                                         u_system.global_timeout_count[4] (net)
                      0.085137    0.000280    0.721787 v _352_/A (sky130_fd_sc_hd__xor2_1)
     1    0.003190    0.103421    0.163222    0.885009 ^ _352_/X (sky130_fd_sc_hd__xor2_1)
                                                         _156_ (net)
                      0.103421    0.000096    0.885105 ^ _353_/A2 (sky130_fd_sc_hd__a21oi_1)
     1    0.002590    0.043106    0.074274    0.959379 v _353_/Y (sky130_fd_sc_hd__a21oi_1)
                                                         _028_ (net)
                      0.043106    0.000076    0.959455 v _464_/D (sky130_fd_sc_hd__dfxtp_1)
                                              0.959455   data arrival time

                                  0.000000    0.000000   clock clk (rise edge)
                                  0.000000    0.000000   clock source latency
     1    0.017755    0.085708    0.058820    0.058820 ^ clk (in)
                                                         clk (net)
                      0.085715    0.000000    0.058820 ^ clkbuf_0_clk/A (sky130_fd_sc_hd__clkbuf_16)
     4    0.040158    0.059886    0.156605    0.215424 ^ clkbuf_0_clk/X (sky130_fd_sc_hd__clkbuf_16)
                                                         clknet_0_clk (net)
                      0.059919    0.001235    0.216659 ^ clkbuf_2_0__f_clk/A (sky130_fd_sc_hd__clkbuf_16)
    16    0.047734    0.066658    0.152503    0.369162 ^ clkbuf_2_0__f_clk/X (sky130_fd_sc_hd__clkbuf_16)
                                                         clknet_2_0__leaf_clk (net)
                      0.066659    0.000624    0.369787 ^ _464_/CLK (sky130_fd_sc_hd__dfxtp_1)
                                  0.250000    0.619787   clock uncertainty
                                  0.000000    0.619787   clock reconvergence pessimism
                                 -0.047869    0.571918   library hold time
                                              0.571918   data required time
---------------------------------------------------------------------------------------------
                                              0.571918   data required time
                                             -0.959455   data arrival time
---------------------------------------------------------------------------------------------
                                              0.387537   slack (MET)


Startpoint: _441_ (rising edge-triggered flip-flop clocked by clk)
Endpoint: _441_ (rising edge-triggered flip-flop clocked by clk)
Path Group: clk
Path Type: min

Fanout         Cap        Slew       Delay        Time   Description
---------------------------------------------------------------------------------------------
                                  0.000000    0.000000   clock clk (rise edge)
                                  0.000000    0.000000   clock source latency
     1    0.017755    0.085708    0.058820    0.058820 ^ clk (in)
                                                         clk (net)
                      0.085715    0.000000    0.058820 ^ clkbuf_0_clk/A (sky130_fd_sc_hd__clkbuf_16)
     4    0.040158    0.059886    0.156605    0.215424 ^ clkbuf_0_clk/X (sky130_fd_sc_hd__clkbuf_16)
                                                         clknet_0_clk (net)
                      0.059919    0.001235    0.216659 ^ clkbuf_2_0__f_clk/A (sky130_fd_sc_hd__clkbuf_16)
    16    0.047734    0.066658    0.152503    0.369162 ^ clkbuf_2_0__f_clk/X (sky130_fd_sc_hd__clkbuf_16)
                                                         clknet_2_0__leaf_clk (net)
                      0.066675    0.001167    0.370329 ^ _441_/CLK (sky130_fd_sc_hd__dfxtp_1)
     5    0.014750    0.145534    0.385544    0.755873 ^ _441_/Q (sky130_fd_sc_hd__dfxtp_1)
                                                         u_system.group_timeout_count[5] (net)
                      0.145534    0.000345    0.756218 ^ _280_/B1 (sky130_fd_sc_hd__a21o_1)
     1    0.002130    0.032116    0.095995    0.852212 ^ _280_/X (sky130_fd_sc_hd__a21o_1)
                                                         _107_ (net)
                      0.032117    0.000060    0.852273 ^ _281_/B (sky130_fd_sc_hd__and3b_1)
     1    0.002032    0.043342    0.132647    0.984920 ^ _281_/X (sky130_fd_sc_hd__and3b_1)
                                                         _005_ (net)
                      0.043342    0.000057    0.984977 ^ _441_/D (sky130_fd_sc_hd__dfxtp_1)
                                              0.984977   data arrival time

                                  0.000000    0.000000   clock clk (rise edge)
                                  0.000000    0.000000   clock source latency
     1    0.017755    0.085708    0.058820    0.058820 ^ clk (in)
                                                         clk (net)
                      0.085715    0.000000    0.058820 ^ clkbuf_0_clk/A (sky130_fd_sc_hd__clkbuf_16)
     4    0.040158    0.059886    0.156605    0.215424 ^ clkbuf_0_clk/X (sky130_fd_sc_hd__clkbuf_16)
                                                         clknet_0_clk (net)
                      0.059919    0.001235    0.216659 ^ clkbuf_2_0__f_clk/A (sky130_fd_sc_hd__clkbuf_16)
    16    0.047734    0.066658    0.152503    0.369162 ^ clkbuf_2_0__f_clk/X (sky130_fd_sc_hd__clkbuf_16)
                                                         clknet_2_0__leaf_clk (net)
                      0.066675    0.001167    0.370329 ^ _441_/CLK (sky130_fd_sc_hd__dfxtp_1)
                                  0.250000    0.620329   clock uncertainty
                                  0.000000    0.620329   clock reconvergence pessimism
                                 -0.028067    0.592263   library hold time
                                              0.592263   data required time
---------------------------------------------------------------------------------------------
                                              0.592263   data required time
                                             -0.984977   data arrival time
---------------------------------------------------------------------------------------------
                                              0.392714   slack (MET)


Startpoint: _448_ (rising edge-triggered flip-flop clocked by clk)
Endpoint: _448_ (rising edge-triggered flip-flop clocked by clk)
Path Group: clk
Path Type: min

Fanout         Cap        Slew       Delay        Time   Description
---------------------------------------------------------------------------------------------
                                  0.000000    0.000000   clock clk (rise edge)
                                  0.000000    0.000000   clock source latency
     1    0.017755    0.085708    0.058820    0.058820 ^ clk (in)
                                                         clk (net)
                      0.085715    0.000000    0.058820 ^ clkbuf_0_clk/A (sky130_fd_sc_hd__clkbuf_16)
     4    0.040158    0.059886    0.156605    0.215424 ^ clkbuf_0_clk/X (sky130_fd_sc_hd__clkbuf_16)
                                                         clknet_0_clk (net)
                      0.059919    0.001235    0.216659 ^ clkbuf_2_0__f_clk/A (sky130_fd_sc_hd__clkbuf_16)
    16    0.047734    0.066658    0.152503    0.369162 ^ clkbuf_2_0__f_clk/X (sky130_fd_sc_hd__clkbuf_16)
                                                         clknet_2_0__leaf_clk (net)
                      0.066825    0.002153    0.371315 ^ _448_/CLK (sky130_fd_sc_hd__dfxtp_1)
     5    0.011443    0.115772    0.364448    0.735764 ^ _448_/Q (sky130_fd_sc_hd__dfxtp_1)
                                                         u_system.group_timeout_count[12] (net)
                      0.115772    0.000159    0.735923 ^ _300_/A (sky130_fd_sc_hd__or2_1)
     1    0.001945    0.033552    0.108268    0.844191 ^ _300_/X (sky130_fd_sc_hd__or2_1)
                                                         _120_ (net)
                      0.033552    0.000037    0.844228 ^ _301_/C (sky130_fd_sc_hd__and3_1)
     1    0.002624    0.047806    0.141394    0.985622 ^ _301_/X (sky130_fd_sc_hd__and3_1)
                                                         _012_ (net)
                      0.047806    0.000055    0.985676 ^ _448_/D (sky130_fd_sc_hd__dfxtp_1)
                                              0.985676   data arrival time

                                  0.000000    0.000000   clock clk (rise edge)
                                  0.000000    0.000000   clock source latency
     1    0.017755    0.085708    0.058820    0.058820 ^ clk (in)
                                                         clk (net)
                      0.085715    0.000000    0.058820 ^ clkbuf_0_clk/A (sky130_fd_sc_hd__clkbuf_16)
     4    0.040158    0.059886    0.156605    0.215424 ^ clkbuf_0_clk/X (sky130_fd_sc_hd__clkbuf_16)
                                                         clknet_0_clk (net)
                      0.059919    0.001235    0.216659 ^ clkbuf_2_0__f_clk/A (sky130_fd_sc_hd__clkbuf_16)
    16    0.047734    0.066658    0.152503    0.369162 ^ clkbuf_2_0__f_clk/X (sky130_fd_sc_hd__clkbuf_16)
                                                         clknet_2_0__leaf_clk (net)
                      0.066825    0.002153    0.371315 ^ _448_/CLK (sky130_fd_sc_hd__dfxtp_1)
                                  0.250000    0.621315   clock uncertainty
                                  0.000000    0.621315   clock reconvergence pessimism
                                 -0.028979    0.592337   library hold time
                                              0.592337   data required time
---------------------------------------------------------------------------------------------
                                              0.592337   data required time
                                             -0.985676   data arrival time
---------------------------------------------------------------------------------------------
                                              0.393340   slack (MET)


Startpoint: _446_ (rising edge-triggered flip-flop clocked by clk)
Endpoint: _446_ (rising edge-triggered flip-flop clocked by clk)
Path Group: clk
Path Type: min

Fanout         Cap        Slew       Delay        Time   Description
---------------------------------------------------------------------------------------------
                                  0.000000    0.000000   clock clk (rise edge)
                                  0.000000    0.000000   clock source latency
     1    0.017755    0.085708    0.058820    0.058820 ^ clk (in)
                                                         clk (net)
                      0.085715    0.000000    0.058820 ^ clkbuf_0_clk/A (sky130_fd_sc_hd__clkbuf_16)
     4    0.040158    0.059886    0.156605    0.215424 ^ clkbuf_0_clk/X (sky130_fd_sc_hd__clkbuf_16)
                                                         clknet_0_clk (net)
                      0.059914    0.001150    0.216575 ^ clkbuf_2_1__f_clk/A (sky130_fd_sc_hd__clkbuf_16)
    12    0.047047    0.066092    0.152351    0.368926 ^ clkbuf_2_1__f_clk/X (sky130_fd_sc_hd__clkbuf_16)
                                                         clknet_2_1__leaf_clk (net)
                      0.066124    0.001302    0.370228 ^ _446_/CLK (sky130_fd_sc_hd__dfxtp_1)
     5    0.014257    0.141080    0.382220    0.752448 ^ _446_/Q (sky130_fd_sc_hd__dfxtp_1)
                                                         u_system.group_timeout_count[10] (net)
                      0.141080    0.000295    0.752742 ^ _293_/B1 (sky130_fd_sc_hd__a21o_1)
     1    0.001888    0.030343    0.093791    0.846534 ^ _293_/X (sky130_fd_sc_hd__a21o_1)
                                                         _115_ (net)
                      0.030349    0.000036    0.846570 ^ _295_/C (sky130_fd_sc_hd__and3b_1)
     1    0.002370    0.045971    0.142725    0.989295 ^ _295_/X (sky130_fd_sc_hd__and3b_1)
                                                         _010_ (net)
                      0.045971    0.000070    0.989365 ^ _446_/D (sky130_fd_sc_hd__dfxtp_1)
                                              0.989365   data arrival time

                                  0.000000    0.000000   clock clk (rise edge)
                                  0.000000    0.000000   clock source latency
     1    0.017755    0.085708    0.058820    0.058820 ^ clk (in)
                                                         clk (net)
                      0.085715    0.000000    0.058820 ^ clkbuf_0_clk/A (sky130_fd_sc_hd__clkbuf_16)
     4    0.040158    0.059886    0.156605    0.215424 ^ clkbuf_0_clk/X (sky130_fd_sc_hd__clkbuf_16)
                                                         clknet_0_clk (net)
                      0.059914    0.001150    0.216575 ^ clkbuf_2_1__f_clk/A (sky130_fd_sc_hd__clkbuf_16)
    12    0.047047    0.066092    0.152351    0.368926 ^ clkbuf_2_1__f_clk/X (sky130_fd_sc_hd__clkbuf_16)
                                                         clknet_2_1__leaf_clk (net)
                      0.066124    0.001302    0.370228 ^ _446_/CLK (sky130_fd_sc_hd__dfxtp_1)
                                  0.250000    0.620228   clock uncertainty
                                  0.000000    0.620228   clock reconvergence pessimism
                                 -0.028688    0.591540   library hold time
                                              0.591540   data required time
---------------------------------------------------------------------------------------------
                                              0.591540   data required time
                                             -0.989365   data arrival time
---------------------------------------------------------------------------------------------
                                              0.397825   slack (MET)


Startpoint: _481_ (rising edge-triggered flip-flop clocked by clk)
Endpoint: _484_ (rising edge-triggered flip-flop clocked by clk)
Path Group: clk
Path Type: min

Fanout         Cap        Slew       Delay        Time   Description
---------------------------------------------------------------------------------------------
                                  0.000000    0.000000   clock clk (rise edge)
                                  0.000000    0.000000   clock source latency
     1    0.017755    0.085708    0.058820    0.058820 ^ clk (in)
                                                         clk (net)
                      0.085715    0.000000    0.058820 ^ clkbuf_0_clk/A (sky130_fd_sc_hd__clkbuf_16)
     4    0.040158    0.059886    0.156605    0.215424 ^ clkbuf_0_clk/X (sky130_fd_sc_hd__clkbuf_16)
                                                         clknet_0_clk (net)
                      0.059908    0.001042    0.216466 ^ clkbuf_2_3__f_clk/A (sky130_fd_sc_hd__clkbuf_16)
    14    0.048219    0.067156    0.153179    0.369645 ^ clkbuf_2_3__f_clk/X (sky130_fd_sc_hd__clkbuf_16)
                                                         clknet_2_3__leaf_clk (net)
                      0.067178    0.001111    0.370756 ^ _481_/CLK (sky130_fd_sc_hd__dfxtp_1)
     4    0.012013    0.120908    0.368207    0.738963 ^ _481_/Q (sky130_fd_sc_hd__dfxtp_1)
                                                         u_system.sticky_tamper (net)
                      0.120908    0.000318    0.739281 ^ _242_/A (sky130_fd_sc_hd__or3_2)
     4    0.018153    0.097300    0.184839    0.924120 ^ _242_/X (sky130_fd_sc_hd__or3_2)
                                                         _074_ (net)
                      0.097300    0.000428    0.924547 ^ _428_/B (sky130_fd_sc_hd__nor3_1)
     1    0.002237    0.025878    0.056309    0.980856 v _428_/Y (sky130_fd_sc_hd__nor3_1)
                                                         _048_ (net)
                      0.025878    0.000048    0.980904 v _484_/D (sky130_fd_sc_hd__dfxtp_1)
                                              0.980904   data arrival time

                                  0.000000    0.000000   clock clk (rise edge)
                                  0.000000    0.000000   clock source latency
     1    0.017755    0.085708    0.058820    0.058820 ^ clk (in)
                                                         clk (net)
                      0.085715    0.000000    0.058820 ^ clkbuf_0_clk/A (sky130_fd_sc_hd__clkbuf_16)
     4    0.040158    0.059886    0.156605    0.215424 ^ clkbuf_0_clk/X (sky130_fd_sc_hd__clkbuf_16)
                                                         clknet_0_clk (net)
                      0.059914    0.001150    0.216575 ^ clkbuf_2_1__f_clk/A (sky130_fd_sc_hd__clkbuf_16)
    12    0.047047    0.066092    0.152351    0.368926 ^ clkbuf_2_1__f_clk/X (sky130_fd_sc_hd__clkbuf_16)
                                                         clknet_2_1__leaf_clk (net)
                      0.066104    0.000886    0.369812 ^ _484_/CLK (sky130_fd_sc_hd__dfxtp_1)
                                  0.250000    0.619812   clock uncertainty
                                  0.000000    0.619812   clock reconvergence pessimism
                                 -0.040805    0.579007   library hold time
                                              0.579007   data required time
---------------------------------------------------------------------------------------------
                                              0.579007   data required time
                                             -0.980904   data arrival time
---------------------------------------------------------------------------------------------
                                              0.401897   slack (MET)


Startpoint: _439_ (rising edge-triggered flip-flop clocked by clk)
Endpoint: _439_ (rising edge-triggered flip-flop clocked by clk)
Path Group: clk
Path Type: min

Fanout         Cap        Slew       Delay        Time   Description
---------------------------------------------------------------------------------------------
                                  0.000000    0.000000   clock clk (rise edge)
                                  0.000000    0.000000   clock source latency
     1    0.017755    0.085708    0.058820    0.058820 ^ clk (in)
                                                         clk (net)
                      0.085715    0.000000    0.058820 ^ clkbuf_0_clk/A (sky130_fd_sc_hd__clkbuf_16)
     4    0.040158    0.059886    0.156605    0.215424 ^ clkbuf_0_clk/X (sky130_fd_sc_hd__clkbuf_16)
                                                         clknet_0_clk (net)
                      0.059919    0.001235    0.216659 ^ clkbuf_2_0__f_clk/A (sky130_fd_sc_hd__clkbuf_16)
    16    0.047734    0.066658    0.152503    0.369162 ^ clkbuf_2_0__f_clk/X (sky130_fd_sc_hd__clkbuf_16)
                                                         clknet_2_0__leaf_clk (net)
                      0.066665    0.000905    0.370067 ^ _439_/CLK (sky130_fd_sc_hd__dfxtp_1)
     4    0.013355    0.132956    0.376670    0.746737 ^ _439_/Q (sky130_fd_sc_hd__dfxtp_1)
                                                         u_system.group_timeout_count[3] (net)
                      0.132956    0.000231    0.746968 ^ _274_/B1 (sky130_fd_sc_hd__a31o_1)
     1    0.002390    0.038779    0.109655    0.856623 ^ _274_/X (sky130_fd_sc_hd__a31o_1)
                                                         _103_ (net)
                      0.038779    0.000071    0.856694 ^ _275_/B (sky130_fd_sc_hd__and3b_1)
     1    0.002865    0.050255    0.141954    0.998647 ^ _275_/X (sky130_fd_sc_hd__and3b_1)
                                                         _003_ (net)
                      0.050255    0.000091    0.998738 ^ _439_/D (sky130_fd_sc_hd__dfxtp_1)
                                              0.998738   data arrival time

                                  0.000000    0.000000   clock clk (rise edge)
                                  0.000000    0.000000   clock source latency
     1    0.017755    0.085708    0.058820    0.058820 ^ clk (in)
                                                         clk (net)
                      0.085715    0.000000    0.058820 ^ clkbuf_0_clk/A (sky130_fd_sc_hd__clkbuf_16)
     4    0.040158    0.059886    0.156605    0.215424 ^ clkbuf_0_clk/X (sky130_fd_sc_hd__clkbuf_16)
                                                         clknet_0_clk (net)
                      0.059919    0.001235    0.216659 ^ clkbuf_2_0__f_clk/A (sky130_fd_sc_hd__clkbuf_16)
    16    0.047734    0.066658    0.152503    0.369162 ^ clkbuf_2_0__f_clk/X (sky130_fd_sc_hd__clkbuf_16)
                                                         clknet_2_0__leaf_clk (net)
                      0.066665    0.000905    0.370067 ^ _439_/CLK (sky130_fd_sc_hd__dfxtp_1)
                                  0.250000    0.620067   clock uncertainty
                                  0.000000    0.620067   clock reconvergence pessimism
                                 -0.029511    0.590556   library hold time
                                              0.590556   data required time
---------------------------------------------------------------------------------------------
                                              0.590556   data required time
                                             -0.998738   data arrival time
---------------------------------------------------------------------------------------------
                                              0.408182   slack (MET)


Startpoint: _467_ (rising edge-triggered flip-flop clocked by clk)
Endpoint: _467_ (rising edge-triggered flip-flop clocked by clk)
Path Group: clk
Path Type: min

Fanout         Cap        Slew       Delay        Time   Description
---------------------------------------------------------------------------------------------
                                  0.000000    0.000000   clock clk (rise edge)
                                  0.000000    0.000000   clock source latency
     1    0.017755    0.085708    0.058820    0.058820 ^ clk (in)
                                                         clk (net)
                      0.085715    0.000000    0.058820 ^ clkbuf_0_clk/A (sky130_fd_sc_hd__clkbuf_16)
     4    0.040158    0.059886    0.156605    0.215424 ^ clkbuf_0_clk/X (sky130_fd_sc_hd__clkbuf_16)
                                                         clknet_0_clk (net)
                      0.059914    0.001149    0.216573 ^ clkbuf_2_2__f_clk/A (sky130_fd_sc_hd__clkbuf_16)
    13    0.047683    0.066650    0.152663    0.369237 ^ clkbuf_2_2__f_clk/X (sky130_fd_sc_hd__clkbuf_16)
                                                         clknet_2_2__leaf_clk (net)
                      0.066705    0.001683    0.370920 ^ _467_/CLK (sky130_fd_sc_hd__dfxtp_1)
     4    0.009611    0.099336    0.352668    0.723588 ^ _467_/Q (sky130_fd_sc_hd__dfxtp_1)
                                                         u_system.global_timeout_count[7] (net)
                      0.099336    0.000210    0.723798 ^ _360_/B1 (sky130_fd_sc_hd__a31o_1)
     1    0.003571    0.047233    0.109519    0.833316 ^ _360_/X (sky130_fd_sc_hd__a31o_1)
                                                         _161_ (net)
                      0.047233    0.000082    0.833399 ^ _361_/B (sky130_fd_sc_hd__nand2b_1)
     1    0.002344    0.030817    0.048168    0.881567 v _361_/Y (sky130_fd_sc_hd__nand2b_1)
                                                         _162_ (net)
                      0.030817    0.000045    0.881611 v _362_/A2 (sky130_fd_sc_hd__a21oi_1)
     1    0.002023    0.073587    0.117841    0.999452 ^ _362_/Y (sky130_fd_sc_hd__a21oi_1)
                                                         _031_ (net)
                      0.073587    0.000057    0.999509 ^ _467_/D (sky130_fd_sc_hd__dfxtp_1)
                                              0.999509   data arrival time

                                  0.000000    0.000000   clock clk (rise edge)
                                  0.000000    0.000000   clock source latency
     1    0.017755    0.085708    0.058820    0.058820 ^ clk (in)
                                                         clk (net)
                      0.085715    0.000000    0.058820 ^ clkbuf_0_clk/A (sky130_fd_sc_hd__clkbuf_16)
     4    0.040158    0.059886    0.156605    0.215424 ^ clkbuf_0_clk/X (sky130_fd_sc_hd__clkbuf_16)
                                                         clknet_0_clk (net)
                      0.059914    0.001149    0.216573 ^ clkbuf_2_2__f_clk/A (sky130_fd_sc_hd__clkbuf_16)
    13    0.047683    0.066650    0.152663    0.369237 ^ clkbuf_2_2__f_clk/X (sky130_fd_sc_hd__clkbuf_16)
                                                         clknet_2_2__leaf_clk (net)
                      0.066705    0.001683    0.370920 ^ _467_/CLK (sky130_fd_sc_hd__dfxtp_1)
                                  0.250000    0.620920   clock uncertainty
                                  0.000000    0.620920   clock reconvergence pessimism
                                 -0.034377    0.586543   library hold time
                                              0.586543   data required time
---------------------------------------------------------------------------------------------
                                              0.586543   data required time
                                             -0.999509   data arrival time
---------------------------------------------------------------------------------------------
                                              0.412966   slack (MET)


Startpoint: _481_ (rising edge-triggered flip-flop clocked by clk)
Endpoint: _482_ (rising edge-triggered flip-flop clocked by clk)
Path Group: clk
Path Type: min

Fanout         Cap        Slew       Delay        Time   Description
---------------------------------------------------------------------------------------------
                                  0.000000    0.000000   clock clk (rise edge)
                                  0.000000    0.000000   clock source latency
     1    0.017755    0.085708    0.058820    0.058820 ^ clk (in)
                                                         clk (net)
                      0.085715    0.000000    0.058820 ^ clkbuf_0_clk/A (sky130_fd_sc_hd__clkbuf_16)
     4    0.040158    0.059886    0.156605    0.215424 ^ clkbuf_0_clk/X (sky130_fd_sc_hd__clkbuf_16)
                                                         clknet_0_clk (net)
                      0.059908    0.001042    0.216466 ^ clkbuf_2_3__f_clk/A (sky130_fd_sc_hd__clkbuf_16)
    14    0.048219    0.067156    0.153179    0.369645 ^ clkbuf_2_3__f_clk/X (sky130_fd_sc_hd__clkbuf_16)
                                                         clknet_2_3__leaf_clk (net)
                      0.067178    0.001111    0.370756 ^ _481_/CLK (sky130_fd_sc_hd__dfxtp_1)
     4    0.012013    0.120908    0.368207    0.738963 ^ _481_/Q (sky130_fd_sc_hd__dfxtp_1)
                                                         u_system.sticky_tamper (net)
                      0.120908    0.000323    0.739285 ^ _241_/A (sky130_fd_sc_hd__nor2_1)
     2    0.007746    0.054520    0.083773    0.823058 v _241_/Y (sky130_fd_sc_hd__nor2_1)
                                                         _073_ (net)
                      0.054520    0.000235    0.823294 v _425_/A1 (sky130_fd_sc_hd__a31o_1)
     1    0.002023    0.030264    0.167024    0.990318 v _425_/X (sky130_fd_sc_hd__a31o_1)
                                                         _046_ (net)
                      0.030264    0.000057    0.990375 v _482_/D (sky130_fd_sc_hd__dfxtp_1)
                                              0.990375   data arrival time

                                  0.000000    0.000000   clock clk (rise edge)
                                  0.000000    0.000000   clock source latency
     1    0.017755    0.085708    0.058820    0.058820 ^ clk (in)
                                                         clk (net)
                      0.085715    0.000000    0.058820 ^ clkbuf_0_clk/A (sky130_fd_sc_hd__clkbuf_16)
     4    0.040158    0.059886    0.156605    0.215424 ^ clkbuf_0_clk/X (sky130_fd_sc_hd__clkbuf_16)
                                                         clknet_0_clk (net)
                      0.059914    0.001150    0.216575 ^ clkbuf_2_1__f_clk/A (sky130_fd_sc_hd__clkbuf_16)
    12    0.047047    0.066092    0.152351    0.368926 ^ clkbuf_2_1__f_clk/X (sky130_fd_sc_hd__clkbuf_16)
                                                         clknet_2_1__leaf_clk (net)
                      0.066100    0.000770    0.369696 ^ _482_/CLK (sky130_fd_sc_hd__dfxtp_1)
                                  0.250000    0.619696   clock uncertainty
                                  0.000000    0.619696   clock reconvergence pessimism
                                 -0.042636    0.577059   library hold time
                                              0.577059   data required time
---------------------------------------------------------------------------------------------
                                              0.577059   data required time
                                             -0.990375   data arrival time
---------------------------------------------------------------------------------------------
                                              0.413315   slack (MET)


Startpoint: _465_ (rising edge-triggered flip-flop clocked by clk)
Endpoint: _465_ (rising edge-triggered flip-flop clocked by clk)
Path Group: clk
Path Type: min

Fanout         Cap        Slew       Delay        Time   Description
---------------------------------------------------------------------------------------------
                                  0.000000    0.000000   clock clk (rise edge)
                                  0.000000    0.000000   clock source latency
     1    0.017755    0.085708    0.058820    0.058820 ^ clk (in)
                                                         clk (net)
                      0.085715    0.000000    0.058820 ^ clkbuf_0_clk/A (sky130_fd_sc_hd__clkbuf_16)
     4    0.040158    0.059886    0.156605    0.215424 ^ clkbuf_0_clk/X (sky130_fd_sc_hd__clkbuf_16)
                                                         clknet_0_clk (net)
                      0.059914    0.001149    0.216573 ^ clkbuf_2_2__f_clk/A (sky130_fd_sc_hd__clkbuf_16)
    13    0.047683    0.066650    0.152663    0.369237 ^ clkbuf_2_2__f_clk/X (sky130_fd_sc_hd__clkbuf_16)
                                                         clknet_2_2__leaf_clk (net)
                      0.066659    0.000823    0.370059 ^ _465_/CLK (sky130_fd_sc_hd__dfxtp_1)
     4    0.010093    0.056276    0.328538    0.698598 v _465_/Q (sky130_fd_sc_hd__dfxtp_1)
                                                         u_system.global_timeout_count[5] (net)
                      0.056276    0.000183    0.698781 v _354_/B1 (sky130_fd_sc_hd__a31o_1)
     1    0.003734    0.038284    0.188220    0.887002 v _354_/X (sky130_fd_sc_hd__a31o_1)
                                                         _157_ (net)
                      0.038284    0.000120    0.887121 v _355_/B (sky130_fd_sc_hd__nand2_1)
     1    0.002686    0.042218    0.057371    0.944492 ^ _355_/Y (sky130_fd_sc_hd__nand2_1)
                                                         _158_ (net)
                      0.042218    0.000077    0.944569 ^ _356_/A2 (sky130_fd_sc_hd__a21oi_1)
     1    0.002348    0.036480    0.054837    0.999406 v _356_/Y (sky130_fd_sc_hd__a21oi_1)
                                                         _029_ (net)
                      0.036480    0.000050    0.999456 v _465_/D (sky130_fd_sc_hd__dfxtp_1)
                                              0.999456   data arrival time

                                  0.000000    0.000000   clock clk (rise edge)
                                  0.000000    0.000000   clock source latency
     1    0.017755    0.085708    0.058820    0.058820 ^ clk (in)
                                                         clk (net)
                      0.085715    0.000000    0.058820 ^ clkbuf_0_clk/A (sky130_fd_sc_hd__clkbuf_16)
     4    0.040158    0.059886    0.156605    0.215424 ^ clkbuf_0_clk/X (sky130_fd_sc_hd__clkbuf_16)
                                                         clknet_0_clk (net)
                      0.059914    0.001149    0.216573 ^ clkbuf_2_2__f_clk/A (sky130_fd_sc_hd__clkbuf_16)
    13    0.047683    0.066650    0.152663    0.369237 ^ clkbuf_2_2__f_clk/X (sky130_fd_sc_hd__clkbuf_16)
                                                         clknet_2_2__leaf_clk (net)
                      0.066659    0.000823    0.370059 ^ _465_/CLK (sky130_fd_sc_hd__dfxtp_1)
                                  0.250000    0.620059   clock uncertainty
                                  0.000000    0.620059   clock reconvergence pessimism
                                 -0.045104    0.574955   library hold time
                                              0.574955   data required time
---------------------------------------------------------------------------------------------
                                              0.574955   data required time
                                             -0.999456   data arrival time
---------------------------------------------------------------------------------------------
                                              0.424501   slack (MET)


Startpoint: _481_ (rising edge-triggered flip-flop clocked by clk)
Endpoint: _452_ (rising edge-triggered flip-flop clocked by clk)
Path Group: clk
Path Type: min

Fanout         Cap        Slew       Delay        Time   Description
---------------------------------------------------------------------------------------------
                                  0.000000    0.000000   clock clk (rise edge)
                                  0.000000    0.000000   clock source latency
     1    0.017755    0.085708    0.058820    0.058820 ^ clk (in)
                                                         clk (net)
                      0.085715    0.000000    0.058820 ^ clkbuf_0_clk/A (sky130_fd_sc_hd__clkbuf_16)
     4    0.040158    0.059886    0.156605    0.215424 ^ clkbuf_0_clk/X (sky130_fd_sc_hd__clkbuf_16)
                                                         clknet_0_clk (net)
                      0.059908    0.001042    0.216466 ^ clkbuf_2_3__f_clk/A (sky130_fd_sc_hd__clkbuf_16)
    14    0.048219    0.067156    0.153179    0.369645 ^ clkbuf_2_3__f_clk/X (sky130_fd_sc_hd__clkbuf_16)
                                                         clknet_2_3__leaf_clk (net)
                      0.067178    0.001111    0.370756 ^ _481_/CLK (sky130_fd_sc_hd__dfxtp_1)
     4    0.012013    0.120908    0.368207    0.738963 ^ _481_/Q (sky130_fd_sc_hd__dfxtp_1)
                                                         u_system.sticky_tamper (net)
                      0.120908    0.000318    0.739281 ^ _242_/A (sky130_fd_sc_hd__or3_2)
     4    0.018153    0.097300    0.184839    0.924120 ^ _242_/X (sky130_fd_sc_hd__or3_2)
                                                         _074_ (net)
                      0.097301    0.000450    0.924570 ^ _311_/A2 (sky130_fd_sc_hd__o21a_1)
     1    0.002082    0.034047    0.108404    1.032974 ^ _311_/X (sky130_fd_sc_hd__o21a_1)
                                                         _016_ (net)
                      0.034047    0.000059    1.033033 ^ _452_/D (sky130_fd_sc_hd__dfxtp_1)
                                              1.033033   data arrival time

                                  0.000000    0.000000   clock clk (rise edge)
                                  0.000000    0.000000   clock source latency
     1    0.017755    0.085708    0.058820    0.058820 ^ clk (in)
                                                         clk (net)
                      0.085715    0.000000    0.058820 ^ clkbuf_0_clk/A (sky130_fd_sc_hd__clkbuf_16)
     4    0.040158    0.059886    0.156605    0.215424 ^ clkbuf_0_clk/X (sky130_fd_sc_hd__clkbuf_16)
                                                         clknet_0_clk (net)
                      0.059914    0.001150    0.216575 ^ clkbuf_2_1__f_clk/A (sky130_fd_sc_hd__clkbuf_16)
    12    0.047047    0.066092    0.152351    0.368926 ^ clkbuf_2_1__f_clk/X (sky130_fd_sc_hd__clkbuf_16)
                                                         clknet_2_1__leaf_clk (net)
                      0.066106    0.000945    0.369871 ^ _452_/CLK (sky130_fd_sc_hd__dfxtp_1)
                                  0.250000    0.619871   clock uncertainty
                                  0.000000    0.619871   clock reconvergence pessimism
                                 -0.026201    0.593670   library hold time
                                              0.593670   data required time
---------------------------------------------------------------------------------------------
                                              0.593670   data required time
                                             -1.033033   data arrival time
---------------------------------------------------------------------------------------------
                                              0.439363   slack (MET)


Startpoint: _459_ (rising edge-triggered flip-flop clocked by clk)
Endpoint: _459_ (rising edge-triggered flip-flop clocked by clk)
Path Group: clk
Path Type: min

Fanout         Cap        Slew       Delay        Time   Description
---------------------------------------------------------------------------------------------
                                  0.000000    0.000000   clock clk (rise edge)
                                  0.000000    0.000000   clock source latency
     1    0.017755    0.085708    0.058820    0.058820 ^ clk (in)
                                                         clk (net)
                      0.085715    0.000000    0.058820 ^ clkbuf_0_clk/A (sky130_fd_sc_hd__clkbuf_16)
     4    0.040158    0.059886    0.156605    0.215424 ^ clkbuf_0_clk/X (sky130_fd_sc_hd__clkbuf_16)
                                                         clknet_0_clk (net)
                      0.059919    0.001235    0.216659 ^ clkbuf_2_0__f_clk/A (sky130_fd_sc_hd__clkbuf_16)
    16    0.047734    0.066658    0.152503    0.369162 ^ clkbuf_2_0__f_clk/X (sky130_fd_sc_hd__clkbuf_16)
                                                         clknet_2_0__leaf_clk (net)
                      0.066658    0.000583    0.369745 ^ _459_/CLK (sky130_fd_sc_hd__dfxtp_1)
     3    0.007666    0.082400    0.339935    0.709680 ^ _459_/Q (sky130_fd_sc_hd__dfxtp_1)
                                                         u_system.u_global.denial_counter[1] (net)
                      0.082400    0.000168    0.709848 ^ _320_/A1 (sky130_fd_sc_hd__a21boi_1)
     3    0.008253    0.056612    0.093063    0.802911 v _320_/Y (sky130_fd_sc_hd__a21boi_1)
                                                         _130_ (net)
                      0.056612    0.000188    0.803099 v _324_/A2 (sky130_fd_sc_hd__o221a_1)
     1    0.002555    0.032300    0.236595    1.039694 v _324_/X (sky130_fd_sc_hd__o221a_1)
                                                         _023_ (net)
                      0.032300    0.000055    1.039749 v _459_/D (sky130_fd_sc_hd__dfxtp_1)
                                              1.039749   data arrival time

                                  0.000000    0.000000   clock clk (rise edge)
                                  0.000000    0.000000   clock source latency
     1    0.017755    0.085708    0.058820    0.058820 ^ clk (in)
                                                         clk (net)
                      0.085715    0.000000    0.058820 ^ clkbuf_0_clk/A (sky130_fd_sc_hd__clkbuf_16)
     4    0.040158    0.059886    0.156605    0.215424 ^ clkbuf_0_clk/X (sky130_fd_sc_hd__clkbuf_16)
                                                         clknet_0_clk (net)
                      0.059919    0.001235    0.216659 ^ clkbuf_2_0__f_clk/A (sky130_fd_sc_hd__clkbuf_16)
    16    0.047734    0.066658    0.152503    0.369162 ^ clkbuf_2_0__f_clk/X (sky130_fd_sc_hd__clkbuf_16)
                                                         clknet_2_0__leaf_clk (net)
                      0.066658    0.000583    0.369745 ^ _459_/CLK (sky130_fd_sc_hd__dfxtp_1)
                                  0.250000    0.619745   clock uncertainty
                                  0.000000    0.619745   clock reconvergence pessimism
                                 -0.043360    0.576385   library hold time
                                              0.576385   data required time
---------------------------------------------------------------------------------------------
                                              0.576385   data required time
                                             -1.039749   data arrival time
---------------------------------------------------------------------------------------------
                                              0.463364   slack (MET)


Startpoint: _481_ (rising edge-triggered flip-flop clocked by clk)
Endpoint: _476_ (rising edge-triggered flip-flop clocked by clk)
Path Group: clk
Path Type: min

Fanout         Cap        Slew       Delay        Time   Description
---------------------------------------------------------------------------------------------
                                  0.000000    0.000000   clock clk (rise edge)
                                  0.000000    0.000000   clock source latency
     1    0.017755    0.085708    0.058820    0.058820 ^ clk (in)
                                                         clk (net)
                      0.085715    0.000000    0.058820 ^ clkbuf_0_clk/A (sky130_fd_sc_hd__clkbuf_16)
     4    0.040158    0.059886    0.156605    0.215424 ^ clkbuf_0_clk/X (sky130_fd_sc_hd__clkbuf_16)
                                                         clknet_0_clk (net)
                      0.059908    0.001042    0.216466 ^ clkbuf_2_3__f_clk/A (sky130_fd_sc_hd__clkbuf_16)
    14    0.048219    0.067156    0.153179    0.369645 ^ clkbuf_2_3__f_clk/X (sky130_fd_sc_hd__clkbuf_16)
                                                         clknet_2_3__leaf_clk (net)
                      0.067178    0.001111    0.370756 ^ _481_/CLK (sky130_fd_sc_hd__dfxtp_1)
     4    0.012013    0.120908    0.368207    0.738963 ^ _481_/Q (sky130_fd_sc_hd__dfxtp_1)
                                                         u_system.sticky_tamper (net)
                      0.120908    0.000282    0.739244 ^ _388_/A (sky130_fd_sc_hd__or3_1)
     2    0.006285    0.067138    0.144682    0.883926 ^ _388_/X (sky130_fd_sc_hd__or3_1)
                                                         _180_ (net)
                      0.067138    0.000127    0.884053 ^ _389_/B (sky130_fd_sc_hd__nor2_1)
     3    0.010644    0.054137    0.069712    0.953766 v _389_/Y (sky130_fd_sc_hd__nor2_1)
                                                         _181_ (net)
                      0.054138    0.000329    0.954094 v _409_/B1 (sky130_fd_sc_hd__o21a_1)
     1    0.002842    0.029619    0.102104    1.056198 v _409_/X (sky130_fd_sc_hd__o21a_1)
                                                         _040_ (net)
                      0.029619    0.000090    1.056288 v _476_/D (sky130_fd_sc_hd__dfxtp_1)
                                              1.056288   data arrival time

                                  0.000000    0.000000   clock clk (rise edge)
                                  0.000000    0.000000   clock source latency
     1    0.017755    0.085708    0.058820    0.058820 ^ clk (in)
                                                         clk (net)
                      0.085715    0.000000    0.058820 ^ clkbuf_0_clk/A (sky130_fd_sc_hd__clkbuf_16)
     4    0.040158    0.059886    0.156605    0.215424 ^ clkbuf_0_clk/X (sky130_fd_sc_hd__clkbuf_16)
                                                         clknet_0_clk (net)
                      0.059908    0.001042    0.216466 ^ clkbuf_2_3__f_clk/A (sky130_fd_sc_hd__clkbuf_16)
    14    0.048219    0.067156    0.153179    0.369645 ^ clkbuf_2_3__f_clk/X (sky130_fd_sc_hd__clkbuf_16)
                                                         clknet_2_3__leaf_clk (net)
                      0.067169    0.000898    0.370543 ^ _476_/CLK (sky130_fd_sc_hd__dfxtp_1)
                                  0.250000    0.620543   clock uncertainty
                                  0.000000    0.620543   clock reconvergence pessimism
                                 -0.042126    0.578416   library hold time
                                              0.578416   data required time
---------------------------------------------------------------------------------------------
                                              0.578416   data required time
                                             -1.056288   data arrival time
---------------------------------------------------------------------------------------------
                                              0.477871   slack (MET)


Startpoint: _481_ (rising edge-triggered flip-flop clocked by clk)
Endpoint: _485_ (rising edge-triggered flip-flop clocked by clk)
Path Group: clk
Path Type: min

Fanout         Cap        Slew       Delay        Time   Description
---------------------------------------------------------------------------------------------
                                  0.000000    0.000000   clock clk (rise edge)
                                  0.000000    0.000000   clock source latency
     1    0.017755    0.085708    0.058820    0.058820 ^ clk (in)
                                                         clk (net)
                      0.085715    0.000000    0.058820 ^ clkbuf_0_clk/A (sky130_fd_sc_hd__clkbuf_16)
     4    0.040158    0.059886    0.156605    0.215424 ^ clkbuf_0_clk/X (sky130_fd_sc_hd__clkbuf_16)
                                                         clknet_0_clk (net)
                      0.059908    0.001042    0.216466 ^ clkbuf_2_3__f_clk/A (sky130_fd_sc_hd__clkbuf_16)
    14    0.048219    0.067156    0.153179    0.369645 ^ clkbuf_2_3__f_clk/X (sky130_fd_sc_hd__clkbuf_16)
                                                         clknet_2_3__leaf_clk (net)
                      0.067178    0.001111    0.370756 ^ _481_/CLK (sky130_fd_sc_hd__dfxtp_1)
     4    0.012013    0.120908    0.368207    0.738963 ^ _481_/Q (sky130_fd_sc_hd__dfxtp_1)
                                                         u_system.sticky_tamper (net)
                      0.120908    0.000318    0.739281 ^ _242_/A (sky130_fd_sc_hd__or3_2)
     4    0.018153    0.097300    0.184839    0.924120 ^ _242_/X (sky130_fd_sc_hd__or3_2)
                                                         _074_ (net)
                      0.097301    0.000505    0.924625 ^ _251_/B1 (sky130_fd_sc_hd__a31oi_1)
     2    0.006950    0.050988    0.068050    0.992675 v _251_/Y (sky130_fd_sc_hd__a31oi_1)
                                                         _083_ (net)
                      0.050989    0.000195    0.992870 v _429_/B (sky130_fd_sc_hd__nor2_1)
     1    0.002070    0.064278    0.074253    1.067123 ^ _429_/Y (sky130_fd_sc_hd__nor2_1)
                                                         _049_ (net)
                      0.064278    0.000059    1.067182 ^ _485_/D (sky130_fd_sc_hd__dfxtp_1)
                                              1.067182   data arrival time

                                  0.000000    0.000000   clock clk (rise edge)
                                  0.000000    0.000000   clock source latency
     1    0.017755    0.085708    0.058820    0.058820 ^ clk (in)
                                                         clk (net)
                      0.085715    0.000000    0.058820 ^ clkbuf_0_clk/A (sky130_fd_sc_hd__clkbuf_16)
     4    0.040158    0.059886    0.156605    0.215424 ^ clkbuf_0_clk/X (sky130_fd_sc_hd__clkbuf_16)
                                                         clknet_0_clk (net)
                      0.059914    0.001150    0.216575 ^ clkbuf_2_1__f_clk/A (sky130_fd_sc_hd__clkbuf_16)
    12    0.047047    0.066092    0.152351    0.368926 ^ clkbuf_2_1__f_clk/X (sky130_fd_sc_hd__clkbuf_16)
                                                         clknet_2_1__leaf_clk (net)
                      0.066113    0.001092    0.370018 ^ _485_/CLK (sky130_fd_sc_hd__dfxtp_1)
                                  0.250000    0.620018   clock uncertainty
                                  0.000000    0.620018   clock reconvergence pessimism
                                 -0.032512    0.587506   library hold time
                                              0.587506   data required time
---------------------------------------------------------------------------------------------
                                              0.587506   data required time
                                             -1.067182   data arrival time
---------------------------------------------------------------------------------------------
                                              0.479676   slack (MET)


Startpoint: _447_ (rising edge-triggered flip-flop clocked by clk)
Endpoint: _447_ (rising edge-triggered flip-flop clocked by clk)
Path Group: clk
Path Type: min

Fanout         Cap        Slew       Delay        Time   Description
---------------------------------------------------------------------------------------------
                                  0.000000    0.000000   clock clk (rise edge)
                                  0.000000    0.000000   clock source latency
     1    0.017755    0.085708    0.058820    0.058820 ^ clk (in)
                                                         clk (net)
                      0.085715    0.000000    0.058820 ^ clkbuf_0_clk/A (sky130_fd_sc_hd__clkbuf_16)
     4    0.040158    0.059886    0.156605    0.215424 ^ clkbuf_0_clk/X (sky130_fd_sc_hd__clkbuf_16)
                                                         clknet_0_clk (net)
                      0.059919    0.001235    0.216659 ^ clkbuf_2_0__f_clk/A (sky130_fd_sc_hd__clkbuf_16)
    16    0.047734    0.066658    0.152503    0.369162 ^ clkbuf_2_0__f_clk/X (sky130_fd_sc_hd__clkbuf_16)
                                                         clknet_2_0__leaf_clk (net)
                      0.066776    0.001636    0.370798 ^ _447_/CLK (sky130_fd_sc_hd__dfxtp_1)
     3    0.006819    0.043281    0.315882    0.686680 v _447_/Q (sky130_fd_sc_hd__dfxtp_1)
                                                         u_system.group_timeout_count[11] (net)
                      0.043281    0.000182    0.686862 v _296_/A (sky130_fd_sc_hd__and4_1)
     5    0.017590    0.093182    0.203278    0.890141 v _296_/X (sky130_fd_sc_hd__and4_1)
                                                         _117_ (net)
                      0.093182    0.000381    0.890522 v _297_/A (sky130_fd_sc_hd__inv_2)
     1    0.002676    0.031711    0.055743    0.946265 ^ _297_/Y (sky130_fd_sc_hd__inv_2)
                                                         _118_ (net)
                      0.031711    0.000054    0.946319 ^ _298_/B1 (sky130_fd_sc_hd__o211a_1)
     1    0.002412    0.037605    0.128637    1.074956 ^ _298_/X (sky130_fd_sc_hd__o211a_1)
                                                         _011_ (net)
                      0.037605    0.000069    1.075025 ^ _447_/D (sky130_fd_sc_hd__dfxtp_1)
                                              1.075025   data arrival time

                                  0.000000    0.000000   clock clk (rise edge)
                                  0.000000    0.000000   clock source latency
     1    0.017755    0.085708    0.058820    0.058820 ^ clk (in)
                                                         clk (net)
                      0.085715    0.000000    0.058820 ^ clkbuf_0_clk/A (sky130_fd_sc_hd__clkbuf_16)
     4    0.040158    0.059886    0.156605    0.215424 ^ clkbuf_0_clk/X (sky130_fd_sc_hd__clkbuf_16)
                                                         clknet_0_clk (net)
                      0.059919    0.001235    0.216659 ^ clkbuf_2_0__f_clk/A (sky130_fd_sc_hd__clkbuf_16)
    16    0.047734    0.066658    0.152503    0.369162 ^ clkbuf_2_0__f_clk/X (sky130_fd_sc_hd__clkbuf_16)
                                                         clknet_2_0__leaf_clk (net)
                      0.066776    0.001636    0.370798 ^ _447_/CLK (sky130_fd_sc_hd__dfxtp_1)
                                  0.250000    0.620798   clock uncertainty
                                  0.000000    0.620798   clock reconvergence pessimism
                                 -0.026856    0.593942   library hold time
                                              0.593942   data required time
---------------------------------------------------------------------------------------------
                                              0.593942   data required time
                                             -1.075025   data arrival time
---------------------------------------------------------------------------------------------
                                              0.481083   slack (MET)


Startpoint: _481_ (rising edge-triggered flip-flop clocked by clk)
Endpoint: _477_ (rising edge-triggered flip-flop clocked by clk)
Path Group: clk
Path Type: min

Fanout         Cap        Slew       Delay        Time   Description
---------------------------------------------------------------------------------------------
                                  0.000000    0.000000   clock clk (rise edge)
                                  0.000000    0.000000   clock source latency
     1    0.017755    0.085708    0.058820    0.058820 ^ clk (in)
                                                         clk (net)
                      0.085715    0.000000    0.058820 ^ clkbuf_0_clk/A (sky130_fd_sc_hd__clkbuf_16)
     4    0.040158    0.059886    0.156605    0.215424 ^ clkbuf_0_clk/X (sky130_fd_sc_hd__clkbuf_16)
                                                         clknet_0_clk (net)
                      0.059908    0.001042    0.216466 ^ clkbuf_2_3__f_clk/A (sky130_fd_sc_hd__clkbuf_16)
    14    0.048219    0.067156    0.153179    0.369645 ^ clkbuf_2_3__f_clk/X (sky130_fd_sc_hd__clkbuf_16)
                                                         clknet_2_3__leaf_clk (net)
                      0.067178    0.001111    0.370756 ^ _481_/CLK (sky130_fd_sc_hd__dfxtp_1)
     4    0.012013    0.120908    0.368207    0.738963 ^ _481_/Q (sky130_fd_sc_hd__dfxtp_1)
                                                         u_system.sticky_tamper (net)
                      0.120908    0.000282    0.739244 ^ _388_/A (sky130_fd_sc_hd__or3_1)
     2    0.006285    0.067138    0.144682    0.883926 ^ _388_/X (sky130_fd_sc_hd__or3_1)
                                                         _180_ (net)
                      0.067138    0.000127    0.884053 ^ _389_/B (sky130_fd_sc_hd__nor2_1)
     3    0.010644    0.054137    0.069712    0.953766 v _389_/Y (sky130_fd_sc_hd__nor2_1)
                                                         _181_ (net)
                      0.054139    0.000370    0.954135 v _412_/B (sky130_fd_sc_hd__and2b_1)
     1    0.001946    0.029221    0.148828    1.102963 v _412_/X (sky130_fd_sc_hd__and2b_1)
                                                         _041_ (net)
                      0.029221    0.000055    1.103018 v _477_/D (sky130_fd_sc_hd__dfxtp_1)
                                              1.103018   data arrival time

                                  0.000000    0.000000   clock clk (rise edge)
                                  0.000000    0.000000   clock source latency
     1    0.017755    0.085708    0.058820    0.058820 ^ clk (in)
                                                         clk (net)
                      0.085715    0.000000    0.058820 ^ clkbuf_0_clk/A (sky130_fd_sc_hd__clkbuf_16)
     4    0.040158    0.059886    0.156605    0.215424 ^ clkbuf_0_clk/X (sky130_fd_sc_hd__clkbuf_16)
                                                         clknet_0_clk (net)
                      0.059908    0.001042    0.216466 ^ clkbuf_2_3__f_clk/A (sky130_fd_sc_hd__clkbuf_16)
    14    0.048219    0.067156    0.153179    0.369645 ^ clkbuf_2_3__f_clk/X (sky130_fd_sc_hd__clkbuf_16)
                                                         clknet_2_3__leaf_clk (net)
                      0.067174    0.001024    0.370669 ^ _477_/CLK (sky130_fd_sc_hd__dfxtp_1)
                                  0.250000    0.620669   clock uncertainty
                                  0.000000    0.620669   clock reconvergence pessimism
                                 -0.041959    0.578710   library hold time
                                              0.578710   data required time
---------------------------------------------------------------------------------------------
                                              0.578710   data required time
                                             -1.103018   data arrival time
---------------------------------------------------------------------------------------------
                                              0.524308   slack (MET)


Startpoint: _481_ (rising edge-triggered flip-flop clocked by clk)
Endpoint: _478_ (rising edge-triggered flip-flop clocked by clk)
Path Group: clk
Path Type: min

Fanout         Cap        Slew       Delay        Time   Description
---------------------------------------------------------------------------------------------
                                  0.000000    0.000000   clock clk (rise edge)
                                  0.000000    0.000000   clock source latency
     1    0.017755    0.085708    0.058820    0.058820 ^ clk (in)
                                                         clk (net)
                      0.085715    0.000000    0.058820 ^ clkbuf_0_clk/A (sky130_fd_sc_hd__clkbuf_16)
     4    0.040158    0.059886    0.156605    0.215424 ^ clkbuf_0_clk/X (sky130_fd_sc_hd__clkbuf_16)
                                                         clknet_0_clk (net)
                      0.059908    0.001042    0.216466 ^ clkbuf_2_3__f_clk/A (sky130_fd_sc_hd__clkbuf_16)
    14    0.048219    0.067156    0.153179    0.369645 ^ clkbuf_2_3__f_clk/X (sky130_fd_sc_hd__clkbuf_16)
                                                         clknet_2_3__leaf_clk (net)
                      0.067178    0.001111    0.370756 ^ _481_/CLK (sky130_fd_sc_hd__dfxtp_1)
     4    0.012013    0.120908    0.368207    0.738963 ^ _481_/Q (sky130_fd_sc_hd__dfxtp_1)
                                                         u_system.sticky_tamper (net)
                      0.120908    0.000282    0.739244 ^ _388_/A (sky130_fd_sc_hd__or3_1)
     2    0.006285    0.067138    0.144682    0.883926 ^ _388_/X (sky130_fd_sc_hd__or3_1)
                                                         _180_ (net)
                      0.067138    0.000127    0.884053 ^ _389_/B (sky130_fd_sc_hd__nor2_1)
     3    0.010644    0.054137    0.069712    0.953766 v _389_/Y (sky130_fd_sc_hd__nor2_1)
                                                         _181_ (net)
                      0.054139    0.000359    0.954124 v _421_/A (sky130_fd_sc_hd__and3_1)
     1    0.003495    0.036465    0.146602    1.100727 v _421_/X (sky130_fd_sc_hd__and3_1)
                                                         _042_ (net)
                      0.036465    0.000117    1.100844 v _478_/D (sky130_fd_sc_hd__dfxtp_1)
                                              1.100844   data arrival time

                                  0.000000    0.000000   clock clk (rise edge)
                                  0.000000    0.000000   clock source latency
     1    0.017755    0.085708    0.058820    0.058820 ^ clk (in)
                                                         clk (net)
                      0.085715    0.000000    0.058820 ^ clkbuf_0_clk/A (sky130_fd_sc_hd__clkbuf_16)
     4    0.040158    0.059886    0.156605    0.215424 ^ clkbuf_0_clk/X (sky130_fd_sc_hd__clkbuf_16)
                                                         clknet_0_clk (net)
                      0.059908    0.001042    0.216466 ^ clkbuf_2_3__f_clk/A (sky130_fd_sc_hd__clkbuf_16)
    14    0.048219    0.067156    0.153179    0.369645 ^ clkbuf_2_3__f_clk/X (sky130_fd_sc_hd__clkbuf_16)
                                                         clknet_2_3__leaf_clk (net)
                      0.067174    0.001027    0.370671 ^ _478_/CLK (sky130_fd_sc_hd__dfxtp_1)
                                  0.250000    0.620671   clock uncertainty
                                  0.000000    0.620671   clock reconvergence pessimism
                                 -0.044982    0.575690   library hold time
                                              0.575690   data required time
---------------------------------------------------------------------------------------------
                                              0.575690   data required time
                                             -1.100844   data arrival time
---------------------------------------------------------------------------------------------
                                              0.525154   slack (MET)


Startpoint: _481_ (rising edge-triggered flip-flop clocked by clk)
Endpoint: _483_ (rising edge-triggered flip-flop clocked by clk)
Path Group: clk
Path Type: min

Fanout         Cap        Slew       Delay        Time   Description
---------------------------------------------------------------------------------------------
                                  0.000000    0.000000   clock clk (rise edge)
                                  0.000000    0.000000   clock source latency
     1    0.017755    0.085708    0.058820    0.058820 ^ clk (in)
                                                         clk (net)
                      0.085715    0.000000    0.058820 ^ clkbuf_0_clk/A (sky130_fd_sc_hd__clkbuf_16)
     4    0.040158    0.059886    0.156605    0.215424 ^ clkbuf_0_clk/X (sky130_fd_sc_hd__clkbuf_16)
                                                         clknet_0_clk (net)
                      0.059908    0.001042    0.216466 ^ clkbuf_2_3__f_clk/A (sky130_fd_sc_hd__clkbuf_16)
    14    0.048219    0.067156    0.153179    0.369645 ^ clkbuf_2_3__f_clk/X (sky130_fd_sc_hd__clkbuf_16)
                                                         clknet_2_3__leaf_clk (net)
                      0.067178    0.001111    0.370756 ^ _481_/CLK (sky130_fd_sc_hd__dfxtp_1)
     4    0.012013    0.120908    0.368207    0.738963 ^ _481_/Q (sky130_fd_sc_hd__dfxtp_1)
                                                         u_system.sticky_tamper (net)
                      0.120908    0.000318    0.739281 ^ _242_/A (sky130_fd_sc_hd__or3_2)
     4    0.018153    0.097300    0.184839    0.924120 ^ _242_/X (sky130_fd_sc_hd__or3_2)
                                                         _074_ (net)
                      0.097303    0.000646    0.924766 ^ _263_/B1 (sky130_fd_sc_hd__a31o_1)
     2    0.009752    0.101111    0.150485    1.075251 ^ _263_/X (sky130_fd_sc_hd__a31o_1)
                                                         _095_ (net)
                      0.101111    0.000276    1.075527 ^ _426_/B (sky130_fd_sc_hd__nor2_1)
     1    0.002156    0.029467    0.045210    1.120736 v _426_/Y (sky130_fd_sc_hd__nor2_1)
                                                         _047_ (net)
                      0.029467    0.000044    1.120780 v _483_/D (sky130_fd_sc_hd__dfxtp_1)
                                              1.120780   data arrival time

                                  0.000000    0.000000   clock clk (rise edge)
                                  0.000000    0.000000   clock source latency
     1    0.017755    0.085708    0.058820    0.058820 ^ clk (in)
                                                         clk (net)
                      0.085715    0.000000    0.058820 ^ clkbuf_0_clk/A (sky130_fd_sc_hd__clkbuf_16)
     4    0.040158    0.059886    0.156605    0.215424 ^ clkbuf_0_clk/X (sky130_fd_sc_hd__clkbuf_16)
                                                         clknet_0_clk (net)
                      0.059914    0.001150    0.216575 ^ clkbuf_2_1__f_clk/A (sky130_fd_sc_hd__clkbuf_16)
    12    0.047047    0.066092    0.152351    0.368926 ^ clkbuf_2_1__f_clk/X (sky130_fd_sc_hd__clkbuf_16)
                                                         clknet_2_1__leaf_clk (net)
                      0.066114    0.001109    0.370035 ^ _483_/CLK (sky130_fd_sc_hd__dfxtp_1)
                                  0.250000    0.620035   clock uncertainty
                                  0.000000    0.620035   clock reconvergence pessimism
                                 -0.042301    0.577734   library hold time
                                              0.577734   data required time
---------------------------------------------------------------------------------------------
                                              0.577734   data required time
                                             -1.120780   data arrival time
---------------------------------------------------------------------------------------------
                                              0.543046   slack (MET)


Startpoint: _481_ (rising edge-triggered flip-flop clocked by clk)
Endpoint: _481_ (rising edge-triggered flip-flop clocked by clk)
Path Group: clk
Path Type: min

Fanout         Cap        Slew       Delay        Time   Description
---------------------------------------------------------------------------------------------
                                  0.000000    0.000000   clock clk (rise edge)
                                  0.000000    0.000000   clock source latency
     1    0.017755    0.085708    0.058820    0.058820 ^ clk (in)
                                                         clk (net)
                      0.085715    0.000000    0.058820 ^ clkbuf_0_clk/A (sky130_fd_sc_hd__clkbuf_16)
     4    0.040158    0.059886    0.156605    0.215424 ^ clkbuf_0_clk/X (sky130_fd_sc_hd__clkbuf_16)
                                                         clknet_0_clk (net)
                      0.059908    0.001042    0.216466 ^ clkbuf_2_3__f_clk/A (sky130_fd_sc_hd__clkbuf_16)
    14    0.048219    0.067156    0.153179    0.369645 ^ clkbuf_2_3__f_clk/X (sky130_fd_sc_hd__clkbuf_16)
                                                         clknet_2_3__leaf_clk (net)
                      0.067178    0.001111    0.370756 ^ _481_/CLK (sky130_fd_sc_hd__dfxtp_1)
     4    0.012013    0.120908    0.368207    0.738963 ^ _481_/Q (sky130_fd_sc_hd__dfxtp_1)
                                                         u_system.sticky_tamper (net)
                      0.120908    0.000288    0.739250 ^ hold9/A (sky130_fd_sc_hd__dlygate4sd3_1)
     1    0.003736    0.060790    0.565159    1.304410 ^ hold9/X (sky130_fd_sc_hd__dlygate4sd3_1)
                                                         net38 (net)
                      0.060790    0.000118    1.304528 ^ _424_/A1 (sky130_fd_sc_hd__o21a_1)
     1    0.002435    0.036496    0.114929    1.419456 ^ _424_/X (sky130_fd_sc_hd__o21a_1)
                                                         _045_ (net)
                      0.036496    0.000070    1.419527 ^ _481_/D (sky130_fd_sc_hd__dfxtp_1)
                                              1.419527   data arrival time

                                  0.000000    0.000000   clock clk (rise edge)
                                  0.000000    0.000000   clock source latency
     1    0.017755    0.085708    0.058820    0.058820 ^ clk (in)
                                                         clk (net)
                      0.085715    0.000000    0.058820 ^ clkbuf_0_clk/A (sky130_fd_sc_hd__clkbuf_16)
     4    0.040158    0.059886    0.156605    0.215424 ^ clkbuf_0_clk/X (sky130_fd_sc_hd__clkbuf_16)
                                                         clknet_0_clk (net)
                      0.059908    0.001042    0.216466 ^ clkbuf_2_3__f_clk/A (sky130_fd_sc_hd__clkbuf_16)
    14    0.048219    0.067156    0.153179    0.369645 ^ clkbuf_2_3__f_clk/X (sky130_fd_sc_hd__clkbuf_16)
                                                         clknet_2_3__leaf_clk (net)
                      0.067178    0.001111    0.370756 ^ _481_/CLK (sky130_fd_sc_hd__dfxtp_1)
                                  0.250000    0.620756   clock uncertainty
                                  0.000000    0.620756   clock reconvergence pessimism
                                 -0.026571    0.594185   library hold time
                                              0.594185   data required time
---------------------------------------------------------------------------------------------
                                              0.594185   data required time
                                             -1.419527   data arrival time
---------------------------------------------------------------------------------------------
                                              0.825342   slack (MET)


Startpoint: _480_ (rising edge-triggered flip-flop clocked by clk)
Endpoint: _479_ (rising edge-triggered flip-flop clocked by clk)
Path Group: clk
Path Type: min

Fanout         Cap        Slew       Delay        Time   Description
---------------------------------------------------------------------------------------------
                                  0.000000    0.000000   clock clk (rise edge)
                                  0.000000    0.000000   clock source latency
     1    0.017755    0.085708    0.058820    0.058820 ^ clk (in)
                                                         clk (net)
                      0.085715    0.000000    0.058820 ^ clkbuf_0_clk/A (sky130_fd_sc_hd__clkbuf_16)
     4    0.040158    0.059886    0.156605    0.215424 ^ clkbuf_0_clk/X (sky130_fd_sc_hd__clkbuf_16)
                                                         clknet_0_clk (net)
                      0.059908    0.001042    0.216466 ^ clkbuf_2_3__f_clk/A (sky130_fd_sc_hd__clkbuf_16)
    14    0.048219    0.067156    0.153179    0.369645 ^ clkbuf_2_3__f_clk/X (sky130_fd_sc_hd__clkbuf_16)
                                                         clknet_2_3__leaf_clk (net)
                      0.067182    0.001190    0.370835 ^ _480_/CLK (sky130_fd_sc_hd__dfxtp_1)
     5    0.014080    0.139481    0.381505    0.752339 ^ _480_/Q (sky130_fd_sc_hd__dfxtp_1)
                                                         u_system.sticky_illegal (net)
                      0.139481    0.000295    0.752635 ^ _422_/A1 (sky130_fd_sc_hd__o31a_1)
     1    0.002046    0.037988    0.143710    0.896344 ^ _422_/X (sky130_fd_sc_hd__o31a_1)
                                                         _043_ (net)
                      0.037988    0.000058    0.896403 ^ hold3/A (sky130_fd_sc_hd__dlygate4sd3_1)
     1    0.002280    0.048631    0.527668    1.424070 ^ hold3/X (sky130_fd_sc_hd__dlygate4sd3_1)
                                                         net32 (net)
                      0.048631    0.000065    1.424135 ^ _479_/D (sky130_fd_sc_hd__dfxtp_1)
                                              1.424135   data arrival time

                                  0.000000    0.000000   clock clk (rise edge)
                                  0.000000    0.000000   clock source latency
     1    0.017755    0.085708    0.058820    0.058820 ^ clk (in)
                                                         clk (net)
                      0.085715    0.000000    0.058820 ^ clkbuf_0_clk/A (sky130_fd_sc_hd__clkbuf_16)
     4    0.040158    0.059886    0.156605    0.215424 ^ clkbuf_0_clk/X (sky130_fd_sc_hd__clkbuf_16)
                                                         clknet_0_clk (net)
                      0.059908    0.001042    0.216466 ^ clkbuf_2_3__f_clk/A (sky130_fd_sc_hd__clkbuf_16)
    14    0.048219    0.067156    0.153179    0.369645 ^ clkbuf_2_3__f_clk/X (sky130_fd_sc_hd__clkbuf_16)
                                                         clknet_2_3__leaf_clk (net)
                      0.067169    0.000913    0.370558 ^ _479_/CLK (sky130_fd_sc_hd__dfxtp_1)
                                  0.250000    0.620557   clock uncertainty
                                  0.000000    0.620557   clock reconvergence pessimism
                                 -0.029106    0.591452   library hold time
                                              0.591452   data required time
---------------------------------------------------------------------------------------------
                                              0.591452   data required time
                                             -1.424135   data arrival time
---------------------------------------------------------------------------------------------
                                              0.832683   slack (MET)


Startpoint: _486_ (rising edge-triggered flip-flop clocked by clk)
Endpoint: _453_ (rising edge-triggered flip-flop clocked by clk)
Path Group: clk
Path Type: min

Fanout         Cap        Slew       Delay        Time   Description
---------------------------------------------------------------------------------------------
                                  0.000000    0.000000   clock clk (rise edge)
                                  0.000000    0.000000   clock source latency
     1    0.017755    0.085708    0.058820    0.058820 ^ clk (in)
                                                         clk (net)
                      0.085715    0.000000    0.058820 ^ clkbuf_0_clk/A (sky130_fd_sc_hd__clkbuf_16)
     4    0.040158    0.059886    0.156605    0.215424 ^ clkbuf_0_clk/X (sky130_fd_sc_hd__clkbuf_16)
                                                         clknet_0_clk (net)
                      0.059908    0.001042    0.216466 ^ clkbuf_2_3__f_clk/A (sky130_fd_sc_hd__clkbuf_16)
    14    0.048219    0.067156    0.153179    0.369645 ^ clkbuf_2_3__f_clk/X (sky130_fd_sc_hd__clkbuf_16)
                                                         clknet_2_3__leaf_clk (net)
                      0.067185    0.001246    0.370891 ^ _486_/CLK (sky130_fd_sc_hd__dfxtp_2)
     8    0.028550    0.149467    0.404267    0.775158 ^ _486_/Q (sky130_fd_sc_hd__dfxtp_2)
                                                         u_system.u_global.state[0] (net)
                      0.149471    0.000989    0.776148 ^ hold12/A (sky130_fd_sc_hd__dlygate4sd3_1)
     1    0.002685    0.051913    0.562093    1.338241 ^ hold12/X (sky130_fd_sc_hd__dlygate4sd3_1)
                                                         net41 (net)
                      0.051913    0.000083    1.338325 ^ _312_/A (sky130_fd_sc_hd__or2_1)
     1    0.003010    0.041382    0.093773    1.432097 ^ _312_/X (sky130_fd_sc_hd__or2_1)
                                                         _017_ (net)
                      0.041382    0.000098    1.432195 ^ _453_/D (sky130_fd_sc_hd__dfxtp_1)
                                              1.432195   data arrival time

                                  0.000000    0.000000   clock clk (rise edge)
                                  0.000000    0.000000   clock source latency
     1    0.017755    0.085708    0.058820    0.058820 ^ clk (in)
                                                         clk (net)
                      0.085715    0.000000    0.058820 ^ clkbuf_0_clk/A (sky130_fd_sc_hd__clkbuf_16)
     4    0.040158    0.059886    0.156605    0.215424 ^ clkbuf_0_clk/X (sky130_fd_sc_hd__clkbuf_16)
                                                         clknet_0_clk (net)
                      0.059908    0.001042    0.216466 ^ clkbuf_2_3__f_clk/A (sky130_fd_sc_hd__clkbuf_16)
    14    0.048219    0.067156    0.153179    0.369645 ^ clkbuf_2_3__f_clk/X (sky130_fd_sc_hd__clkbuf_16)
                                                         clknet_2_3__leaf_clk (net)
                      0.067180    0.001161    0.370806 ^ _453_/CLK (sky130_fd_sc_hd__dfxtp_1)
                                  0.250000    0.620806   clock uncertainty
                                  0.000000    0.620806   clock reconvergence pessimism
                                 -0.027591    0.593215   library hold time
                                              0.593215   data required time
---------------------------------------------------------------------------------------------
                                              0.593215   data required time
                                             -1.432195   data arrival time
---------------------------------------------------------------------------------------------
                                              0.838981   slack (MET)


Startpoint: _480_ (rising edge-triggered flip-flop clocked by clk)
Endpoint: _480_ (rising edge-triggered flip-flop clocked by clk)
Path Group: clk
Path Type: min

Fanout         Cap        Slew       Delay        Time   Description
---------------------------------------------------------------------------------------------
                                  0.000000    0.000000   clock clk (rise edge)
                                  0.000000    0.000000   clock source latency
     1    0.017755    0.085708    0.058820    0.058820 ^ clk (in)
                                                         clk (net)
                      0.085715    0.000000    0.058820 ^ clkbuf_0_clk/A (sky130_fd_sc_hd__clkbuf_16)
     4    0.040158    0.059886    0.156605    0.215424 ^ clkbuf_0_clk/X (sky130_fd_sc_hd__clkbuf_16)
                                                         clknet_0_clk (net)
                      0.059908    0.001042    0.216466 ^ clkbuf_2_3__f_clk/A (sky130_fd_sc_hd__clkbuf_16)
    14    0.048219    0.067156    0.153179    0.369645 ^ clkbuf_2_3__f_clk/X (sky130_fd_sc_hd__clkbuf_16)
                                                         clknet_2_3__leaf_clk (net)
                      0.067182    0.001190    0.370835 ^ _480_/CLK (sky130_fd_sc_hd__dfxtp_1)
     5    0.014080    0.139481    0.381505    0.752339 ^ _480_/Q (sky130_fd_sc_hd__dfxtp_1)
                                                         u_system.sticky_illegal (net)
                      0.139481    0.000155    0.752494 ^ hold13/A (sky130_fd_sc_hd__dlygate4sd3_1)
     1    0.003177    0.056219    0.564570    1.317064 ^ hold13/X (sky130_fd_sc_hd__dlygate4sd3_1)
                                                         net42 (net)
                      0.056219    0.000093    1.317157 ^ _423_/A1 (sky130_fd_sc_hd__o21a_1)
     1    0.003087    0.041848    0.118519    1.435675 ^ _423_/X (sky130_fd_sc_hd__o21a_1)
                                                         _044_ (net)
                      0.041848    0.000103    1.435778 ^ _480_/D (sky130_fd_sc_hd__dfxtp_1)
                                              1.435778   data arrival time

                                  0.000000    0.000000   clock clk (rise edge)
                                  0.000000    0.000000   clock source latency
     1    0.017755    0.085708    0.058820    0.058820 ^ clk (in)
                                                         clk (net)
                      0.085715    0.000000    0.058820 ^ clkbuf_0_clk/A (sky130_fd_sc_hd__clkbuf_16)
     4    0.040158    0.059886    0.156605    0.215424 ^ clkbuf_0_clk/X (sky130_fd_sc_hd__clkbuf_16)
                                                         clknet_0_clk (net)
                      0.059908    0.001042    0.216466 ^ clkbuf_2_3__f_clk/A (sky130_fd_sc_hd__clkbuf_16)
    14    0.048219    0.067156    0.153179    0.369645 ^ clkbuf_2_3__f_clk/X (sky130_fd_sc_hd__clkbuf_16)
                                                         clknet_2_3__leaf_clk (net)
                      0.067182    0.001190    0.370835 ^ _480_/CLK (sky130_fd_sc_hd__dfxtp_1)
                                  0.250000    0.620835   clock uncertainty
                                  0.000000    0.620835   clock reconvergence pessimism
                                 -0.027688    0.593147   library hold time
                                              0.593147   data required time
---------------------------------------------------------------------------------------------
                                              0.593147   data required time
                                             -1.435778   data arrival time
---------------------------------------------------------------------------------------------
                                              0.842631   slack (MET)


Startpoint: _476_ (rising edge-triggered flip-flop clocked by clk)
Endpoint: _454_ (rising edge-triggered flip-flop clocked by clk)
Path Group: clk
Path Type: min

Fanout         Cap        Slew       Delay        Time   Description
---------------------------------------------------------------------------------------------
                                  0.000000    0.000000   clock clk (rise edge)
                                  0.000000    0.000000   clock source latency
     1    0.017755    0.085708    0.058820    0.058820 ^ clk (in)
                                                         clk (net)
                      0.085715    0.000000    0.058820 ^ clkbuf_0_clk/A (sky130_fd_sc_hd__clkbuf_16)
     4    0.040158    0.059886    0.156605    0.215424 ^ clkbuf_0_clk/X (sky130_fd_sc_hd__clkbuf_16)
                                                         clknet_0_clk (net)
                      0.059908    0.001042    0.216466 ^ clkbuf_2_3__f_clk/A (sky130_fd_sc_hd__clkbuf_16)
    14    0.048219    0.067156    0.153179    0.369645 ^ clkbuf_2_3__f_clk/X (sky130_fd_sc_hd__clkbuf_16)
                                                         clknet_2_3__leaf_clk (net)
                      0.067169    0.000898    0.370543 ^ _476_/CLK (sky130_fd_sc_hd__dfxtp_1)
     5    0.011475    0.062203    0.333444    0.703987 v _476_/Q (sky130_fd_sc_hd__dfxtp_1)
                                                         u_system.u_global.state[1] (net)
                      0.062203    0.000286    0.704273 v hold14/A (sky130_fd_sc_hd__dlygate4sd3_1)
     1    0.004826    0.062983    0.570143    1.274416 v hold14/X (sky130_fd_sc_hd__dlygate4sd3_1)
                                                         net43 (net)
                      0.062983    0.000145    1.274561 v _219_/A (sky130_fd_sc_hd__inv_2)
     5    0.018711    0.090352    0.098487    1.373048 ^ _219_/Y (sky130_fd_sc_hd__inv_2)
                                                         _055_ (net)
                      0.090356    0.000493    1.373541 ^ _313_/A (sky130_fd_sc_hd__nor2_1)
     1    0.002079    0.030364    0.049928    1.423469 v _313_/Y (sky130_fd_sc_hd__nor2_1)
                                                         _018_ (net)
                      0.030365    0.000058    1.423527 v _454_/D (sky130_fd_sc_hd__dfxtp_1)
                                              1.423527   data arrival time

                                  0.000000    0.000000   clock clk (rise edge)
                                  0.000000    0.000000   clock source latency
     1    0.017755    0.085708    0.058820    0.058820 ^ clk (in)
                                                         clk (net)
                      0.085715    0.000000    0.058820 ^ clkbuf_0_clk/A (sky130_fd_sc_hd__clkbuf_16)
     4    0.040158    0.059886    0.156605    0.215424 ^ clkbuf_0_clk/X (sky130_fd_sc_hd__clkbuf_16)
                                                         clknet_0_clk (net)
                      0.059908    0.001042    0.216466 ^ clkbuf_2_3__f_clk/A (sky130_fd_sc_hd__clkbuf_16)
    14    0.048219    0.067156    0.153179    0.369645 ^ clkbuf_2_3__f_clk/X (sky130_fd_sc_hd__clkbuf_16)
                                                         clknet_2_3__leaf_clk (net)
                      0.067181    0.001181    0.370826 ^ _454_/CLK (sky130_fd_sc_hd__dfxtp_1)
                                  0.250000    0.620826   clock uncertainty
                                  0.000000    0.620826   clock reconvergence pessimism
                                 -0.042435    0.578392   library hold time
                                              0.578392   data required time
---------------------------------------------------------------------------------------------
                                              0.578392   data required time
                                             -1.423527   data arrival time
---------------------------------------------------------------------------------------------
                                              0.845136   slack (MET)


Startpoint: _469_ (rising edge-triggered flip-flop clocked by clk)
Endpoint: _469_ (rising edge-triggered flip-flop clocked by clk)
Path Group: clk
Path Type: min

Fanout         Cap        Slew       Delay        Time   Description
---------------------------------------------------------------------------------------------
                                  0.000000    0.000000   clock clk (rise edge)
                                  0.000000    0.000000   clock source latency
     1    0.017755    0.085708    0.058820    0.058820 ^ clk (in)
                                                         clk (net)
                      0.085715    0.000000    0.058820 ^ clkbuf_0_clk/A (sky130_fd_sc_hd__clkbuf_16)
     4    0.040158    0.059886    0.156605    0.215424 ^ clkbuf_0_clk/X (sky130_fd_sc_hd__clkbuf_16)
                                                         clknet_0_clk (net)
                      0.059919    0.001235    0.216659 ^ clkbuf_2_0__f_clk/A (sky130_fd_sc_hd__clkbuf_16)
    16    0.047734    0.066658    0.152503    0.369162 ^ clkbuf_2_0__f_clk/X (sky130_fd_sc_hd__clkbuf_16)
                                                         clknet_2_0__leaf_clk (net)
                      0.066890    0.002714    0.371877 ^ _469_/CLK (sky130_fd_sc_hd__dfxtp_1)
     4    0.010069    0.103441    0.355660    0.727537 ^ _469_/Q (sky130_fd_sc_hd__dfxtp_1)
                                                         u_system.global_timeout_count[9] (net)
                      0.103441    0.000188    0.727724 ^ _366_/A1 (sky130_fd_sc_hd__a21oi_1)
     1    0.003256    0.044640    0.075059    0.802783 v _366_/Y (sky130_fd_sc_hd__a21oi_1)
                                                         _165_ (net)
                      0.044640    0.000100    0.802883 v _367_/B1 (sky130_fd_sc_hd__o21a_1)
     1    0.001656    0.023560    0.090976    0.893859 v _367_/X (sky130_fd_sc_hd__o21a_1)
                                                         _033_ (net)
                      0.023560    0.000031    0.893891 v hold7/A (sky130_fd_sc_hd__dlygate4sd3_1)
     1    0.002062    0.049489    0.533126    1.427017 v hold7/X (sky130_fd_sc_hd__dlygate4sd3_1)
                                                         net36 (net)
                      0.049489    0.000058    1.427075 v _469_/D (sky130_fd_sc_hd__dfxtp_1)
                                              1.427075   data arrival time

                                  0.000000    0.000000   clock clk (rise edge)
                                  0.000000    0.000000   clock source latency
     1    0.017755    0.085708    0.058820    0.058820 ^ clk (in)
                                                         clk (net)
                      0.085715    0.000000    0.058820 ^ clkbuf_0_clk/A (sky130_fd_sc_hd__clkbuf_16)
     4    0.040158    0.059886    0.156605    0.215424 ^ clkbuf_0_clk/X (sky130_fd_sc_hd__clkbuf_16)
                                                         clknet_0_clk (net)
                      0.059919    0.001235    0.216659 ^ clkbuf_2_0__f_clk/A (sky130_fd_sc_hd__clkbuf_16)
    16    0.047734    0.066658    0.152503    0.369162 ^ clkbuf_2_0__f_clk/X (sky130_fd_sc_hd__clkbuf_16)
                                                         clknet_2_0__leaf_clk (net)
                      0.066890    0.002714    0.371877 ^ _469_/CLK (sky130_fd_sc_hd__dfxtp_1)
                                  0.250000    0.621877   clock uncertainty
                                  0.000000    0.621877   clock reconvergence pessimism
                                 -0.050480    0.571397   library hold time
                                              0.571397   data required time
---------------------------------------------------------------------------------------------
                                              0.571397   data required time
                                             -1.427075   data arrival time
---------------------------------------------------------------------------------------------
                                              0.855678   slack (MET)


Startpoint: _452_ (rising edge-triggered flip-flop clocked by clk)
Endpoint: group_error (output port clocked by clk)
Path Group: clk
Path Type: min

Fanout         Cap        Slew       Delay        Time   Description
---------------------------------------------------------------------------------------------
                                  0.000000    0.000000   clock clk (rise edge)
                                  0.000000    0.000000   clock source latency
     1    0.017755    0.085708    0.058820    0.058820 ^ clk (in)
                                                         clk (net)
                      0.085715    0.000000    0.058820 ^ clkbuf_0_clk/A (sky130_fd_sc_hd__clkbuf_16)
     4    0.040158    0.059886    0.156605    0.215424 ^ clkbuf_0_clk/X (sky130_fd_sc_hd__clkbuf_16)
                                                         clknet_0_clk (net)
                      0.059914    0.001150    0.216575 ^ clkbuf_2_1__f_clk/A (sky130_fd_sc_hd__clkbuf_16)
    12    0.047047    0.066092    0.152351    0.368926 ^ clkbuf_2_1__f_clk/X (sky130_fd_sc_hd__clkbuf_16)
                                                         clknet_2_1__leaf_clk (net)
                      0.066106    0.000945    0.369871 ^ _452_/CLK (sky130_fd_sc_hd__dfxtp_1)
     2    0.003797    0.030781    0.303404    0.673275 v _452_/Q (sky130_fd_sc_hd__dfxtp_1)
                                                         net18 (net)
                      0.030781    0.000080    0.673355 v output18/A (sky130_fd_sc_hd__buf_2)
     1    0.034110    0.089272    0.173689    0.847045 v output18/X (sky130_fd_sc_hd__buf_2)
                                                         group_error (net)
                      0.089276    0.000642    0.847686 v group_error (out)
                                              0.847686   data arrival time

                                  0.000000    0.000000   clock clk (rise edge)
                                  0.000000    0.000000   clock network delay (propagated)
                                  0.250000    0.250000   clock uncertainty
                                  0.000000    0.250000   clock reconvergence pessimism
                                 -5.000000   -4.750000   output external delay
                                             -4.750000   data required time
---------------------------------------------------------------------------------------------
                                             -4.750000   data required time
                                             -0.847686   data arrival time
---------------------------------------------------------------------------------------------
                                              5.597686   slack (MET)


Startpoint: _479_ (rising edge-triggered flip-flop clocked by clk)
Endpoint: fsm_error (output port clocked by clk)
Path Group: clk
Path Type: min

Fanout         Cap        Slew       Delay        Time   Description
---------------------------------------------------------------------------------------------
                                  0.000000    0.000000   clock clk (rise edge)
                                  0.000000    0.000000   clock source latency
     1    0.017755    0.085708    0.058820    0.058820 ^ clk (in)
                                                         clk (net)
                      0.085715    0.000000    0.058820 ^ clkbuf_0_clk/A (sky130_fd_sc_hd__clkbuf_16)
     4    0.040158    0.059886    0.156605    0.215424 ^ clkbuf_0_clk/X (sky130_fd_sc_hd__clkbuf_16)
                                                         clknet_0_clk (net)
                      0.059908    0.001042    0.216466 ^ clkbuf_2_3__f_clk/A (sky130_fd_sc_hd__clkbuf_16)
    14    0.048219    0.067156    0.153179    0.369645 ^ clkbuf_2_3__f_clk/X (sky130_fd_sc_hd__clkbuf_16)
                                                         clknet_2_3__leaf_clk (net)
                      0.067169    0.000913    0.370558 ^ _479_/CLK (sky130_fd_sc_hd__dfxtp_1)
     2    0.004619    0.034041    0.307127    0.677684 v _479_/Q (sky130_fd_sc_hd__dfxtp_1)
                                                         net17 (net)
                      0.034041    0.000115    0.677800 v output17/A (sky130_fd_sc_hd__buf_2)
     1    0.034682    0.090542    0.176043    0.853843 v output17/X (sky130_fd_sc_hd__buf_2)
                                                         fsm_error (net)
                      0.090549    0.000794    0.854636 v fsm_error (out)
                                              0.854636   data arrival time

                                  0.000000    0.000000   clock clk (rise edge)
                                  0.000000    0.000000   clock network delay (propagated)
                                  0.250000    0.250000   clock uncertainty
                                  0.000000    0.250000   clock reconvergence pessimism
                                 -5.000000   -4.750000   output external delay
                                             -4.750000   data required time
---------------------------------------------------------------------------------------------
                                             -4.750000   data required time
                                             -0.854636   data arrival time
---------------------------------------------------------------------------------------------
                                              5.604637   slack (MET)


Startpoint: _482_ (rising edge-triggered flip-flop clocked by clk)
Endpoint: group_suspended (output port clocked by clk)
Path Group: clk
Path Type: min

Fanout         Cap        Slew       Delay        Time   Description
---------------------------------------------------------------------------------------------
                                  0.000000    0.000000   clock clk (rise edge)
                                  0.000000    0.000000   clock source latency
     1    0.017755    0.085708    0.058820    0.058820 ^ clk (in)
                                                         clk (net)
                      0.085715    0.000000    0.058820 ^ clkbuf_0_clk/A (sky130_fd_sc_hd__clkbuf_16)
     4    0.040158    0.059886    0.156605    0.215424 ^ clkbuf_0_clk/X (sky130_fd_sc_hd__clkbuf_16)
                                                         clknet_0_clk (net)
                      0.059914    0.001150    0.216575 ^ clkbuf_2_1__f_clk/A (sky130_fd_sc_hd__clkbuf_16)
    12    0.047047    0.066092    0.152351    0.368926 ^ clkbuf_2_1__f_clk/X (sky130_fd_sc_hd__clkbuf_16)
                                                         clknet_2_1__leaf_clk (net)
                      0.066100    0.000770    0.369696 ^ _482_/CLK (sky130_fd_sc_hd__dfxtp_1)
     4    0.008748    0.091736    0.346811    0.716506 ^ _482_/Q (sky130_fd_sc_hd__dfxtp_1)
                                                         u_system.group_state_bits[0] (net)
                      0.091736    0.000266    0.716773 ^ _231_/A (sky130_fd_sc_hd__or4b_1)
     2    0.007450    0.077504    0.144784    0.861557 ^ _231_/X (sky130_fd_sc_hd__or4b_1)
                                                         _065_ (net)
                      0.077504    0.000140    0.861697 ^ _232_/A (sky130_fd_sc_hd__inv_2)
     1    0.002048    0.018507    0.028400    0.890096 v _232_/Y (sky130_fd_sc_hd__inv_2)
                                                         net19 (net)
                      0.018508    0.000056    0.890153 v output19/A (sky130_fd_sc_hd__buf_2)
     1    0.034055    0.089165    0.168425    1.058578 v output19/X (sky130_fd_sc_hd__buf_2)
                                                         group_suspended (net)
                      0.089169    0.000639    1.059216 v group_suspended (out)
                                              1.059216   data arrival time

                                  0.000000    0.000000   clock clk (rise edge)
                                  0.000000    0.000000   clock network delay (propagated)
                                  0.250000    0.250000   clock uncertainty
                                  0.000000    0.250000   clock reconvergence pessimism
                                 -5.000000   -4.750000   output external delay
                                             -4.750000   data required time
---------------------------------------------------------------------------------------------
                                             -4.750000   data required time
                                             -1.059216   data arrival time
---------------------------------------------------------------------------------------------
                                              5.809216   slack (MET)


Startpoint: _487_ (rising edge-triggered flip-flop clocked by clk)
Endpoint: safe_led (output port clocked by clk)
Path Group: clk
Path Type: min

Fanout         Cap        Slew       Delay        Time   Description
---------------------------------------------------------------------------------------------
                                  0.000000    0.000000   clock clk (rise edge)
                                  0.000000    0.000000   clock source latency
     1    0.017755    0.085708    0.058820    0.058820 ^ clk (in)
                                                         clk (net)
                      0.085715    0.000000    0.058820 ^ clkbuf_0_clk/A (sky130_fd_sc_hd__clkbuf_16)
     4    0.040158    0.059886    0.156605    0.215424 ^ clkbuf_0_clk/X (sky130_fd_sc_hd__clkbuf_16)
                                                         clknet_0_clk (net)
                      0.059908    0.001042    0.216466 ^ clkbuf_2_3__f_clk/A (sky130_fd_sc_hd__clkbuf_16)
    14    0.048219    0.067156    0.153179    0.369645 ^ clkbuf_2_3__f_clk/X (sky130_fd_sc_hd__clkbuf_16)
                                                         clknet_2_3__leaf_clk (net)
                      0.067176    0.001082    0.370727 ^ _487_/CLK (sky130_fd_sc_hd__dfxtp_1)
     9    0.023911    0.115208    0.376251    0.746978 v _487_/Q (sky130_fd_sc_hd__dfxtp_1)
                                                         u_system.u_global.state[4] (net)
                      0.115212    0.000791    0.747769 v _235_/A (sky130_fd_sc_hd__nand2_1)
     2    0.007453    0.081239    0.113831    0.861601 ^ _235_/Y (sky130_fd_sc_hd__nand2_1)
                                                         _068_ (net)
                      0.081239    0.000218    0.861819 ^ _236_/A2 (sky130_fd_sc_hd__o21ai_1)
     2    0.006294    0.054623    0.080930    0.942749 v _236_/Y (sky130_fd_sc_hd__o21ai_1)
                                                         net21 (net)
                      0.054623    0.000143    0.942892 v output21/A (sky130_fd_sc_hd__buf_2)
     1    0.034834    0.090738    0.185220    1.128112 v output21/X (sky130_fd_sc_hd__buf_2)
                                                         safe_led (net)
                      0.090745    0.000803    1.128915 v safe_led (out)
                                              1.128915   data arrival time

                                  0.000000    0.000000   clock clk (rise edge)
                                  0.000000    0.000000   clock network delay (propagated)
                                  0.250000    0.250000   clock uncertainty
                                  0.000000    0.250000   clock reconvergence pessimism
                                 -5.000000   -4.750000   output external delay
                                             -4.750000   data required time
---------------------------------------------------------------------------------------------
                                             -4.750000   data required time
                                             -1.128915   data arrival time
---------------------------------------------------------------------------------------------
                                              5.878915   slack (MET)


Startpoint: _482_ (rising edge-triggered flip-flop clocked by clk)
Endpoint: group_unlocked (output port clocked by clk)
Path Group: clk
Path Type: min

Fanout         Cap        Slew       Delay        Time   Description
---------------------------------------------------------------------------------------------
                                  0.000000    0.000000   clock clk (rise edge)
                                  0.000000    0.000000   clock source latency
     1    0.017755    0.085708    0.058820    0.058820 ^ clk (in)
                                                         clk (net)
                      0.085715    0.000000    0.058820 ^ clkbuf_0_clk/A (sky130_fd_sc_hd__clkbuf_16)
     4    0.040158    0.059886    0.156605    0.215424 ^ clkbuf_0_clk/X (sky130_fd_sc_hd__clkbuf_16)
                                                         clknet_0_clk (net)
                      0.059914    0.001150    0.216575 ^ clkbuf_2_1__f_clk/A (sky130_fd_sc_hd__clkbuf_16)
    12    0.047047    0.066092    0.152351    0.368926 ^ clkbuf_2_1__f_clk/X (sky130_fd_sc_hd__clkbuf_16)
                                                         clknet_2_1__leaf_clk (net)
                      0.066100    0.000770    0.369696 ^ _482_/CLK (sky130_fd_sc_hd__dfxtp_1)
     4    0.008748    0.091736    0.346811    0.716506 ^ _482_/Q (sky130_fd_sc_hd__dfxtp_1)
                                                         u_system.group_state_bits[0] (net)
                      0.091736    0.000231    0.716738 ^ _225_/A (sky130_fd_sc_hd__or4b_2)
     5    0.020508    0.125450    0.195458    0.912196 ^ _225_/X (sky130_fd_sc_hd__or4b_2)
                                                         _061_ (net)
                      0.125455    0.000945    0.913141 ^ _226_/A (sky130_fd_sc_hd__inv_2)
     5    0.017205    0.055395    0.077385    0.990525 v _226_/Y (sky130_fd_sc_hd__inv_2)
                                                         net20 (net)
                      0.055396    0.000336    0.990862 v output20/A (sky130_fd_sc_hd__buf_2)
     1    0.034323    0.089610    0.184677    1.175538 v output20/X (sky130_fd_sc_hd__buf_2)
                                                         group_unlocked (net)
                      0.089615    0.000733    1.176271 v group_unlocked (out)
                                              1.176271   data arrival time

                                  0.000000    0.000000   clock clk (rise edge)
                                  0.000000    0.000000   clock network delay (propagated)
                                  0.250000    0.250000   clock uncertainty
                                  0.000000    0.250000   clock reconvergence pessimism
                                 -5.000000   -4.750000   output external delay
                                             -4.750000   data required time
---------------------------------------------------------------------------------------------
                                             -4.750000   data required time
                                             -1.176271   data arrival time
---------------------------------------------------------------------------------------------
                                              5.926271   slack (MET)


Startpoint: _487_ (rising edge-triggered flip-flop clocked by clk)
Endpoint: security_breach (output port clocked by clk)
Path Group: clk
Path Type: min

Fanout         Cap        Slew       Delay        Time   Description
---------------------------------------------------------------------------------------------
                                  0.000000    0.000000   clock clk (rise edge)
                                  0.000000    0.000000   clock source latency
     1    0.017755    0.085708    0.058820    0.058820 ^ clk (in)
                                                         clk (net)
                      0.085715    0.000000    0.058820 ^ clkbuf_0_clk/A (sky130_fd_sc_hd__clkbuf_16)
     4    0.040158    0.059886    0.156605    0.215424 ^ clkbuf_0_clk/X (sky130_fd_sc_hd__clkbuf_16)
                                                         clknet_0_clk (net)
                      0.059908    0.001042    0.216466 ^ clkbuf_2_3__f_clk/A (sky130_fd_sc_hd__clkbuf_16)
    14    0.048219    0.067156    0.153179    0.369645 ^ clkbuf_2_3__f_clk/X (sky130_fd_sc_hd__clkbuf_16)
                                                         clknet_2_3__leaf_clk (net)
                      0.067176    0.001082    0.370727 ^ _487_/CLK (sky130_fd_sc_hd__dfxtp_1)
     9    0.023911    0.115208    0.376251    0.746978 v _487_/Q (sky130_fd_sc_hd__dfxtp_1)
                                                         u_system.u_global.state[4] (net)
                      0.115212    0.000791    0.747769 v _235_/A (sky130_fd_sc_hd__nand2_1)
     2    0.007453    0.081239    0.113831    0.861601 ^ _235_/Y (sky130_fd_sc_hd__nand2_1)
                                                         _068_ (net)
                      0.081239    0.000218    0.861819 ^ _236_/A2 (sky130_fd_sc_hd__o21ai_1)
     2    0.006294    0.054623    0.080930    0.942749 v _236_/Y (sky130_fd_sc_hd__o21ai_1)
                                                         net21 (net)
                      0.054623    0.000136    0.942885 v _488_/A (sky130_fd_sc_hd__clkbuf_1)
     1    0.002845    0.026813    0.091851    1.034737 v _488_/X (sky130_fd_sc_hd__clkbuf_1)
                                                         net22 (net)
                      0.026813    0.000090    1.034826 v output22/A (sky130_fd_sc_hd__buf_2)
     1    0.034209    0.089532    0.172130    1.206956 v output22/X (sky130_fd_sc_hd__buf_2)
                                                         security_breach (net)
                      0.089536    0.000686    1.207642 v security_breach (out)
                                              1.207642   data arrival time

                                  0.000000    0.000000   clock clk (rise edge)
                                  0.000000    0.000000   clock network delay (propagated)
                                  0.250000    0.250000   clock uncertainty
                                  0.000000    0.250000   clock reconvergence pessimism
                                 -5.000000   -4.750000   output external delay
                                             -4.750000   data required time
---------------------------------------------------------------------------------------------
                                             -4.750000   data required time
                                             -1.207642   data arrival time
---------------------------------------------------------------------------------------------
                                              5.957642   slack (MET)


Startpoint: _476_ (rising edge-triggered flip-flop clocked by clk)
Endpoint: debug_enable (output port clocked by clk)
Path Group: clk
Path Type: min

Fanout         Cap        Slew       Delay        Time   Description
---------------------------------------------------------------------------------------------
                                  0.000000    0.000000   clock clk (rise edge)
                                  0.000000    0.000000   clock source latency
     1    0.017755    0.085708    0.058820    0.058820 ^ clk (in)
                                                         clk (net)
                      0.085715    0.000000    0.058820 ^ clkbuf_0_clk/A (sky130_fd_sc_hd__clkbuf_16)
     4    0.040158    0.059886    0.156605    0.215424 ^ clkbuf_0_clk/X (sky130_fd_sc_hd__clkbuf_16)
                                                         clknet_0_clk (net)
                      0.059908    0.001042    0.216466 ^ clkbuf_2_3__f_clk/A (sky130_fd_sc_hd__clkbuf_16)
    14    0.048219    0.067156    0.153179    0.369645 ^ clkbuf_2_3__f_clk/X (sky130_fd_sc_hd__clkbuf_16)
                                                         clknet_2_3__leaf_clk (net)
                      0.067169    0.000898    0.370543 ^ _476_/CLK (sky130_fd_sc_hd__dfxtp_1)
     5    0.012580    0.126005    0.371819    0.742361 ^ _476_/Q (sky130_fd_sc_hd__dfxtp_1)
                                                         u_system.u_global.state[1] (net)
                      0.126005    0.000176    0.742537 ^ _228_/C (sky130_fd_sc_hd__or3_1)
     2    0.004715    0.054074    0.130251    0.872788 ^ _228_/X (sky130_fd_sc_hd__or3_1)
                                                         _063_ (net)
                      0.054074    0.000126    0.872914 ^ _229_/C (sky130_fd_sc_hd__or3_2)
     4    0.014336    0.079266    0.142479    1.015392 ^ _229_/X (sky130_fd_sc_hd__or3_2)
                                                         _064_ (net)
                      0.079267    0.000521    1.015914 ^ _230_/A (sky130_fd_sc_hd__inv_2)
     6    0.020076    0.052278    0.068371    1.084285 v _230_/Y (sky130_fd_sc_hd__inv_2)
                                                         net16 (net)
                      0.052281    0.000475    1.084760 v output16/A (sky130_fd_sc_hd__buf_2)
     1    0.034048    0.088988    0.182837    1.267597 v output16/X (sky130_fd_sc_hd__buf_2)
                                                         debug_enable (net)
                      0.088992    0.000643    1.268240 v debug_enable (out)
                                              1.268240   data arrival time

                                  0.000000    0.000000   clock clk (rise edge)
                                  0.000000    0.000000   clock network delay (propagated)
                                  0.250000    0.250000   clock uncertainty
                                  0.000000    0.250000   clock reconvergence pessimism
                                 -5.000000   -4.750000   output external delay
                                             -4.750000   data required time
---------------------------------------------------------------------------------------------
                                             -4.750000   data required time
                                             -1.268240   data arrival time
---------------------------------------------------------------------------------------------
                                              6.018240   slack (MET)


Startpoint: _476_ (rising edge-triggered flip-flop clocked by clk)
Endpoint: unlock_enable (output port clocked by clk)
Path Group: clk
Path Type: min

Fanout         Cap        Slew       Delay        Time   Description
---------------------------------------------------------------------------------------------
                                  0.000000    0.000000   clock clk (rise edge)
                                  0.000000    0.000000   clock source latency
     1    0.017755    0.085708    0.058820    0.058820 ^ clk (in)
                                                         clk (net)
                      0.085715    0.000000    0.058820 ^ clkbuf_0_clk/A (sky130_fd_sc_hd__clkbuf_16)
     4    0.040158    0.059886    0.156605    0.215424 ^ clkbuf_0_clk/X (sky130_fd_sc_hd__clkbuf_16)
                                                         clknet_0_clk (net)
                      0.059908    0.001042    0.216466 ^ clkbuf_2_3__f_clk/A (sky130_fd_sc_hd__clkbuf_16)
    14    0.048219    0.067156    0.153179    0.369645 ^ clkbuf_2_3__f_clk/X (sky130_fd_sc_hd__clkbuf_16)
                                                         clknet_2_3__leaf_clk (net)
                      0.067169    0.000898    0.370543 ^ _476_/CLK (sky130_fd_sc_hd__dfxtp_1)
     5    0.012580    0.126005    0.371819    0.742361 ^ _476_/Q (sky130_fd_sc_hd__dfxtp_1)
                                                         u_system.u_global.state[1] (net)
                      0.126005    0.000176    0.742537 ^ _228_/C (sky130_fd_sc_hd__or3_1)
     2    0.004715    0.054074    0.130251    0.872788 ^ _228_/X (sky130_fd_sc_hd__or3_1)
                                                         _063_ (net)
                      0.054074    0.000126    0.872914 ^ _229_/C (sky130_fd_sc_hd__or3_2)
     4    0.014336    0.079266    0.142479    1.015392 ^ _229_/X (sky130_fd_sc_hd__or3_2)
                                                         _064_ (net)
                      0.079267    0.000521    1.015914 ^ _230_/A (sky130_fd_sc_hd__inv_2)
     6    0.020076    0.052278    0.068371    1.084285 v _230_/Y (sky130_fd_sc_hd__inv_2)
                                                         net16 (net)
                      0.052281    0.000449    1.084734 v _489_/A (sky130_fd_sc_hd__clkbuf_1)
     1    0.001955    0.022235    0.085928    1.170662 v _489_/X (sky130_fd_sc_hd__clkbuf_1)
                                                         net23 (net)
                      0.022235    0.000039    1.170701 v output23/A (sky130_fd_sc_hd__buf_2)
     1    0.034006    0.089089    0.169845    1.340546 v output23/X (sky130_fd_sc_hd__buf_2)
                                                         unlock_enable (net)
                      0.089093    0.000627    1.341174 v unlock_enable (out)
                                              1.341174   data arrival time

                                  0.000000    0.000000   clock clk (rise edge)
                                  0.000000    0.000000   clock network delay (propagated)
                                  0.250000    0.250000   clock uncertainty
                                  0.000000    0.250000   clock reconvergence pessimism
                                 -5.000000   -4.750000   output external delay
                                             -4.750000   data required time
---------------------------------------------------------------------------------------------
                                             -4.750000   data required time
                                             -1.341174   data arrival time
---------------------------------------------------------------------------------------------
                                              6.091174   slack (MET)



